species,k,sim,smoother,log_likelihood,num_train_states,num_test_states
bre,0,1,0.001,-2.2405722443592917,1,1
bre,0,1,0.01,-2.2405722190073205,1,1
bre,0,1,0.1,-2.240571965631598,1,1
bre,1,1,0.001,-0.06943113027481702,11,10
bre,1,1,0.01,-0.06943357153601938,11,10
bre,1,1,0.1,-0.06945808689973916,11,10
bre,2,1,0.001,-0.07907704239400257,110,39
bre,2,1,0.01,-0.07871154530769627,110,39
bre,2,1,0.1,-0.07848870579829269,110,39
bre,3,1,0.001,-0.09643019654839202,1100,111
bre,3,1,0.01,-0.09403102084159645,1100,111
bre,3,1,0.1,-0.09352275187091308,1100,111
bre,4,1,0.001,-0.2561815945978682,11000,177
bre,4,1,0.01,-0.25172066394642545,11000,177
bre,4,1,0.1,-0.2525476661641307,11000,177
bre,5,1,0.001,-0.8216447936784836,110000,222
bre,5,1,0.01,-0.7815516146637551,110000,222
bre,5,1,0.1,-0.7555432835596371,110000,222
bre,6,1,0.001,-1.077469822115754,1100000,247
bre,6,1,0.01,-1.0734794623975221,1100000,247
bre,6,1,0.1,-1.0759762040932097,1100000,247
bre,0,2,0.001,-2.129728430321222,1,1
bre,0,2,0.01,-2.129728459890423,1,1
bre,0,2,0.1,-2.1297287557399827,1,1
bre,1,2,0.001,-0.1044542500801242,11,10
bre,1,2,0.01,-0.10445501452113956,11,10
bre,1,2,0.1,-0.10446315556047395,11,10
bre,2,2,0.001,-0.12642669091362257,110,41
bre,2,2,0.01,-0.125887937561302,110,41
bre,2,2,0.1,-0.12563640860522898,110,41
bre,3,2,0.001,-0.1488151046779433,1100,101
bre,3,2,0.01,-0.14306999678927582,1100,101
bre,3,2,0.1,-0.13915901324828983,1100,101
bre,4,2,0.001,-0.24297273379321085,11000,166
bre,4,2,0.01,-0.23260242640099385,11000,166
bre,4,2,0.1,-0.22788571409105438,11000,166
bre,5,2,0.001,-0.48069284778512045,110000,204
bre,5,2,0.01,-0.46873525312422815,110000,204
bre,5,2,0.1,-0.4635718936733182,110000,204
bre,6,2,0.001,-0.8660183059051311,1100000,218
bre,6,2,0.01,-0.862502695543471,1100000,218
bre,6,2,0.1,-0.8632749226263564,1100000,218
bre,0,3,0.001,-2.22038591463505,1,1
bre,0,3,0.01,-2.2203859118912184,1,1
bre,0,3,0.1,-2.220385884578826,1,1
bre,1,3,0.001,-0.07263540358612457,11,10
bre,1,3,0.01,-0.07263771813410089,11,10
bre,1,3,0.1,-0.0726609975331108,11,10
bre,2,3,0.001,-0.08741667002409875,110,42
bre,2,3,0.01,-0.08688850745988451,110,42
bre,2,3,0.1,-0.08648966400307037,110,42
bre,3,3,0.001,-0.09838373519189218,1100,115
bre,3,3,0.01,-0.09597788344207656,1100,115
bre,3,3,0.1,-0.09444014470380305,1100,115
bre,4,3,0.001,-0.22635280184127685,11000,191
bre,4,3,0.01,-0.2227006048116688,11000,191
bre,4,3,0.1,-0.22224931370930381,11000,191
bre,5,3,0.001,-0.5134083158572946,110000,238
bre,5,3,0.01,-0.5103451798723063,110000,238
bre,5,3,0.1,-0.5112879405139428,110000,238
bre,6,3,0.001,-0.8837333129335042,1100000,255
bre,6,3,0.01,-0.8806194390427724,1100000,255
bre,6,3,0.1,-0.8846158380163381,1100000,255
bre,0,4,0.001,-2.179332921599842,1,1
bre,0,4,0.01,-2.1793329245236692,1,1
bre,0,4,0.1,-2.1793329539157367,1,1
bre,1,4,0.001,-0.07709815794301611,11,10
bre,1,4,0.01,-0.07705417360488005,11,10
bre,1,4,0.1,-0.07702550060437777,11,10
bre,2,4,0.001,-0.09778137603047238,110,41
bre,2,4,0.01,-0.09752766655388581,110,41
bre,2,4,0.1,-0.09748455704323036,110,41
bre,3,4,0.001,-0.12229016156930855,1100,114
bre,3,4,0.01,-0.11759383489926911,1100,114
bre,3,4,0.1,-0.11541492336383434,1100,114
bre,4,4,0.001,-0.34936799793854434,11000,201
bre,4,4,0.01,-0.34426185691184424,11000,201
bre,4,4,0.1,-0.3439309189132813,11000,201
bre,5,4,0.001,-0.7337561939093867,110000,261
bre,5,4,0.01,-0.7283582407118532,110000,261
bre,5,4,0.1,-0.7320978045136948,110000,261
bre,6,4,0.001,-1.2918355574131324,1100000,291
bre,6,4,0.01,-1.286385025029497,1100000,291
bre,6,4,0.1,-1.287472237143557,1100000,291
bre,0,5,0.001,-2.181873488353179,1,1
bre,0,5,0.01,-2.1818734771519965,1,1
bre,0,5,0.1,-2.1818733653026245,1,1
bre,1,5,0.001,-0.07289070010834486,11,10
bre,1,5,0.01,-0.07289242040761834,11,10
bre,1,5,0.1,-0.07290979982781165,11,10
bre,2,5,0.001,-0.08011627193748581,110,42
bre,2,5,0.01,-0.07974234513456659,110,42
bre,2,5,0.1,-0.07957074236259284,110,42
bre,3,5,0.001,-0.10855119119895654,1100,115
bre,3,5,0.01,-0.10504743979485776,1100,115
bre,3,5,0.1,-0.10385342458523619,1100,115
bre,4,5,0.001,-0.40093967753339843,11000,178
bre,4,5,0.01,-0.39400489955209045,11000,178
bre,4,5,0.1,-0.3934709444958877,11000,178
bre,5,5,0.001,-0.8376105720548509,110000,209
bre,5,5,0.01,-0.8293869926978286,110000,209
bre,5,5,0.1,-0.8315515369860759,110000,209
bre,6,5,0.001,-1.3265070050528067,1100000,221
bre,6,5,0.01,-1.3230627570630542,1100000,221
bre,6,5,0.1,-1.327060806156644,1100000,221
bre,0,6,0.001,-2.174519042555724,1,1
bre,0,6,0.01,-2.1745190645667747,1,1
bre,0,6,0.1,-2.1745192848068626,1,1
bre,1,6,0.001,-0.06989062673421925,11,10
bre,1,6,0.01,-0.06989196548608095,11,10
bre,1,6,0.1,-0.06990581702221618,11,10
bre,2,6,0.001,-0.07790962389169397,110,43
bre,2,6,0.01,-0.07722331080875383,110,43
bre,2,6,0.1,-0.07672071909242445,110,43
bre,3,6,0.001,-0.09978934092909043,1100,119
bre,3,6,0.01,-0.09575863802615117,1100,119
bre,3,6,0.1,-0.0933264910400967,1100,119
bre,4,6,0.001,-0.29270515794248175,11000,193
bre,4,6,0.01,-0.28324442496187396,11000,193
bre,4,6,0.1,-0.28241325574963316,11000,193
bre,5,6,0.001,-1.0649614620308363,110000,240
bre,5,6,0.01,-1.0250131379177594,110000,240
bre,5,6,0.1,-0.9988650680241319,110000,240
bre,6,6,0.001,-1.4806958912809716,1100000,263
bre,6,6,0.01,-1.4773463956886355,1100000,263
bre,6,6,0.1,-1.4789895486800362,1100000,263
bre,0,7,0.001,-2.3083437675397445,1,1
bre,0,7,0.01,-2.3083437160292046,1,1
bre,0,7,0.1,-2.308343201068391,1,1
bre,1,7,0.001,-0.08401757490036808,11,10
bre,1,7,0.01,-0.08401850176744735,11,10
bre,1,7,0.1,-0.08402816379416249,11,10
bre,2,7,0.001,-0.09246132790176682,110,42
bre,2,7,0.01,-0.09135459439518255,110,42
bre,2,7,0.1,-0.09066483684034231,110,42
bre,3,7,0.001,-0.1645735108697774,1100,137
bre,3,7,0.01,-0.16111796949150645,1100,137
bre,3,7,0.1,-0.16101655418911998,1100,137
bre,4,7,0.001,-0.32475445727792773,11000,262
bre,4,7,0.01,-0.318517914520434,11000,262
bre,4,7,0.1,-0.3199333773826001,11000,262
bre,5,7,0.001,-0.9547179873737841,110000,354
bre,5,7,0.01,-0.9497568424860963,110000,354
bre,5,7,0.1,-0.9512076440656244,110000,354
bre,6,7,0.001,-1.3517797562961895,1100000,392
bre,6,7,0.01,-1.346563842645456,1100000,392
bre,6,7,0.1,-1.3495834405813076,1100000,392
bre,0,8,0.001,-2.184876064260865,1,1
bre,0,8,0.01,-2.1848760821102804,1,1
bre,0,8,0.1,-2.1848762607432195,1,1
bre,1,8,0.001,-0.07005256797451213,11,10
bre,1,8,0.01,-0.0700547843302222,11,10
bre,1,8,0.1,-0.0700770119352773,11,10
bre,2,8,0.001,-0.08621907053997786,110,39
bre,2,8,0.01,-0.08583000804086244,110,39
bre,2,8,0.1,-0.08556667367361381,110,39
bre,3,8,0.001,-0.105626130544327,1100,110
bre,3,8,0.01,-0.10363629002322669,1100,110
bre,3,8,0.1,-0.10302592694238874,1100,110
bre,4,8,0.001,-0.25884952822345364,11000,185
bre,4,8,0.01,-0.2543831710096223,11000,185
bre,4,8,0.1,-0.2534467413406154,11000,185
bre,5,8,0.001,-0.6596245243528097,110000,247
bre,5,8,0.01,-0.6540604898973303,110000,247
bre,5,8,0.1,-0.6566297962673068,110000,247
bre,6,8,0.001,-1.0223187748455498,1100000,281
bre,6,8,0.01,-1.0173273069920754,1100000,281
bre,6,8,0.1,-1.0242529191599625,1100000,281
bre,0,9,0.001,-2.1132677381391307,1,1
bre,0,9,0.01,-2.113267778437497,1,1
bre,0,9,0.1,-2.1132681815696936,1,1
bre,1,9,0.001,-0.07390104528164848,11,10
bre,1,9,0.01,-0.07390247726150935,11,10
bre,1,9,0.1,-0.07391698808412739,11,10
bre,2,9,0.001,-0.08767665122079853,110,42
bre,2,9,0.01,-0.08733644398031071,110,42
bre,2,9,0.1,-0.08715027709373717,110,42
bre,3,9,0.001,-0.10452767463557247,1100,110
bre,3,9,0.01,-0.1019537193266177,1100,110
bre,3,9,0.1,-0.10174897312025807,1100,110
bre,4,9,0.001,-0.2606396044613551,11000,172
bre,4,9,0.01,-0.24889838386231108,11000,172
bre,4,9,0.1,-0.24437799686203793,11000,172
bre,5,9,0.001,-0.8085585829856058,110000,207
bre,5,9,0.01,-0.8015137138136822,110000,207
bre,5,9,0.1,-0.8027706715232041,110000,207
bre,6,9,0.001,-1.1326103242857113,1100000,214
bre,6,9,0.01,-1.1256956005156935,1100000,214
bre,6,9,0.1,-1.1280155172212496,1100000,214
bre,0,10,0.001,-2.2023164544265805,1,1
bre,0,10,0.01,-2.2023164361330254,1,1
bre,0,10,0.1,-2.202316253390967,1,1
bre,1,10,0.001,-0.08659304781039871,11,10
bre,1,10,0.01,-0.08659453258618721,11,10
bre,1,10,0.1,-0.08660951442274116,11,10
bre,2,10,0.001,-0.10401758186933006,110,40
bre,2,10,0.01,-0.10387022170084453,110,40
bre,2,10,0.1,-0.10382845545699027,110,40
bre,3,10,0.001,-0.12401376781286565,1100,98
bre,3,10,0.01,-0.12033142039539999,1100,98
bre,3,10,0.1,-0.11807394572518418,1100,98
bre,4,10,0.001,-0.3512620786202922,11000,159
bre,4,10,0.01,-0.3468146534149587,11000,159
bre,4,10,0.1,-0.34622760169806466,11000,159
bre,5,10,0.001,-0.8964260953650524,110000,186
bre,5,10,0.01,-0.8456894356118346,110000,186
bre,5,10,0.1,-0.8101306567208185,110000,186
bre,6,10,0.001,-1.2604065745208877,1100000,195
bre,6,10,0.01,-1.2565727397113031,1100000,195
bre,6,10,0.1,-1.2576303720588415,1100000,195
bre,0,11,0.001,-2.197383996308403,1,1
bre,0,11,0.01,-2.1973839882293222,1,1
bre,0,11,0.1,-2.1973839075926493,1,1
bre,1,11,0.001,-0.09359192125461706,11,10
bre,1,11,0.01,-0.09359311636233722,11,10
bre,1,11,0.1,-0.09360525401986342,11,10
bre,2,11,0.001,-0.1034789731839279,110,41
bre,2,11,0.01,-0.10294077749855496,110,41
bre,2,11,0.1,-0.10255406440898157,110,41
bre,3,11,0.001,-0.1414595083724616,1100,119
bre,3,11,0.01,-0.13651430323817532,1100,119
bre,3,11,0.1,-0.13693189889697877,1100,119
bre,4,11,0.001,-0.4667104818956916,11000,206
bre,4,11,0.01,-0.44928064411309165,11000,206
bre,4,11,0.1,-0.44651674868592384,11000,206
bre,5,11,0.001,-0.9859179978942837,110000,279
bre,5,11,0.01,-0.9798326205472332,110000,279
bre,5,11,0.1,-0.9814521021589175,110000,279
bre,6,11,0.001,-1.309996708430638,1100000,317
bre,6,11,0.01,-1.304378257929195,1100000,317
bre,6,11,0.1,-1.3045912115125604,1100000,317
bre,0,12,0.001,-2.109108697014058,1,1
bre,0,12,0.01,-2.1091087364205596,1,1
bre,0,12,0.1,-2.1091091306524197,1,1
bre,1,12,0.001,-0.06164232975123443,11,10
bre,1,12,0.01,-0.06159401516206371,11,10
bre,1,12,0.1,-0.061564777912632686,11,10
bre,2,12,0.001,-0.09204278962894971,110,41
bre,2,12,0.01,-0.09143490892250193,110,41
bre,2,12,0.1,-0.09092843955650669,110,41
bre,3,12,0.001,-0.10398467935167297,1100,96
bre,3,12,0.01,-0.10206016754803156,1100,96
bre,3,12,0.1,-0.1008814129874357,1100,96
bre,4,12,0.001,-0.2964628083562476,11000,146
bre,4,12,0.01,-0.29329037987751894,11000,146
bre,4,12,0.1,-0.2946423005678722,11000,146
bre,5,12,0.001,-0.8263010810429179,110000,164
bre,5,12,0.01,-0.8208835382463129,110000,164
bre,5,12,0.1,-0.8196085297695318,110000,164
bre,6,12,0.001,-1.188434815159048,1100000,167
bre,6,12,0.01,-1.1845339905416457,1100000,167
bre,6,12,0.1,-1.1874269862229745,1100000,167
bre,0,13,0.001,-2.26401026341878,1,1
bre,0,13,0.01,-2.264010226889078,1,1
bre,0,13,0.1,-2.2640098617525113,1,1
bre,1,13,0.001,-0.0840242611088473,11,10
bre,1,13,0.01,-0.08402567596766108,11,10
bre,1,13,0.1,-0.08404010751082668,11,10
bre,2,13,0.001,-0.09540025672624239,110,41
bre,2,13,0.01,-0.09482805225807078,110,41
bre,2,13,0.1,-0.0944540919780979,110,41
bre,3,13,0.001,-0.10667722389335567,1100,123
bre,3,13,0.01,-0.1039179033790777,1100,123
bre,3,13,0.1,-0.103065672736029,1100,123
bre,4,13,0.001,-0.24372229893118671,11000,209
bre,4,13,0.01,-0.23818064661835173,11000,209
bre,4,13,0.1,-0.23922308795538993,11000,209
bre,5,13,0.001,-0.7067590398415011,110000,254
bre,5,13,0.01,-0.70101789811449,110000,254
bre,5,13,0.1,-0.7036328607613795,110000,254
bre,6,13,0.001,-1.175369983778876,1100000,269
bre,6,13,0.01,-1.1708978875601783,1100000,269
bre,6,13,0.1,-1.1778340606291628,1100000,269
bre,0,14,0.001,-2.3123700124434907,1,1
bre,0,14,0.01,-2.3123699552050576,1,1
bre,0,14,0.1,-2.3123693829872396,1,1
bre,1,14,0.001,-0.09027218928332537,11,10
bre,1,14,0.01,-0.09027298541393136,11,10
bre,1,14,0.1,-0.09028144592214053,11,10
bre,2,14,0.001,-0.11056236578616793,110,41
bre,2,14,0.01,-0.10977942080792702,110,41
bre,2,14,0.1,-0.10953345013915111,110,41
bre,3,14,0.001,-0.14396380037476905,1100,125
bre,3,14,0.01,-0.14012005955042822,1100,125
bre,3,14,0.1,-0.13920421204112102,1100,125
bre,4,14,0.001,-0.35665597853450404,11000,217
bre,4,14,0.01,-0.35068162904713523,11000,217
bre,4,14,0.1,-0.3571198141271077,11000,217
bre,5,14,0.001,-0.78986712835004,110000,275
bre,5,14,0.01,-0.7823420908627468,110000,275
bre,5,14,0.1,-0.7888249467701921,110000,275
bre,6,14,0.001,-1.3697575345360429,1100000,303
bre,6,14,0.01,-1.3620470601838504,1100000,303
bre,6,14,0.1,-1.3633561589423149,1100000,303
bre,0,15,0.001,-2.1482569243540666,1,1
bre,0,15,0.01,-2.1482569529305877,1,1
bre,0,15,0.1,-2.148257238839562,1,1
bre,1,15,0.001,-0.06849869218023431,11,10
bre,1,15,0.01,-0.0684579287629371,11,10
bre,1,15,0.1,-0.06843987620441573,11,10
bre,2,15,0.001,-0.09758898670815422,110,37
bre,2,15,0.01,-0.09742220198678557,110,37
bre,2,15,0.1,-0.09736349687347265,110,37
bre,3,15,0.001,-0.10828736535426352,1100,85
bre,3,15,0.01,-0.10705035422417632,1100,85
bre,3,15,0.1,-0.10641008573994641,1100,85
bre,4,15,0.001,-0.19284057118745937,11000,138
bre,4,15,0.01,-0.1896907205166224,11000,138
bre,4,15,0.1,-0.18883254185253728,11000,138
bre,5,15,0.001,-0.6519194246011661,110000,166
bre,5,15,0.01,-0.6484476416763254,110000,166
bre,5,15,0.1,-0.6502658282178617,110000,166
bre,6,15,0.001,-1.0135171891627388,1100000,179
bre,6,15,0.01,-1.0101104063544035,1100000,179
bre,6,15,0.1,-1.0111163475723521,1100000,179
bre,0,16,0.001,-2.252990209000733,1,1
bre,0,16,0.01,-2.2529901763746474,1,1
bre,0,16,0.1,-2.252989850284233,1,1
bre,1,16,0.001,-0.07466655994371905,11,10
bre,1,16,0.01,-0.07466813352816855,11,10
bre,1,16,0.1,-0.0746839792179015,11,10
bre,2,16,0.001,-0.0844323643631063,110,40
bre,2,16,0.01,-0.08386993098495782,110,40
bre,2,16,0.1,-0.08339913163960026,110,40
bre,3,16,0.001,-0.09958639369835058,1100,117
bre,3,16,0.01,-0.09649445907869407,1100,117
bre,3,16,0.1,-0.09555727659259433,1100,117
bre,4,16,0.001,-0.37716662018697106,11000,191
bre,4,16,0.01,-0.3713689776620992,11000,191
bre,4,16,0.1,-0.37127118820731136,11000,191
bre,5,16,0.001,-0.8326642599537586,110000,244
bre,5,16,0.01,-0.8240910334867186,110000,244
bre,5,16,0.1,-0.8257395134123681,110000,244
bre,6,16,0.001,-1.29893997067899,1100000,263
bre,6,16,0.01,-1.290795863914231,1100000,263
bre,6,16,0.1,-1.2886484730755463,1100000,263
bre,0,17,0.001,-2.148361821604652,1,1
bre,0,17,0.01,-2.1483618446478925,1,1
bre,0,17,0.1,-2.1483620752309713,1,1
bre,1,17,0.001,-0.08169855249621358,11,10
bre,1,17,0.01,-0.08170024277632673,11,10
bre,1,17,0.1,-0.08171724972172698,11,10
bre,2,17,0.001,-0.09820559995456309,110,40
bre,2,17,0.01,-0.09791721957233857,110,40
bre,2,17,0.1,-0.09780015412670319,110,40
bre,3,17,0.001,-0.11404674341525745,1100,109
bre,3,17,0.01,-0.11189220730070834,1100,109
bre,3,17,0.1,-0.11161012779110051,1100,109
bre,4,17,0.001,-0.2958607703279527,11000,186
bre,4,17,0.01,-0.2910883708222592,11000,186
bre,4,17,0.1,-0.2952035043232254,11000,186
bre,5,17,0.001,-0.7309810483972808,110000,230
bre,5,17,0.01,-0.7264091093239781,110000,230
bre,5,17,0.1,-0.7290322089986674,110000,230
bre,6,17,0.001,-1.0988229044956828,1100000,251
bre,6,17,0.01,-1.0947513278546566,1100000,251
bre,6,17,0.1,-1.0961332115890632,1100000,251
bre,0,18,0.001,-2.2392536959792517,1,1
bre,0,18,0.01,-2.2392536479230896,1,1
bre,0,18,0.1,-2.2392531675362073,1,1
bre,1,18,0.001,-0.07861748831065325,11,10
bre,1,18,0.01,-0.07851749076379182,11,10
bre,1,18,0.1,-0.07842923935213209,11,10
bre,2,18,0.001,-0.09493002598504781,110,42
bre,2,18,0.01,-0.0939894949130469,110,42
bre,2,18,0.1,-0.09320954519068606,110,42
bre,3,18,0.001,-0.13780248903299933,1100,119
bre,3,18,0.01,-0.13431671885966842,1100,119
bre,3,18,0.1,-0.13329662187399674,1100,119
bre,4,18,0.001,-0.36985847980135717,11000,208
bre,4,18,0.01,-0.36482845667365404,11000,208
bre,4,18,0.1,-0.36568257474084015,11000,208
bre,5,18,0.001,-0.8825342878592176,110000,270
bre,5,18,0.01,-0.8372723774596242,110000,270
bre,5,18,0.1,-0.811092744703652,110000,270
bre,6,18,0.001,-1.4077339726505185,1100000,292
bre,6,18,0.01,-1.4027977951766608,1100000,292
bre,6,18,0.1,-1.4038168184341009,1100000,292
bre,0,19,0.001,-2.240918982433496,1,1
bre,0,19,0.01,-2.240918968288093,1,1
bre,0,19,0.1,-2.240918826967139,1,1
bre,1,19,0.001,-0.061960378224651336,11,10
bre,1,19,0.01,-0.06192388921051358,11,10
bre,1,19,0.1,-0.06191203030807634,11,10
bre,2,19,0.001,-0.08301042093800425,110,40
bre,2,19,0.01,-0.08263732553615527,110,40
bre,2,19,0.1,-0.08242478956223873,110,40
bre,3,19,0.001,-0.09478232747782322,1100,111
bre,3,19,0.01,-0.09293336117429929,1100,111
bre,3,19,0.1,-0.09331502106865337,1100,111
bre,4,19,0.001,-0.23710133556841972,11000,195
bre,4,19,0.01,-0.22463176214561376,11000,195
bre,4,19,0.1,-0.22124471816415642,11000,195
bre,5,19,0.001,-0.839052014902785,110000,260
bre,5,19,0.01,-0.8336015979079872,110000,260
bre,5,19,0.1,-0.8364972941080289,110000,260
bre,6,19,0.001,-1.2464879844781156,1100000,291
bre,6,19,0.01,-1.2419173215921802,1100000,291
bre,6,19,0.1,-1.245181256004778,1100000,291
bre,0,20,0.001,-2.3111961510068153,1,1
bre,0,20,0.01,-2.311196078693076,1,1
bre,0,20,0.1,-2.311195355702807,1,1
bre,1,20,0.001,-0.08358137137699057,11,10
bre,1,20,0.01,-0.08358344303638805,11,10
bre,1,20,0.1,-0.0836043506473581,11,10
bre,2,20,0.001,-0.08521079321674561,110,41
bre,2,20,0.01,-0.08484383504583201,110,41
bre,2,20,0.1,-0.08457875860244528,110,41
bre,3,20,0.001,-0.10743534304497862,1100,119
bre,3,20,0.01,-0.10272564879074145,1100,119
bre,3,20,0.1,-0.09999807476993332,1100,119
bre,4,20,0.001,-0.33263689529114127,11000,209
bre,4,20,0.01,-0.3229890940810255,11000,209
bre,4,20,0.1,-0.3186443685836487,11000,209
bre,5,20,0.001,-0.8325634951383164,110000,268
bre,5,20,0.01,-0.7934689058204923,110000,268
bre,5,20,0.1,-0.769512034380586,110000,268
bre,6,20,0.001,-1.1391626654309337,1100000,300
bre,6,20,0.01,-1.1346078449091765,1100000,300
bre,6,20,0.1,-1.1354833540722122,1100000,300
bre,0,21,0.001,-2.259203847248651,1,1
bre,0,21,0.01,-2.259203795604052,1,1
bre,0,21,0.1,-2.2592032793379584,1,1
bre,1,21,0.001,-0.08877344006241673,11,10
bre,1,21,0.01,-0.08877441111652394,11,10
bre,1,21,0.1,-0.0887842831781687,11,10
bre,2,21,0.001,-0.10261651087334779,110,41
bre,2,21,0.01,-0.10188479851886979,110,41
bre,2,21,0.1,-0.10122839289547662,110,41
bre,3,21,0.001,-0.1526770181416264,1100,123
bre,3,21,0.01,-0.14806617237027464,1100,123
bre,3,21,0.1,-0.15544475879322317,1100,123
bre,4,21,0.001,-0.7371943910570032,11000,214
bre,4,21,0.01,-0.731260654472401,11000,214
bre,4,21,0.1,-0.7324247841690146,11000,214
bre,5,21,0.001,-1.1453554107406398,110000,266
bre,5,21,0.01,-1.1400568613361879,110000,266
bre,5,21,0.1,-1.1408225460940769,110000,266
bre,6,21,0.001,-1.4331904273786802,1100000,291
bre,6,21,0.01,-1.4284280064655999,1100000,291
bre,6,21,0.1,-1.4320958433239503,1100000,291
bre,0,22,0.001,-2.2548174330350763,1,1
bre,0,22,0.01,-2.254817411402185,1,1
bre,0,22,0.1,-2.2548171952090748,1,1
bre,1,22,0.001,-0.062179480163274375,11,10
bre,1,22,0.01,-0.06218147428051756,11,10
bre,1,22,0.1,-0.0622017384972732,11,10
bre,2,22,0.001,-0.07439781242714726,110,41
bre,2,22,0.01,-0.07402204357695165,110,41
bre,2,22,0.1,-0.07403582168881015,110,41
bre,3,22,0.001,-0.09267382623065022,1100,127
bre,3,22,0.01,-0.09057290175083856,1100,127
bre,3,22,0.1,-0.09152243867502954,1100,127
bre,4,22,0.001,-0.24734277226857226,11000,217
bre,4,22,0.01,-0.2429631106797655,11000,217
bre,4,22,0.1,-0.24738032202233404,11000,217
bre,5,22,0.001,-0.73175151806385,110000,271
bre,5,22,0.01,-0.7269297973115852,110000,271
bre,5,22,0.1,-0.7313218478180121,110000,271
bre,6,22,0.001,-1.1554877476376002,1100000,288
bre,6,22,0.01,-1.151446766691102,1100000,288
bre,6,22,0.1,-1.153426985016822,1100000,288
bre,0,23,0.001,-2.230138152586296,1,1
bre,0,23,0.01,-2.2301381451470994,1,1
bre,0,23,0.1,-2.2301380708819414,1,1
bre,1,23,0.001,-0.0840751334268157,11,10
bre,1,23,0.01,-0.08403991937653071,11,10
bre,1,23,0.1,-0.0840239634012524,11,10
bre,2,23,0.001,-0.11038611938158188,110,42
bre,2,23,0.01,-0.11006452359737845,110,42
bre,2,23,0.1,-0.10990820721064506,110,42
bre,3,23,0.001,-0.1428454226575304,1100,118
bre,3,23,0.01,-0.13778735104721515,1100,118
bre,3,23,0.1,-0.13494232180974916,1100,118
bre,4,23,0.001,-0.3939401744226562,11000,203
bre,4,23,0.01,-0.3874603366692268,11000,203
bre,4,23,0.1,-0.3844104621225683,11000,203
bre,5,23,0.001,-0.8392431415252299,110000,269
bre,5,23,0.01,-0.834482465340695,110000,269
bre,5,23,0.1,-0.8359212628232073,110000,269
bre,6,23,0.001,-1.2972050456895896,1100000,305
bre,6,23,0.01,-1.2933920846183298,1100000,305
bre,6,23,0.1,-1.2971478931864635,1100000,305
bre,0,24,0.001,-2.1990045216122045,1,1
bre,0,24,0.01,-2.1990045180372175,1,1
bre,0,24,0.1,-2.1990044824510626,1,1
bre,1,24,0.001,-0.07727135066507966,11,10
bre,1,24,0.01,-0.0772732154630404,11,10
bre,1,24,0.1,-0.07729196101375149,11,10
bre,2,24,0.001,-0.08517885247900667,110,41
bre,2,24,0.01,-0.08483304151515385,110,41
bre,2,24,0.1,-0.08457855225657168,110,41
bre,3,24,0.001,-0.09865045593242293,1100,109
bre,3,24,0.01,-0.09622891614989303,1100,109
bre,3,24,0.1,-0.09495423631329065,1100,109
bre,4,24,0.001,-0.25270041206374677,11000,175
bre,4,24,0.01,-0.24840779174839586,11000,175
bre,4,24,0.1,-0.250060503998917,11000,175
bre,5,24,0.001,-0.7526841556779914,110000,209
bre,5,24,0.01,-0.7476215123069793,110000,209
bre,5,24,0.1,-0.7499325660292353,110000,209
bre,6,24,0.001,-1.308028412932968,1100000,218
bre,6,24,0.01,-1.3027322739429963,1100000,218
bre,6,24,0.1,-1.3028227019502034,1100000,218
bre,0,25,0.001,-2.136473693521423,1,1
bre,0,25,0.01,-2.1364737201564172,1,1
bre,0,25,0.1,-2.1364739866475126,1,1
bre,1,25,0.001,-0.07958587085183762,11,10
bre,1,25,0.01,-0.07958762169655959,11,10
bre,1,25,0.1,-0.07960527002929582,11,10
bre,2,25,0.001,-0.08941481961285083,110,41
bre,2,25,0.01,-0.08917439217829035,110,41
bre,2,25,0.1,-0.08910377974420426,110,41
bre,3,25,0.001,-0.0980067753013635,1100,115
bre,3,25,0.01,-0.09544895114822433,1100,115
bre,3,25,0.1,-0.09495150642907309,1100,115
bre,4,25,0.001,-0.31988454745903894,11000,194
bre,4,25,0.01,-0.31521528149486994,11000,194
bre,4,25,0.1,-0.31416259563334153,11000,194
bre,5,25,0.001,-0.7663926694453105,110000,242
bre,5,25,0.01,-0.7603716032940828,110000,242
bre,5,25,0.1,-0.7590455203807772,110000,242
bre,6,25,0.001,-1.1295803965879336,1100000,263
bre,6,25,0.01,-1.1256756735818438,1100000,263
bre,6,25,0.1,-1.127092327478042,1100000,263
bre,0,26,0.001,-2.2380103914521468,1,1
bre,0,26,0.01,-2.2380103559407107,1,1
bre,0,26,0.1,-2.238010001003086,1,1
bre,1,26,0.001,-0.08187310038565461,11,10
bre,1,26,0.01,-0.08171859784457135,11,10
bre,1,26,0.1,-0.0815761752010089,11,10
bre,2,26,0.001,-0.12122944466068795,110,43
bre,2,26,0.01,-0.12052603549166413,110,43
bre,2,26,0.1,-0.12002009709557095,110,43
bre,3,26,0.001,-0.14821668082882064,1100,112
bre,3,26,0.01,-0.14199883702382923,1100,112
bre,3,26,0.1,-0.13861128948323667,1100,112
bre,4,26,0.001,-0.3197284511994552,11000,184
bre,4,26,0.01,-0.3144833809877971,11000,184
bre,4,26,0.1,-0.3140618752136084,11000,184
bre,5,26,0.001,-0.5692902881905099,110000,240
bre,5,26,0.01,-0.5644584287205842,110000,240
bre,5,26,0.1,-0.5670421322963517,110000,240
bre,6,26,0.001,-1.0745033065406275,1100000,264
bre,6,26,0.01,-1.0707572226068824,1100000,264
bre,6,26,0.1,-1.0721643726771173,1100000,264
bre,0,27,0.001,-2.2150683986328716,1,1
bre,0,27,0.01,-2.2150683871280816,1,1
bre,0,27,0.1,-2.215068272224482,1,1
bre,1,27,0.001,-0.06345800929364752,11,10
bre,1,27,0.01,-0.06346069380298369,11,10
bre,1,27,0.1,-0.06348759457393478,11,10
bre,2,27,0.001,-0.0674275245740621,110,39
bre,2,27,0.01,-0.06719510103029146,110,39
bre,2,27,0.1,-0.06713896079273726,110,39
bre,3,27,0.001,-0.09071312813013702,1100,94
bre,3,27,0.01,-0.08884914245369972,1100,94
bre,3,27,0.1,-0.0880350484532735,1100,94
bre,4,27,0.001,-0.33920836392901693,11000,156
bre,4,27,0.01,-0.31947562507637156,11000,156
bre,4,27,0.1,-0.3078059284293174,11000,156
bre,5,27,0.001,-0.9816507951912791,110000,204
bre,5,27,0.01,-0.9760080805485672,110000,204
bre,5,27,0.1,-0.9766678055082132,110000,204
bre,6,27,0.001,-1.3761986912287136,1100000,226
bre,6,27,0.01,-1.3701914449375503,1100000,226
bre,6,27,0.1,-1.3690202321670082,1100000,226
bre,0,28,0.001,-2.240301034422882,1,1
bre,0,28,0.01,-2.240301002995951,1,1
bre,0,28,0.1,-2.2403006888920394,1,1
bre,1,28,0.001,-0.07242728788498956,11,10
bre,1,28,0.01,-0.07242896092557963,11,10
bre,1,28,0.1,-0.07244589108616656,11,10
bre,2,28,0.001,-0.07901138213267846,110,39
bre,2,28,0.01,-0.07823000043409581,110,39
bre,2,28,0.1,-0.0776693601102583,110,39
bre,3,28,0.001,-0.10734752382134231,1100,111
bre,3,28,0.01,-0.10422657173504558,1100,111
bre,3,28,0.1,-0.10277028818250425,1100,111
bre,4,28,0.001,-0.3614793259989318,11000,183
bre,4,28,0.01,-0.3465413409839113,11000,183
bre,4,28,0.1,-0.34136398593795464,11000,183
bre,5,28,0.001,-0.888368280490608,110000,235
bre,5,28,0.01,-0.8837922977910211,110000,235
bre,5,28,0.1,-0.8856485062048527,110000,235
bre,6,28,0.001,-1.4303608565321175,1100000,258
bre,6,28,0.01,-1.4266020751089108,1100000,258
bre,6,28,0.1,-1.4301813805164565,1100000,258
bre,0,29,0.001,-2.205441420695084,1,1
bre,0,29,0.01,-2.205441418816352,1,1
bre,0,29,0.1,-2.205441400162586,1,1
bre,1,29,0.001,-0.07144396269374177,11,10
bre,1,29,0.01,-0.07140656492357113,11,10
bre,1,29,0.1,-0.07138781996057533,11,10
bre,2,29,0.001,-0.09620575117136264,110,42
bre,2,29,0.01,-0.095470585648986,110,42
bre,2,29,0.1,-0.09494689342927856,110,42
bre,3,29,0.001,-0.15053185422251492,1100,125
bre,3,29,0.01,-0.1480494138198986,1100,125
bre,3,29,0.1,-0.1480902139411736,1100,125
bre,4,29,0.001,-0.3701710670408689,11000,221
bre,4,29,0.01,-0.365139910073925,11000,221
bre,4,29,0.1,-0.36568265129943245,11000,221
bre,5,29,0.001,-1.0466217475231645,110000,296
bre,5,29,0.01,-1.0402669323639093,110000,296
bre,5,29,0.1,-1.0425843068232952,110000,296
bre,6,29,0.001,-1.5403088589433875,1100000,332
bre,6,29,0.01,-1.535905621304423,1100000,332
bre,6,29,0.1,-1.5365499479062,1100000,332
bre,0,30,0.001,-2.1722938242119274,1,1
bre,0,30,0.01,-2.1722938368648452,1,1
bre,0,30,0.1,-2.1722939635468146,1,1
bre,1,30,0.001,-0.07666864384331896,11,10
bre,1,30,0.01,-0.07662476167154404,11,10
bre,1,30,0.1,-0.07659733610129407,11,10
bre,2,30,0.001,-0.10168821943427717,110,41
bre,2,30,0.01,-0.10152731219154054,110,41
bre,2,30,0.1,-0.10150880637677626,110,41
bre,3,30,0.001,-0.11141518781143459,1100,102
bre,3,30,0.01,-0.10951050211672157,1100,102
bre,3,30,0.1,-0.10864782010540101,1100,102
bre,4,30,0.001,-0.23388198052501888,11000,170
bre,4,30,0.01,-0.22573998152307534,11000,170
bre,4,30,0.1,-0.22341069826134669,11000,170
bre,5,30,0.001,-0.5933906383754959,110000,213
bre,5,30,0.01,-0.5487836517080861,110000,213
bre,5,30,0.1,-0.5229863944276968,110000,213
bre,6,30,0.001,-0.867223949390436,1100000,236
bre,6,30,0.01,-0.8624184443589622,1100000,236
bre,6,30,0.1,-0.8684121623371447,1100000,236
bre,0,31,0.001,-2.218045139357605,1,1
bre,0,31,0.01,-2.218045134902691,1,1
bre,0,31,0.1,-2.2180450904920113,1,1
bre,1,31,0.001,-0.07203834709592728,11,10
bre,1,31,0.01,-0.0720397824362955,11,10
bre,1,31,0.1,-0.0720544994194403,11,10
bre,2,31,0.001,-0.0837057270776007,110,41
bre,2,31,0.01,-0.08330381358561577,110,41
bre,2,31,0.1,-0.08397742047429484,110,41
bre,3,31,0.001,-0.11096187594380695,1100,122
bre,3,31,0.01,-0.10878260247175553,1100,122
bre,3,31,0.1,-0.10853711570081,1100,122
bre,4,31,0.001,-0.2654729409101376,11000,225
bre,4,31,0.01,-0.25081467608339497,11000,225
bre,4,31,0.1,-0.24425426567169956,11000,225
bre,5,31,0.001,-0.8880477283706418,110000,302
bre,5,31,0.01,-0.8826246934345852,110000,302
bre,5,31,0.1,-0.8848375556100986,110000,302
bre,6,31,0.001,-1.27594702885316,1100000,337
bre,6,31,0.01,-1.2716183416380897,1100000,337
bre,6,31,0.1,-1.2736362293113064,1100000,337
bre,0,32,0.001,-2.184411007722961,1,1
bre,0,32,0.01,-2.1844109884279974,1,1
bre,0,32,0.1,-2.184410795639062,1,1
bre,1,32,0.001,-0.09675916928957665,11,10
bre,1,32,0.01,-0.09671401163995848,11,10
bre,1,32,0.1,-0.09668227959181959,11,10
bre,2,32,0.001,-0.12744335608159568,110,42
bre,2,32,0.01,-0.12686546293871667,110,42
bre,2,32,0.1,-0.1264591109809255,110,42
bre,3,32,0.001,-0.18261718803962967,1100,124
bre,3,32,0.01,-0.17947107022939224,1100,124
bre,3,32,0.1,-0.17837976854100335,1100,124
bre,4,32,0.001,-0.3933192210665331,11000,212
bre,4,32,0.01,-0.3866718505701552,11000,212
bre,4,32,0.1,-0.3872041531395685,11000,212
bre,5,32,0.001,-0.7657844474368718,110000,281
bre,5,32,0.01,-0.7602989160559926,110000,281
bre,5,32,0.1,-0.7616671562454022,110000,281
bre,6,32,0.001,-1.072305668872658,1100000,323
bre,6,32,0.01,-1.0687115193896757,1100000,323
bre,6,32,0.1,-1.0795451317370648,1100000,323
bre,0,33,0.001,-2.2832105363065685,1,1
bre,0,33,0.01,-2.2832104841540306,1,1
bre,0,33,0.1,-2.283209962783463,1,1
bre,1,33,0.001,-0.08211030374981383,11,10
bre,1,33,0.01,-0.08211258841219558,11,10
bre,1,33,0.1,-0.08213558137317079,11,10
bre,2,33,0.001,-0.09198779844473627,110,39
bre,2,33,0.01,-0.09166300216325357,110,39
bre,2,33,0.1,-0.09147301841878151,110,39
bre,3,33,0.001,-0.10708043832913697,1100,104
bre,3,33,0.01,-0.10418962524602676,1100,104
bre,3,33,0.1,-0.1025929263806947,1100,104
bre,4,33,0.001,-0.26535334734179594,11000,173
bre,4,33,0.01,-0.2611029175710947,11000,173
bre,4,33,0.1,-0.2607968435537862,11000,173
bre,5,33,0.001,-0.72894552273283,110000,234
bre,5,33,0.01,-0.7232690484157868,110000,234
bre,5,33,0.1,-0.7248970133099973,110000,234
bre,6,33,0.001,-1.1211734547845376,1100000,265
bre,6,33,0.01,-1.1162727060194573,1100000,265
bre,6,33,0.1,-1.1215888321701246,1100000,265
bre,0,34,0.001,-2.157535021331814,1,1
bre,0,34,0.01,-2.157535042113723,1,1
bre,0,34,0.1,-2.1575352500685074,1,1
bre,1,34,0.001,-0.07723027015158421,11,10
bre,1,34,0.01,-0.07723259551252022,11,10
bre,1,34,0.1,-0.07725589741429995,11,10
bre,2,34,0.001,-0.08721450873651938,110,39
bre,2,34,0.01,-0.08691810657776504,110,39
bre,2,34,0.1,-0.08671043454914996,110,39
bre,3,34,0.001,-0.10690351181757815,1100,109
bre,3,34,0.01,-0.10431478924855471,1100,109
bre,3,34,0.1,-0.10259528772161408,1100,109
bre,4,34,0.001,-0.37671108407321274,11000,184
bre,4,34,0.01,-0.3645379930235562,11000,184
bre,4,34,0.1,-0.3586773621960799,11000,184
bre,5,34,0.001,-0.8424356058104188,110000,233
bre,5,34,0.01,-0.8385871476209419,110000,233
bre,5,34,0.1,-0.8397231684913449,110000,233
bre,6,34,0.001,-1.163620942606842,1100000,261
bre,6,34,0.01,-1.1601281325526756,1100000,261
bre,6,34,0.1,-1.1631945412561229,1100000,261
bre,0,35,0.001,-2.225868761530754,1,1
bre,0,35,0.01,-2.225868730548013,1,1
bre,0,35,0.1,-2.225868420891576,1,1
bre,1,35,0.001,-0.07745119556307115,11,10
bre,1,35,0.01,-0.07735285556933402,11,10
bre,1,35,0.1,-0.0772732971669286,11,10
bre,2,35,0.001,-0.10012978116758896,110,43
bre,2,35,0.01,-0.09988389693117988,110,43
bre,2,35,0.1,-0.09977315489051507,110,43
bre,3,35,0.001,-0.11710182206339223,1100,112
bre,3,35,0.01,-0.11435498984787966,1100,112
bre,3,35,0.1,-0.11291169140642121,1100,112
bre,4,35,0.001,-0.38056610817213743,11000,180
bre,4,35,0.01,-0.37543629207867807,11000,180
bre,4,35,0.1,-0.37367451104843985,11000,180
bre,5,35,0.001,-0.7480167317201081,110000,222
bre,5,35,0.01,-0.7431052336776239,110000,222
bre,5,35,0.1,-0.7449089335056465,110000,222
bre,6,35,0.001,-1.0586274617612323,1100000,238
bre,6,35,0.01,-1.054272164682934,1100000,238
bre,6,35,0.1,-1.0577626844016015,1100000,238
bre,0,36,0.001,-2.22575558993094,1,1
bre,0,36,0.01,-2.2257555705084697,1,1
bre,0,36,0.1,-2.225755376467609,1,1
bre,1,36,0.001,-0.06627158771620686,11,10
bre,1,36,0.01,-0.06627234734343185,11,10
bre,1,36,0.1,-0.06628043782325337,11,10
bre,2,36,0.001,-0.08198444599220281,110,42
bre,2,36,0.01,-0.08144907418902997,110,42
bre,2,36,0.1,-0.08111641587000962,110,42
bre,3,36,0.001,-0.13652212360382193,1100,112
bre,3,36,0.01,-0.13188546183635202,1100,112
bre,3,36,0.1,-0.1293638149428299,1100,112
bre,4,36,0.001,-0.40388608116127084,11000,171
bre,4,36,0.01,-0.3923723931093761,11000,171
bre,4,36,0.1,-0.3868699069028943,11000,171
bre,5,36,0.001,-1.0488668328804254,110000,196
bre,5,36,0.01,-0.9848447843172874,110000,196
bre,5,36,0.1,-0.9421334358403394,110000,196
bre,6,36,0.001,-1.4701063801253138,1100000,200
bre,6,36,0.01,-1.4662385717869477,1100000,200
bre,6,36,0.1,-1.4668974023941554,1100000,200
bre,0,37,0.001,-2.2826169859679486,1,1
bre,0,37,0.01,-2.2826169392669353,1,1
bre,0,37,0.1,-2.2826164724342246,1,1
bre,1,37,0.001,-0.07312424694102607,11,10
bre,1,37,0.01,-0.07312638209723553,11,10
bre,1,37,0.1,-0.07314788412503247,11,10
bre,2,37,0.001,-0.08368873132332508,110,39
bre,2,37,0.01,-0.08357981262662056,110,39
bre,2,37,0.1,-0.08371992473119402,110,39
bre,3,37,0.001,-0.09243413201177089,1100,100
bre,3,37,0.01,-0.09067699872077378,1100,100
bre,3,37,0.1,-0.09130792659073418,1100,100
bre,4,37,0.001,-0.2533592035067036,11000,167
bre,4,37,0.01,-0.23530012534482242,11000,167
bre,4,37,0.1,-0.22635407025342277,11000,167
bre,5,37,0.001,-0.8298665035189151,110000,214
bre,5,37,0.01,-0.8247876123232475,110000,214
bre,5,37,0.1,-0.828280565810873,110000,214
bre,6,37,0.001,-1.3178507169772578,1100000,229
bre,6,37,0.01,-1.3136921616065769,1100000,229
bre,6,37,0.1,-1.3168703273701883,1100000,229
bre,0,38,0.001,-2.2656408918323114,1,1
bre,0,38,0.01,-2.2656408505792713,1,1
bre,0,38,0.1,-2.265640438207013,1,1
bre,1,38,0.001,-0.07829722038271354,11,10
bre,1,38,0.01,-0.07829989456358395,11,10
bre,1,38,0.1,-0.07832669801469866,11,10
bre,2,38,0.001,-0.0877169250071812,110,40
bre,2,38,0.01,-0.0875021973732377,110,40
bre,2,38,0.1,-0.08744232015122141,110,40
bre,3,38,0.001,-0.09521176549722973,1100,98
bre,3,38,0.01,-0.09381861826544237,1100,98
bre,3,38,0.1,-0.09309855212624754,1100,98
bre,4,38,0.001,-0.21091231368862284,11000,151
bre,4,38,0.01,-0.20794563847687642,11000,151
bre,4,38,0.1,-0.20988773745133757,11000,151
bre,5,38,0.001,-0.4548591449079805,110000,183
bre,5,38,0.01,-0.4507959862671646,110000,183
bre,5,38,0.1,-0.4551996465292293,110000,183
bre,6,38,0.001,-0.8627052077083451,1100000,202
bre,6,38,0.01,-0.8586931205977846,1100000,202
bre,6,38,0.1,-0.8626276515824897,1100000,202
bre,0,39,0.001,-2.2843311161811495,1,1
bre,0,39,0.01,-2.284331060118981,1,1
bre,0,39,0.1,-2.284330499635185,1,1
bre,1,39,0.001,-0.07748501650000739,11,10
bre,1,39,0.01,-0.07748781739597947,11,10
bre,1,39,0.1,-0.07751592412740776,11,10
bre,2,39,0.001,-0.08350839133959385,110,40
bre,2,39,0.01,-0.08307363766699508,110,40
bre,2,39,0.1,-0.08292621740899662,110,40
bre,3,39,0.001,-0.10363383428174629,1100,108
bre,3,39,0.01,-0.10194673073033918,1100,108
bre,3,39,0.1,-0.10218444263775643,1100,108
bre,4,39,0.001,-0.242222197562317,11000,189
bre,4,39,0.01,-0.23555532181204106,11000,189
bre,4,39,0.1,-0.23609827035878414,11000,189
bre,5,39,0.001,-0.6186277962989369,110000,249
bre,5,39,0.01,-0.6115992585840121,110000,249
bre,5,39,0.1,-0.6146586698448369,110000,249
bre,6,39,0.001,-1.269779751819541,1100000,273
bre,6,39,0.01,-1.2657856359072002,1100000,273
bre,6,39,0.1,-1.267301138132452,1100000,273
bre,0,40,0.001,-2.251895006394754,1,1
bre,0,40,0.01,-2.251894962786655,1,1
bre,0,40,0.1,-2.2518945268960384,1,1
bre,1,40,0.001,-0.0953413990265346,11,10
bre,1,40,0.01,-0.09534274011429868,11,10
bre,1,40,0.1,-0.09535632273999377,11,10
bre,2,40,0.001,-0.10790868219984485,110,41
bre,2,40,0.01,-0.1073502117519471,110,41
bre,2,40,0.1,-0.10689301043928348,110,41
bre,3,40,0.001,-0.13596044608553864,1100,124
bre,3,40,0.01,-0.13291047408105452,1100,124
bre,3,40,0.1,-0.13214226604298873,1100,124
bre,4,40,0.001,-0.4583081152289426,11000,196
bre,4,40,0.01,-0.4545236318435353,11000,196
bre,4,40,0.1,-0.4587986042221902,11000,196
bre,5,40,0.001,-0.791986212851909,110000,224
bre,5,40,0.01,-0.7868164649944003,110000,224
bre,5,40,0.1,-0.7891055837538635,110000,224
bre,6,40,0.001,-1.1758067583228549,1100000,229
bre,6,40,0.01,-1.1719383986735892,1100000,229
bre,6,40,0.1,-1.177644612878085,1100000,229
bre,0,41,0.001,-2.2669730189694213,1,1
bre,0,41,0.01,-2.26697298597529,1,1
bre,0,41,0.1,-2.26697265616602,1,1
bre,1,41,0.001,-0.06717859329929839,11,10
bre,1,41,0.01,-0.06718084888665175,11,10
bre,1,41,0.1,-0.0672035481702326,11,10
bre,2,41,0.001,-0.07229902886809664,110,40
bre,2,41,0.01,-0.07195329880255605,110,40
bre,2,41,0.1,-0.07175109772134701,110,40
bre,3,41,0.001,-0.08728617655296453,1100,115
bre,3,41,0.01,-0.08500118535981219,1100,115
bre,3,41,0.1,-0.08393265439244103,1100,115
bre,4,41,0.001,-0.3844327286845659,11000,190
bre,4,41,0.01,-0.38059697052460395,11000,190
bre,4,41,0.1,-0.3849548720740563,11000,190
bre,5,41,0.001,-0.7459006150228797,110000,252
bre,5,41,0.01,-0.7423999712112176,110000,252
bre,5,41,0.1,-0.7503471549032975,110000,252
bre,6,41,0.001,-1.2229755505910338,1100000,289
bre,6,41,0.01,-1.219496473142836,1100000,289
bre,6,41,0.1,-1.225024324981622,1100000,289
bre,0,42,0.001,-2.258322524611964,1,1
bre,0,42,0.01,-2.258322481972021,1,1
bre,0,42,0.1,-2.258322055744186,1,1
bre,1,42,0.001,-0.07482590809876037,11,10
bre,1,42,0.01,-0.074827854299583,11,10
bre,1,42,0.1,-0.07484739437928924,11,10
bre,2,42,0.001,-0.08362212785542972,110,39
bre,2,42,0.01,-0.0834486010657752,110,39
bre,2,42,0.1,-0.08342314078472027,110,39
bre,3,42,0.001,-0.10055714572020386,1100,109
bre,3,42,0.01,-0.09786845091599859,1100,109
bre,3,42,0.1,-0.09731945200697928,1100,109
bre,4,42,0.001,-0.3822386770365663,11000,183
bre,4,42,0.01,-0.363570315029504,11000,183
bre,4,42,0.1,-0.3535747293293391,11000,183
bre,5,42,0.001,-0.9306731677392853,110000,237
bre,5,42,0.01,-0.9243657665348205,110000,237
bre,5,42,0.1,-0.9266396394755481,110000,237
bre,6,42,0.001,-1.2378422966511429,1100000,268
bre,6,42,0.01,-1.233218113078094,1100000,268
bre,6,42,0.1,-1.2372327621268362,1100000,268
bre,0,43,0.001,-2.1685924138726422,1,1
bre,0,43,0.01,-2.1685924345038776,1,1
bre,0,43,0.1,-2.168592640934881,1,1
bre,1,43,0.001,-0.10093737459381164,11,10
bre,1,43,0.01,-0.10093848033204603,11,10
bre,1,43,0.1,-0.10094990943585161,11,10
bre,2,43,0.001,-0.10500969418525177,110,42
bre,2,43,0.01,-0.10442088056403175,110,42
bre,2,43,0.1,-0.10418443827595064,110,42
bre,3,43,0.001,-0.12639361651461897,1100,132
bre,3,43,0.01,-0.12171264480433736,1100,132
bre,3,43,0.1,-0.11955730195460547,1100,132
bre,4,43,0.001,-0.36535953380230585,11000,244
bre,4,43,0.01,-0.3570758446131653,11000,244
bre,4,43,0.1,-0.3570193595005563,11000,244
bre,5,43,0.001,-0.781863311765028,110000,328
bre,5,43,0.01,-0.773300858532598,110000,328
bre,5,43,0.1,-0.7737433960722008,110000,328
bre,6,43,0.001,-1.202684843469126,1100000,380
bre,6,43,0.01,-1.198658552530209,1100000,380
bre,6,43,0.1,-1.2000177795778895,1100000,380
bre,0,44,0.001,-2.229434064798344,1,1
bre,0,44,0.01,-2.2294340542193742,1,1
bre,0,44,0.1,-2.2294339485634542,1,1
bre,1,44,0.001,-0.06444533934528872,11,10
bre,1,44,0.01,-0.06440810603466181,11,10
bre,1,44,0.1,-0.06439082463545542,11,10
bre,2,44,0.001,-0.08377957912436175,110,41
bre,2,44,0.01,-0.0836024702431739,110,41
bre,2,44,0.1,-0.08355562487131687,110,41
bre,3,44,0.001,-0.09492266049021388,1100,116
bre,3,44,0.01,-0.09206141203381851,1100,116
bre,3,44,0.1,-0.0908388944378553,1100,116
bre,4,44,0.001,-0.3075791292051034,11000,209
bre,4,44,0.01,-0.30276034251657336,11000,209
bre,4,44,0.1,-0.30491761947412344,11000,209
bre,5,44,0.001,-0.8591283841647553,110000,272
bre,5,44,0.01,-0.8540657723535565,110000,272
bre,5,44,0.1,-0.856769466703932,110000,272
bre,6,44,0.001,-1.2565842978057888,1100000,302
bre,6,44,0.01,-1.2526682087671295,1100000,302
bre,6,44,0.1,-1.2583598106398797,1100000,302
bre,0,45,0.001,-2.146295969253681,1,1
bre,0,45,0.01,-2.146295991257362,1,1
bre,0,45,0.1,-2.146296211435078,1,1
bre,1,45,0.001,-0.07855683948969666,11,10
bre,1,45,0.01,-0.07855885143806982,11,10
bre,1,45,0.1,-0.07857913228301129,11,10
bre,2,45,0.001,-0.08374975077878742,110,39
bre,2,45,0.01,-0.08366268555355233,110,39
bre,2,45,0.1,-0.08368249186439229,110,39
bre,3,45,0.001,-0.091987031157151,1100,101
bre,3,45,0.01,-0.09046968762031654,1100,101
bre,3,45,0.1,-0.0898795717808845,1100,101
bre,4,45,0.001,-0.22911737923176312,11000,166
bre,4,45,0.01,-0.22600435282538225,11000,166
bre,4,45,0.1,-0.22783546759928205,11000,166
bre,5,45,0.001,-0.5916973125600489,110000,212
bre,5,45,0.01,-0.5881529985829568,110000,212
bre,5,45,0.1,-0.5930394694731664,110000,212
bre,6,45,0.001,-1.1241434206394691,1100000,232
bre,6,45,0.01,-1.1208065467610786,1100000,232
bre,6,45,0.1,-1.123025987298429,1100000,232
bre,0,46,0.001,-2.2579859757223466,1,1
bre,0,46,0.01,-2.257985943256226,1,1
bre,0,46,0.1,-2.25798561876167,1,1
bre,1,46,0.001,-0.07213512442617157,11,10
bre,1,46,0.01,-0.07213695211949465,11,10
bre,1,46,0.1,-0.0721554212371418,11,10
bre,2,46,0.001,-0.08296354134823174,110,42
bre,2,46,0.01,-0.08265288456893309,110,42
bre,2,46,0.1,-0.08244399862363438,110,42
bre,3,46,0.001,-0.10886841968765996,1100,111
bre,3,46,0.01,-0.10654841219651533,1100,111
bre,3,46,0.1,-0.10563754861635379,1100,111
bre,4,46,0.001,-0.3449842562695832,11000,177
bre,4,46,0.01,-0.3365477217268998,11000,177
bre,4,46,0.1,-0.3365405873304422,11000,177
bre,5,46,0.001,-0.7716717536660429,110000,204
bre,5,46,0.01,-0.7594153977531827,110000,204
bre,5,46,0.1,-0.7540794880303932,110000,204
bre,6,46,0.001,-1.2748386360255948,1100000,211
bre,6,46,0.01,-1.2703328120676016,1100000,211
bre,6,46,0.1,-1.2707160226112282,1100000,211
bre,0,47,0.001,-2.1857444796934726,1,1
bre,0,47,0.01,-2.185744469087053,1,1
bre,0,47,0.1,-2.185744363200363,1,1
bre,1,47,0.001,-0.09488108583274817,11,10
bre,1,47,0.01,-0.09488070999096974,11,10
bre,1,47,0.1,-0.09487732732345834,11,10
bre,2,47,0.001,-0.11377254009559985,110,42
bre,2,47,0.01,-0.11207205490244106,110,42
bre,2,47,0.1,-0.11052402170952148,110,42
bre,3,47,0.001,-0.2075923578175927,1100,132
bre,3,47,0.01,-0.2019788471027344,1100,132
bre,3,47,0.1,-0.19910415885617502,1100,132
bre,4,47,0.001,-0.6447112009295551,11000,239
bre,4,47,0.01,-0.6362204430424923,11000,239
bre,4,47,0.1,-0.6349880680586494,11000,239
bre,5,47,0.001,-1.114384151160613,110000,318
bre,5,47,0.01,-1.1073701263891125,110000,318
bre,5,47,0.1,-1.1084792955298508,110000,318
bre,6,47,0.001,-1.5294390705644982,1100000,353
bre,6,47,0.01,-1.5249643475145962,1100000,353
bre,6,47,0.1,-1.5319913998072237,1100000,353
bre,0,48,0.001,-2.229498768826147,1,1
bre,0,48,0.01,-2.2294987526609207,1,1
bre,0,48,0.1,-2.229498591153244,1,1
bre,1,48,0.001,-0.07844301857177906,11,10
bre,1,48,0.01,-0.07844517038274759,11,10
bre,1,48,0.1,-0.07846676373155052,11,10
bre,2,48,0.001,-0.08421504082041392,110,40
bre,2,48,0.01,-0.083823129098011,110,40
bre,2,48,0.1,-0.08354234052695947,110,40
bre,3,48,0.001,-0.10803842334202567,1100,110
bre,3,48,0.01,-0.10610329654155648,1100,110
bre,3,48,0.1,-0.10653310009201711,1100,110
bre,4,48,0.001,-0.2156091500059753,11000,181
bre,4,48,0.01,-0.21228013830885747,11000,181
bre,4,48,0.1,-0.2138383219313414,11000,181
bre,5,48,0.001,-0.5549700218811525,110000,235
bre,5,48,0.01,-0.5511053655263211,110000,235
bre,5,48,0.1,-0.5537740540857726,110000,235
bre,6,48,0.001,-0.9471682043202099,1100000,259
bre,6,48,0.01,-0.9435202598643098,1100000,259
bre,6,48,0.1,-0.9457559510487562,1100000,259
bre,0,49,0.001,-2.1224128985908695,1,1
bre,0,49,0.01,-2.122412923246616,1,1
bre,0,49,0.1,-2.1224131699789828,1,1
bre,1,49,0.001,-0.10204673482716255,11,10
bre,1,49,0.01,-0.10204740792463804,11,10
bre,1,49,0.1,-0.10205444813153988,11,10
bre,2,49,0.001,-0.11375210938448597,110,42
bre,2,49,0.01,-0.11318621381659993,110,42
bre,2,49,0.1,-0.1128106506321011,110,42
bre,3,49,0.001,-0.12670248472362783,1100,107
bre,3,49,0.01,-0.1243014606216117,1100,107
bre,3,49,0.1,-0.12309454877025856,1100,107
bre,4,49,0.001,-0.2709186771247596,11000,168
bre,4,49,0.01,-0.2622195129640524,11000,168
bre,4,49,0.1,-0.2572093084586519,11000,168
bre,5,49,0.001,-0.5166192798619166,110000,205
bre,5,49,0.01,-0.5068865567240284,110000,205
bre,5,49,0.1,-0.5044078375886853,110000,205
bre,6,49,0.001,-0.9104128655762751,1100000,223
bre,6,49,0.01,-0.9060127014275825,1100000,223
bre,6,49,0.1,-0.9043868806969908,1100000,223
bre,0,50,0.001,-2.327335639469953,1,1
bre,0,50,0.01,-2.3273355770618,1,1
bre,0,50,0.1,-2.3273349531343728,1,1
bre,1,50,0.001,-0.05998884820231892,11,10
bre,1,50,0.01,-0.059946995586032184,11,10
bre,1,50,0.1,-0.059931080828152246,11,10
bre,2,50,0.001,-0.08429925132563253,110,39
bre,2,50,0.01,-0.08401465028904444,110,39
bre,2,50,0.1,-0.08384685055099789,110,39
bre,3,50,0.001,-0.10175243650663436,1100,101
bre,3,50,0.01,-0.09916477612365253,1100,101
bre,3,50,0.1,-0.09802609488381137,1100,101
bre,4,50,0.001,-0.24318866083760693,11000,173
bre,4,50,0.01,-0.23805788516913587,11000,173
bre,4,50,0.1,-0.23715798272084684,11000,173
bre,5,50,0.001,-0.8893067249347512,110000,227
bre,5,50,0.01,-0.8843434820851216,110000,227
bre,5,50,0.1,-0.8848200994883837,110000,227
bre,6,50,0.001,-1.3195761857879948,1100000,246
bre,6,50,0.01,-1.3149090906149108,1100000,246
bre,6,50,0.1,-1.316306098201788,1100000,246
bre,0,51,0.001,-2.171822931448902,1,1
bre,0,51,0.01,-2.171822944784404,1,1
bre,0,51,0.1,-2.171823078285238,1,1
bre,1,51,0.001,-0.08358577078558681,11,10
bre,1,51,0.01,-0.08358715784828677,11,10
bre,1,51,0.1,-0.08360116359293175,11,10
bre,2,51,0.001,-0.0940352125954244,110,41
bre,2,51,0.01,-0.0937267944175847,110,41
bre,2,51,0.1,-0.0936042068754256,110,41
bre,3,51,0.001,-0.11709081574543263,1100,111
bre,3,51,0.01,-0.11180311837111957,1100,111
bre,3,51,0.1,-0.10935796396283788,1100,111
bre,4,51,0.001,-0.32914119532801756,11000,199
bre,4,51,0.01,-0.3239455556402405,11000,199
bre,4,51,0.1,-0.3238277060036316,11000,199
bre,5,51,0.001,-0.78970517159095,110000,255
bre,5,51,0.01,-0.7549028910719636,110000,255
bre,5,51,0.1,-0.7340544194476988,110000,255
bre,6,51,0.001,-1.1910860569430912,1100000,281
bre,6,51,0.01,-1.187366438775657,1100000,281
bre,6,51,0.1,-1.189373618577904,1100000,281
bre,0,52,0.001,-2.2796629753246784,1,1
bre,0,52,0.01,-2.2796629412005363,1,1
bre,0,52,0.1,-2.2796626001067026,1,1
bre,1,52,0.001,-0.07666872259688085,11,10
bre,1,52,0.01,-0.07667123406441613,11,10
bre,1,52,0.1,-0.07669648727303995,11,10
bre,2,52,0.001,-0.08897870998731577,110,40
bre,2,52,0.01,-0.08871549997459509,110,40
bre,2,52,0.1,-0.08865683178282255,110,40
bre,3,52,0.001,-0.09731304905515885,1100,92
bre,3,52,0.01,-0.09634220435767961,1100,92
bre,3,52,0.1,-0.09604270005285387,1100,92
bre,4,52,0.001,-0.15371545643601006,11000,151
bre,4,52,0.01,-0.14748932588467167,11000,151
bre,4,52,0.1,-0.14545569231167108,11000,151
bre,5,52,0.001,-0.4766798465986524,110000,198
bre,5,52,0.01,-0.46852719155190314,110000,198
bre,5,52,0.1,-0.46678653333025355,110000,198
bre,6,52,0.001,-0.9723384719732964,1100000,222
bre,6,52,0.01,-0.9688009811222407,1100000,222
bre,6,52,0.1,-0.9725932503243245,1100000,222
bre,0,53,0.001,-2.144661748055749,1,1
bre,0,53,0.01,-2.144661783135455,1,1
bre,0,53,0.1,-2.144662134063285,1,1
bre,1,53,0.001,-0.08888810174464347,11,10
bre,1,53,0.01,-0.08888909031386603,11,10
bre,1,53,0.1,-0.08889926224831916,11,10
bre,2,53,0.001,-0.10340609804723301,110,43
bre,2,53,0.01,-0.10267324439194965,110,43
bre,2,53,0.1,-0.1021121052117767,110,43
bre,3,53,0.001,-0.12029227625033076,1100,131
bre,3,53,0.01,-0.11669621299670857,1100,131
bre,3,53,0.1,-0.11499958009010283,1100,131
bre,4,53,0.001,-0.301436273466726,11000,234
bre,4,53,0.01,-0.2963458329842881,11000,234
bre,4,53,0.1,-0.2955066038913467,11000,234
bre,5,53,0.001,-0.7655345666320093,110000,301
bre,5,53,0.01,-0.7614298705462293,110000,301
bre,5,53,0.1,-0.7633073664126345,110000,301
bre,6,53,0.001,-1.0612583306238748,1100000,332
bre,6,53,0.01,-1.0577685036561484,1100000,332
bre,6,53,0.1,-1.0606678792257345,1100000,332
bre,0,54,0.001,-2.1894735439845556,1,1
bre,0,54,0.01,-2.18947353086002,1,1
bre,0,54,0.1,-2.189473399774433,1,1
bre,1,54,0.001,-0.07733949180906378,11,10
bre,1,54,0.01,-0.07734154612676426,11,10
bre,1,54,0.1,-0.07736218036483265,11,10
bre,2,54,0.001,-0.09017607996296356,110,42
bre,2,54,0.01,-0.08953168633022333,110,42
bre,2,54,0.1,-0.08901016625827395,110,42
bre,3,54,0.001,-0.11775856627220838,1100,116
bre,3,54,0.01,-0.11456360314190932,1100,116
bre,3,54,0.1,-0.1132689315210852,1100,116
bre,4,54,0.001,-0.3766419262854572,11000,183
bre,4,54,0.01,-0.3582844763696262,11000,183
bre,4,54,0.1,-0.34847181474460276,11000,183
bre,5,54,0.001,-0.8647776421795035,110000,210
bre,5,54,0.01,-0.8550158904508878,110000,210
bre,5,54,0.1,-0.8529422815818193,110000,210
bre,6,54,0.001,-1.2079962945903542,1100000,216
bre,6,54,0.01,-1.2025267170122755,1100000,216
bre,6,54,0.1,-1.2040316023391249,1100000,216
bre,0,55,0.001,-2.2468834994070552,1,1
bre,0,55,0.01,-2.246883459818576,1,1
bre,0,55,0.1,-2.246883064121696,1,1
bre,1,55,0.001,-0.09821957373200686,11,10
bre,1,55,0.01,-0.09811029929219749,11,10
bre,1,55,0.1,-0.0980142131805959,11,10
bre,2,55,0.001,-0.11621365606047732,110,41
bre,2,55,0.01,-0.11551135241216508,110,41
bre,2,55,0.1,-0.1149363980060004,110,41
bre,3,55,0.001,-0.13346846288999653,1100,110
bre,3,55,0.01,-0.1317523308853394,1100,110
bre,3,55,0.1,-0.13086447741787882,1100,110
bre,4,55,0.001,-0.2686100267237549,11000,174
bre,4,55,0.01,-0.26447870451987954,11000,174
bre,4,55,0.1,-0.26450879687928547,11000,174
bre,5,55,0.001,-0.5932931142661321,110000,212
bre,5,55,0.01,-0.5460799097542607,110000,212
bre,5,55,0.1,-0.5180096795240783,110000,212
bre,6,55,0.001,-1.0147993635194552,1100000,228
bre,6,55,0.01,-1.0073527980432506,1100000,228
bre,6,55,0.1,-1.0087269274677488,1100000,228
bre,0,56,0.001,-2.2270298890553106,1,1
bre,0,56,0.01,-2.2270298728101325,1,1
bre,0,56,0.1,-2.2270297104976255,1,1
bre,1,56,0.001,-0.09293505081513978,11,10
bre,1,56,0.01,-0.09293599404635283,11,10
bre,1,56,0.1,-0.09294585406990731,11,10
bre,2,56,0.001,-0.09760380552403039,110,40
bre,2,56,0.01,-0.09706294256092465,110,40
bre,2,56,0.1,-0.09676332626127734,110,40
bre,3,56,0.001,-0.12483689575883974,1100,120
bre,3,56,0.01,-0.12218605578872425,1100,120
bre,3,56,0.1,-0.12065635209630875,1100,120
bre,4,56,0.001,-0.30078158735302307,11000,212
bre,4,56,0.01,-0.29579287108832086,11000,212
bre,4,56,0.1,-0.29584254542854965,11000,212
bre,5,56,0.001,-0.6042584074375337,110000,285
bre,5,56,0.01,-0.5986447280553957,110000,285
bre,5,56,0.1,-0.6042350890642096,110000,285
bre,6,56,0.001,-1.1226453979704287,1100000,330
bre,6,56,0.01,-1.1179359341022335,1100000,330
bre,6,56,0.1,-1.119468217035668,1100000,330
bre,0,57,0.001,-2.132348850399152,1,1
bre,0,57,0.01,-2.132348889521475,1,1
bre,0,57,0.1,-2.1323492808798776,1,1
bre,1,57,0.001,-0.07280523546655071,11,10
bre,1,57,0.01,-0.07276605617450378,11,10
bre,1,57,0.1,-0.07274157224191895,11,10
bre,2,57,0.001,-0.0935348236340391,110,43
bre,2,57,0.01,-0.09295313847600578,110,43
bre,2,57,0.1,-0.0925079138191103,110,43
bre,3,57,0.001,-0.11815867135559367,1100,113
bre,3,57,0.01,-0.11591987208695514,1100,113
bre,3,57,0.1,-0.1152551779657053,1100,113
bre,4,57,0.001,-0.31069305567491,11000,190
bre,4,57,0.01,-0.29756002819132576,11000,190
bre,4,57,0.1,-0.29099946493096496,11000,190
bre,5,57,0.001,-0.8305529902826057,110000,241
bre,5,57,0.01,-0.8261010475556755,110000,241
bre,5,57,0.1,-0.8292716328991695,110000,241
bre,6,57,0.001,-1.1664666474421674,1100000,273
bre,6,57,0.01,-1.1629200047718868,1100000,273
bre,6,57,0.1,-1.1671930316945034,1100000,273
bre,0,58,0.001,-2.2724591714639413,1,1
bre,0,58,0.01,-2.2724591372004213,1,1
bre,0,58,0.1,-2.272458794721798,1,1
bre,1,58,0.001,-0.069274354417532,11,10
bre,1,58,0.01,-0.0692766933772136,11,10
bre,1,58,0.1,-0.06930014244976539,11,10
bre,2,58,0.001,-0.0775541932505898,110,37
bre,2,58,0.01,-0.07739557417440862,110,37
bre,2,58,0.1,-0.07738722686716436,110,37
bre,3,58,0.001,-0.08816645025370325,1100,95
bre,3,58,0.01,-0.0864702021987929,1100,95
bre,3,58,0.1,-0.0858012146914489,1100,95
bre,4,58,0.001,-0.2761097535878311,11000,156
bre,4,58,0.01,-0.2711882225334337,11000,156
bre,4,58,0.1,-0.2703998080008364,11000,156
bre,5,58,0.001,-0.6119079099219379,110000,205
bre,5,58,0.01,-0.6071182265256266,110000,205
bre,5,58,0.1,-0.6106082095092786,110000,205
bre,6,58,0.001,-1.0560412363903011,1100000,238
bre,6,58,0.01,-1.0517577621418148,1100000,238
bre,6,58,0.1,-1.0583670450657503,1100000,238
bre,0,59,0.001,-2.1869633015550733,1,1
bre,0,59,0.01,-2.1869632940535486,1,1
bre,0,59,0.1,-2.1869632192172577,1,1
bre,1,59,0.001,-0.0776276933621632,11,10
bre,1,59,0.01,-0.07762871116786908,11,10
bre,1,59,0.1,-0.07763911135777811,11,10
bre,2,59,0.001,-0.08957992220208974,110,40
bre,2,59,0.01,-0.08883890360338127,110,40
bre,2,59,0.1,-0.08824388580940191,110,40
bre,3,59,0.001,-0.10219796793895707,1100,109
bre,3,59,0.01,-0.0988829903198341,1100,109
bre,3,59,0.1,-0.0969352822796495,1100,109
bre,4,59,0.001,-0.27443644572681997,11000,182
bre,4,59,0.01,-0.26888154344278004,11000,182
bre,4,59,0.1,-0.26697500174891137,11000,182
bre,5,59,0.001,-0.6285875759322244,110000,219
bre,5,59,0.01,-0.6239339919663566,110000,219
bre,5,59,0.1,-0.6267213443382127,110000,219
bre,6,59,0.001,-1.0365486395598278,1100000,231
bre,6,59,0.01,-1.0312400752114583,1100000,231
bre,6,59,0.1,-1.0361135441111362,1100000,231
bre,0,60,0.001,-2.1820130738550785,1,1
bre,0,60,0.01,-2.182013069649661,1,1
bre,0,60,0.1,-2.1820130277547714,1,1
bre,1,60,0.001,-0.09223456194918556,11,10
bre,1,60,0.01,-0.09223645263121596,11,10
bre,1,60,0.1,-0.09225543855496658,11,10
bre,2,60,0.001,-0.09859807579366896,110,38
bre,2,60,0.01,-0.09838105635338495,110,38
bre,2,60,0.1,-0.09822622024786072,110,38
bre,3,60,0.001,-0.11912546536919806,1100,98
bre,3,60,0.01,-0.11715045714395214,1100,98
bre,3,60,0.1,-0.11663907285610028,1100,98
bre,4,60,0.001,-0.2338780347884542,11000,163
bre,4,60,0.01,-0.22872046925574688,11000,163
bre,4,60,0.1,-0.2291661842325471,11000,163
bre,5,60,0.001,-0.7433851511064298,110000,209
bre,5,60,0.01,-0.7355191631274902,110000,209
bre,5,60,0.1,-0.7350536176055976,110000,209
bre,6,60,0.001,-1.0507481204446716,1100000,243
bre,6,60,0.01,-1.043897607612545,1100000,243
bre,6,60,0.1,-1.0426483670283864,1100000,243
bre,0,61,0.001,-2.331981651229646,1,1
bre,0,61,0.01,-2.331981581834664,1,1
bre,0,61,0.1,-2.3319808880276933,1,1
bre,1,61,0.001,-0.06426454461953506,11,10
bre,1,61,0.01,-0.06422608815789548,11,10
bre,1,61,0.1,-0.06421100735467396,11,10
bre,2,61,0.001,-0.08747606562452394,110,43
bre,2,61,0.01,-0.08712467690315286,110,43
bre,2,61,0.1,-0.0869990962836366,110,43
bre,3,61,0.001,-0.13600640676622192,1100,122
bre,3,61,0.01,-0.13265776322825848,1100,122
bre,3,61,0.1,-0.13106374756589245,1100,122
bre,4,61,0.001,-0.44856106158557724,11000,212
bre,4,61,0.01,-0.4426129357201599,11000,212
bre,4,61,0.1,-0.4435318093116709,11000,212
bre,5,61,0.001,-0.9999215817798636,110000,269
bre,5,61,0.01,-0.962406608304029,110000,269
bre,5,61,0.1,-0.9412230810759862,110000,269
bre,6,61,0.001,-1.333706928166888,1100000,298
bre,6,61,0.01,-1.3278175185823096,1100000,298
bre,6,61,0.1,-1.3296947716378809,1100000,298
bre,0,62,0.001,-2.2594647053708004,1,1
bre,0,62,0.01,-2.259464669395434,1,1
bre,0,62,0.1,-2.2594643098169516,1,1
bre,1,62,0.001,-0.06758433556254939,11,10
bre,1,62,0.01,-0.06753397480221833,11,10
bre,1,62,0.1,-0.06749560885280283,11,10
bre,2,62,0.001,-0.09488534590142443,110,43
bre,2,62,0.01,-0.09417523608199951,110,43
bre,2,62,0.1,-0.09375049856738532,110,43
bre,3,62,0.001,-0.11419052834021878,1100,116
bre,3,62,0.01,-0.11172765470821198,1100,116
bre,3,62,0.1,-0.11078538548104093,1100,116
bre,4,62,0.001,-0.2549035153645704,11000,169
bre,4,62,0.01,-0.2507464722096467,11000,169
bre,4,62,0.1,-0.2546297351231532,11000,169
bre,5,62,0.001,-0.6987734390050001,110000,199
bre,5,62,0.01,-0.6945258323577399,110000,199
bre,5,62,0.1,-0.6982981103084845,110000,199
bre,6,62,0.001,-1.1060451758296492,1100000,205
bre,6,62,0.01,-1.1023297991517362,1100000,205
bre,6,62,0.1,-1.1057215947371128,1100000,205
bre,0,63,0.001,-2.325487904354779,1,1
bre,0,63,0.01,-2.3254878165379256,1,1
bre,0,63,0.1,-2.3254869385391337,1,1
bre,1,63,0.001,-0.0711493990627049,11,10
bre,1,63,0.01,-0.07115231189504935,11,10
bre,1,63,0.1,-0.07118153186740389,11,10
bre,2,63,0.001,-0.08616473627285258,110,40
bre,2,63,0.01,-0.08610802137854622,110,40
bre,2,63,0.1,-0.08615322674273194,110,40
bre,3,63,0.001,-0.10021050578511952,1100,99
bre,3,63,0.01,-0.09759426504631082,1100,99
bre,3,63,0.1,-0.09720731854686816,1100,99
bre,4,63,0.001,-0.27930875088975815,11000,153
bre,4,63,0.01,-0.27517731459398614,11000,153
bre,4,63,0.1,-0.2761632508984611,11000,153
bre,5,63,0.001,-0.5860946716826343,110000,188
bre,5,63,0.01,-0.5818149181417666,110000,188
bre,5,63,0.1,-0.5884011549594154,110000,188
bre,6,63,0.001,-1.0070108140293001,1100000,204
bre,6,63,0.01,-1.002462446445165,1100000,204
bre,6,63,0.1,-1.0058235844716397,1100000,204
bre,0,64,0.001,-2.1455246243568524,1,1
bre,0,64,0.01,-2.145524653017198,1,1
bre,0,64,0.1,-2.1455249397538245,1,1
bre,1,64,0.001,-0.09214528048851793,11,10
bre,1,64,0.01,-0.09214725650171646,11,10
bre,1,64,0.1,-0.09216706746395367,11,10
bre,2,64,0.001,-0.09556169549609635,110,39
bre,2,64,0.01,-0.09521619172444154,110,39
bre,2,64,0.1,-0.0950355022655988,110,39
bre,3,64,0.001,-0.10166279131316178,1100,114
bre,3,64,0.01,-0.10049179803979232,1100,114
bre,3,64,0.1,-0.10062699205205218,1100,114
bre,4,64,0.001,-0.22083919210483277,11000,201
bre,4,64,0.01,-0.2098098691898439,11000,201
bre,4,64,0.1,-0.20492449071194815,11000,201
bre,5,64,0.001,-0.5693608357638044,110000,267
bre,5,64,0.01,-0.5648519965231165,110000,267
bre,5,64,0.1,-0.5684135702198159,110000,267
bre,6,64,0.001,-1.056911849288642,1100000,295
bre,6,64,0.01,-1.0532737083236552,1100000,295
bre,6,64,0.1,-1.0566231662295258,1100000,295
bre,0,65,0.001,-2.2296997140107204,1,1
bre,0,65,0.01,-2.2296996942178913,1,1
bre,0,65,0.1,-2.229699496464978,1,1
bre,1,65,0.001,-0.0881771730154661,11,10
bre,1,65,0.01,-0.08791810525797203,11,10
bre,1,65,0.1,-0.08767024233690587,11,10
bre,2,65,0.001,-0.10381110369422475,110,41
bre,2,65,0.01,-0.10298270490947341,110,41
bre,2,65,0.1,-0.1023371286969686,110,41
bre,3,65,0.001,-0.12308833028895523,1100,124
bre,3,65,0.01,-0.12025494374246536,1100,124
bre,3,65,0.1,-0.1196374409516809,1100,124
bre,4,65,0.001,-0.2772706565976982,11000,207
bre,4,65,0.01,-0.2714559983702337,11000,207
bre,4,65,0.1,-0.27255957784325974,11000,207
bre,5,65,0.001,-0.6270720119083218,110000,263
bre,5,65,0.01,-0.6211684317092542,110000,263
bre,5,65,0.1,-0.6233700637715656,110000,263
bre,6,65,0.001,-1.1607998165820441,1100000,282
bre,6,65,0.01,-1.1561225797082355,1100000,282
bre,6,65,0.1,-1.158487134752649,1100000,282
bre,0,66,0.001,-2.148472764298673,1,1
bre,0,66,0.01,-2.1484727902287615,1,1
bre,0,66,0.1,-2.148473049668745,1,1
bre,1,66,0.001,-0.07570821571378968,11,10
bre,1,66,0.01,-0.07571019563309384,11,10
bre,1,66,0.1,-0.0757300723980165,11,10
bre,2,66,0.001,-0.08521637013563785,110,40
bre,2,66,0.01,-0.08517454418780039,110,40
bre,2,66,0.1,-0.08523702033621715,110,40
bre,3,66,0.001,-0.09624071079801207,1100,109
bre,3,66,0.01,-0.09431906968298367,1100,109
bre,3,66,0.1,-0.09324808153541124,1100,109
bre,4,66,0.001,-0.2052814408910341,11000,185
bre,4,66,0.01,-0.2001996080632287,11000,185
bre,4,66,0.1,-0.2015219799099868,11000,185
bre,5,66,0.001,-0.7033903325316369,110000,226
bre,5,66,0.01,-0.699373765874523,110000,226
bre,5,66,0.1,-0.704478164273594,110000,226
bre,6,66,0.001,-1.1837587397715035,1100000,239
bre,6,66,0.01,-1.1801436281844588,1100000,239
bre,6,66,0.1,-1.1807208969702014,1100000,239
bre,0,67,0.001,-2.2733900068272574,1,1
bre,0,67,0.01,-2.2733899678206044,1,1
bre,0,67,0.1,-2.273389577914277,1,1
bre,1,67,0.001,-0.07693626989031024,11,10
bre,1,67,0.01,-0.07693706559692279,11,10
bre,1,67,0.1,-0.0769456399318259,11,10
bre,2,67,0.001,-0.08627317339629541,110,42
bre,2,67,0.01,-0.08541879886683917,110,42
bre,2,67,0.1,-0.08468277621368252,110,42
bre,3,67,0.001,-0.10806243055187147,1100,124
bre,3,67,0.01,-0.10271210969959012,1100,124
bre,3,67,0.1,-0.10015448091145777,1100,124
bre,4,67,0.001,-0.27047887587842306,11000,210
bre,4,67,0.01,-0.26291371798776103,11000,210
bre,4,67,0.1,-0.26054707637559804,11000,210
bre,5,67,0.001,-0.8677524277740876,110000,261
bre,5,67,0.01,-0.8198098631476107,110000,261
bre,5,67,0.1,-0.7881362357553514,110000,261
bre,6,67,0.001,-1.3328915859937742,1100000,278
bre,6,67,0.01,-1.3280552727048218,1100000,278
bre,6,67,0.1,-1.3277624767596237,1100000,278
bre,0,68,0.001,-2.158018991346072,1,1
bre,0,68,0.01,-2.1580190095767917,1,1
bre,0,68,0.1,-2.158019192014253,1,1
bre,1,68,0.001,-0.1008693458844101,11,10
bre,1,68,0.01,-0.10083167113537547,11,10
bre,1,68,0.1,-0.10080144150891839,11,10
bre,2,68,0.001,-0.12454451304629897,110,42
bre,2,68,0.01,-0.12373838449535582,110,42
bre,2,68,0.1,-0.12323470947843083,110,42
bre,3,68,0.001,-0.15121311229969067,1100,136
bre,3,68,0.01,-0.14800724321070485,1100,136
bre,3,68,0.1,-0.14780900026886173,1100,136
bre,4,68,0.001,-0.400338998034143,11000,254
bre,4,68,0.01,-0.391764767878748,11000,254
bre,4,68,0.1,-0.38809707823384254,11000,254
bre,5,68,0.001,-0.8358496553539326,110000,345
bre,5,68,0.01,-0.8247493278567968,110000,345
bre,5,68,0.1,-0.8216089485644841,110000,345
bre,6,68,0.001,-1.286236146373358,1100000,400
bre,6,68,0.01,-1.2796318640023707,1100000,400
bre,6,68,0.1,-1.2814910623889546,1100000,400
bre,0,69,0.001,-2.228280584743524,1,1
bre,0,69,0.01,-2.2282805661113745,1,1
bre,0,69,0.1,-2.228280379926051,1,1
bre,1,69,0.001,-0.06902807274319689,11,10
bre,1,69,0.01,-0.06903098358388175,11,10
bre,1,69,0.1,-0.06906013735357977,11,10
bre,2,69,0.001,-0.07628062994960214,110,38
bre,2,69,0.01,-0.07624421698478329,110,38
bre,2,69,0.1,-0.07632846828536714,110,38
bre,3,69,0.001,-0.0823478040526576,1100,99
bre,3,69,0.01,-0.08083222988627152,1100,99
bre,3,69,0.1,-0.08018269052134752,1100,99
bre,4,69,0.001,-0.21130208089955216,11000,159
bre,4,69,0.01,-0.20010676492909293,11000,159
bre,4,69,0.1,-0.1930834545604872,11000,159
bre,5,69,0.001,-0.5113627960809145,110000,211
bre,5,69,0.01,-0.5080030978664499,110000,211
bre,5,69,0.1,-0.5086907719891168,110000,211
bre,6,69,0.001,-0.8396827029569541,1100000,241
bre,6,69,0.01,-0.8362878378832154,1100000,241
bre,6,69,0.1,-0.8385841633331741,1100000,241
bre,0,70,0.001,-2.176882489165208,1,1
bre,0,70,0.01,-2.1768825105090897,1,1
bre,0,70,0.1,-2.1768827240680104,1,1
bre,1,70,0.001,-0.09723849933650845,11,10
bre,1,70,0.01,-0.0972397597269494,11,10
bre,1,70,0.1,-0.09725250447366719,11,10
bre,2,70,0.001,-0.10535507418869756,110,42
bre,2,70,0.01,-0.10490276010157727,110,42
bre,2,70,0.1,-0.1045710524536826,110,42
bre,3,70,0.001,-0.17316036441297789,1100,130
bre,3,70,0.01,-0.15494890831019897,1100,130
bre,3,70,0.1,-0.14207879053394906,1100,130
bre,4,70,0.001,-0.30972137331430244,11000,243
bre,4,70,0.01,-0.29499373996744255,11000,243
bre,4,70,0.1,-0.2862024146707978,11000,243
bre,5,70,0.001,-0.6639184338320746,110000,328
bre,5,70,0.01,-0.652296465786247,110000,328
bre,5,70,0.1,-0.645975453710647,110000,328
bre,6,70,0.001,-1.1164263213909433,1100000,375
bre,6,70,0.01,-1.1108818135351615,1100000,375
bre,6,70,0.1,-1.110701254080351,1100000,375
bre,0,71,0.001,-2.2019289538899836,1,1
bre,0,71,0.01,-2.2019289534799227,1,1
bre,0,71,0.1,-2.2019289495234817,1,1
bre,1,71,0.001,-0.06812237597757144,11,10
bre,1,71,0.01,-0.06812483867566019,11,10
bre,1,71,0.1,-0.06814957799761809,11,10
bre,2,71,0.001,-0.07446159348724327,110,39
bre,2,71,0.01,-0.0743164453598238,110,39
bre,2,71,0.1,-0.07430026794333484,110,39
bre,3,71,0.001,-0.08157794114818546,1100,109
bre,3,71,0.01,-0.07986033878593363,1100,109
bre,3,71,0.1,-0.0795540855384256,1100,109
bre,4,71,0.001,-0.21377992446429106,11000,182
bre,4,71,0.01,-0.1999839480524381,11000,182
bre,4,71,0.1,-0.19424440904429752,11000,182
bre,5,71,0.001,-0.8452528656995181,110000,233
bre,5,71,0.01,-0.8408608642604707,110000,233
bre,5,71,0.1,-0.8426973394872029,110000,233
bre,6,71,0.001,-1.221005079431328,1100000,252
bre,6,71,0.01,-1.2178921691767959,1100000,252
bre,6,71,0.1,-1.2205111354108302,1100000,252
bre,0,72,0.001,-2.2204772564601525,1,1
bre,0,72,0.01,-2.220477233192369,1,1
bre,0,72,0.1,-2.2204770006709675,1,1
bre,1,72,0.001,-0.06915320604050848,11,10
bre,1,72,0.01,-0.06910940748833286,11,10
bre,1,72,0.1,-0.06908431001273996,11,10
bre,2,72,0.001,-0.10449290080064255,110,41
bre,2,72,0.01,-0.10405182834920419,110,41
bre,2,72,0.1,-0.10384068781040938,110,41
bre,3,72,0.001,-0.13174365581402392,1100,120
bre,3,72,0.01,-0.12543570922985303,1100,120
bre,3,72,0.1,-0.12216155040750554,1100,120
bre,4,72,0.001,-0.41504609482946625,11000,200
bre,4,72,0.01,-0.40890742625167226,11000,200
bre,4,72,0.1,-0.4099549939208062,11000,200
bre,5,72,0.001,-0.7012315812981851,110000,255
bre,5,72,0.01,-0.6955395778110545,110000,255
bre,5,72,0.1,-0.6996081765792779,110000,255
bre,6,72,0.001,-1.1461679044760706,1100000,280
bre,6,72,0.01,-1.1414685759920367,1100000,280
bre,6,72,0.1,-1.148508059463194,1100000,280
bre,0,73,0.001,-2.2091501327905307,1,1
bre,0,73,0.01,-2.2091501232846196,1,1
bre,0,73,0.1,-2.2091500283819436,1,1
bre,1,73,0.001,-0.07021070749433705,11,10
bre,1,73,0.01,-0.0702125833079172,11,10
bre,1,73,0.1,-0.07023151526182535,11,10
bre,2,73,0.001,-0.07900313861288114,110,39
bre,2,73,0.01,-0.07826138460533796,110,39
bre,2,73,0.1,-0.07766167494533989,110,39
bre,3,73,0.001,-0.09389532299166498,1100,109
bre,3,73,0.01,-0.0914455224246281,1100,109
bre,3,73,0.1,-0.09056938362583004,1100,109
bre,4,73,0.001,-0.16687762558673852,11000,179
bre,4,73,0.01,-0.16113844322878115,11000,179
bre,4,73,0.1,-0.15930941853945438,11000,179
bre,5,73,0.001,-0.7013646350324115,110000,223
bre,5,73,0.01,-0.6963880535065525,110000,223
bre,5,73,0.1,-0.697931582625933,110000,223
bre,6,73,0.001,-1.1028960398831682,1100000,240
bre,6,73,0.01,-1.098901897356727,1100000,240
bre,6,73,0.1,-1.1001143381336977,1100000,240
bre,0,74,0.001,-2.1633849194492742,1,1
bre,0,74,0.01,-2.163384936687312,1,1
bre,0,74,0.1,-2.1633851092240954,1,1
bre,1,74,0.001,-0.0899115670768292,11,10
bre,1,74,0.01,-0.08991278167997606,11,10
bre,1,74,0.1,-0.08992506162119941,11,10
bre,2,74,0.001,-0.10549401471179011,110,40
bre,2,74,0.01,-0.10514768948423917,110,40
bre,2,74,0.1,-0.10500796749576323,110,40
bre,3,74,0.001,-0.14984840177265676,1100,113
bre,3,74,0.01,-0.14416730090125213,1100,113
bre,3,74,0.1,-0.14114970033913016,1100,113
bre,4,74,0.001,-0.38699378973094656,11000,197
bre,4,74,0.01,-0.37116202245190166,11000,197
bre,4,74,0.1,-0.3626686825035346,11000,197
bre,5,74,0.001,-0.8286679859041454,110000,252
bre,5,74,0.01,-0.8229374883510612,110000,252
bre,5,74,0.1,-0.8248385649104167,110000,252
bre,6,74,0.001,-1.2810558812433115,1100000,277
bre,6,74,0.01,-1.2768501440324074,1100000,277
bre,6,74,0.1,-1.2790751888400522,1100000,277
bre,0,75,0.001,-2.188440505665301,1,1
bre,0,75,0.01,-2.1884405154346016,1,1
bre,0,75,0.1,-2.1884406132593384,1,1
bre,1,75,0.001,-0.09345498585205743,11,10
bre,1,75,0.01,-0.09345705941186817,11,10
bre,1,75,0.1,-0.09347785839510173,11,10
bre,2,75,0.001,-0.09899838663700848,110,38
bre,2,75,0.01,-0.09869537911629132,110,38
bre,2,75,0.1,-0.09852485082030547,110,38
bre,3,75,0.001,-0.126139598379421,1100,112
bre,3,75,0.01,-0.12368436097661814,1100,112
bre,3,75,0.1,-0.12235510236564143,1100,112
bre,4,75,0.001,-0.2956897815294527,11000,196
bre,4,75,0.01,-0.28856804569124417,11000,196
bre,4,75,0.1,-0.2857283554360206,11000,196
bre,5,75,0.001,-0.7212803643257224,110000,257
bre,5,75,0.01,-0.7129488647484934,110000,257
bre,5,75,0.1,-0.7132124396730021,110000,257
bre,6,75,0.001,-1.021781709188488,1100000,294
bre,6,75,0.01,-1.017721370377984,1100000,294
bre,6,75,0.1,-1.0212047036660472,1100000,294
bre,0,76,0.001,-2.2330098613544798,1,1
bre,0,76,0.01,-2.2330098161959695,1,1
bre,0,76,0.1,-2.233009364790484,1,1
bre,1,76,0.001,-0.07886142554471287,11,10
bre,1,76,0.01,-0.0788631295278437,11,10
bre,1,76,0.1,-0.07888028033520163,11,10
bre,2,76,0.001,-0.08365847453142015,110,39
bre,2,76,0.01,-0.08335447505801193,110,39
bre,2,76,0.1,-0.08317240127813594,110,39
bre,3,76,0.001,-0.0929905155903956,1100,106
bre,3,76,0.01,-0.09081682373858802,1100,106
bre,3,76,0.1,-0.0902217875776151,1100,106
bre,4,76,0.001,-0.26973782389520784,11000,173
bre,4,76,0.01,-0.264472476521519,11000,173
bre,4,76,0.1,-0.2664760369224632,11000,173
bre,5,76,0.001,-0.7179104980882872,110000,223
bre,5,76,0.01,-0.7119071102040793,110000,223
bre,5,76,0.1,-0.7173227481367629,110000,223
bre,6,76,0.001,-1.2336468376499536,1100000,246
bre,6,76,0.01,-1.2288888541139973,1100000,246
bre,6,76,0.1,-1.2312394846865575,1100000,246
bre,0,77,0.001,-2.2045797905113944,1,1
bre,0,77,0.01,-2.2045797980759545,1,1
bre,0,77,0.1,-2.204579873854724,1,1
bre,1,77,0.001,-0.07594749849981954,11,10
bre,1,77,0.01,-0.07594989955322777,11,10
bre,1,77,0.1,-0.07597404340886661,11,10
bre,2,77,0.001,-0.08428390638595276,110,38
bre,2,77,0.01,-0.08425311684376792,110,38
bre,2,77,0.1,-0.08439299897181136,110,38
bre,3,77,0.001,-0.09136365141738376,1100,100
bre,3,77,0.01,-0.08924296951743549,1100,100
bre,3,77,0.1,-0.08809827751459469,1100,100
bre,4,77,0.001,-0.18907562311675258,11000,169
bre,4,77,0.01,-0.18563142576336256,11000,169
bre,4,77,0.1,-0.1843221599133932,11000,169
bre,5,77,0.001,-0.6654847946556053,110000,215
bre,5,77,0.01,-0.6611550420916092,110000,215
bre,5,77,0.1,-0.6624857556089151,110000,215
bre,6,77,0.001,-1.1865078026769205,1100000,236
bre,6,77,0.01,-1.1821643135123008,1100000,236
bre,6,77,0.1,-1.1834128860527002,1100000,236
bre,0,78,0.001,-2.150458252256092,1,1
bre,0,78,0.01,-2.1504582748638565,1,1
bre,0,78,0.1,-2.1504585010771806,1,1
bre,1,78,0.001,-0.09700223519879969,11,10
bre,1,78,0.01,-0.0970032452823445,11,10
bre,1,78,0.1,-0.09701352980341023,11,10
bre,2,78,0.001,-0.10720660866560876,110,41
bre,2,78,0.01,-0.106323441484802,110,41
bre,2,78,0.1,-0.10578384683472118,110,41
bre,3,78,0.001,-0.12595438630675249,1100,127
bre,3,78,0.01,-0.12321697962236086,1100,127
bre,3,78,0.1,-0.12255529874294085,1100,127
bre,4,78,0.001,-0.34413366951640695,11000,225
bre,4,78,0.01,-0.3391169537294688,11000,225
bre,4,78,0.1,-0.3407021999527128,11000,225
bre,5,78,0.001,-0.6932560869373575,110000,296
bre,5,78,0.01,-0.6883856018312017,110000,296
bre,5,78,0.1,-0.6911643043922678,110000,296
bre,6,78,0.001,-1.0660530480352566,1100000,333
bre,6,78,0.01,-1.061499124693331,1100000,333
bre,6,78,0.1,-1.0647430736795367,1100000,333
bre,0,79,0.001,-2.2618705753304753,1,1
bre,0,79,0.01,-2.2618705422959318,1,1
bre,0,79,0.1,-2.261870212107165,1,1
bre,1,79,0.001,-0.0930266146237744,11,10
bre,1,79,0.01,-0.09293621824185344,11,10
bre,1,79,0.1,-0.09286194233846902,11,10
bre,2,79,0.001,-0.10495024198440578,110,42
bre,2,79,0.01,-0.10475128049820494,110,42
bre,2,79,0.1,-0.10466432421769302,110,42
bre,3,79,0.001,-0.11707758316403102,1100,115
bre,3,79,0.01,-0.11506289765546243,1100,115
bre,3,79,0.1,-0.11413117563852401,1100,115
bre,4,79,0.001,-0.22775620592524298,11000,195
bre,4,79,0.01,-0.22246478931370764,11000,195
bre,4,79,0.1,-0.22098180209008084,11000,195
bre,5,79,0.001,-0.7002640165433466,110000,256
bre,5,79,0.01,-0.6937660867240374,110000,256
bre,5,79,0.1,-0.6935869576585056,110000,256
bre,6,79,0.001,-1.1458650383827478,1100000,289
bre,6,79,0.01,-1.1410687883206645,1100000,289
bre,6,79,0.1,-1.144025002768609,1100000,289
bre,0,80,0.001,-2.075201034544426,1,1
bre,0,80,0.01,-2.075201101021248,1,1
bre,0,80,0.1,-2.075201765935516,1,1
bre,1,80,0.001,-0.07200997082720323,11,10
bre,1,80,0.01,-0.07196718124319125,11,10
bre,1,80,0.1,-0.07194117957666107,11,10
bre,2,80,0.001,-0.09200749105675363,110,41
bre,2,80,0.01,-0.09185766075805069,110,41
bre,2,80,0.1,-0.09180248781089527,110,41
bre,3,80,0.001,-0.10176687911972677,1100,95
bre,3,80,0.01,-0.10038566034741453,1100,95
bre,3,80,0.1,-0.09945381910266612,1100,95
bre,4,80,0.001,-0.23811592122090916,11000,139
bre,4,80,0.01,-0.235166412372847,11000,139
bre,4,80,0.1,-0.23443612002924635,11000,139
bre,5,80,0.001,-0.5840957768652678,110000,167
bre,5,80,0.01,-0.5800988244526135,110000,167
bre,5,80,0.1,-0.5800753182887872,110000,167
bre,6,80,0.001,-0.9098012684454898,1100000,177
bre,6,80,0.01,-0.9071710128950263,1100000,177
bre,6,80,0.1,-0.9107796521706214,1100000,177
bre,0,81,0.001,-2.194774571813918,1,1
bre,0,81,0.01,-2.1947745681592066,1,1
bre,0,81,0.1,-2.194774531761762,1,1
bre,1,81,0.001,-0.07534560562068744,11,10
bre,1,81,0.01,-0.07534737457294086,11,10
bre,1,81,0.1,-0.07536522581009125,11,10
bre,2,81,0.001,-0.07897297474888496,110,42
bre,2,81,0.01,-0.07854000672367208,110,42
bre,2,81,0.1,-0.07828667718522193,110,42
bre,3,81,0.001,-0.09341018394475802,1100,112
bre,3,81,0.01,-0.09178996793181521,1100,112
bre,3,81,0.1,-0.09223125559546254,1100,112
bre,4,81,0.001,-0.21364337052833643,11000,180
bre,4,81,0.01,-0.20074058892129745,11000,180
bre,4,81,0.1,-0.19514090261121167,11000,180
bre,5,81,0.001,-0.7048979257671575,110000,239
bre,5,81,0.01,-0.7007749741285966,110000,239
bre,5,81,0.1,-0.70390249937781,110000,239
bre,6,81,0.001,-1.0126704693703066,1100000,273
bre,6,81,0.01,-1.0085645868506103,1100000,273
bre,6,81,0.1,-1.011967042770302,1100000,273
bre,0,82,0.001,-2.334224943955801,1,1
bre,0,82,0.01,-2.3342248566564727,1,1
bre,0,82,0.1,-2.3342239838477923,1,1
bre,1,82,0.001,-0.060771598728918866,11,10
bre,1,82,0.01,-0.060774425623365616,11,10
bre,1,82,0.1,-0.060802760293908305,11,10
bre,2,82,0.001,-0.07339110347984851,110,39
bre,2,82,0.01,-0.07310385794629648,110,39
bre,2,82,0.1,-0.07296944078959085,110,39
bre,3,82,0.001,-0.09023843091257909,1100,99
bre,3,82,0.01,-0.0880945913205368,1100,99
bre,3,82,0.1,-0.08876892836783261,1100,99
bre,4,82,0.001,-0.2381752402062691,11000,153
bre,4,82,0.01,-0.23340328226428328,11000,153
bre,4,82,0.1,-0.23491443153783784,11000,153
bre,5,82,0.001,-0.6076995972245505,110000,182
bre,5,82,0.01,-0.5976872689163408,110000,182
bre,5,82,0.1,-0.5974550087668152,110000,182
bre,6,82,0.001,-1.125046367617908,1100000,193
bre,6,82,0.01,-1.1161937507311241,1100000,193
bre,6,82,0.1,-1.1211719682835437,1100000,193
bre,0,83,0.001,-2.2619332112626944,1,1
bre,0,83,0.01,-2.26193317680788,1,1
bre,0,83,0.1,-2.2619328324123447,1,1
bre,1,83,0.001,-0.07071884754398139,11,10
bre,1,83,0.01,-0.0706765883716239,11,10
bre,1,83,0.1,-0.07065623151875686,11,10
bre,2,83,0.001,-0.09109810150367943,110,41
bre,2,83,0.01,-0.09062308419706688,110,41
bre,2,83,0.1,-0.09029357823493421,110,41
bre,3,83,0.001,-0.1035537674650767,1100,105
bre,3,83,0.01,-0.10110816438638524,1100,105
bre,3,83,0.1,-0.10017487839387765,1100,105
bre,4,83,0.001,-0.2997012499212296,11000,176
bre,4,83,0.01,-0.2866794149818788,11000,176
bre,4,83,0.1,-0.2803443652457338,11000,176
bre,5,83,0.001,-0.8211754584766205,110000,218
bre,5,83,0.01,-0.8168474194362156,110000,218
bre,5,83,0.1,-0.8197021719245763,110000,218
bre,6,83,0.001,-1.2851735577538923,1100000,241
bre,6,83,0.01,-1.2816963385670046,1100000,241
bre,6,83,0.1,-1.2861056675406561,1100000,241
bre,0,84,0.001,-2.3105022714052192,1,1
bre,0,84,0.01,-2.3105022045417933,1,1
bre,0,84,0.1,-2.310501536077943,1,1
bre,1,84,0.001,-0.06552442065075986,11,10
bre,1,84,0.01,-0.06552700567422795,11,10
bre,1,84,0.1,-0.06555301866195151,11,10
bre,2,84,0.001,-0.07403371154801365,110,40
bre,2,84,0.01,-0.07385270649536228,110,40
bre,2,84,0.1,-0.07378908505093972,110,40
bre,3,84,0.001,-0.07964455149304409,1100,103
bre,3,84,0.01,-0.07777666341512858,1100,103
bre,3,84,0.1,-0.07738542862941698,1100,103
bre,4,84,0.001,-0.2587227056625792,11000,158
bre,4,84,0.01,-0.2552264399330762,11000,158
bre,4,84,0.1,-0.2610976538762666,11000,158
bre,5,84,0.001,-0.658561436003653,110000,193
bre,5,84,0.01,-0.6542582120194623,110000,193
bre,5,84,0.1,-0.6575315653735904,110000,193
bre,6,84,0.001,-1.3324626652988942,1100000,209
bre,6,84,0.01,-1.3294176243942,1100000,209
bre,6,84,0.1,-1.3346686226488396,1100000,209
bre,0,85,0.001,-2.1592340890775494,1,1
bre,0,85,0.01,-2.159234124560957,1,1
bre,0,85,0.1,-2.159234479507969,1,1
bre,1,85,0.001,-0.07511383663614736,11,10
bre,1,85,0.01,-0.07511619612405719,11,10
bre,1,85,0.1,-0.0751398614932882,11,10
bre,2,85,0.001,-0.08586303198695254,110,40
bre,2,85,0.01,-0.08558110473720988,110,40
bre,2,85,0.1,-0.0854268493121341,110,40
bre,3,85,0.001,-0.09981008859869031,1100,117
bre,3,85,0.01,-0.09808306509957396,1100,117
bre,3,85,0.1,-0.09777684118128056,1100,117
bre,4,85,0.001,-0.2345026608369923,11000,211
bre,4,85,0.01,-0.22582555990948514,11000,211
bre,4,85,0.1,-0.22344871660322138,11000,211
bre,5,85,0.001,-0.6905838008797719,110000,282
bre,5,85,0.01,-0.6854176034476148,110000,282
bre,5,85,0.1,-0.6880434317664033,110000,282
bre,6,85,0.001,-1.064907975280567,1100000,317
bre,6,85,0.01,-1.059822611357492,1100000,317
bre,6,85,0.1,-1.0615627484734036,1100000,317
bre,0,86,0.001,-2.3269960498686144,1,1
bre,0,86,0.01,-2.326995976584043,1,1
bre,0,86,0.1,-2.326995243898266,1,1
bre,1,86,0.001,-0.0653870096005902,11,10
bre,1,86,0.01,-0.06538921611868288,11,10
bre,1,86,0.1,-0.06541147482585695,11,10
bre,2,86,0.001,-0.07778348429923355,110,41
bre,2,86,0.01,-0.07747990333145514,110,41
bre,2,86,0.1,-0.07729884757806829,110,41
bre,3,86,0.001,-0.09950751469716121,1100,113
bre,3,86,0.01,-0.09694166933083732,1100,113
bre,3,86,0.1,-0.09570718903657723,1100,113
bre,4,86,0.001,-0.21750114258891254,11000,178
bre,4,86,0.01,-0.20886511071436392,11000,178
bre,4,86,0.1,-0.20563048623612254,11000,178
bre,5,86,0.001,-0.6527263449234065,110000,221
bre,5,86,0.01,-0.6088161229955403,110000,221
bre,5,86,0.1,-0.5813574424609279,110000,221
bre,6,86,0.001,-1.286037786265829,1100000,244
bre,6,86,0.01,-1.2819554212468214,1100000,244
bre,6,86,0.1,-1.2832295045144875,1100000,244
bre,0,87,0.001,-2.1195198755870757,1,1
bre,0,87,0.01,-2.1195199292768407,1,1
bre,0,87,0.1,-2.1195204662966978,1,1
bre,1,87,0.001,-0.09415948827500088,11,10
bre,1,87,0.01,-0.09416068872584983,11,10
bre,1,87,0.1,-0.0941728451776507,11,10
bre,2,87,0.001,-0.099366450307129,110,40
bre,2,87,0.01,-0.09891182048221166,110,40
bre,2,87,0.1,-0.09861758709343946,110,40
bre,3,87,0.001,-0.12107596770831054,1100,121
bre,3,87,0.01,-0.1186776870706751,1100,121
bre,3,87,0.1,-0.11741303965658065,1100,121
bre,4,87,0.001,-0.2603750251241702,11000,219
bre,4,87,0.01,-0.2538666779158771,11000,219
bre,4,87,0.1,-0.2522660275772086,11000,219
bre,5,87,0.001,-0.7637783792358042,110000,289
bre,5,87,0.01,-0.7564870552232371,110000,289
bre,5,87,0.1,-0.7565934483959688,110000,289
bre,6,87,0.001,-1.1958089399218403,1100000,320
bre,6,87,0.01,-1.1921810520168519,1100000,320
bre,6,87,0.1,-1.1917283977171456,1100000,320
bre,0,88,0.001,-2.253371697573535,1,1
bre,0,88,0.01,-2.253371657927673,1,1
bre,0,88,0.1,-2.2533712616425676,1,1
bre,1,88,0.001,-0.0815015795733025,11,10
bre,1,88,0.01,-0.08140031505950994,11,10
bre,1,88,0.1,-0.08130434262685249,11,10
bre,2,88,0.001,-0.10220806311822185,110,41
bre,2,88,0.01,-0.10164665740238595,110,41
bre,2,88,0.1,-0.10117734730926223,110,41
bre,3,88,0.001,-0.11836471452375795,1100,122
bre,3,88,0.01,-0.1147799632156691,1100,122
bre,3,88,0.1,-0.11278853966273518,1100,122
bre,4,88,0.001,-0.3427113094495445,11000,209
bre,4,88,0.01,-0.3368070620054833,11000,209
bre,4,88,0.1,-0.33560076403714095,11000,209
bre,5,88,0.001,-0.8883020496789414,110000,261
bre,5,88,0.01,-0.8811156493732613,110000,261
bre,5,88,0.1,-0.8834754803089897,110000,261
bre,6,88,0.001,-1.3668299548473586,1100000,279
bre,6,88,0.01,-1.3602992557750155,1100000,279
bre,6,88,0.1,-1.3637463072119904,1100000,279
bre,0,89,0.001,-2.2533403273112436,1,1
bre,0,89,0.01,-2.2533402835323497,1,1
bre,0,89,0.1,-2.253339845901591,1,1
bre,1,89,0.001,-0.10218361838086161,11,10
bre,1,89,0.01,-0.1021388090263443,11,10
bre,1,89,0.1,-0.10210495668135502,11,10
bre,2,89,0.001,-0.12962523674865312,110,41
bre,2,89,0.01,-0.1290156933677924,110,41
bre,2,89,0.1,-0.12859295158870945,110,41
bre,3,89,0.001,-0.15727654718766343,1100,124
bre,3,89,0.01,-0.15384014572188853,1100,124
bre,3,89,0.1,-0.15291487168863693,1100,124
bre,4,89,0.001,-0.3770654507760907,11000,223
bre,4,89,0.01,-0.366925641750526,11000,223
bre,4,89,0.1,-0.36453909138071694,11000,223
bre,5,89,0.001,-0.8118897940397533,110000,312
bre,5,89,0.01,-0.8008083843278845,110000,312
bre,5,89,0.1,-0.7978372131440146,110000,312
bre,6,89,0.001,-1.214140881602667,1100000,360
bre,6,89,0.01,-1.20802152615843,1100000,360
bre,6,89,0.1,-1.2079782947319424,1100000,360
bre,0,90,0.001,-2.1308286546921464,1,1
bre,0,90,0.01,-2.130828698549237,1,1
bre,0,90,0.1,-2.130829137247567,1,1
bre,1,90,0.001,-0.07718854884584996,11,10
bre,1,90,0.01,-0.07719081259891836,11,10
bre,1,90,0.1,-0.07721356066463875,11,10
bre,2,90,0.001,-0.08316986918342363,110,39
bre,2,90,0.01,-0.08318333674882374,110,39
bre,2,90,0.1,-0.08331931358696844,110,39
bre,3,90,0.001,-0.09042463692503928,1100,99
bre,3,90,0.01,-0.08868595069203454,1100,99
bre,3,90,0.1,-0.0881192411506152,1100,99
bre,4,90,0.001,-0.18711668726313083,11000,157
bre,4,90,0.01,-0.18439613422367496,11000,157
bre,4,90,0.1,-0.18553878924192202,11000,157
bre,5,90,0.001,-0.5388482491549456,110000,199
bre,5,90,0.01,-0.5354512767635417,110000,199
bre,5,90,0.1,-0.5411167702618374,110000,199
bre,6,90,0.001,-0.9339602488226765,1100000,213
bre,6,90,0.01,-0.9303401445057519,1100000,213
bre,6,90,0.1,-0.9299810150557148,1100000,213
bre,0,91,0.001,-2.103715730884746,1,1
bre,0,91,0.01,-2.1037157740123438,1,1
bre,0,91,0.1,-2.10371620543905,1,1
bre,1,91,0.001,-0.09439677364466646,11,10
bre,1,91,0.01,-0.09439756605734481,11,10
bre,1,91,0.1,-0.09440569645947759,11,10
bre,2,91,0.001,-0.11153249907338955,110,42
bre,2,91,0.01,-0.11085052950619084,110,42
bre,2,91,0.1,-0.1104531872356776,110,42
bre,3,91,0.001,-0.12918947444283568,1100,116
bre,3,91,0.01,-0.12625481428878993,1100,116
bre,3,91,0.1,-0.12493514748905873,1100,116
bre,4,91,0.001,-0.41189943429960707,11000,187
bre,4,91,0.01,-0.40234722171238574,11000,187
bre,4,91,0.1,-0.399249764448392,11000,187
bre,5,91,0.001,-0.7744689911558512,110000,237
bre,5,91,0.01,-0.7647880801863821,110000,237
bre,5,91,0.1,-0.7666935534753391,110000,237
bre,6,91,0.001,-1.135666815405076,1100000,265
bre,6,91,0.01,-1.1308129315769546,1100000,265
bre,6,91,0.1,-1.1362858982796011,1100000,265
bre,0,92,0.001,-2.1985907030224325,1,1
bre,0,92,0.01,-2.1985906979148604,1,1
bre,0,92,0.1,-2.1985906469896883,1,1
bre,1,92,0.001,-0.0787212180068088,11,10
bre,1,92,0.01,-0.0787224081213558,11,10
bre,1,92,0.1,-0.07873450840713074,11,10
bre,2,92,0.001,-0.083556287963626,110,42
bre,2,92,0.01,-0.083339081174816,110,42
bre,2,92,0.1,-0.08350533448402409,110,42
bre,3,92,0.001,-0.10233126104568667,1100,123
bre,3,92,0.01,-0.09920497761786733,1100,123
bre,3,92,0.1,-0.09832030371532297,1100,123
bre,4,92,0.001,-0.31577192031052675,11000,211
bre,4,92,0.01,-0.30981159084993093,11000,211
bre,4,92,0.1,-0.31113575306151386,11000,211
bre,5,92,0.001,-0.8553620309721109,110000,266
bre,5,92,0.01,-0.849794714564925,110000,266
bre,5,92,0.1,-0.8513065732321667,110000,266
bre,6,92,0.001,-1.2610718036497264,1100000,292
bre,6,92,0.01,-1.255929008650354,1100000,292
bre,6,92,0.1,-1.2588833975353408,1100000,292
bre,0,93,0.001,-2.4121252579793264,1,1
bre,0,93,0.01,-2.4121251338868803,1,1
bre,0,93,0.1,-2.412123893165144,1,1
bre,1,93,0.001,-0.08367318824289517,11,10
bre,1,93,0.01,-0.08367501500399181,11,10
bre,1,93,0.1,-0.08369339897101548,11,10
bre,2,93,0.001,-0.08976776804155245,110,40
bre,2,93,0.01,-0.0895708202191674,110,40
bre,2,93,0.1,-0.08954275227084775,110,40
bre,3,93,0.001,-0.1030789274751092,1100,116
bre,3,93,0.01,-0.10021717664262805,1100,116
bre,3,93,0.1,-0.1002312852114922,1100,116
bre,4,93,0.001,-0.4470660568614427,11000,203
bre,4,93,0.01,-0.4410323752244655,11000,203
bre,4,93,0.1,-0.4412385890279182,11000,203
bre,5,93,0.001,-0.9787219311120668,110000,259
bre,5,93,0.01,-0.9720158547579871,110000,259
bre,5,93,0.1,-0.973951159097999,110000,259
bre,6,93,0.001,-1.4009871309795845,1100000,281
bre,6,93,0.01,-1.3962899079225466,1100000,281
bre,6,93,0.1,-1.3985906010284348,1100000,281
bre,0,94,0.001,-2.2991680814003748,1,1
bre,0,94,0.01,-2.2991680300883175,1,1
bre,0,94,0.1,-2.2991675171168557,1,1
bre,1,94,0.001,-0.08137006084043602,11,10
bre,1,94,0.01,-0.08137177497185079,11,10
bre,1,94,0.1,-0.0813893480128857,11,10
bre,2,94,0.001,-0.09449414821594246,110,41
bre,2,94,0.01,-0.09386351392604995,110,41
bre,2,94,0.1,-0.09360419580996393,110,41
bre,3,94,0.001,-0.12094734159774352,1100,123
bre,3,94,0.01,-0.11538148527884164,1100,123
bre,3,94,0.1,-0.11274420717788601,1100,123
bre,4,94,0.001,-0.2229726496316439,11000,206
bre,4,94,0.01,-0.21475422328674112,11000,206
bre,4,94,0.1,-0.21233090955712725,11000,206
bre,5,94,0.001,-0.673321186103673,110000,261
bre,5,94,0.01,-0.6657166067617614,110000,261
bre,5,94,0.1,-0.6655787470904858,110000,261
bre,6,94,0.001,-1.1177287861148446,1100000,286
bre,6,94,0.01,-1.1138010706963846,1100000,286
bre,6,94,0.1,-1.1136129272436717,1100000,286
bre,0,95,0.001,-2.218014814327218,1,1
bre,0,95,0.01,-2.218014795005561,1,1
bre,0,95,0.1,-2.218014601983141,1,1
bre,1,95,0.001,-0.06616387187808413,11,10
bre,1,95,0.01,-0.06616597544997739,11,10
bre,1,95,0.1,-0.06618707565131553,11,10
bre,2,95,0.001,-0.0767289206464822,110,39
bre,2,95,0.01,-0.07658052182978806,110,39
bre,2,95,0.1,-0.07652845712364947,110,39
bre,3,95,0.001,-0.08294984774500293,1100,81
bre,3,95,0.01,-0.08117612568393512,1100,81
bre,3,95,0.1,-0.08043779613024866,1100,81
bre,4,95,0.001,-0.18962692475982207,11000,110
bre,4,95,0.01,-0.18645118899618593,11000,110
bre,4,95,0.1,-0.1866709149624326,11000,110
bre,5,95,0.001,-0.4213330931186417,110000,128
bre,5,95,0.01,-0.4182289479227782,110000,128
bre,5,95,0.1,-0.42913273800985646,110000,128
bre,6,95,0.001,-1.015186763712876,1100000,129
bre,6,95,0.01,-1.0127179434192695,1100000,129
bre,6,95,0.1,-1.0142347849776379,1100000,129
bre,0,96,0.001,-2.230081532153526,1,1
bre,0,96,0.01,-2.230081488890972,1,1
bre,0,96,0.1,-2.2300810564459606,1,1
bre,1,96,0.001,-0.09475347970802975,11,10
bre,1,96,0.01,-0.09475418650167919,11,10
bre,1,96,0.1,-0.09476155424047772,11,10
bre,2,96,0.001,-0.10319414083165643,110,42
bre,2,96,0.01,-0.10241627959211796,110,42
bre,2,96,0.1,-0.1020353332412555,110,42
bre,3,96,0.001,-0.13485803507597457,1100,130
bre,3,96,0.01,-0.13132913345561908,1100,130
bre,3,96,0.1,-0.13072312341934364,1100,130
bre,4,96,0.001,-0.4163195282493668,11000,219
bre,4,96,0.01,-0.41006844649163116,11000,219
bre,4,96,0.1,-0.4101897616414221,11000,219
bre,5,96,0.001,-0.852992006403817,110000,277
bre,5,96,0.01,-0.8464723558104805,110000,277
bre,5,96,0.1,-0.8546611207974993,110000,277
bre,6,96,0.001,-1.2436912054286506,1100000,293
bre,6,96,0.01,-1.2367055677612209,1100000,293
bre,6,96,0.1,-1.240071487653064,1100000,293
bre,0,97,0.001,-2.258705032022973,1,1
bre,0,97,0.01,-2.2587050021699056,1,1
bre,0,97,0.1,-2.258704703795654,1,1
bre,1,97,0.001,-0.07081712041775362,11,10
bre,1,97,0.01,-0.07081909748495044,11,10
bre,1,97,0.1,-0.07083909444361874,11,10
bre,2,97,0.001,-0.07910667448969005,110,42
bre,2,97,0.01,-0.07872498644836465,110,42
bre,2,97,0.1,-0.07854248217337674,110,42
bre,3,97,0.001,-0.10281829185867965,1100,109
bre,3,97,0.01,-0.10031258556376028,1100,109
bre,3,97,0.1,-0.09920401672495303,1100,109
bre,4,97,0.001,-0.46405950188148404,11000,172
bre,4,97,0.01,-0.45629094097332396,11000,172
bre,4,97,0.1,-0.45576771080342565,11000,172
bre,5,97,0.001,-0.9118267701951501,110000,202
bre,5,97,0.01,-0.9048984353427807,110000,202
bre,5,97,0.1,-0.9026168623093896,110000,202
bre,6,97,0.001,-1.2542890220393,1100000,213
bre,6,97,0.01,-1.2514014171076722,1100000,213
bre,6,97,0.1,-1.251684350533136,1100000,213
bre,0,98,0.001,-2.190099577280046,1,1
bre,0,98,0.01,-2.1900995873108626,1,1
bre,0,98,0.1,-2.190099687755617,1,1
bre,1,98,0.001,-0.05841607377310711,11,10
bre,1,98,0.01,-0.05837785070199239,11,10
bre,1,98,0.1,-0.058361874689723876,11,10
bre,2,98,0.001,-0.08099164010461471,110,38
bre,2,98,0.01,-0.08089636478205349,110,38
bre,2,98,0.1,-0.08091817700011067,110,38
bre,3,98,0.001,-0.09205349274471426,1100,98
bre,3,98,0.01,-0.0902149042193699,1100,98
bre,3,98,0.1,-0.08925197439474096,1100,98
bre,4,98,0.001,-0.18612629844424128,11000,156
bre,4,98,0.01,-0.1822240414198561,11000,156
bre,4,98,0.1,-0.1823698128388883,11000,156
bre,5,98,0.001,-0.527186883663716,110000,191
bre,5,98,0.01,-0.5226908531309004,110000,191
bre,5,98,0.1,-0.5292412770104761,110000,191
bre,6,98,0.001,-1.119113394830483,1100000,211
bre,6,98,0.01,-1.1143777574030793,1100000,211
bre,6,98,0.1,-1.115865763646317,1100000,211
bre,0,99,0.001,-2.2826614011740216,1,1
bre,0,99,0.01,-2.2826613510757743,1,1
bre,0,99,0.1,-2.28266085024966,1,1
bre,1,99,0.001,-0.0780094175591679,11,10
bre,1,99,0.01,-0.07801161967284215,11,10
bre,1,99,0.1,-0.07803371766297912,11,10
bre,2,99,0.001,-0.08276398021683813,110,40
bre,2,99,0.01,-0.08266809384576161,110,40
bre,2,99,0.1,-0.08269334076781945,110,40
bre,3,99,0.001,-0.09686970247071393,1100,112
bre,3,99,0.01,-0.09442723277308812,1100,112
bre,3,99,0.1,-0.09339523806010429,1100,112
bre,4,99,0.001,-0.2750678471913823,11000,193
bre,4,99,0.01,-0.2613768604371969,11000,193
bre,4,99,0.1,-0.25305044168584395,11000,193
bre,5,99,0.001,-0.8057170519981056,110000,254
bre,5,99,0.01,-0.7651206020715604,110000,254
bre,5,99,0.1,-0.7399845460507507,110000,254
bre,6,99,0.001,-1.235246418482719,1100000,275
bre,6,99,0.01,-1.2281840631379093,1100000,275
bre,6,99,0.1,-1.2261170142771554,1100000,275
bre,0,100,0.001,-2.074178396873396,1,1
bre,0,100,0.01,-2.074178463736953,1,1
bre,0,100,0.1,-2.07417913251599,1,1
bre,1,100,0.001,-0.10046607255348117,11,10
bre,1,100,0.01,-0.10024794867403118,11,10
bre,1,100,0.1,-0.10003995147358659,11,10
bre,2,100,0.001,-0.11906015470470598,110,40
bre,2,100,0.01,-0.11830976442453449,110,40
bre,2,100,0.1,-0.11781398334202364,110,40
bre,3,100,0.001,-0.1482582115731694,1100,106
bre,3,100,0.01,-0.1422654944423668,1100,106
bre,3,100,0.1,-0.13774364199364003,1100,106
bre,4,100,0.001,-0.3669994580748891,11000,171
bre,4,100,0.01,-0.359554950794101,11000,171
bre,4,100,0.1,-0.3554082864420215,11000,171
bre,5,100,0.001,-0.7584570814566092,110000,209
bre,5,100,0.01,-0.7513017302572642,110000,209
bre,5,100,0.1,-0.7478118392334909,110000,209
bre,6,100,0.001,-1.0936260440862497,1100000,226
bre,6,100,0.01,-1.090574457537838,1100000,226
bre,6,100,0.1,-1.0923631876756852,1100000,226
mil,0,1,0.001,-2.233477525582287,1,1
mil,0,1,0.01,-2.2334773048776384,1,1
mil,0,1,0.1,-2.2334750983341647,1,1
mil,1,1,0.001,-0.051690365707839254,11,10
mil,1,1,0.01,-0.05163908510933028,11,10
mil,1,1,0.1,-0.05161409663948873,11,10
mil,2,1,0.001,-0.07540723319728884,110,37
mil,2,1,0.01,-0.0742341809420938,110,37
mil,2,1,0.1,-0.07361131866017248,110,37
mil,3,1,0.001,-0.30966871530645407,1100,68
mil,3,1,0.01,-0.29642457683119866,1100,68
mil,3,1,0.1,-0.2902375612778939,1100,68
mil,4,1,0.001,-1.4778021145682443,11000,80
mil,4,1,0.01,-1.4755885607963468,11000,80
mil,4,1,0.1,-1.4810097331163574,11000,80
mil,5,1,0.001,-1.8731576524881997,110000,79
mil,5,1,0.01,-1.8718301694656014,110000,79
mil,5,1,0.1,-1.8740843942485983,110000,79
mil,6,1,0.001,-2.1447708660532725,1100000,75
mil,6,1,0.01,-2.144069348233663,1100000,75
mil,6,1,0.1,-2.1445432672015476,1100000,75
mil,0,2,0.001,-2.435559774149653,1,1
mil,0,2,0.01,-2.435559444367461,1,1
mil,0,2,0.1,-2.4355561471167295,1,1
mil,1,2,0.001,-0.042540613781887456,11,10
mil,1,2,0.01,-0.04248513167739973,11,10
mil,1,2,0.1,-0.04249335028019152,11,10
mil,2,2,0.001,-0.05672296679027405,110,36
mil,2,2,0.01,-0.05590974406831739,110,36
mil,2,2,0.1,-0.057281498205580726,110,36
mil,3,2,0.001,-0.3322328727980705,1100,69
mil,3,2,0.01,-0.32993862884397746,1100,69
mil,3,2,0.1,-0.33311563814904155,1100,69
mil,4,2,0.001,-0.6394401886535227,11000,95
mil,4,2,0.01,-0.6369492508802841,11000,95
mil,4,2,0.1,-0.6424127173201287,11000,95
mil,5,2,0.001,-1.3613248340721618,110000,100
mil,5,2,0.01,-1.3597694658968404,110000,100
mil,5,2,0.1,-1.363032835983194,110000,100
mil,6,2,0.001,-1.3842543790265882,1100000,97
mil,6,2,0.01,-1.3835586240040754,1100000,97
mil,6,2,0.1,-1.3917358851611306,1100000,97
mil,0,3,0.001,-2.03438649489802,1,1
mil,0,3,0.01,-2.0343866719150427,1,1
mil,0,3,0.1,-2.0343884424717333,1,1
mil,1,3,0.001,-0.08812450379407964,11,10
mil,1,3,0.01,-0.08802944761432553,11,10
mil,1,3,0.1,-0.08797210657490032,11,10
mil,2,3,0.001,-0.1239779348446041,110,36
mil,2,3,0.01,-0.12338554946771399,110,36
mil,2,3,0.1,-0.12312609515396276,110,36
mil,3,3,0.001,-0.3403957183813103,1100,76
mil,3,3,0.01,-0.33817481795827614,1100,76
mil,3,3,0.1,-0.3434267616005596,1100,76
mil,4,3,0.001,-0.6079772227017752,11000,93
mil,4,3,0.01,-0.6068800721390506,11000,93
mil,4,3,0.1,-0.6242952029915956,11000,93
mil,5,3,0.001,-1.5632131528127402,110000,93
mil,5,3,0.01,-1.562041186889867,110000,93
mil,5,3,0.1,-1.5661844858294742,110000,93
mil,6,3,0.001,-2.0228250467188844,1100000,90
mil,6,3,0.01,-2.022273759368188,1100000,90
mil,6,3,0.1,-2.022258541694403,1100000,90
mil,0,4,0.001,-2.5815536235599237,1,1
mil,0,4,0.01,-2.5815530900418775,1,1
mil,0,4,0.1,-2.581547755513718,1,1
mil,1,4,0.001,-0.03888325363252222,11,10
mil,1,4,0.01,-0.03882684596376728,11,10
mil,1,4,0.1,-0.038867653129414974,11,10
mil,2,4,0.001,-0.04695850691931814,110,33
mil,2,4,0.01,-0.046357358936967095,110,33
mil,2,4,0.1,-0.04686461542667151,110,33
mil,3,4,0.001,-0.3999855882839812,1100,57
mil,3,4,0.01,-0.3982108644396344,1100,57
mil,3,4,0.1,-0.40041023749425364,1100,57
mil,4,4,0.001,-0.6652616000664222,11000,64
mil,4,4,0.01,-0.6637982221195974,11000,64
mil,4,4,0.1,-0.671951771133647,11000,64
mil,5,4,0.001,-1.6450473756866308,110000,61
mil,5,4,0.01,-1.6442917721053527,110000,61
mil,5,4,0.1,-1.6449048787343912,110000,61
mil,6,4,0.001,-1.5917307567450998,1100000,55
mil,6,4,0.01,-1.5918464949188131,1100000,55
mil,6,4,0.1,-1.5980169077498034,1100000,55
mil,0,5,0.001,-2.3679600450367193,1,1
mil,0,5,0.01,-2.3679597809377637,1,1
mil,0,5,0.1,-2.367957140432256,1,1
mil,1,5,0.001,-0.05529346462699362,11,10
mil,1,5,0.01,-0.05513826804023373,11,10
mil,1,5,0.1,-0.055022468174548735,11,10
mil,2,5,0.001,-0.06994848833272906,110,38
mil,2,5,0.01,-0.06894161787363327,110,38
mil,2,5,0.1,-0.06852732317098428,110,38
mil,3,5,0.001,-0.14873762728727352,1100,78
mil,3,5,0.01,-0.13923814480937718,1100,78
mil,3,5,0.1,-0.13435102295025614,1100,78
mil,4,5,0.001,-1.2005610684997703,11000,95
mil,4,5,0.01,-1.199337100806565,11000,95
mil,4,5,0.1,-1.2045170582739788,11000,95
mil,5,5,0.001,-1.6671854420392993,110000,98
mil,5,5,0.01,-1.6663082659047384,110000,98
mil,5,5,0.1,-1.6679123132724465,110000,98
mil,6,5,0.001,-1.65485447412298,1100000,94
mil,6,5,0.01,-1.6547806049629217,1100000,94
mil,6,5,0.1,-1.6613751497718985,1100000,94
mil,0,6,0.001,-2.079572219918849,1,1
mil,0,6,0.01,-2.0795722210987773,1,1
mil,0,6,0.1,-2.0795722336326095,1,1
mil,1,6,0.001,-0.17607531365111595,11,10
mil,1,6,0.01,-0.17607532299289289,11,10
mil,1,6,0.1,-0.1760757162933411,11,10
mil,2,6,0.001,-0.16945926635097858,110,26
mil,2,6,0.01,-0.16907430254017952,110,26
mil,2,6,0.1,-0.16893313395562584,110,26
mil,3,6,0.001,-0.19895049373035587,1100,46
mil,3,6,0.01,-0.1969899086255808,1100,46
mil,3,6,0.1,-0.20357320789431033,1100,46
mil,4,6,0.001,-0.4865375584564857,11000,54
mil,4,6,0.01,-0.48801460740169195,11000,54
mil,4,6,0.1,-0.5228317488149296,11000,54
mil,5,6,0.001,-1.4503242480493523,110000,54
mil,5,6,0.01,-1.4492502766818305,110000,54
mil,5,6,0.1,-1.4565547224508275,110000,54
mil,6,6,0.001,-1.911796355674215,1100000,49
mil,6,6,0.01,-1.911136859353988,1100000,49
mil,6,6,0.1,-1.9113794366036176,1100000,49
mil,0,7,0.001,-2.1867181390238217,1,1
mil,0,7,0.01,-2.186717866149843,1,1
mil,0,7,0.1,-2.1867151380834353,1,1
mil,1,7,0.001,-0.04349697450349597,11,10
mil,1,7,0.01,-0.0434356305347771,11,10
mil,1,7,0.1,-0.04344525441789205,11,10
mil,2,7,0.001,-0.059602849182321865,110,34
mil,2,7,0.01,-0.05869036734396403,110,34
mil,2,7,0.1,-0.05833979775618428,110,34
mil,3,7,0.001,-0.28461098729719886,1100,65
mil,3,7,0.01,-0.2827567311772329,1100,65
mil,3,7,0.1,-0.28719434810221267,1100,65
mil,4,7,0.001,-1.3160606441563893,11000,81
mil,4,7,0.01,-1.3129255879538664,11000,81
mil,4,7,0.1,-1.3153259999613067,11000,81
mil,5,7,0.001,-1.5902871692757659,110000,84
mil,5,7,0.01,-1.5880803084355648,110000,84
mil,5,7,0.1,-1.5905810620763936,110000,84
mil,6,7,0.001,-1.9761885386201716,1100000,81
mil,6,7,0.01,-1.9744215590503151,1100000,81
mil,6,7,0.1,-1.976479370697245,1100000,81
mil,0,8,0.001,-2.231915029733642,1,1
mil,0,8,0.01,-2.2319146354827115,1,1
mil,0,8,0.1,-2.2319106937374373,1,1
mil,1,8,0.001,-0.04628064472396736,11,10
mil,1,8,0.01,-0.046133044524733706,11,10
mil,1,8,0.1,-0.04605386536194587,11,10
mil,2,8,0.001,-0.05785591204058035,110,37
mil,2,8,0.01,-0.05649685089795704,110,37
mil,2,8,0.1,-0.056336076979618704,110,37
mil,3,8,0.001,-0.45488220891469766,1100,70
mil,3,8,0.01,-0.45194182198901584,1100,70
mil,3,8,0.1,-0.4564064739970056,1100,70
mil,4,8,0.001,-1.4137697556954731,11000,85
mil,4,8,0.01,-1.4113328786207668,11000,85
mil,4,8,0.1,-1.4133011414116743,11000,85
mil,5,8,0.001,-1.9908050779448307,110000,89
mil,5,8,0.01,-1.9893452292479878,110000,89
mil,5,8,0.1,-1.9902255362837742,110000,89
mil,6,8,0.001,-2.3492135831543615,1100000,82
mil,6,8,0.01,-2.3478812141471743,1100000,82
mil,6,8,0.1,-2.346770716529629,1100000,82
mil,0,9,0.001,-2.59482167109669,1,1
mil,0,9,0.01,-2.594821057579387,1,1
mil,0,9,0.1,-2.5948149232020548,1,1
mil,1,9,0.001,-0.07588964950129073,11,10
mil,1,9,0.01,-0.07563301379422306,11,10
mil,1,9,0.1,-0.07536075715645384,11,10
mil,2,9,0.001,-0.3563129860625944,110,32
mil,2,9,0.01,-0.35489386390423566,110,32
mil,2,9,0.1,-0.3541082834390773,110,32
mil,3,9,0.001,-0.4540566439900109,1100,59
mil,3,9,0.01,-0.44020329392734725,1100,59
mil,3,9,0.1,-0.4299908410528739,1100,59
mil,4,9,0.001,-1.4506449483773982,11000,75
mil,4,9,0.01,-1.4487365922112607,11000,75
mil,4,9,0.1,-1.4564045580879736,11000,75
mil,5,9,0.001,-1.823806449298834,110000,78
mil,5,9,0.01,-1.8224755136966184,110000,78
mil,5,9,0.1,-1.8244132794099361,110000,78
mil,6,9,0.001,-2.0042370753890424,1100000,78
mil,6,9,0.01,-2.0034433860276004,1100000,78
mil,6,9,0.1,-2.0054834769971737,1100000,78
mil,0,10,0.001,-2.4694780035875694,1,1
mil,0,10,0.01,-2.469477721996875,1,1
mil,0,10,0.1,-2.4694749066979416,1,1
mil,1,10,0.001,-0.05522498124765412,11,10
mil,1,10,0.01,-0.055232110467501226,11,10
mil,1,10,0.1,-0.05530368185087995,11,10
mil,2,10,0.001,-0.06145886172517459,110,34
mil,2,10,0.01,-0.06082912554684713,110,34
mil,2,10,0.1,-0.06078313872929198,110,34
mil,3,10,0.001,-0.0866599175502914,1100,76
mil,3,10,0.01,-0.08304358530518596,1100,76
mil,3,10,0.1,-0.08428643195730383,1100,76
mil,4,10,0.001,-0.44837991405903366,11000,106
mil,4,10,0.01,-0.4194958390634181,11000,106
mil,4,10,0.1,-0.4082560608906755,11000,106
mil,5,10,0.001,-1.4458466827845704,110000,114
mil,5,10,0.01,-1.442777854039937,110000,114
mil,5,10,0.1,-1.4447011093353113,110000,114
mil,6,10,0.001,-2.134330586986901,1100000,112
mil,6,10,0.01,-2.1331109382061997,1100000,112
mil,6,10,0.1,-2.133296969144486,1100000,112
mil,0,11,0.001,-2.3718454196546115,1,1
mil,0,11,0.01,-2.3718447420503233,1,1
mil,0,11,0.1,-2.371837966726829,1,1
mil,1,11,0.001,-0.054158530027822956,11,10
mil,1,11,0.01,-0.0541622734077879,11,10
mil,1,11,0.1,-0.05420177745417809,11,10
mil,2,11,0.001,-0.08169238989171765,110,31
mil,2,11,0.01,-0.07594691292106813,110,31
mil,2,11,0.1,-0.0710306296894104,110,31
mil,3,11,0.001,-0.3619713134979553,1100,57
mil,3,11,0.01,-0.35452079884747184,1100,57
mil,3,11,0.1,-0.35088366283406147,1100,57
mil,4,11,0.001,-1.3255636893085763,11000,77
mil,4,11,0.01,-1.323441134495838,11000,77
mil,4,11,0.1,-1.327101694759939,11000,77
mil,5,11,0.001,-1.8280383098163424,110000,86
mil,5,11,0.01,-1.8267076119713261,110000,86
mil,5,11,0.1,-1.830653298120797,110000,86
mil,6,11,0.001,-1.9748632823331569,1100000,85
mil,6,11,0.01,-1.973755339484486,1100000,85
mil,6,11,0.1,-1.9763085722926346,1100000,85
mil,0,12,0.001,-1.8523581025399,1,1
mil,0,12,0.01,-1.852358300164374,1,1
mil,0,12,0.1,-1.8523602771420868,1,1
mil,1,12,0.001,-0.16265942251252424,11,10
mil,1,12,0.01,-0.16237929792174605,11,10
mil,1,12,0.1,-0.16209529856011576,11,10
mil,2,12,0.001,-0.485836518270269,110,36
mil,2,12,0.01,-0.4846688383891129,110,36
mil,2,12,0.1,-0.48363912232123685,110,36
mil,3,12,0.001,-0.5802453277847659,1100,67
mil,3,12,0.01,-0.5811257770790688,1100,67
mil,3,12,0.1,-0.6087040473915473,1100,67
mil,4,12,0.001,-1.2902485785714886,11000,80
mil,4,12,0.01,-1.2876886787564652,11000,80
mil,4,12,0.1,-1.2920695330812195,11000,80
mil,5,12,0.001,-1.4406367547725631,110000,82
mil,5,12,0.01,-1.4395256405040022,110000,82
mil,5,12,0.1,-1.4479833839220884,110000,82
mil,6,12,0.001,-1.9340705696265097,1100000,78
mil,6,12,0.01,-1.9331386901418093,1100000,78
mil,6,12,0.1,-1.9336641196786943,1100000,78
mil,0,13,0.001,-2.79066099995206,1,1
mil,0,13,0.01,-2.7906600445224514,1,1
mil,0,13,0.1,-2.7906504909352376,1,1
mil,1,13,0.001,-0.07315157520863268,11,10
mil,1,13,0.01,-0.07303683083728023,11,10
mil,1,13,0.1,-0.07289404105778434,11,10
mil,2,13,0.001,-0.0949588693731544,110,38
mil,2,13,0.01,-0.08992553671379998,110,38
mil,2,13,0.1,-0.08619009589348718,110,38
mil,3,13,0.001,-0.250366632000104,1100,83
mil,3,13,0.01,-0.24305978382182072,1100,83
mil,3,13,0.1,-0.24474985118717368,1100,83
mil,4,13,0.001,-1.061012876946885,11000,120
mil,4,13,0.01,-1.058371755859316,11000,120
mil,4,13,0.1,-1.0643830668517646,11000,120
mil,5,13,0.001,-1.582440558366223,110000,145
mil,5,13,0.01,-1.58121346177477,110000,145
mil,5,13,0.1,-1.5844109628644176,110000,145
mil,6,13,0.001,-1.6144752739611472,1100000,154
mil,6,13,0.01,-1.6139101030302159,1100000,154
mil,6,13,0.1,-1.618438827008481,1100000,154
mil,0,14,0.001,-2.063600229779751,1,1
mil,0,14,0.01,-2.063600212729822,1,1
mil,0,14,0.1,-2.063600043091726,1,1
mil,1,14,0.001,-0.06592892106122832,11,10
mil,1,14,0.01,-0.06582363279422997,11,10
mil,1,14,0.1,-0.06572554479446022,11,10
mil,2,14,0.001,-0.08105108536825327,110,39
mil,2,14,0.01,-0.07935786986956166,110,39
mil,2,14,0.1,-0.0781231983769972,110,39
mil,3,14,0.001,-0.2624497830787412,1100,79
mil,3,14,0.01,-0.2586830642332283,1100,79
mil,3,14,0.1,-0.2600446167175116,1100,79
mil,4,14,0.001,-1.335209605148855,11000,98
mil,4,14,0.01,-1.3309452347500705,11000,98
mil,4,14,0.1,-1.3348231869274212,11000,98
mil,5,14,0.001,-1.9187679562297573,110000,102
mil,5,14,0.01,-1.9157221766699981,110000,102
mil,5,14,0.1,-1.9183703864943626,110000,102
mil,6,14,0.001,-2.151788559221966,1100000,103
mil,6,14,0.01,-2.150493848632055,1100000,103
mil,6,14,0.1,-2.1518484456894296,1100000,103
mil,0,15,0.001,-1.9729240922121056,1,1
mil,0,15,0.01,-1.9729243362207345,1,1
mil,0,15,0.1,-1.972926776769658,1,1
mil,1,15,0.001,-0.10597777292641988,11,10
mil,1,15,0.01,-0.10585867794683389,11,10
mil,1,15,0.1,-0.10575669319238708,11,10
mil,2,15,0.001,-0.4380473828227641,110,35
mil,2,15,0.01,-0.43710774367221317,110,35
mil,2,15,0.1,-0.4364630204633797,110,35
mil,3,15,0.001,-0.46397316443007,1100,66
mil,3,15,0.01,-0.46196995084880366,1100,66
mil,3,15,0.1,-0.46663571222534894,1100,66
mil,4,15,0.001,-0.6705477284915119,11000,77
mil,4,15,0.01,-0.6708594765959072,11000,77
mil,4,15,0.1,-0.7015595834663529,11000,77
mil,5,15,0.001,-1.6446800999288644,110000,80
mil,5,15,0.01,-1.6430193881543596,110000,80
mil,5,15,0.1,-1.6483534541870688,110000,80
mil,6,15,0.001,-1.9601619993434367,1100000,82
mil,6,15,0.01,-1.9597634832567081,1100000,82
mil,6,15,0.1,-1.9606108431642504,1100000,82
mil,0,16,0.001,-1.9836754956951292,1,1
mil,0,16,0.01,-1.9836756359672585,1,1
mil,0,16,0.1,-1.9836770392306087,1,1
mil,1,16,0.001,-0.04834722580942702,11,10
mil,1,16,0.01,-0.04834975225209689,11,10
mil,1,16,0.1,-0.04837565143884708,11,10
mil,2,16,0.001,-0.062077154452839484,110,35
mil,2,16,0.01,-0.061556813439877234,110,35
mil,2,16,0.1,-0.0617236414781045,110,35
mil,3,16,0.001,-0.08879959166007889,1100,65
mil,3,16,0.01,-0.08414961917147261,1100,65
mil,3,16,0.1,-0.08352034044777483,1100,65
mil,4,16,0.001,-1.395496667945313,11000,93
mil,4,16,0.01,-1.3896453031358293,11000,93
mil,4,16,0.1,-1.3898616036016875,11000,93
mil,5,16,0.001,-1.9525618471418262,110000,105
mil,5,16,0.01,-1.9496422953594517,110000,105
mil,5,16,0.1,-1.9511460619849683,110000,105
mil,6,16,0.001,-2.1254892114383694,1100000,107
mil,6,16,0.01,-2.1236758181054833,1100000,107
mil,6,16,0.1,-2.1235447404805887,1100000,107
mil,0,17,0.001,-2.386965559360837,1,1
mil,0,17,0.01,-2.386965219554372,1,1
mil,0,17,0.1,-2.386961821951046,1,1
mil,1,17,0.001,-0.11137726777785877,11,10
mil,1,17,0.01,-0.11124252530650165,11,10
mil,1,17,0.1,-0.11114951712535912,11,10
mil,2,17,0.001,-0.11547711809256739,110,40
mil,2,17,0.01,-0.11492675946986078,110,40
mil,2,17,0.1,-0.11481788528817174,110,40
mil,3,17,0.001,-0.16900609215039633,1100,86
mil,3,17,0.01,-0.1616352645744481,1100,86
mil,3,17,0.1,-0.16092408994452176,1100,86
mil,4,17,0.001,-0.7837229272973102,11000,110
mil,4,17,0.01,-0.7828285164331865,11000,110
mil,4,17,0.1,-0.7962765553346332,11000,110
mil,5,17,0.001,-1.543817040569157,110000,113
mil,5,17,0.01,-1.5429672753245502,110000,113
mil,5,17,0.1,-1.5463006926198328,110000,113
mil,6,17,0.001,-1.7349801069432957,1100000,110
mil,6,17,0.01,-1.7344583523161297,1100000,110
mil,6,17,0.1,-1.7370069583857763,1100000,110
mil,0,18,0.001,-2.550263077375788,1,1
mil,0,18,0.01,-2.5502625508131325,1,1
mil,0,18,0.1,-2.5502572857316403,1,1
mil,1,18,0.001,-0.05179639940121643,11,9
mil,1,18,0.01,-0.051695299148280395,11,9
mil,1,18,0.1,-0.051664246307743175,11,9
mil,2,18,0.001,-0.23960959973086615,110,31
mil,2,18,0.01,-0.23916971391236916,110,31
mil,2,18,0.1,-0.23919031862484927,110,31
mil,3,18,0.001,-0.30881294217087335,1100,55
mil,3,18,0.01,-0.2992005226346223,1100,55
mil,3,18,0.1,-0.2940659679059618,1100,55
mil,4,18,0.001,-1.064604608771873,11000,67
mil,4,18,0.01,-1.0636012701504074,11000,67
mil,4,18,0.1,-1.0682697954252842,11000,67
mil,5,18,0.001,-1.6087694918188558,110000,69
mil,5,18,0.01,-1.6079752179209927,110000,69
mil,5,18,0.1,-1.611105864659874,110000,69
mil,6,18,0.001,-1.6184873023532076,1100000,69
mil,6,18,0.01,-1.6176247458028163,1100000,69
mil,6,18,0.1,-1.6234678993379925,1100000,69
mil,0,19,0.001,-1.9590375598371215,1,1
mil,0,19,0.01,-1.959037619545991,1,1
mil,0,19,0.1,-1.95903821756573,1,1
mil,1,19,0.001,-0.04826692600406921,11,10
mil,1,19,0.01,-0.04827053920366371,11,10
mil,1,19,0.1,-0.04830679413992697,11,10
mil,2,19,0.001,-0.05940356078825984,110,28
mil,2,19,0.01,-0.058982461888403115,110,28
mil,2,19,0.1,-0.058806160567110265,110,28
mil,3,19,0.001,-0.10005065161223928,1100,43
mil,3,19,0.01,-0.09776032104528956,1100,43
mil,3,19,0.1,-0.09975915865248437,1100,43
mil,4,19,0.001,-1.5630656911385192,11000,47
mil,4,19,0.01,-1.5594767617120397,11000,47
mil,4,19,0.1,-1.5632375934421463,11000,47
mil,5,19,0.001,-2.016169534331456,110000,45
mil,5,19,0.01,-2.013916600579887,110000,45
mil,5,19,0.1,-2.013028544241562,110000,45
mil,6,19,0.001,-2.3045499604882687,1100000,40
mil,6,19,0.01,-2.3028131023868688,1100000,40
mil,6,19,0.1,-2.3026366188212517,1100000,40
mil,0,20,0.001,-2.1197417265348326,1,1
mil,0,20,0.01,-2.119741701745321,1,1
mil,0,20,0.1,-2.1197414547205855,1,1
mil,1,20,0.001,-0.08186597104227161,11,10
mil,1,20,0.01,-0.08121847766008475,11,10
mil,1,20,0.1,-0.08056553778604633,11,10
mil,2,20,0.001,-0.14443950143204334,110,37
mil,2,20,0.01,-0.14039271224979144,110,37
mil,2,20,0.1,-0.1367578359604667,110,37
mil,3,20,0.001,-0.5707754631113305,1100,85
mil,3,20,0.01,-0.5628800951616367,1100,85
mil,3,20,0.1,-0.5609931974384587,1100,85
mil,4,20,0.001,-1.0766441573323011,11000,110
mil,4,20,0.01,-1.0699658438379094,11000,110
mil,4,20,0.1,-1.0801673075546838,11000,110
mil,5,20,0.001,-1.715460256703296,110000,124
mil,5,20,0.01,-1.712771581023551,110000,124
mil,5,20,0.1,-1.722710843000999,110000,124
mil,6,20,0.001,-1.990842793667873,1100000,125
mil,6,20,0.01,-1.9893376541887362,1100000,125
mil,6,20,0.1,-1.9935051958177858,1100000,125
mil,0,21,0.001,-2.2500094360298117,1,1
mil,0,21,0.01,-2.2500092220138366,1,1
mil,0,21,0.1,-2.250007083302387,1,1
mil,1,21,0.001,-0.08907760989941695,11,10
mil,1,21,0.01,-0.08907986494320892,11,10
mil,1,21,0.1,-0.08910273778137975,11,10
mil,2,21,0.001,-0.09830405579155045,110,31
mil,2,21,0.01,-0.09698921154642426,110,31
mil,2,21,0.1,-0.0959526797397964,110,31
mil,3,21,0.001,-0.16354879647490028,1100,63
mil,3,21,0.01,-0.15977722772857667,1100,63
mil,3,21,0.1,-0.1595546880564486,1100,63
mil,4,21,0.001,-0.28638744783763964,11000,71
mil,4,21,0.01,-0.2804933257123732,11000,71
mil,4,21,0.1,-0.29431258993426995,11000,71
mil,5,21,0.001,-1.4045983892278577,110000,69
mil,5,21,0.01,-1.401059595600354,110000,69
mil,5,21,0.1,-1.419087694371317,110000,69
mil,6,21,0.001,-1.8689699428625643,1100000,67
mil,6,21,0.01,-1.8666745434421672,1100000,67
mil,6,21,0.1,-1.8703929628757254,1100000,67
mil,0,22,0.001,-2.2115613718455798,1,1
mil,0,22,0.01,-2.2115612031325633,1,1
mil,0,22,0.1,-2.211559517415912,1,1
mil,1,22,0.001,-0.09463773963152544,11,10
mil,1,22,0.01,-0.09463747531467506,11,10
mil,1,22,0.1,-0.09463575110883365,11,10
mil,2,22,0.001,-0.10672983933627785,110,34
mil,2,22,0.01,-0.10463157401187786,110,34
mil,2,22,0.1,-0.10304038904604021,110,34
mil,3,22,0.001,-0.292154821225171,1100,56
mil,3,22,0.01,-0.2854524197606822,1100,56
mil,3,22,0.1,-0.28109167053360656,1100,56
mil,4,22,0.001,-1.0013241200940872,11000,74
mil,4,22,0.01,-0.92564011438713,11000,74
mil,4,22,0.1,-0.8719862751919923,11000,74
mil,5,22,0.001,-1.7026774594377374,110000,81
mil,5,22,0.01,-1.6986811789252336,110000,81
mil,5,22,0.1,-1.6975078847722391,110000,81
mil,6,22,0.001,-1.9104939147718,1100000,78
mil,6,22,0.01,-1.907354704499068,1100000,78
mil,6,22,0.1,-1.9058693018187376,1100000,78
mil,0,23,0.001,-2.4119572849583,1,1
mil,0,23,0.01,-2.411956899404306,1,1
mil,0,23,0.1,-2.41195304466133,1,1
mil,1,23,0.001,-0.06796493351884934,11,10
mil,1,23,0.01,-0.06769853238498606,11,10
mil,1,23,0.1,-0.0674717358058171,11,10
mil,2,23,0.001,-0.38053548627851214,110,37
mil,2,23,0.01,-0.3787806183904183,110,37
mil,2,23,0.1,-0.3777367548453651,110,37
mil,3,23,0.001,-0.47477951044815325,1100,75
mil,3,23,0.01,-0.46980844887429235,1100,75
mil,3,23,0.1,-0.4693506731601519,1100,75
mil,4,23,0.001,-1.0453309530214234,11000,108
mil,4,23,0.01,-1.0412213361522211,11000,108
mil,4,23,0.1,-1.0460218848706286,11000,108
mil,5,23,0.001,-1.4830384972555486,110000,125
mil,5,23,0.01,-1.4805680841061852,110000,125
mil,5,23,0.1,-1.4876896764587997,110000,125
mil,6,23,0.001,-1.6794246700194786,1100000,130
mil,6,23,0.01,-1.6780375037588389,1100000,130
mil,6,23,0.1,-1.6837624595436174,1100000,130
mil,0,24,0.001,-2.421256018197275,1,1
mil,0,24,0.01,-2.4212556047400975,1,1
mil,0,24,0.1,-2.4212514708057737,1,1
mil,1,24,0.001,-0.07355112865117278,11,10
mil,1,24,0.01,-0.07348246131515127,11,10
mil,1,24,0.1,-0.07341771927499838,11,10
mil,2,24,0.001,-0.08139913318245741,110,39
mil,2,24,0.01,-0.08022979747483457,110,39
mil,2,24,0.1,-0.07948514467855156,110,39
mil,3,24,0.001,-0.16666796665823547,1100,78
mil,3,24,0.01,-0.15398214592955634,1100,78
mil,3,24,0.1,-0.14575458814769213,1100,78
mil,4,24,0.001,-1.6026436644946063,11000,111
mil,4,24,0.01,-1.5985870679664167,11000,111
mil,4,24,0.1,-1.5989659769346702,11000,111
mil,5,24,0.001,-1.9490265623988874,110000,124
mil,5,24,0.01,-1.9468064259032751,110000,124
mil,5,24,0.1,-1.9463127685087955,110000,124
mil,6,24,0.001,-2.041283772243366,1100000,130
mil,6,24,0.01,-2.0404985947248937,1100000,130
mil,6,24,0.1,-2.041161335796187,1100000,130
mil,0,25,0.001,-2.1488749603966895,1,1
mil,0,25,0.01,-2.14887490607488,1,1
mil,0,25,0.1,-2.1488743632889253,1,1
mil,1,25,0.001,-0.05038422619113486,11,10
mil,1,25,0.01,-0.050387791922152966,11,10
mil,1,25,0.1,-0.05042420673682268,11,10
mil,2,25,0.001,-0.057333832592831764,110,35
mil,2,25,0.01,-0.0570325486616028,110,35
mil,2,25,0.1,-0.057162401092892924,110,35
mil,3,25,0.001,-0.2320621923461731,1100,65
mil,3,25,0.01,-0.22171148704513358,1100,65
mil,3,25,0.1,-0.21504559594701744,1100,65
mil,4,25,0.001,-1.4303269860573244,11000,77
mil,4,25,0.01,-1.42860130070089,11000,77
mil,4,25,0.1,-1.431281660960099,11000,77
mil,5,25,0.001,-2.0628755889443626,110000,77
mil,5,25,0.01,-2.0618132693795217,110000,77
mil,5,25,0.1,-2.061578296715231,110000,77
mil,6,25,0.001,-2.190456520430289,1100000,74
mil,6,25,0.01,-2.1898238754420496,1100000,74
mil,6,25,0.1,-2.1897363205724463,1100000,74
mil,0,26,0.001,-2.0996259236978068,1,1
mil,0,26,0.01,-2.099625956258793,1,1
mil,0,26,0.1,-2.099626282774339,1,1
mil,1,26,0.001,-0.06261716547985662,11,9
mil,1,26,0.01,-0.06216568733300137,11,9
mil,1,26,0.1,-0.061740528591489915,11,9
mil,2,26,0.001,-0.6268114891796784,110,34
mil,2,26,0.01,-0.6249065068167825,110,34
mil,2,26,0.1,-0.6232839195409973,110,34
mil,3,26,0.001,-0.7551194322912903,1100,66
mil,3,26,0.01,-0.7507277322819876,1100,66
mil,3,26,0.1,-0.7489328756189145,1100,66
mil,4,26,0.001,-1.09721515618648,11000,87
mil,4,26,0.01,-1.0926996554236428,11000,87
mil,4,26,0.1,-1.0974547323925101,11000,87
mil,5,26,0.001,-1.6826769942491044,110000,85
mil,5,26,0.01,-1.6804431805036815,110000,85
mil,5,26,0.1,-1.6819626450916123,110000,85
mil,6,26,0.001,-2.066316318089526,1100000,78
mil,6,26,0.01,-2.0651032478932483,1100000,78
mil,6,26,0.1,-2.0665896326061555,1100000,78
mil,0,27,0.001,-2.0106523403864522,1,1
mil,0,27,0.01,-2.010652444679477,1,1
mil,0,27,0.1,-2.0106534880776104,1,1
mil,1,27,0.001,-0.1264345484881745,11,10
mil,1,27,0.01,-0.12632115847589695,11,10
mil,1,27,0.1,-0.12621011469200677,11,10
mil,2,27,0.001,-0.1713714861277265,110,37
mil,2,27,0.01,-0.17056483177737797,110,37
mil,2,27,0.1,-0.17012074116243953,110,37
mil,3,27,0.001,-0.2196976134640594,1100,77
mil,3,27,0.01,-0.21540028894165317,1100,77
mil,3,27,0.1,-0.22027517109382624,1100,77
mil,4,27,0.001,-0.7160237197246742,11000,111
mil,4,27,0.01,-0.7145518565144288,11000,111
mil,4,27,0.1,-0.7419067450883633,11000,111
mil,5,27,0.001,-1.696536331383982,110000,124
mil,5,27,0.01,-1.6949842068816083,110000,124
mil,5,27,0.1,-1.6989921623500497,110000,124
mil,6,27,0.001,-2.0042892030951447,1100000,131
mil,6,27,0.01,-2.003611319493725,1100000,131
mil,6,27,0.1,-2.0040688880186996,1100000,131
mil,0,28,0.001,-2.481245819702915,1,1
mil,0,28,0.01,-2.481245376217452,1,1
mil,0,28,0.1,-2.48124094206995,1,1
mil,1,28,0.001,-0.05231771166289123,11,10
mil,1,28,0.01,-0.05232537422697448,11,10
mil,1,28,0.1,-0.05240265401941344,11,10
mil,2,28,0.001,-0.0633344393489112,110,36
mil,2,28,0.01,-0.06173445175093421,110,36
mil,2,28,0.1,-0.061189962319040545,110,36
mil,3,28,0.001,-0.475720015360547,1100,71
mil,3,28,0.01,-0.47220540300012864,1100,71
mil,3,28,0.1,-0.4736338496074189,1100,71
mil,4,28,0.001,-0.999284640794024,11000,89
mil,4,28,0.01,-0.9964584640288195,11000,89
mil,4,28,0.1,-1.0023737304333595,11000,89
mil,5,28,0.001,-1.835775069261375,110000,95
mil,5,28,0.01,-1.83414879653466,110000,95
mil,5,28,0.1,-1.8394807342906365,110000,95
mil,6,28,0.001,-2.0101916924140344,1100000,93
mil,6,28,0.01,-2.0091401009333953,1100000,93
mil,6,28,0.1,-2.009521647733125,1100000,93
mil,0,29,0.001,-2.4091976110185236,1,1
mil,0,29,0.01,-2.4091971173856486,1,1
mil,0,29,0.1,-2.409192181600149,1,1
mil,1,29,0.001,-0.11546424527993508,11,10
mil,1,29,0.01,-0.11536691028946686,11,10
mil,1,29,0.1,-0.11529947326295409,11,10
mil,2,29,0.001,-0.13107701435050312,110,39
mil,2,29,0.01,-0.12714225656176845,110,39
mil,2,29,0.1,-0.12419846880046982,110,39
mil,3,29,0.001,-0.5641662678483513,1100,81
mil,3,29,0.01,-0.5592114801406647,1100,81
mil,3,29,0.1,-0.5618276936149652,1100,81
mil,4,29,0.001,-1.1540602529441246,11000,103
mil,4,29,0.01,-1.1531666370096885,11000,103
mil,4,29,0.1,-1.1649660561858037,11000,103
mil,5,29,0.001,-1.8245405541717565,110000,106
mil,5,29,0.01,-1.8236914908401483,110000,106
mil,5,29,0.1,-1.8255824594010222,110000,106
mil,6,29,0.001,-1.9639361871548031,1100000,104
mil,6,29,0.01,-1.9632925425317544,1100000,104
mil,6,29,0.1,-1.963863719106208,1100000,104
mil,0,30,0.001,-2.701715668992474,1,1
mil,0,30,0.01,-2.7017150237017056,1,1
mil,0,30,0.1,-2.7017085715564337,1,1
mil,1,30,0.001,-0.0508227627545439,11,10
mil,1,30,0.01,-0.05074689834693172,11,10
mil,1,30,0.1,-0.0507321109091092,11,10
mil,2,30,0.001,-0.058232285615690244,110,39
mil,2,30,0.01,-0.056605060184380156,110,39
mil,2,30,0.1,-0.05592230780126329,110,39
mil,3,30,0.001,-0.43151378095036413,1100,87
mil,3,30,0.01,-0.4271583005097389,1100,87
mil,3,30,0.1,-0.42781031224172156,1100,87
mil,4,30,0.001,-0.8995936750940225,11000,112
mil,4,30,0.01,-0.895274991830347,11000,112
mil,4,30,0.1,-0.897380889876118,11000,112
mil,5,30,0.001,-1.3548013512968677,110000,116
mil,5,30,0.01,-1.3524367665532246,110000,116
mil,5,30,0.1,-1.357057397122736,110000,116
mil,6,30,0.001,-2.2674986375669284,1100000,115
mil,6,30,0.01,-2.266445660531519,1100000,115
mil,6,30,0.1,-2.267723084538249,1100000,115
mil,0,31,0.001,-2.4906771740876104,1,1
mil,0,31,0.01,-2.4906767916569974,1,1
mil,0,31,0.1,-2.4906729684180213,1,1
mil,1,31,0.001,-0.08974560766059483,11,10
mil,1,31,0.01,-0.08974724914653494,11,10
mil,1,31,0.1,-0.08976484623300234,11,10
mil,2,31,0.001,-0.09155782174144994,110,33
mil,2,31,0.01,-0.09057781248788967,110,33
mil,2,31,0.1,-0.09013574776736405,110,33
mil,3,31,0.001,-0.1421913739645957,1100,65
mil,3,31,0.01,-0.13646658281935586,1100,65
mil,3,31,0.1,-0.13445503277049808,1100,65
mil,4,31,0.001,-0.7272871580530285,11000,89
mil,4,31,0.01,-0.7201605484444534,11000,89
mil,4,31,0.1,-0.7305238117843845,11000,89
mil,5,31,0.001,-1.6743929572073761,110000,106
mil,5,31,0.01,-1.6706499040969225,110000,106
mil,5,31,0.1,-1.677110226530885,110000,106
mil,6,31,0.001,-2.158825177258147,1100000,114
mil,6,31,0.01,-2.1562483388716966,1100000,114
mil,6,31,0.1,-2.1572155701168927,1100000,114
mil,0,32,0.001,-2.29711178429141,1,1
mil,0,32,0.01,-2.2971114698272634,1,1
mil,0,32,0.1,-2.297108325694736,1,1
mil,1,32,0.001,-0.1243933776790971,11,10
mil,1,32,0.01,-0.12424042777772641,11,10
mil,1,32,0.1,-0.12410326125444963,11,10
mil,2,32,0.001,-0.2772359708069236,110,38
mil,2,32,0.01,-0.276639979529697,110,38
mil,2,32,0.1,-0.2764763772868778,110,38
mil,3,32,0.001,-0.4251634320035758,1100,86
mil,3,32,0.01,-0.41686091716498097,1100,86
mil,3,32,0.1,-0.41492581992641003,1100,86
mil,4,32,0.001,-1.1230499035733965,11000,112
mil,4,32,0.01,-1.1217992247479862,11000,112
mil,4,32,0.1,-1.1348519504715973,11000,112
mil,5,32,0.001,-1.6890351075048666,110000,122
mil,5,32,0.01,-1.6882839877907025,110000,122
mil,5,32,0.1,-1.6930943947873927,110000,122
mil,6,32,0.001,-1.888003547809247,1100000,125
mil,6,32,0.01,-1.8869921474898226,1100000,125
mil,6,32,0.1,-1.8898133857520667,1100000,125
mil,0,33,0.001,-2.121198786079406,1,1
mil,0,33,0.01,-2.12119871343971,1,1
mil,0,33,0.1,-2.1211979880705965,1,1
mil,1,33,0.001,-0.06799204708147483,11,10
mil,1,33,0.01,-0.06735951634239043,11,10
mil,1,33,0.1,-0.06673469244962267,11,10
mil,2,33,0.001,-0.6575635829590606,110,33
mil,2,33,0.01,-0.6549444396000275,110,33
mil,2,33,0.1,-0.6526935656719239,110,33
mil,3,33,0.001,-0.8302810660494354,1100,64
mil,3,33,0.01,-0.8249878789240941,1100,64
mil,3,33,0.1,-0.8235133248153637,1100,64
mil,4,33,0.001,-1.2203321123468824,11000,81
mil,4,33,0.01,-1.2149745088567732,11000,81
mil,4,33,0.1,-1.2193496847657683,11000,81
mil,5,33,0.001,-1.8433549493583616,110000,82
mil,5,33,0.01,-1.83985895553491,110000,82
mil,5,33,0.1,-1.8425311122455141,110000,82
mil,6,33,0.001,-2.1503122118314053,1100000,78
mil,6,33,0.01,-2.148711027698222,1100000,78
mil,6,33,0.1,-2.1497521657319423,1100000,78
mil,0,34,0.001,-2.4137037183855385,1,1
mil,0,34,0.01,-2.413703305125665,1,1
mil,0,34,0.1,-2.413699172979126,1,1
mil,1,34,0.001,-0.09950655000640564,11,10
mil,1,34,0.01,-0.0995139467585568,11,10
mil,1,34,0.1,-0.09958845106590264,11,10
mil,2,34,0.001,-0.09212488926248645,110,36
mil,2,34,0.01,-0.09177722556980424,110,36
mil,2,34,0.1,-0.09198357162224223,110,36
mil,3,34,0.001,-0.21382174281079122,1100,70
mil,3,34,0.01,-0.20736401188400064,1100,70
mil,3,34,0.1,-0.20676342477519674,1100,70
mil,4,34,0.001,-0.7944439502850263,11000,89
mil,4,34,0.01,-0.7941547759684422,11000,89
mil,4,34,0.1,-0.8067967257093168,11000,89
mil,5,34,0.001,-1.5080700632663449,110000,97
mil,5,34,0.01,-1.507407430997875,110000,97
mil,5,34,0.1,-1.511983190886865,110000,97
mil,6,34,0.001,-1.6449209058466419,1100000,98
mil,6,34,0.01,-1.6441203294409368,1100000,98
mil,6,34,0.1,-1.648083013989905,1100000,98
mil,0,35,0.001,-2.0424337923280778,1,1
mil,0,35,0.01,-2.04243380562446,1,1
mil,0,35,0.1,-2.0424339393822324,1,1
mil,1,35,0.001,-0.060985965242346535,11,10
mil,1,35,0.01,-0.060888787918211895,11,10
mil,1,35,0.1,-0.06080120690812426,11,10
mil,2,35,0.001,-0.0731507049808957,110,38
mil,2,35,0.01,-0.07177224990895754,110,38
mil,2,35,0.1,-0.07091682295384424,110,38
mil,3,35,0.001,-0.12008552333323881,1100,87
mil,3,35,0.01,-0.11561266113445183,1100,87
mil,3,35,0.1,-0.11999769143330921,1100,87
mil,4,35,0.001,-1.2072381509719525,11000,120
mil,4,35,0.01,-1.2021726012421818,11000,120
mil,4,35,0.1,-1.2081424116008834,11000,120
mil,5,35,0.001,-1.8944693274697164,110000,124
mil,5,35,0.01,-1.8917382470884336,110000,124
mil,5,35,0.1,-1.897874006952722,110000,124
mil,6,35,0.001,-2.2789008528138783,1100000,116
mil,6,35,0.01,-2.277791850103036,1100000,116
mil,6,35,0.1,-2.278493260030447,1100000,116
mil,0,36,0.001,-2.368582006748828,1,1
mil,0,36,0.01,-2.3685818299298447,1,1
mil,0,36,0.1,-2.3685800627241105,1,1
mil,1,36,0.001,-0.05306322161691805,11,10
mil,1,36,0.01,-0.05294761179966577,11,10
mil,1,36,0.1,-0.05287672558496841,11,10
mil,2,36,0.001,-0.07837925992524096,110,27
mil,2,36,0.01,-0.07685994149560639,110,27
mil,2,36,0.1,-0.0757612249772337,110,27
mil,3,36,0.001,-0.1506857006259941,1100,53
mil,3,36,0.01,-0.14730599599104055,1100,53
mil,3,36,0.1,-0.15216361710886256,1100,53
mil,4,36,0.001,-0.5576867144526159,11000,66
mil,4,36,0.01,-0.5530655554320306,11000,66
mil,4,36,0.1,-0.5569955785348418,11000,66
mil,5,36,0.001,-1.2178550564918627,110000,65
mil,5,36,0.01,-1.2148549684964232,110000,65
mil,5,36,0.1,-1.2170451204546693,110000,65
mil,6,36,0.001,-1.8520591226358938,1100000,60
mil,6,36,0.01,-1.850592224712669,1100000,60
mil,6,36,0.1,-1.851131520062088,1100000,60
mil,0,37,0.001,-2.0831757541633453,1,1
mil,0,37,0.01,-2.083175811082228,1,1
mil,0,37,0.1,-2.0831763809219104,1,1
mil,1,37,0.001,-0.1478182452505907,11,10
mil,1,37,0.01,-0.1477381862522143,11,10
mil,1,37,0.1,-0.1476711403779613,11,10
mil,2,37,0.001,-0.16654908686151187,110,36
mil,2,37,0.01,-0.16607213796109674,110,36
mil,2,37,0.1,-0.16594171200635952,110,36
mil,3,37,0.001,-0.18426558584035918,1100,68
mil,3,37,0.01,-0.18254384303478474,1100,68
mil,3,37,0.1,-0.18830448584147144,1100,68
mil,4,37,0.001,-0.4060933373892134,11000,77
mil,4,37,0.01,-0.40639899026632526,11000,77
mil,4,37,0.1,-0.4379207184875683,11000,77
mil,5,37,0.001,-1.317589901313768,110000,72
mil,5,37,0.01,-1.3169685119288528,110000,72
mil,5,37,0.1,-1.325917054492666,110000,72
mil,6,37,0.001,-1.6865270818570484,1100000,66
mil,6,37,0.01,-1.6860704862869083,1100000,66
mil,6,37,0.1,-1.689879238548052,1100000,66
mil,0,38,0.001,-2.1877896333120916,1,1
mil,0,38,0.01,-2.1877895574856967,1,1
mil,0,38,0.1,-2.1877887999482293,1,1
mil,1,38,0.001,-0.06301725286031584,11,10
mil,1,38,0.01,-0.06257903510030986,11,10
mil,1,38,0.1,-0.06216132169208175,11,10
mil,2,38,0.001,-0.43339264432644214,110,41
mil,2,38,0.01,-0.43017518362826823,110,41
mil,2,38,0.1,-0.42745082125269507,110,41
mil,3,38,0.001,-0.6971205749623743,1100,89
mil,3,38,0.01,-0.6914459904142753,1100,89
mil,3,38,0.1,-0.6895523889939753,1100,89
mil,4,38,0.001,-1.1857774193137978,11000,122
mil,4,38,0.01,-1.1816368468335392,11000,122
mil,4,38,0.1,-1.1841640644158995,11000,122
mil,5,38,0.001,-1.7452260987324226,110000,129
mil,5,38,0.01,-1.7424077728980827,110000,129
mil,5,38,0.1,-1.7423089993010292,110000,129
mil,6,38,0.001,-1.99937316106555,1100000,130
mil,6,38,0.01,-1.9983871621660798,1100000,130
mil,6,38,0.1,-1.999507905301593,1100000,130
mil,0,39,0.001,-2.4372920349769696,1,1
mil,0,39,0.01,-2.4372914775877246,1,1
mil,0,39,0.1,-2.437285904582835,1,1
mil,1,39,0.001,-0.07446046871445479,11,10
mil,1,39,0.01,-0.07437299315517956,11,10
mil,1,39,0.1,-0.07432285472786333,11,10
mil,2,39,0.001,-0.08866331513784069,110,37
mil,2,39,0.01,-0.0860028402626434,110,37
mil,2,39,0.1,-0.08421646384374996,110,37
mil,3,39,0.001,-0.4344005480719344,1100,100
mil,3,39,0.01,-0.42860154685059365,1100,100
mil,3,39,0.1,-0.4308109226142304,1100,100
mil,4,39,0.001,-0.8868666516648153,11000,141
mil,4,39,0.01,-0.880326203046895,11000,141
mil,4,39,0.1,-0.8841971476809589,11000,141
mil,5,39,0.001,-1.568995540048184,110000,156
mil,5,39,0.01,-1.5651666680124365,110000,156
mil,5,39,0.1,-1.568123067951662,110000,156
mil,6,39,0.001,-2.0466924844550127,1100000,157
mil,6,39,0.01,-2.0447994100106666,1100000,157
mil,6,39,0.1,-2.044831821189707,1100000,157
mil,0,40,0.001,-2.1412188914528576,1,1
mil,0,40,0.01,-2.1412185891196374,1,1
mil,0,40,0.1,-2.141215566453916,1,1
mil,1,40,0.001,-0.036457665620633954,11,10
mil,1,40,0.01,-0.03641095045385891,11,10
mil,1,40,0.1,-0.03645072258162579,11,10
mil,2,40,0.001,-0.05452030735631789,110,32
mil,2,40,0.01,-0.053566235331794186,110,32
mil,2,40,0.1,-0.05380709553182579,110,32
mil,3,40,0.001,-0.31382095395253023,1100,53
mil,3,40,0.01,-0.31157451028124333,1100,53
mil,3,40,0.1,-0.3137676198436459,1100,53
mil,4,40,0.001,-1.4004524824658628,11000,61
mil,4,40,0.01,-1.398298230473501,11000,61
mil,4,40,0.1,-1.4006510181361094,11000,61
mil,5,40,0.001,-1.6658069174215624,110000,62
mil,5,40,0.01,-1.6645049147104007,110000,62
mil,5,40,0.1,-1.6673492565904389,110000,62
mil,6,40,0.001,-1.7833959286885268,1100000,60
mil,6,40,0.01,-1.7823733445201067,1100000,60
mil,6,40,0.1,-1.785433135879725,1100000,60
mil,0,41,0.001,-2.134406170863972,1,1
mil,0,41,0.01,-2.1344061321496994,1,1
mil,0,41,0.1,-2.134405745579879,1,1
mil,1,41,0.001,-0.04060299531530864,11,10
mil,1,41,0.01,-0.04060824795831024,11,10
mil,1,41,0.1,-0.04066102765374893,11,10
mil,2,41,0.001,-0.05675124053274188,110,36
mil,2,41,0.01,-0.05601778388080719,110,36
mil,2,41,0.1,-0.055933552812308295,110,36
mil,3,41,0.001,-0.11367953656631091,1100,72
mil,3,41,0.01,-0.10978798408105726,1100,72
mil,3,41,0.1,-0.11156847796894764,1100,72
mil,4,41,0.001,-0.48428901319265283,11000,88
mil,4,41,0.01,-0.47872957633966384,11000,88
mil,4,41,0.1,-0.48555162816980235,11000,88
mil,5,41,0.001,-1.3793327403165823,110000,93
mil,5,41,0.01,-1.3783075881580482,110000,93
mil,5,41,0.1,-1.4001888904473851,110000,93
mil,6,41,0.001,-2.2903363418857614,1100000,93
mil,6,41,0.01,-2.2893551066049422,1100000,93
mil,6,41,0.1,-2.29055928574722,1100000,93
mil,0,42,0.001,-2.5772472725207534,1,1
mil,0,42,0.01,-2.5772467864061577,1,1
mil,0,42,0.1,-2.5772419257877037,1,1
mil,1,42,0.001,-0.07218538386982178,11,10
mil,1,42,0.01,-0.06846468165824969,11,10
mil,1,42,0.1,-0.064801002976364,11,10
mil,2,42,0.001,-0.4326061621884003,110,39
mil,2,42,0.01,-0.4274923378770396,110,39
mil,2,42,0.1,-0.42301531903233464,110,39
mil,3,42,0.001,-0.6592502986948585,1100,82
mil,3,42,0.01,-0.6567863788431706,1100,82
mil,3,42,0.1,-0.6599735448872547,1100,82
mil,4,42,0.001,-1.1373116732626884,11000,112
mil,4,42,0.01,-1.1346488581721763,11000,112
mil,4,42,0.1,-1.1367008735348152,11000,112
mil,5,42,0.001,-1.6093965194098123,110000,119
mil,5,42,0.01,-1.6082050007701674,110000,119
mil,5,42,0.1,-1.6094087817393012,110000,119
mil,6,42,0.001,-2.1437660017532263,1100000,114
mil,6,42,0.01,-2.14306309811141,1100000,114
mil,6,42,0.1,-2.1428601152238,1100000,114
mil,0,43,0.001,-2.1294721651089525,1,1
mil,0,43,0.01,-2.1294721660250686,1,1
mil,0,43,0.1,-2.1294721756303105,1,1
mil,1,43,0.001,-0.11974914901025971,11,10
mil,1,43,0.01,-0.11938031030010288,11,10
mil,1,43,0.1,-0.11903406544798154,11,10
mil,2,43,0.001,-0.2881884302359286,110,40
mil,2,43,0.01,-0.28671162993236127,110,40
mil,2,43,0.1,-0.2857552896838742,110,40
mil,3,43,0.001,-0.5414918870832209,1100,95
mil,3,43,0.01,-0.5382999293258544,1100,95
mil,3,43,0.1,-0.5401721111960126,1100,95
mil,4,43,0.001,-0.9276469200127786,11000,151
mil,4,43,0.01,-0.9249045014459861,11000,151
mil,4,43,0.1,-0.9329668879546812,11000,151
mil,5,43,0.001,-1.6591138874712112,110000,182
mil,5,43,0.01,-1.6570301463063728,110000,182
mil,5,43,0.1,-1.657334782350429,110000,182
mil,6,43,0.001,-1.8369831066281153,1100000,195
mil,6,43,0.01,-1.835728387890152,1100000,195
mil,6,43,0.1,-1.8364570275096601,1100000,195
mil,0,44,0.001,-2.4534818367738653,1,1
mil,0,44,0.01,-2.4534812188536894,1,1
mil,0,44,0.1,-2.453475040263553,1,1
mil,1,44,0.001,-0.12827529081770384,11,10
mil,1,44,0.01,-0.1282285028306153,11,10
mil,1,44,0.1,-0.12819811558419392,11,10
mil,2,44,0.001,-0.13376148656303208,110,35
mil,2,44,0.01,-0.1298175243702466,110,35
mil,2,44,0.1,-0.12670976987681315,110,35
mil,3,44,0.001,-0.2310394194244887,1100,71
mil,3,44,0.01,-0.22665681402331814,1100,71
mil,3,44,0.1,-0.22843183179264298,1100,71
mil,4,44,0.001,-0.8321919429902763,11000,98
mil,4,44,0.01,-0.8184706097643685,11000,98
mil,4,44,0.1,-0.8216623548173039,11000,98
mil,5,44,0.001,-1.3898800627231325,110000,112
mil,5,44,0.01,-1.3893924834533657,110000,112
mil,5,44,0.1,-1.3961677702141595,110000,112
mil,6,44,0.001,-1.5367630247587132,1100000,113
mil,6,44,0.01,-1.536246277484267,1100000,113
mil,6,44,0.1,-1.54172306931116,1100000,113
mil,0,45,0.001,-2.2106933717332913,1,1
mil,0,45,0.01,-2.210692868726117,1,1
mil,0,45,0.1,-2.2106878394371137,1,1
mil,1,45,0.001,-0.035920572889362276,11,10
mil,1,45,0.01,-0.035671474253745894,11,10
mil,1,45,0.1,-0.035519636695399405,11,10
mil,2,45,0.001,-0.060221440786659274,110,34
mil,2,45,0.01,-0.05924470111444972,110,34
mil,2,45,0.1,-0.05957329122688699,110,34
mil,3,45,0.001,-0.5944611008908782,1100,62
mil,3,45,0.01,-0.590379449271574,1100,62
mil,3,45,0.1,-0.5904246460559937,1100,62
mil,4,45,0.001,-1.0656566918884556,11000,72
mil,4,45,0.01,-1.0629930109242314,11000,72
mil,4,45,0.1,-1.074054560919569,11000,72
mil,5,45,0.001,-2.014462959602888,110000,70
mil,5,45,0.01,-2.012720704922264,110000,70
mil,5,45,0.1,-2.0121283016810776,110000,70
mil,6,45,0.001,-2.3370315099447168,1100000,63
mil,6,45,0.01,-2.335034259995533,1100000,63
mil,6,45,0.1,-2.3337658602505837,1100000,63
mil,0,46,0.001,-2.2618360500654804,1,1
mil,0,46,0.01,-2.2618358592387318,1,1
mil,0,46,0.1,-2.2618339520026938,1,1
mil,1,46,0.001,-0.06612415982988977,11,10
mil,1,46,0.01,-0.06612625004771111,11,10
mil,1,46,0.1,-0.06614763959469952,11,10
mil,2,46,0.001,-0.08347470603434155,110,35
mil,2,46,0.01,-0.08193867755311957,110,35
mil,2,46,0.1,-0.0807501646652538,110,35
mil,3,46,0.001,-0.16372733383416768,1100,66
mil,3,46,0.01,-0.15896319003782164,1100,66
mil,3,46,0.1,-0.15820047856599595,1100,66
mil,4,46,0.001,-0.38231323974908993,11000,85
mil,4,46,0.01,-0.37442370226792154,11000,85
mil,4,46,0.1,-0.3796731095390038,11000,85
mil,5,46,0.001,-1.5155678967309902,110000,95
mil,5,46,0.01,-1.510048821614159,110000,95
mil,5,46,0.1,-1.513015022270147,110000,95
mil,6,46,0.001,-1.9001129490305924,1100000,96
mil,6,46,0.01,-1.8964694548284626,1100000,96
mil,6,46,0.1,-1.8980331409453148,1100000,96
mil,0,47,0.001,-1.9842668305904283,1,1
mil,0,47,0.01,-1.9842669460036182,1,1
mil,0,47,0.1,-1.9842681007231717,1,1
mil,1,47,0.001,-0.05965919754579995,11,10
mil,1,47,0.01,-0.05958715215683574,11,10
mil,1,47,0.1,-0.0595297922956494,11,10
mil,2,47,0.001,-0.10212417648400224,110,36
mil,2,47,0.01,-0.10072447854294922,110,36
mil,2,47,0.1,-0.10004675719125136,110,36
mil,3,47,0.001,-0.37929264164360704,1100,78
mil,3,47,0.01,-0.37179436544020805,1100,78
mil,3,47,0.1,-0.3682980916441045,1100,78
mil,4,47,0.001,-0.7497826191288169,11000,112
mil,4,47,0.01,-0.7424698554651074,11000,112
mil,4,47,0.1,-0.7547180221152323,11000,112
mil,5,47,0.001,-1.650400703198626,110000,133
mil,5,47,0.01,-1.6467203575630682,110000,133
mil,5,47,0.1,-1.6526881155077793,110000,133
mil,6,47,0.001,-1.9159498826276362,1100000,139
mil,6,47,0.01,-1.913220314843089,1100000,139
mil,6,47,0.1,-1.9142658211582875,1100000,139
mil,0,48,0.001,-2.2031786953008097,1,1
mil,0,48,0.01,-2.2031785609449983,1,1
mil,0,48,0.1,-2.203177217808867,1,1
mil,1,48,0.001,-0.09338248050254533,11,10
mil,1,48,0.01,-0.09325913956406563,11,10
mil,1,48,0.1,-0.09316411225396933,11,10
mil,2,48,0.001,-0.32099569131575495,110,36
mil,2,48,0.01,-0.31651181768471165,110,36
mil,2,48,0.1,-0.31284945214978593,110,36
mil,3,48,0.001,-0.7405781998623504,1100,74
mil,3,48,0.01,-0.7347215875826966,1100,74
mil,3,48,0.1,-0.7342236665050819,1100,74
mil,4,48,0.001,-1.2594060550016608,11000,104
mil,4,48,0.01,-1.2582760314416677,11000,104
mil,4,48,0.1,-1.269887112690457,11000,104
mil,5,48,0.001,-1.7743019347236402,110000,108
mil,5,48,0.01,-1.7730488226742565,110000,108
mil,5,48,0.1,-1.773902778658147,110000,108
mil,6,48,0.001,-1.9998948271088373,1100000,107
mil,6,48,0.01,-1.998994354088826,1100000,107
mil,6,48,0.1,-1.9990731932489467,1100000,107
mil,0,49,0.001,-2.056500066176483,1,1
mil,0,49,0.01,-2.0565001347573686,1,1
mil,0,49,0.1,-2.0565008211482696,1,1
mil,1,49,0.001,-0.14238294716953007,11,10
mil,1,49,0.01,-0.14231001095765852,11,10
mil,1,49,0.1,-0.14223447171234121,11,10
mil,2,49,0.001,-0.15012385715655985,110,37
mil,2,49,0.01,-0.1485609823492618,110,37
mil,2,49,0.1,-0.14776308305700808,110,37
mil,3,49,0.001,-0.1891254712279537,1100,81
mil,3,49,0.01,-0.1860267427893554,1100,81
mil,3,49,0.1,-0.19187382097428926,1100,81
mil,4,49,0.001,-0.5872826862174603,11000,110
mil,4,49,0.01,-0.5855012818681417,11000,110
mil,4,49,0.1,-0.6084989543521341,11000,110
mil,5,49,0.001,-1.5506093236886593,110000,120
mil,5,49,0.01,-1.5493096829810675,110000,120
mil,5,49,0.1,-1.5549641250145148,110000,120
mil,6,49,0.001,-1.930051924173299,1100000,124
mil,6,49,0.01,-1.9293761757042283,1100000,124
mil,6,49,0.1,-1.930311751898832,1100000,124
mil,0,50,0.001,-2.148480117859311,1,1
mil,0,50,0.01,-2.1484799944009394,1,1
mil,0,50,0.1,-2.1484787603534765,1,1
mil,1,50,0.001,-0.10574349769496819,11,10
mil,1,50,0.01,-0.10569247430100076,11,10
mil,1,50,0.1,-0.10569135685441884,11,10
mil,2,50,0.001,-0.1545868986648063,110,28
mil,2,50,0.01,-0.15449340666277553,110,28
mil,2,50,0.1,-0.15525331702794548,110,28
mil,3,50,0.001,-0.3449435830929843,1100,47
mil,3,50,0.01,-0.344177436892298,1100,47
mil,3,50,0.1,-0.3521549706951305,1100,47
mil,4,50,0.001,-1.1005750863729267,11000,53
mil,4,50,0.01,-1.0991662893998473,11000,53
mil,4,50,0.1,-1.1104498262216758,11000,53
mil,5,50,0.001,-1.5988841998684755,110000,51
mil,5,50,0.01,-1.5989437559541055,110000,51
mil,5,50,0.1,-1.6076546945425676,110000,51
mil,6,50,0.001,-1.8996065117474485,1100000,46
mil,6,50,0.01,-1.8989262448567812,1100000,46
mil,6,50,0.1,-1.8991752803789879,1100000,46
mil,0,51,0.001,-2.226955950566046,1,1
mil,0,51,0.01,-2.226955818025986,1,1
mil,0,51,0.1,-2.226954493611678,1,1
mil,1,51,0.001,-0.05491850953192289,11,10
mil,1,51,0.01,-0.054801077773905305,11,10
mil,1,51,0.1,-0.05471230291888766,11,10
mil,2,51,0.001,-0.07978465133428606,110,31
mil,2,51,0.01,-0.07877567930668396,110,31
mil,2,51,0.1,-0.07859057567533131,110,31
mil,3,51,0.001,-0.14253843018353712,1100,47
mil,3,51,0.01,-0.1369342845594587,1100,47
mil,3,51,0.1,-0.13673517488751893,1100,47
mil,4,51,0.001,-0.8675327159932601,11000,54
mil,4,51,0.01,-0.8623175478530799,11000,54
mil,4,51,0.1,-0.8685318696341158,11000,54
mil,5,51,0.001,-1.4657149060769195,110000,53
mil,5,51,0.01,-1.464273726173036,110000,53
mil,5,51,0.1,-1.475164265845236,110000,53
mil,6,51,0.001,-1.669476862904633,1100000,50
mil,6,51,0.01,-1.6680122691470098,1100000,50
mil,6,51,0.1,-1.6734654820593966,1100000,50
mil,0,52,0.001,-2.2826379362347753,1,1
mil,0,52,0.01,-2.2826377960970814,1,1
mil,0,52,0.1,-2.2826363955408056,1,1
mil,1,52,0.001,-0.06618804339243203,11,10
mil,1,52,0.01,-0.06619121539065664,11,10
mil,1,52,0.1,-0.06622349528654817,11,10
mil,2,52,0.001,-0.07705598154979801,110,37
mil,2,52,0.01,-0.07511323201269002,110,37
mil,2,52,0.1,-0.07365768895390598,110,37
mil,3,52,0.001,-0.2151362037480438,1100,73
mil,3,52,0.01,-0.21071744929647487,1100,73
mil,3,52,0.1,-0.2124617339986117,1100,73
mil,4,52,0.001,-0.7034815121582386,11000,91
mil,4,52,0.01,-0.7003247070421929,11000,91
mil,4,52,0.1,-0.713785969865607,11000,91
mil,5,52,0.001,-1.3508982593292294,110000,96
mil,5,52,0.01,-1.3474455803596181,110000,96
mil,5,52,0.1,-1.3559788974627598,110000,96
mil,6,52,0.001,-1.748344541169646,1100000,95
mil,6,52,0.01,-1.7458021601651978,1100000,95
mil,6,52,0.1,-1.7494026464371335,1100000,95
mil,0,53,0.001,-1.982686526696047,1,1
mil,0,53,0.01,-1.9826866123137936,1,1
mil,0,53,0.1,-1.9826874690715137,1,1
mil,1,53,0.001,-0.04290397053730207,11,9
mil,1,53,0.01,-0.04269396879833341,11,9
mil,1,53,0.1,-0.04251675308373287,11,9
mil,2,53,0.001,-0.43839486550431817,110,36
mil,2,53,0.01,-0.4367808720753275,110,36
mil,2,53,0.1,-0.4364093959848203,110,36
mil,3,53,0.001,-0.8296402962841148,1100,67
mil,3,53,0.01,-0.8253272435079976,1100,67
mil,3,53,0.1,-0.8249328748571353,1100,67
mil,4,53,0.001,-1.2391494340170017,11000,76
mil,4,53,0.01,-1.2358940313995923,11000,76
mil,4,53,0.1,-1.242119205871081,11000,76
mil,5,53,0.001,-2.025058277595025,110000,75
mil,5,53,0.01,-2.023988472534117,110000,75
mil,5,53,0.1,-2.026476287421966,110000,75
mil,6,53,0.001,-2.3459431517852383,1100000,69
mil,6,53,0.01,-2.3450291668560648,1100000,69
mil,6,53,0.1,-2.344615364415629,1100000,69
mil,0,54,0.001,-2.2521889541286,1,1
mil,0,54,0.01,-2.2521887815457946,1,1
mil,0,54,0.1,-2.2521870570389453,1,1
mil,1,54,0.001,-0.08754726224667031,11,10
mil,1,54,0.01,-0.08738491679937835,11,10
mil,1,54,0.1,-0.08722754230447359,11,10
mil,2,54,0.001,-0.11021245932083391,110,37
mil,2,54,0.01,-0.10904243060280559,110,37
mil,2,54,0.1,-0.1081706259267321,110,37
mil,3,54,0.001,-0.1809714680423554,1100,67
mil,3,54,0.01,-0.17530141473756883,1100,67
mil,3,54,0.1,-0.18134066586337244,1100,67
mil,4,54,0.001,-0.8755601025212147,11000,86
mil,4,54,0.01,-0.8141339403516691,11000,86
mil,4,54,0.1,-0.789169952552049,11000,86
mil,5,54,0.001,-1.2848916687167498,110000,86
mil,5,54,0.01,-1.2818715176698625,110000,86
mil,5,54,0.1,-1.2888579256174388,110000,86
mil,6,54,0.001,-1.562727658756558,1100000,81
mil,6,54,0.01,-1.5609864767299793,1100000,81
mil,6,54,0.1,-1.5689977001286168,1100000,81
mil,0,55,0.001,-2.300119354596568,1,1
mil,0,55,0.01,-2.3001191963361833,1,1
mil,0,55,0.1,-2.300117614329416,1,1
mil,1,55,0.001,-0.048321315885108795,11,10
mil,1,55,0.01,-0.04804265025347234,11,10
mil,1,55,0.1,-0.04781189469697207,11,10
mil,2,55,0.001,-0.3068385016403969,110,39
mil,2,55,0.01,-0.3062318399244527,110,39
mil,2,55,0.1,-0.30673021722522303,110,39
mil,3,55,0.001,-0.42886451971771034,1100,79
mil,3,55,0.01,-0.4260859749335846,1100,79
mil,3,55,0.1,-0.4277128602549993,1100,79
mil,4,55,0.001,-0.66182610116001,11000,102
mil,4,55,0.01,-0.6584736392867276,11000,102
mil,4,55,0.1,-0.6703420704259442,11000,102
mil,5,55,0.001,-1.445341258166943,110000,108
mil,5,55,0.01,-1.4437822581438,110000,108
mil,5,55,0.1,-1.4462858812748933,110000,108
mil,6,55,0.001,-1.4153896760915128,1100000,107
mil,6,55,0.01,-1.4148327712937778,1100000,107
mil,6,55,0.1,-1.422305827423814,1100000,107
mil,0,56,0.001,-2.2436879924459743,1,1
mil,0,56,0.01,-2.243687898142112,1,1
mil,0,56,0.1,-2.243686955889923,1,1
mil,1,56,0.001,-0.064373413497748,11,9
mil,1,56,0.01,-0.06408752442203525,11,9
mil,1,56,0.1,-0.06383017575018686,11,9
mil,2,56,0.001,-0.45055993062787647,110,31
mil,2,56,0.01,-0.44861286556994284,110,31
mil,2,56,0.1,-0.44696938148433757,110,31
mil,3,56,0.001,-0.5602271616497326,1100,77
mil,3,56,0.01,-0.5568424748302067,1100,77
mil,3,56,0.1,-0.5577425873961206,1100,77
mil,4,56,0.001,-0.771717957306824,11000,106
mil,4,56,0.01,-0.7679200363354177,11000,106
mil,4,56,0.1,-0.7750478055899163,11000,106
mil,5,56,0.001,-1.2937584332882803,110000,117
mil,5,56,0.01,-1.2902292601432073,110000,117
mil,5,56,0.1,-1.2980402672894025,110000,117
mil,6,56,0.001,-1.8310568458731493,1100000,118
mil,6,56,0.01,-1.8286204601076272,1100000,118
mil,6,56,0.1,-1.8315487201788085,1100000,118
mil,0,57,0.001,-2.1068406444070806,1,1
mil,0,57,0.01,-2.1068405976567144,1,1
mil,0,57,0.1,-2.1068401308085334,1,1
mil,1,57,0.001,-0.06599603663593949,11,10
mil,1,57,0.01,-0.06599730583180406,11,10
mil,1,57,0.1,-0.06601085506208751,11,10
mil,2,57,0.001,-0.07590374912725614,110,36
mil,2,57,0.01,-0.07429627069767158,110,36
mil,2,57,0.1,-0.07318671054639178,110,36
mil,3,57,0.001,-0.15354816825926354,1100,84
mil,3,57,0.01,-0.14908214211193274,1100,84
mil,3,57,0.1,-0.15214890141777418,1100,84
mil,4,57,0.001,-1.1304491341003653,11000,123
mil,4,57,0.01,-1.1244377741017384,11000,123
mil,4,57,0.1,-1.1356054792193233,11000,123
mil,5,57,0.001,-1.9342740606999824,110000,144
mil,5,57,0.01,-1.9309210070487308,110000,144
mil,5,57,0.1,-1.9342788019080634,110000,144
mil,6,57,0.001,-2.183523036825511,1100000,151
mil,6,57,0.01,-2.181715281382955,1100000,151
mil,6,57,0.1,-2.1826562302273667,1100000,151
mil,0,58,0.001,-2.096238995823022,1,1
mil,0,58,0.01,-2.0962390273559235,1,1
mil,0,58,0.1,-2.0962393431691497,1,1
mil,1,58,0.001,-0.10756250736968077,11,10
mil,1,58,0.01,-0.10756627919253371,11,10
mil,1,58,0.1,-0.10760439636428631,11,10
mil,2,58,0.001,-0.10137215260429384,110,32
mil,2,58,0.01,-0.10074230672077891,110,32
mil,2,58,0.1,-0.10071671349993183,110,32
mil,3,58,0.001,-0.3318035513088971,1100,63
mil,3,58,0.01,-0.3309789260329426,1100,63
mil,3,58,0.1,-0.338248781788351,1100,63
mil,4,58,0.001,-0.8581846178970073,11000,77
mil,4,58,0.01,-0.8580547534253176,11000,77
mil,4,58,0.1,-0.8746460297783271,11000,77
mil,5,58,0.001,-1.5156707873229955,110000,77
mil,5,58,0.01,-1.5151312294122454,110000,77
mil,5,58,0.1,-1.5198813870182277,110000,77
mil,6,58,0.001,-1.672452373647566,1100000,73
mil,6,58,0.01,-1.6724080628959657,1100000,73
mil,6,58,0.1,-1.6763348348857015,1100000,73
mil,0,59,0.001,-2.7249591793424517,1,1
mil,0,59,0.01,-2.724958451707486,1,1
mil,0,59,0.1,-2.7249511761205314,1,1
mil,1,59,0.001,-0.08888046879093991,11,10
mil,1,59,0.01,-0.08824661204141769,11,10
mil,1,59,0.1,-0.08750397115093611,11,10
mil,2,59,0.001,-0.1594264785735404,110,38
mil,2,59,0.01,-0.15224500031002697,110,38
mil,2,59,0.1,-0.14593406066878234,110,38
mil,3,59,0.001,-0.40063097870627307,1100,83
mil,3,59,0.01,-0.39139156921830615,1100,83
mil,3,59,0.1,-0.38586431357384393,1100,83
mil,4,59,0.001,-1.4435219712177658,11000,113
mil,4,59,0.01,-1.4401829413427267,11000,113
mil,4,59,0.1,-1.4410513670144829,11000,113
mil,5,59,0.001,-1.7663582704934713,110000,123
mil,5,59,0.01,-1.764421351040339,110000,123
mil,5,59,0.1,-1.7658140772033226,110000,123
mil,6,59,0.001,-1.9022395610574057,1100000,126
mil,6,59,0.01,-1.9017533189511,1100000,126
mil,6,59,0.1,-1.9064815430356892,1100000,126
mil,0,60,0.001,-2.0178550566950126,1,1
mil,0,60,0.01,-2.0178551715284985,1,1
mil,0,60,0.1,-2.0178563203738897,1,1
mil,1,60,0.001,-0.048053787134821266,11,10
mil,1,60,0.01,-0.04786578394946744,11,10
mil,1,60,0.1,-0.04771265271963822,11,10
mil,2,60,0.001,-0.438028790269795,110,40
mil,2,60,0.01,-0.4363093801664651,110,40
mil,2,60,0.1,-0.43513885227782,110,40
mil,3,60,0.001,-0.7300507306547916,1100,82
mil,3,60,0.01,-0.7259180744323657,1100,82
mil,3,60,0.1,-0.7249133577346725,1100,82
mil,4,60,0.001,-1.0163504205893663,11000,99
mil,4,60,0.01,-1.0122808585786236,11000,99
mil,4,60,0.1,-1.0158296951474155,11000,99
mil,5,60,0.001,-1.7110054716360805,110000,103
mil,5,60,0.01,-1.709197661236731,110000,103
mil,5,60,0.1,-1.714217093692656,110000,103
mil,6,60,0.001,-2.0350979487893683,1100000,99
mil,6,60,0.01,-2.0333188146627483,1100000,99
mil,6,60,0.1,-2.0369633498975057,1100000,99
mil,0,61,0.001,-2.2183311086732127,1,1
mil,0,61,0.01,-2.218330914791809,1,1
mil,0,61,0.1,-2.218328976504277,1,1
mil,1,61,0.001,-0.1328284639272721,11,10
mil,1,61,0.01,-0.13276422635688861,11,10
mil,1,61,0.1,-0.13264771555285404,11,10
mil,2,61,0.001,-0.13477479458885427,110,36
mil,2,61,0.01,-0.13045144439047288,110,36
mil,2,61,0.1,-0.12737297491190888,110,36
mil,3,61,0.001,-0.5012473562125698,1100,74
mil,3,61,0.01,-0.4959095546860685,1100,74
mil,3,61,0.1,-0.4977166982157253,1100,74
mil,4,61,0.001,-1.405494818502269,11000,101
mil,4,61,0.01,-1.4048823536874624,11000,101
mil,4,61,0.1,-1.4196559681580911,11000,101
mil,5,61,0.001,-1.9219386274048114,110000,108
mil,5,61,0.01,-1.9207466698672244,110000,108
mil,5,61,0.1,-1.9212809056858264,110000,108
mil,6,61,0.001,-2.0316302420574677,1100000,106
mil,6,61,0.01,-2.0307674466220376,1100000,106
mil,6,61,0.1,-2.0306543189905644,1100000,106
mil,0,62,0.001,-1.860077586472722,1,1
mil,0,62,0.01,-1.860077813856171,1,1
mil,0,62,0.1,-1.8600800883128252,1,1
mil,1,62,0.001,-0.046411826750791516,11,10
mil,1,62,0.01,-0.04633454681613078,11,10
mil,1,62,0.1,-0.046279403199812656,11,10
mil,2,62,0.001,-0.10975471186004644,110,33
mil,2,62,0.01,-0.10694312443377785,110,33
mil,2,62,0.1,-0.10471832882642534,110,33
mil,3,62,0.001,-0.41543136461586766,1100,55
mil,3,62,0.01,-0.41138409301561063,1100,55
mil,3,62,0.1,-0.4109113617511695,1100,55
mil,4,62,0.001,-0.8556335123254789,11000,62
mil,4,62,0.01,-0.8530204644227467,11000,62
mil,4,62,0.1,-0.8620675037781549,11000,62
mil,5,62,0.001,-1.684258342278848,110000,62
mil,5,62,0.01,-1.6823701618955569,110000,62
mil,5,62,0.1,-1.6871784943666204,110000,62
mil,6,62,0.001,-2.025613295612354,1100000,60
mil,6,62,0.01,-2.0241515360129005,1100000,60
mil,6,62,0.1,-2.0275344148951513,1100000,60
mil,0,63,0.001,-2.1718385962436884,1,1
mil,0,63,0.01,-2.1718384539980287,1,1
mil,0,63,0.1,-2.171837032123194,1,1
mil,1,63,0.001,-0.05719512231056275,11,10
mil,1,63,0.01,-0.056998880794205925,11,10
mil,1,63,0.1,-0.056837255878167216,11,10
mil,2,63,0.001,-0.27658021882079187,110,43
mil,2,63,0.01,-0.27558304380295556,110,43
mil,2,63,0.1,-0.27525181981200036,110,43
mil,3,63,0.001,-0.4640586826785231,1100,100
mil,3,63,0.01,-0.46037251899737536,1100,100
mil,3,63,0.1,-0.4600412307379724,1100,100
mil,4,63,0.001,-1.2786716403630116,11000,138
mil,4,63,0.01,-1.2744308612727884,11000,138
mil,4,63,0.1,-1.2741307862404991,11000,138
mil,5,63,0.001,-1.7397535556150379,110000,158
mil,5,63,0.01,-1.7374121615470792,110000,158
mil,5,63,0.1,-1.7396135304975022,110000,158
mil,6,63,0.001,-1.9798497930619008,1100000,162
mil,6,63,0.01,-1.9786133485720576,1100000,162
mil,6,63,0.1,-1.9806370402893378,1100000,162
mil,0,64,0.001,-1.9025427986297099,1,1
mil,0,64,0.01,-1.902542960469395,1,1
mil,0,64,0.1,-1.9025445795440532,1,1
mil,1,64,0.001,-0.04700361052872781,11,10
mil,1,64,0.01,-0.04700515814480409,11,10
mil,1,64,0.1,-0.047021091315371806,11,10
mil,2,64,0.001,-0.07345951716289183,110,32
mil,2,64,0.01,-0.07217064772354065,110,32
mil,2,64,0.1,-0.07196953855131438,110,32
mil,3,64,0.001,-0.1158694113771034,1100,58
mil,3,64,0.01,-0.10959848159222704,1100,58
mil,3,64,0.1,-0.10856657667364185,1100,58
mil,4,64,0.001,-0.5919888749647156,11000,65
mil,4,64,0.01,-0.5868176000861343,11000,65
mil,4,64,0.1,-0.6014963110338388,11000,65
mil,5,64,0.001,-1.5876060746053007,110000,67
mil,5,64,0.01,-1.5853378647125913,110000,67
mil,5,64,0.1,-1.5937669265812497,110000,67
mil,6,64,0.001,-1.8812579087327015,1100000,65
mil,6,64,0.01,-1.879710936513278,1100000,65
mil,6,64,0.1,-1.8845840832128546,1100000,65
mil,0,65,0.001,-2.0452914019331536,1,1
mil,0,65,0.01,-2.0452915194903536,1,1
mil,0,65,0.1,-2.0452926955038278,1,1
mil,1,65,0.001,-0.10928609586703911,11,10
mil,1,65,0.01,-0.10912590521573992,11,10
mil,1,65,0.1,-0.10898577211878614,11,10
mil,2,65,0.001,-0.37155424831239164,110,41
mil,2,65,0.01,-0.37076413085376325,110,41
mil,2,65,0.1,-0.3704458783244168,110,41
mil,3,65,0.001,-0.41649265027376786,1100,89
mil,3,65,0.01,-0.4134925095727864,1100,89
mil,3,65,0.1,-0.4167646543188986,1100,89
mil,4,65,0.001,-0.707834702229226,11000,123
mil,4,65,0.01,-0.7059749894789571,11000,123
mil,4,65,0.1,-0.7266726286221975,11000,123
mil,5,65,0.001,-1.4305946448351818,110000,138
mil,5,65,0.01,-1.4289136753936118,110000,138
mil,5,65,0.1,-1.4349585005113201,110000,138
mil,6,65,0.001,-1.7263980489257988,1100000,139
mil,6,65,0.01,-1.7251979895574079,1100000,139
mil,6,65,0.1,-1.727549928611508,1100000,139
mil,0,66,0.001,-2.329717553118256,1,1
mil,0,66,0.01,-2.3297173178232766,1,1
mil,0,66,0.1,-2.329714965949693,1,1
mil,1,66,0.001,-0.08228802487752604,11,10
mil,1,66,0.01,-0.08215923499641767,11,10
mil,1,66,0.1,-0.08204330548350162,11,10
mil,2,66,0.001,-0.10336490496428877,110,36
mil,2,66,0.01,-0.1004662207541813,110,36
mil,2,66,0.1,-0.09798445287194216,110,36
mil,3,66,0.001,-0.2914678274034279,1100,85
mil,3,66,0.01,-0.28566767914177055,1100,85
mil,3,66,0.1,-0.2878770678767528,1100,85
mil,4,66,0.001,-0.6588755930841045,11000,123
mil,4,66,0.01,-0.6530890324856555,11000,123
mil,4,66,0.1,-0.6620488318758111,11000,123
mil,5,66,0.001,-1.25834915113481,110000,130
mil,5,66,0.01,-1.252880981069198,110000,130
mil,5,66,0.1,-1.2525633050475684,110000,130
mil,6,66,0.001,-1.8531971840306374,1100000,128
mil,6,66,0.01,-1.850294370877283,1100000,128
mil,6,66,0.1,-1.8502276256787387,1100000,128
mil,0,67,0.001,-2.393696482843749,1,1
mil,0,67,0.01,-2.3936960411140116,1,1
mil,0,67,0.1,-2.3936916251215763,1,1
mil,1,67,0.001,-0.08962371834204126,11,10
mil,1,67,0.01,-0.08932090736079772,11,10
mil,1,67,0.1,-0.0890490763930677,11,10
mil,2,67,0.001,-0.10933807973229391,110,32
mil,2,67,0.01,-0.10716998110547409,110,32
mil,2,67,0.1,-0.10524702984653786,110,32
mil,3,67,0.001,-0.33465835225193735,1100,58
mil,3,67,0.01,-0.32986232216765565,1100,58
mil,3,67,0.1,-0.33437699449671476,1100,58
mil,4,67,0.001,-0.7954686589447726,11000,73
mil,4,67,0.01,-0.7908078016382881,11000,73
mil,4,67,0.1,-0.7969072198336912,11000,73
mil,5,67,0.001,-1.6697249182045646,110000,75
mil,5,67,0.01,-1.6668570699140073,110000,75
mil,5,67,0.1,-1.6686407075277785,110000,75
mil,6,67,0.001,-2.1773625322770513,1100000,71
mil,6,67,0.01,-2.174615644096133,1100000,71
mil,6,67,0.1,-2.1724211613519873,1100000,71
mil,0,68,0.001,-2.443890718363523,1,1
mil,0,68,0.01,-2.443890336592305,1,1
mil,0,68,0.1,-2.443886519389672,1,1
mil,1,68,0.001,-0.055926041808116785,11,10
mil,1,68,0.01,-0.05592760368321944,11,10
mil,1,68,0.1,-0.05594515570023626,11,10
mil,2,68,0.001,-0.06719481182013126,110,34
mil,2,68,0.01,-0.06292258376856985,110,34
mil,2,68,0.1,-0.059463802384386685,110,34
mil,3,68,0.001,-0.27486051057539074,1100,66
mil,3,68,0.01,-0.27581768546112057,1100,66
mil,3,68,0.1,-0.32466212141284767,1100,66
mil,4,68,0.001,-1.214299434192679,11000,88
mil,4,68,0.01,-1.2126686321304514,11000,88
mil,4,68,0.1,-1.2188640872833045,11000,88
mil,5,68,0.001,-1.593721115770351,110000,99
mil,5,68,0.01,-1.5929222814353032,110000,99
mil,5,68,0.1,-1.5980072046111389,110000,99
mil,6,68,0.001,-1.6186770096359429,1100000,99
mil,6,68,0.01,-1.6178950099004652,1100000,99
mil,6,68,0.1,-1.624766305290276,1100000,99
mil,0,69,0.001,-2.370796262344213,1,1
mil,0,69,0.01,-2.3707960094169,1,1
mil,0,69,0.1,-2.37079348091793,1,1
mil,1,69,0.001,-0.03874686866838735,11,10
mil,1,69,0.01,-0.03875324230897532,11,10
mil,1,69,0.1,-0.038817301121417694,11,10
mil,2,69,0.001,-0.055837674427904146,110,27
mil,2,69,0.01,-0.05469528857146182,110,27
mil,2,69,0.1,-0.05432490422426967,110,27
mil,3,69,0.001,-0.44977045680153377,1100,46
mil,3,69,0.01,-0.4468084830102406,1100,46
mil,3,69,0.1,-0.4476524014660043,1100,46
mil,4,69,0.001,-0.6379702086872817,11000,53
mil,4,69,0.01,-0.6333027440217397,11000,53
mil,4,69,0.1,-0.6340598609116704,11000,53
mil,5,69,0.001,-1.9114515251129343,110000,53
mil,5,69,0.01,-1.9094011478270911,110000,53
mil,5,69,0.1,-1.9114098605983711,110000,53
mil,6,69,0.001,-2.216012120213768,1100000,52
mil,6,69,0.01,-2.2145997247970954,1100000,52
mil,6,69,0.1,-2.216744580589357,1100000,52
mil,0,70,0.001,-2.2813219848555395,1,1
mil,0,70,0.01,-2.2813217770561285,1,1
mil,0,70,0.1,-2.2813197000459597,1,1
mil,1,70,0.001,-0.06963927587406511,11,10
mil,1,70,0.01,-0.06940556247537408,11,10
mil,1,70,0.1,-0.06920409960101485,11,10
mil,2,70,0.001,-0.09748002358350416,110,35
mil,2,70,0.01,-0.09576867231764175,110,35
mil,2,70,0.1,-0.0945390547492013,110,35
mil,3,70,0.001,-0.46125962281542304,1100,73
mil,3,70,0.01,-0.4571097360840961,1100,73
mil,3,70,0.1,-0.4562613512233313,1100,73
mil,4,70,0.001,-0.8200833938611755,11000,92
mil,4,70,0.01,-0.814663110555654,11000,92
mil,4,70,0.1,-0.8146393693595985,11000,92
mil,5,70,0.001,-1.5529329611445115,110000,101
mil,5,70,0.01,-1.5495620886001842,110000,101
mil,5,70,0.1,-1.5485995365614913,110000,101
mil,6,70,0.001,-1.890312784520941,1100000,100
mil,6,70,0.01,-1.887672407702742,1100000,100
mil,6,70,0.1,-1.8873228581634098,1100000,100
mil,0,71,0.001,-2.115895531298815,1,1
mil,0,71,0.01,-2.1158951903995584,1,1
mil,0,71,0.1,-2.1158917824350914,1,1
mil,1,71,0.001,-0.04454007839496048,11,9
mil,1,71,0.01,-0.044546655214067345,11,9
mil,1,71,0.1,-0.044612737237378304,11,9
mil,2,71,0.001,-0.05000729878323497,110,27
mil,2,71,0.01,-0.049367567070986496,110,27
mil,2,71,0.1,-0.049460243460860316,110,27
mil,3,71,0.001,-0.37481801848729746,1100,49
mil,3,71,0.01,-0.37272269584724516,1100,49
mil,3,71,0.1,-0.37802974516128623,1100,49
mil,4,71,0.001,-1.698519371235791,11000,48
mil,4,71,0.01,-1.6956391897127117,11000,48
mil,4,71,0.1,-1.6957034700265714,11000,48
mil,5,71,0.001,-2.243169091494435,110000,45
mil,5,71,0.01,-2.2412470403054088,110000,45
mil,5,71,0.1,-2.2440016941467738,110000,45
mil,6,71,0.001,-2.2898281349703415,1100000,40
mil,6,71,0.01,-2.289633366851766,1100000,40
mil,6,71,0.1,-2.2900236033403303,1100000,40
mil,0,72,0.001,-2.399603985912584,1,1
mil,0,72,0.01,-2.3996035224398775,1,1
mil,0,72,0.1,-2.399598888311962,1,1
mil,1,72,0.001,-0.062003752137032124,11,10
mil,1,72,0.01,-0.06200747746977298,11,10
mil,1,72,0.1,-0.062045896582784615,11,10
mil,2,72,0.001,-0.0663372292451418,110,39
mil,2,72,0.01,-0.06530695473625714,110,39
mil,2,72,0.1,-0.06480668228959305,110,39
mil,3,72,0.001,-0.2501687813646682,1100,83
mil,3,72,0.01,-0.23974850299163147,1100,83
mil,3,72,0.1,-0.23580158915207355,1100,83
mil,4,72,0.001,-1.551461049826072,11000,103
mil,4,72,0.01,-1.5491659654428622,11000,103
mil,4,72,0.1,-1.5523557896670488,11000,103
mil,5,72,0.001,-1.8528052710883738,110000,108
mil,5,72,0.01,-1.8520174861388012,110000,108
mil,5,72,0.1,-1.85897524453499,110000,108
mil,6,72,0.001,-2.06685024938828,1100000,104
mil,6,72,0.01,-2.065713247708525,1100000,104
mil,6,72,0.1,-2.0684655753166936,1100000,104
mil,0,73,0.001,-2.812983819052811,1,1
mil,0,73,0.01,-2.812982673462097,1,1
mil,0,73,0.1,-2.8129712183934563,1,1
mil,1,73,0.001,-0.060846220985779326,11,10
mil,1,73,0.01,-0.06085631696093507,11,10
mil,1,73,0.1,-0.06095844624574538,11,10
mil,2,73,0.001,-0.06644309814453729,110,36
mil,2,73,0.01,-0.0656067281054625,110,36
mil,2,73,0.1,-0.06543527643677652,110,36
mil,3,73,0.001,-0.11789974874412452,1100,77
mil,3,73,0.01,-0.10761053563367215,1100,77
mil,3,73,0.1,-0.10337100841802915,1100,77
mil,4,73,0.001,-0.8197965359843684,11000,106
mil,4,73,0.01,-0.8176841685411925,11000,106
mil,4,73,0.1,-0.8271429942435319,11000,106
mil,5,73,0.001,-1.5948691538553526,110000,116
mil,5,73,0.01,-1.5932350566173035,110000,116
mil,5,73,0.1,-1.5947664674557978,110000,116
mil,6,73,0.001,-1.6950783690452427,1100000,115
mil,6,73,0.01,-1.694317112313924,1100000,115
mil,6,73,0.1,-1.698085007992514,1100000,115
mil,0,74,0.001,-2.7384134492128753,1,1
mil,0,74,0.01,-2.7384124238941645,1,1
mil,0,74,0.1,-2.7384021714406095,1,1
mil,1,74,0.001,-0.08214363823623944,11,10
mil,1,74,0.01,-0.08214628675661115,11,10
mil,1,74,0.1,-0.08217552519195281,11,10
mil,2,74,0.001,-0.09037617625372191,110,35
mil,2,74,0.01,-0.08571491923075848,110,35
mil,2,74,0.1,-0.0820522592719879,110,35
mil,3,74,0.001,-0.18389197076778938,1100,83
mil,3,74,0.01,-0.17637438180016307,1100,83
mil,3,74,0.1,-0.17571299284122674,1100,83
mil,4,74,0.001,-1.4129458683298193,11000,128
mil,4,74,0.01,-1.409095039207328,11000,128
mil,4,74,0.1,-1.4144391983917173,11000,128
mil,5,74,0.001,-1.8887192822146464,110000,156
mil,5,74,0.01,-1.8873305659981952,110000,156
mil,5,74,0.1,-1.8933045486769733,110000,156
mil,6,74,0.001,-2.064495327482633,1100000,167
mil,6,74,0.01,-2.0631819315874544,1100000,167
mil,6,74,0.1,-2.0674239003655366,1100000,167
mil,0,75,0.001,-2.5381560474969045,1,1
mil,0,75,0.01,-2.5381556089575517,1,1
mil,0,75,0.1,-2.5381512243749085,1,1
mil,1,75,0.001,-0.07360247807812174,11,10
mil,1,75,0.01,-0.07360690727535464,11,10
mil,1,75,0.1,-0.07365202995387046,11,10
mil,2,75,0.001,-0.07328587888914107,110,36
mil,2,75,0.01,-0.07237542787718312,110,36
mil,2,75,0.1,-0.0721248526721567,110,36
mil,3,75,0.001,-0.36096104683524594,1100,77
mil,3,75,0.01,-0.35608759172147636,1100,77
mil,3,75,0.1,-0.35477937298757695,1100,77
mil,4,75,0.001,-0.7850657490328975,11000,121
mil,4,75,0.01,-0.7783364736865089,11000,121
mil,4,75,0.1,-0.7819277255139965,11000,121
mil,5,75,0.001,-1.8773902126652866,110000,151
mil,5,75,0.01,-1.8739138991968602,110000,151
mil,5,75,0.1,-1.8736549919912235,110000,151
mil,6,75,0.001,-2.0836866788574424,1100000,164
mil,6,75,0.01,-2.0818283643955757,1100000,164
mil,6,75,0.1,-2.0816706031430563,1100000,164
mil,0,76,0.001,-2.536003007421286,1,1
mil,0,76,0.01,-2.536002486902338,1,1
mil,0,76,0.1,-2.5359972824439385,1,1
mil,1,76,0.001,-0.084264515974957,11,10
mil,1,76,0.01,-0.08402336790126294,11,10
mil,1,76,0.1,-0.08374735955139231,11,10
mil,2,76,0.001,-0.37987896841525076,110,38
mil,2,76,0.01,-0.3726358262316914,110,38
mil,2,76,0.1,-0.3666171829059855,110,38
mil,3,76,0.001,-1.0032038070383855,1100,83
mil,3,76,0.01,-0.9948880902180235,1100,83
mil,3,76,0.1,-0.9970485151782328,1100,83
mil,4,76,0.001,-1.6308934237016144,11000,113
mil,4,76,0.01,-1.6276426886002877,11000,113
mil,4,76,0.1,-1.6278866856335632,11000,113
mil,5,76,0.001,-1.9150628133232108,110000,126
mil,5,76,0.01,-1.9129932222478356,110000,126
mil,5,76,0.1,-1.9149072462912793,110000,126
mil,6,76,0.001,-2.1198187389333794,1100000,130
mil,6,76,0.01,-2.1189684214810973,1100000,130
mil,6,76,0.1,-2.120040731837167,1100000,130
mil,0,77,0.001,-2.059216069704897,1,1
mil,0,77,0.01,-2.0592161614986244,1,1
mil,0,77,0.1,-2.059217079886852,1,1
mil,1,77,0.001,-0.10361066975881522,11,10
mil,1,77,0.01,-0.10361384363218495,11,10
mil,1,77,0.1,-0.10364591391424324,11,10
mil,2,77,0.001,-0.1027623564356837,110,33
mil,2,77,0.01,-0.10197001339426681,110,33
mil,2,77,0.1,-0.10194938740666944,110,33
mil,3,77,0.001,-0.368261310230498,1100,61
mil,3,77,0.01,-0.36669235092926133,1100,61
mil,3,77,0.1,-0.37068963793655696,1100,61
mil,4,77,0.001,-0.9380701093166712,11000,84
mil,4,77,0.01,-0.9374691360984857,11000,84
mil,4,77,0.1,-0.9515629031801643,11000,84
mil,5,77,0.001,-1.7007002508306415,110000,92
mil,5,77,0.01,-1.6996434714377242,110000,92
mil,5,77,0.1,-1.7033040164376518,110000,92
mil,6,77,0.001,-2.03599317596453,1100000,90
mil,6,77,0.01,-2.0352972021883926,1100000,90
mil,6,77,0.1,-2.0364148339011976,1100000,90
mil,0,78,0.001,-2.158746361768692,1,1
mil,0,78,0.01,-2.1587460290391944,1,1
mil,0,78,0.1,-2.1587427026244272,1,1
mil,1,78,0.001,-0.06540413864434738,11,10
mil,1,78,0.01,-0.06531341317549184,11,10
mil,1,78,0.1,-0.06526496096905533,11,10
mil,2,78,0.001,-0.08071365556193567,110,40
mil,2,78,0.01,-0.07867617064568702,110,40
mil,2,78,0.1,-0.07748226745642968,110,40
mil,3,78,0.001,-0.45178792622695113,1100,76
mil,3,78,0.01,-0.44809388052979543,1100,76
mil,3,78,0.1,-0.4482347211379094,1100,76
mil,4,78,0.001,-1.5254040225905945,11000,92
mil,4,78,0.01,-1.5225301099226798,11000,92
mil,4,78,0.1,-1.5316834237506087,11000,92
mil,5,78,0.001,-1.966064100032164,110000,94
mil,5,78,0.01,-1.964455420565791,110000,94
mil,5,78,0.1,-1.968516985075251,110000,94
mil,6,78,0.001,-2.104229491062694,1100000,90
mil,6,78,0.01,-2.103070261263817,1100000,90
mil,6,78,0.1,-2.106482048678105,1100000,90
mil,0,79,0.001,-2.3297658845669234,1,1
mil,0,79,0.01,-2.329765388321544,1,1
mil,0,79,0.1,-2.329760426562666,1,1
mil,1,79,0.001,-0.06016511129684167,11,10
mil,1,79,0.01,-0.0601688095962673,11,10
mil,1,79,0.1,-0.06020672647553639,11,10
mil,2,79,0.001,-0.06700449960205922,110,32
mil,2,79,0.01,-0.06664019075960169,110,32
mil,2,79,0.1,-0.06663200939932594,110,32
mil,3,79,0.001,-0.12044526936701518,1100,56
mil,3,79,0.01,-0.10770923364600886,1100,56
mil,3,79,0.1,-0.09984314338087409,1100,56
mil,4,79,0.001,-1.692017438256541,11000,69
mil,4,79,0.01,-1.6897666055298004,11000,69
mil,4,79,0.1,-1.691986691536126,11000,69
mil,5,79,0.001,-1.997638004480058,110000,67
mil,5,79,0.01,-1.9962111625746553,110000,67
mil,5,79,0.1,-1.997511191503866,110000,67
mil,6,79,0.001,-2.140406211995159,1100000,64
mil,6,79,0.01,-2.139651447854937,1100000,64
mil,6,79,0.1,-2.139589737998946,1100000,64
mil,0,80,0.001,-2.364914451016317,1,1
mil,0,80,0.01,-2.364914175516972,1,1
mil,0,80,0.1,-2.3649114215724323,1,1
mil,1,80,0.001,-0.09035518074890866,11,10
mil,1,80,0.01,-0.09010453953958608,11,10
mil,1,80,0.1,-0.08986666432553915,11,10
mil,2,80,0.001,-0.1265467238615389,110,38
mil,2,80,0.01,-0.12465783754280786,110,38
mil,2,80,0.1,-0.12304689239385251,110,38
mil,3,80,0.001,-0.22553344943115344,1100,74
mil,3,80,0.01,-0.2189699613337714,1100,74
mil,3,80,0.1,-0.21598497057488497,1100,74
mil,4,80,0.001,-0.8059175332334378,11000,99
mil,4,80,0.01,-0.746916464787969,11000,99
mil,4,80,0.1,-0.7106793870159328,11000,99
mil,5,80,0.001,-1.377079331601804,110000,110
mil,5,80,0.01,-1.3728662357601236,110000,110
mil,5,80,0.1,-1.3787123918430155,110000,110
mil,6,80,0.001,-1.7645116193810413,1100000,108
mil,6,80,0.01,-1.7618366002978518,1100000,108
mil,6,80,0.1,-1.7681785147291167,1100000,108
mil,0,81,0.001,-2.2651900994403005,1,1
mil,0,81,0.01,-2.2651898254448772,1,1
mil,0,81,0.1,-2.2651870860780345,1,1
mil,1,81,0.001,-0.06668363236217503,11,10
mil,1,81,0.01,-0.06655542660523962,11,10
mil,1,81,0.1,-0.0664302976603167,11,10
mil,2,81,0.001,-0.104985805882564,110,37
mil,2,81,0.01,-0.10344076766804057,110,37
mil,2,81,0.1,-0.10219444716274521,110,37
mil,3,81,0.001,-0.19992548215628786,1100,67
mil,3,81,0.01,-0.18342887111709494,1100,67
mil,3,81,0.1,-0.1744172381372985,1100,67
mil,4,81,0.001,-1.3821507361245184,11000,80
mil,4,81,0.01,-1.3791917556795021,11000,80
mil,4,81,0.1,-1.3823990995578508,11000,80
mil,5,81,0.001,-1.6086208840718952,110000,82
mil,5,81,0.01,-1.6073764607965555,110000,82
mil,5,81,0.1,-1.6106823843912788,110000,82
mil,6,81,0.001,-1.8367904843374219,1100000,80
mil,6,81,0.01,-1.8358276188058396,1100000,80
mil,6,81,0.1,-1.8388693680999566,1100000,80
mil,0,82,0.001,-2.2080365553867574,1,1
mil,0,82,0.01,-2.20803644366088,1,1
mil,0,82,0.1,-2.2080353269162716,1,1
mil,1,82,0.001,-0.042542506980464384,11,10
mil,1,82,0.01,-0.042307100221734464,11,10
mil,1,82,0.1,-0.042126846359144855,11,10
mil,2,82,0.001,-0.2540144660213978,110,43
mil,2,82,0.01,-0.25286144968147,110,43
mil,2,82,0.1,-0.25235078449631154,110,43
mil,3,82,0.001,-0.4093394090694368,1100,82
mil,3,82,0.01,-0.40683585326761385,1100,82
mil,3,82,0.1,-0.40832725856084245,1100,82
mil,4,82,0.001,-1.135992460715259,11000,102
mil,4,82,0.01,-1.1334585179769123,11000,102
mil,4,82,0.1,-1.136783793030891,11000,102
mil,5,82,0.001,-1.6711180827181962,110000,104
mil,5,82,0.01,-1.6693653647378122,110000,104
mil,5,82,0.1,-1.6702118254597162,110000,104
mil,6,82,0.001,-1.8069683439973045,1100000,100
mil,6,82,0.01,-1.8066213011717929,1100000,100
mil,6,82,0.1,-1.8112508897485031,1100000,100
mil,0,83,0.001,-2.1536988606673684,1,1
mil,0,83,0.01,-2.1536988392616703,1,1
mil,0,83,0.1,-2.153698625668061,1,1
mil,1,83,0.001,-0.0468729398129762,11,10
mil,1,83,0.01,-0.046766577745721516,11,10
mil,1,83,0.1,-0.0467062959204731,11,10
mil,2,83,0.001,-0.3136315168976929,110,36
mil,2,83,0.01,-0.31304954844511385,110,36
mil,2,83,0.1,-0.31333420890031854,110,36
mil,3,83,0.001,-0.3668126366243258,1100,76
mil,3,83,0.01,-0.3629474339250272,1100,76
mil,3,83,0.1,-0.3634162641925514,1100,76
mil,4,83,0.001,-0.5943860854018213,11000,112
mil,4,83,0.01,-0.5889576743351878,11000,112
mil,4,83,0.1,-0.5951845341122874,11000,112
mil,5,83,0.001,-1.4684315562331234,110000,132
mil,5,83,0.01,-1.4657096882762313,110000,132
mil,5,83,0.1,-1.4673888425384818,110000,132
mil,6,83,0.001,-1.5220517472113808,1100000,136
mil,6,83,0.01,-1.5209364584803744,1100000,136
mil,6,83,0.1,-1.5262254742128618,1100000,136
mil,0,84,0.001,-2.1817410403004764,1,1
mil,0,84,0.01,-2.1817409269891903,1,1
mil,0,84,0.1,-2.181739794687522,1,1
mil,1,84,0.001,-0.08598932632599315,11,10
mil,1,84,0.01,-0.08579218407547087,11,10
mil,1,84,0.1,-0.0855919528082206,11,10
mil,2,84,0.001,-0.45614275220451084,110,36
mil,2,84,0.01,-0.4545351775128039,110,36
mil,2,84,0.1,-0.45351431861919145,110,36
mil,3,84,0.001,-0.6179547913550193,1100,80
mil,3,84,0.01,-0.6100436539647783,1100,80
mil,3,84,0.1,-0.6068060443935409,1100,80
mil,4,84,0.001,-1.0220403466258892,11000,119
mil,4,84,0.01,-1.0139927159926871,11000,119
mil,4,84,0.1,-1.0199582974277028,11000,119
mil,5,84,0.001,-1.6613354969188041,110000,142
mil,5,84,0.01,-1.6568732223348264,110000,142
mil,5,84,0.1,-1.661848240518431,110000,142
mil,6,84,0.001,-1.9740698505343153,1100000,149
mil,6,84,0.01,-1.971545343973478,1100000,149
mil,6,84,0.1,-1.972561958296209,1100000,149
mil,0,85,0.001,-2.7121985855092268,1,1
mil,0,85,0.01,-2.712197983910086,1,1
mil,0,85,0.1,-2.712191968771029,1,1
mil,1,85,0.001,-0.0536711256952645,11,10
mil,1,85,0.01,-0.05358494177493369,11,10
mil,1,85,0.1,-0.05358764789865271,11,10
mil,2,85,0.001,-0.06071085570254998,110,32
mil,2,85,0.01,-0.0596375508391975,110,32
mil,2,85,0.1,-0.05928395060897744,110,32
mil,3,85,0.001,-0.11280404110335109,1100,59
mil,3,85,0.01,-0.11135910143718916,1100,59
mil,3,85,0.1,-0.11651834802803585,1100,59
mil,4,85,0.001,-0.2585708832509987,11000,72
mil,4,85,0.01,-0.2570106211241817,11000,72
mil,4,85,0.1,-0.2720111635413672,11000,72
mil,5,85,0.001,-1.2118565708456421,110000,73
mil,5,85,0.01,-1.2105758067613517,110000,73
mil,5,85,0.1,-1.2160927370322858,110000,73
mil,6,85,0.001,-1.3475581984035723,1100000,69
mil,6,85,0.01,-1.3471446099307873,1100000,69
mil,6,85,0.1,-1.355406027886197,1100000,69
mil,0,86,0.001,-2.1809913825121843,1,1
mil,0,86,0.01,-2.180991046009772,1,1
mil,0,86,0.1,-2.1809876817799676,1,1
mil,1,86,0.001,-0.15222455992735381,11,10
mil,1,86,0.01,-0.15197976547329517,11,10
mil,1,86,0.1,-0.15177512728102568,11,10
mil,2,86,0.001,-0.15686360847629313,110,40
mil,2,86,0.01,-0.15623777723034898,110,40
mil,2,86,0.1,-0.15657334454130142,110,40
mil,3,86,0.001,-0.3638683431133161,1100,74
mil,3,86,0.01,-0.36243041919524543,1100,74
mil,3,86,0.1,-0.36987308611257386,1100,74
mil,4,86,0.001,-0.6757625501520859,11000,81
mil,4,86,0.01,-0.6751318678730079,11000,81
mil,4,86,0.1,-0.6956034772958496,11000,81
mil,5,86,0.001,-1.4601017418643798,110000,77
mil,5,86,0.01,-1.4597816324361288,110000,77
mil,5,86,0.1,-1.4665997673759694,110000,77
mil,6,86,0.001,-1.8406641588988266,1100000,72
mil,6,86,0.01,-1.8400751198730136,1100000,72
mil,6,86,0.1,-1.8422139087442864,1100000,72
mil,0,87,0.001,-2.3080667702729007,1,1
mil,0,87,0.01,-2.3080665704825885,1,1
mil,0,87,0.1,-2.3080645730203337,1,1
mil,1,87,0.001,-0.12048478840168209,11,10
mil,1,87,0.01,-0.12048612810137889,11,10
mil,1,87,0.1,-0.12050055398606578,11,10
mil,2,87,0.001,-0.11780146107942256,110,36
mil,2,87,0.01,-0.1173061767916282,110,36
mil,2,87,0.1,-0.11723014065147777,110,36
mil,3,87,0.001,-0.19102554805337443,1100,65
mil,3,87,0.01,-0.1833725369764313,1100,65
mil,3,87,0.1,-0.1819097939209598,1100,65
mil,4,87,0.001,-0.7761780496877212,11000,75
mil,4,87,0.01,-0.7761176716394197,11000,75
mil,4,87,0.1,-0.7933602303276949,11000,75
mil,5,87,0.001,-1.4593610356561384,110000,77
mil,5,87,0.01,-1.4590240228049927,110000,77
mil,5,87,0.1,-1.4637698567842077,110000,77
mil,6,87,0.001,-1.5512050575773129,1100000,76
mil,6,87,0.01,-1.5508712107286913,1100000,76
mil,6,87,0.1,-1.5554563962726853,1100000,76
mil,0,88,0.001,-2.376779285500697,1,1
mil,0,88,0.01,-2.3767789896262994,1,1
mil,0,88,0.1,-2.3767760318619757,1,1
mil,1,88,0.001,-0.07995781835565108,11,10
mil,1,88,0.01,-0.07949368816452922,11,10
mil,1,88,0.1,-0.07904383352285048,11,10
mil,2,88,0.001,-0.08812945844325203,110,36
mil,2,88,0.01,-0.08586545249404157,110,36
mil,2,88,0.1,-0.08402584902104779,110,36
mil,3,88,0.001,-0.4570128231043826,1100,76
mil,3,88,0.01,-0.4506768178964198,1100,76
mil,3,88,0.1,-0.4469752615837888,1100,76
mil,4,88,0.001,-0.834883111150151,11000,106
mil,4,88,0.01,-0.8271404132256107,11000,106
mil,4,88,0.1,-0.8328918370292628,11000,106
mil,5,88,0.001,-1.7479706376517536,110000,126
mil,5,88,0.01,-1.744069642483721,110000,126
mil,5,88,0.1,-1.7449724591400266,110000,126
mil,6,88,0.001,-2.058478100203568,1100000,136
mil,6,88,0.01,-2.055944591631202,1100000,136
mil,6,88,0.1,-2.055213146528946,1100000,136
mil,0,89,0.001,-2.4765250624797495,1,1
mil,0,89,0.01,-2.476524730039766,1,1
mil,0,89,0.1,-2.476521406415509,1,1
mil,1,89,0.001,-0.04455061685281467,11,10
mil,1,89,0.01,-0.044557806373357454,11,10
mil,1,89,0.1,-0.04463010708252431,11,10
mil,2,89,0.001,-0.04916364031471493,110,32
mil,2,89,0.01,-0.04850423155676936,110,32
mil,2,89,0.1,-0.04847595749819054,110,32
mil,3,89,0.001,-0.09225849298877478,1100,56
mil,3,89,0.01,-0.0904174580038146,1100,56
mil,3,89,0.1,-0.09326932921942573,1100,56
mil,4,89,0.001,-0.3461586633754987,11000,72
mil,4,89,0.01,-0.3425887747234121,11000,72
mil,4,89,0.1,-0.34837719728046906,11000,72
mil,5,89,0.001,-1.2892293641282424,110000,76
mil,5,89,0.01,-1.2872353119645215,110000,76
mil,5,89,0.1,-1.2891622741566198,110000,76
mil,6,89,0.001,-1.2782159204704429,1100000,69
mil,6,89,0.01,-1.2772930425087032,1100000,69
mil,6,89,0.1,-1.2858243888881473,1100000,69
mil,0,90,0.001,-2.4596860938873997,1,1
mil,0,90,0.01,-2.459685718017093,1,1
mil,0,90,0.1,-2.4596819605651326,1,1
mil,1,90,0.001,-0.1021361617554859,11,10
mil,1,90,0.01,-0.10213623990563686,11,10
mil,1,90,0.1,-0.10213854707899955,11,10
mil,2,90,0.001,-0.11046059069764148,110,33
mil,2,90,0.01,-0.10726613354423495,110,33
mil,2,90,0.1,-0.1049555871749385,110,33
mil,3,90,0.001,-0.23512258044525963,1100,70
mil,3,90,0.01,-0.2288572316292494,1100,70
mil,3,90,0.1,-0.22766197306489455,1100,70
mil,4,90,0.001,-0.6710174028439265,11000,97
mil,4,90,0.01,-0.6643248858421674,11000,97
mil,4,90,0.1,-0.6717568095657799,11000,97
mil,5,90,0.001,-1.2876020336399323,110000,108
mil,5,90,0.01,-1.2833594644982376,110000,108
mil,5,90,0.1,-1.2836264140826328,110000,108
mil,6,90,0.001,-1.5131859405621344,1100000,109
mil,6,90,0.01,-1.510707495583899,1100000,109
mil,6,90,0.1,-1.5123635668961306,1100000,109
mil,0,91,0.001,-2.2851555293749564,1,1
mil,0,91,0.01,-2.285154905335104,1,1
mil,0,91,0.1,-2.285148665807579,1,1
mil,1,91,0.001,-0.06049471254232043,11,10
mil,1,91,0.01,-0.06042691864178564,11,10
mil,1,91,0.1,-0.060413684393833086,11,10
mil,2,91,0.001,-0.07305285620177775,110,40
mil,2,91,0.01,-0.0708082318390559,110,40
mil,2,91,0.1,-0.06927606758439118,110,40
mil,3,91,0.001,-0.3534420415106702,1100,94
mil,3,91,0.01,-0.3482304822847427,1100,94
mil,3,91,0.1,-0.34733797152450024,1100,94
mil,4,91,0.001,-1.3155883347776263,11000,133
mil,4,91,0.01,-1.311326339105367,11000,133
mil,4,91,0.1,-1.3125751554226228,11000,133
mil,5,91,0.001,-1.784680488541535,110000,146
mil,5,91,0.01,-1.7828972853582454,110000,146
mil,5,91,0.1,-1.7865303394117351,110000,146
mil,6,91,0.001,-2.000126527835451,1100000,147
mil,6,91,0.01,-1.999423633311974,1100000,147
mil,6,91,0.1,-2.0059280699612034,1100000,147
mil,0,92,0.001,-2.220699677395052,1,1
mil,0,92,0.01,-2.2206995247026544,1,1
mil,0,92,0.1,-2.2206979989617395,1,1
mil,1,92,0.001,-0.05999274105180381,11,10
mil,1,92,0.01,-0.05985185295710919,11,10
mil,1,92,0.1,-0.05974983753653539,11,10
mil,2,92,0.001,-0.08635469702407736,110,29
mil,2,92,0.01,-0.08541680994534129,110,29
mil,2,92,0.1,-0.08468662747164261,110,29
mil,3,92,0.001,-0.1500873809733966,1100,50
mil,3,92,0.01,-0.1464116528076604,1100,50
mil,3,92,0.1,-0.15092094508875945,1100,50
mil,4,92,0.001,-0.6180863928345137,11000,60
mil,4,92,0.01,-0.5457244775102887,11000,60
mil,4,92,0.1,-0.5035806788191749,11000,60
mil,5,92,0.001,-1.0834614119971375,110000,58
mil,5,92,0.01,-1.0810851013332494,110000,58
mil,5,92,0.1,-1.090766973561634,110000,58
mil,6,92,0.001,-2.225681378670255,1100000,53
mil,6,92,0.01,-2.2223137008759686,1100000,53
mil,6,92,0.1,-2.223465934430604,1100000,53
mil,0,93,0.001,-2.043623383132626,1,1
mil,0,93,0.01,-2.0436233750625528,1,1
mil,0,93,0.1,-2.0436232949622237,1,1
mil,1,93,0.001,-0.05871429766019743,11,10
mil,1,93,0.01,-0.0586464318902812,11,10
mil,1,93,0.1,-0.05861027797315613,11,10
mil,2,93,0.001,-0.09388831484433297,110,37
mil,2,93,0.01,-0.09211461927557217,110,37
mil,2,93,0.1,-0.0908166726646766,110,37
mil,3,93,0.001,-0.27142596222583115,1100,80
mil,3,93,0.01,-0.26638379784942284,1100,80
mil,3,93,0.1,-0.2653563489644783,1100,80
mil,4,93,0.001,-0.537470648511583,11000,113
mil,4,93,0.01,-0.532984371953768,11000,113
mil,4,93,0.1,-0.5380164891141083,11000,113
mil,5,93,0.001,-1.2463943831339546,110000,123
mil,5,93,0.01,-1.2433351296159145,110000,123
mil,5,93,0.1,-1.2526124739532003,110000,123
mil,6,93,0.001,-1.5359321948850206,1100000,124
mil,6,93,0.01,-1.5346259187447415,1100000,124
mil,6,93,0.1,-1.5423979422749534,1100000,124
mil,0,94,0.001,-2.0856671924192316,1,1
mil,0,94,0.01,-2.0856672869294064,1,1
mil,0,94,0.1,-2.0856682324109714,1,1
mil,1,94,0.001,-0.04028240208382085,11,10
mil,1,94,0.01,-0.04010023834004684,11,10
mil,1,94,0.1,-0.03997461505373964,11,10
mil,2,94,0.001,-0.05220394298536199,110,35
mil,2,94,0.01,-0.05135125499354042,110,35
mil,2,94,0.1,-0.05121796600331576,110,35
mil,3,94,0.001,-0.0952315639321006,1100,68
mil,3,94,0.01,-0.09282116647818019,1100,68
mil,3,94,0.1,-0.0964947301788466,1100,68
mil,4,94,0.001,-0.7755848935902299,11000,96
mil,4,94,0.01,-0.7721262623223143,11000,96
mil,4,94,0.1,-0.7786482528540001,11000,96
mil,5,94,0.001,-1.4136702441806015,110000,116
mil,5,94,0.01,-1.4119318930780638,110000,116
mil,5,94,0.1,-1.41762963056008,110000,116
mil,6,94,0.001,-1.4721708812878371,1100000,125
mil,6,94,0.01,-1.4714232692794158,1100000,125
mil,6,94,0.1,-1.4800763128717966,1100000,125
mil,0,95,0.001,-2.779802791102791,1,1
mil,0,95,0.01,-2.7798018768347137,1,1
mil,0,95,0.1,-2.7797927350275495,1,1
mil,1,95,0.001,-0.07634276275697337,11,10
mil,1,95,0.01,-0.07634043086004702,11,10
mil,1,95,0.1,-0.07632049728372034,11,10
mil,2,95,0.001,-0.0991837162056893,110,29
mil,2,95,0.01,-0.09219144091984799,110,29
mil,2,95,0.1,-0.08590286363310524,110,29
mil,3,95,0.001,-0.2767855555737665,1100,46
mil,3,95,0.01,-0.26651447899208125,1100,46
mil,3,95,0.1,-0.2608684702866106,1100,46
mil,4,95,0.001,-1.4732467328629808,11000,60
mil,4,95,0.01,-1.470989433521841,11000,60
mil,4,95,0.1,-1.4791904468609254,11000,60
mil,5,95,0.001,-1.8912305416482842,110000,73
mil,5,95,0.01,-1.8892564234113673,110000,73
mil,5,95,0.1,-1.8904822378880417,110000,73
mil,6,95,0.001,-2.02489532643674,1100000,75
mil,6,95,0.01,-2.023204081155955,1100000,75
mil,6,95,0.1,-2.023369235068836,1100000,75
mil,0,96,0.001,-1.9540159866268867,1,1
mil,0,96,0.01,-1.9540160906881534,1,1
mil,0,96,0.1,-1.9540171319677002,1,1
mil,1,96,0.001,-0.04777852603712346,11,10
mil,1,96,0.01,-0.04753495315956535,11,10
mil,1,96,0.1,-0.04731998684870266,11,10
mil,2,96,0.001,-0.07317965365963092,110,36
mil,2,96,0.01,-0.07156438176207211,110,36
mil,2,96,0.1,-0.07035178285994678,110,36
mil,3,96,0.001,-0.1784170106766177,1100,62
mil,3,96,0.01,-0.17456869096985125,1100,62
mil,3,96,0.1,-0.1749036121988719,1100,62
mil,4,96,0.001,-1.5269092880934403,11000,71
mil,4,96,0.01,-1.52239452672071,11000,71
mil,4,96,0.1,-1.5294427947114564,11000,71
mil,5,96,0.001,-2.0834296371021717,110000,71
mil,5,96,0.01,-2.0808519685629108,110000,71
mil,5,96,0.1,-2.079249672220043,110000,71
mil,6,96,0.001,-2.3033788868957514,1100000,67
mil,6,96,0.01,-2.301856723362673,1100000,67
mil,6,96,0.1,-2.3005202414291,1100000,67
mil,0,97,0.001,-2.89685427877137,1,1
mil,0,97,0.01,-2.8968529975614135,1,1
mil,0,97,0.1,-2.8968401864744844,1,1
mil,1,97,0.001,-0.08931223821792825,11,10
mil,1,97,0.01,-0.08931194537731262,11,10
mil,1,97,0.1,-0.08931275881637399,11,10
mil,2,97,0.001,-0.10661585776930266,110,37
mil,2,97,0.01,-0.10019552569612097,110,37
mil,2,97,0.1,-0.09474162851068901,110,37
mil,3,97,0.001,-0.2354776869319045,1100,78
mil,3,97,0.01,-0.22573249622140704,1100,78
mil,3,97,0.1,-0.22122864221591682,1100,78
mil,4,97,0.001,-1.288605232302989,11000,115
mil,4,97,0.01,-1.2834695751873118,11000,115
mil,4,97,0.1,-1.2857406299805183,11000,115
mil,5,97,0.001,-1.6873887130793879,110000,138
mil,5,97,0.01,-1.684363448502895,110000,138
mil,5,97,0.1,-1.6869961469868837,110000,138
mil,6,97,0.001,-1.9461317673311331,1100000,148
mil,6,97,0.01,-1.9448600628812167,1100000,148
mil,6,97,0.1,-1.9465406127662004,1100000,148
mil,0,98,0.001,-2.1257060411834092,1,1
mil,0,98,0.01,-2.125706033564302,1,1
mil,0,98,0.1,-2.1257059579009425,1,1
mil,1,98,0.001,-0.03984576030369276,11,10
mil,1,98,0.01,-0.03985055603910394,11,10
mil,1,98,0.1,-0.03989911623848614,11,10
mil,2,98,0.001,-0.06288399285795579,110,33
mil,2,98,0.01,-0.06137995683938117,110,33
mil,2,98,0.1,-0.06071168533901548,110,33
mil,3,98,0.001,-0.5130416843760168,1100,65
mil,3,98,0.01,-0.5083343964277087,1100,65
mil,3,98,0.1,-0.5062728718860635,1100,65
mil,4,98,0.001,-1.019701295889989,11000,78
mil,4,98,0.01,-1.0156141277593613,11000,78
mil,4,98,0.1,-1.0162931416157326,11000,78
mil,5,98,0.001,-1.3828446082346926,110000,80
mil,5,98,0.01,-1.3803198495215299,110000,80
mil,5,98,0.1,-1.38171149275346,110000,80
mil,6,98,0.001,-2.2446174698977,1100000,78
mil,6,98,0.01,-2.2439403363614776,1100000,78
mil,6,98,0.1,-2.2442358819864605,1100000,78
mil,0,99,0.001,-2.1976078351891473,1,1
mil,0,99,0.01,-2.1976077049441405,1,1
mil,0,99,0.1,-2.1976064037053784,1,1
mil,1,99,0.001,-0.06798094124651086,11,10
mil,1,99,0.01,-0.067981715878513,11,10
mil,1,99,0.1,-0.06798999625981636,11,10
mil,2,99,0.001,-0.09888500577896375,110,34
mil,2,99,0.01,-0.09691853259149048,110,34
mil,2,99,0.1,-0.09545108979224039,110,34
mil,3,99,0.001,-0.17494722120222686,1100,65
mil,3,99,0.01,-0.16842359961344716,1100,65
mil,3,99,0.1,-0.165825096664645,1100,65
mil,4,99,0.001,-0.7829228936790932,11000,76
mil,4,99,0.01,-0.7723274535327863,11000,76
mil,4,99,0.1,-0.7707864009761438,11000,76
mil,5,99,0.001,-1.3744391317671356,110000,76
mil,5,99,0.01,-1.3675330229387213,110000,76
mil,5,99,0.1,-1.3814387234103043,110000,76
mil,6,99,0.001,-2.100388888933465,1100000,72
mil,6,99,0.01,-2.0975369992364308,1100000,72
mil,6,99,0.1,-2.1010630927250573,1100000,72
mil,0,100,0.001,-2.2360486452447828,1,1
mil,0,100,0.01,-2.2360484873617943,1,1
mil,0,100,0.1,-2.2360469090733917,1,1
mil,1,100,0.001,-0.1516605788949071,11,9
mil,1,100,0.01,-0.15153460249429287,11,9
mil,1,100,0.1,-0.15139702325882565,11,9
mil,2,100,0.001,-0.16592685038826965,110,33
mil,2,100,0.01,-0.16549113880280777,110,33
mil,2,100,0.1,-0.16521850073713493,110,33
mil,3,100,0.001,-0.2130740050870766,1100,63
mil,3,100,0.01,-0.20287718878936245,1100,63
mil,3,100,0.1,-0.20078543776884278,1100,63
mil,4,100,0.001,-1.0144587733951829,11000,76
mil,4,100,0.01,-1.0141691468540204,11000,76
mil,4,100,0.1,-1.029416110679219,11000,76
mil,5,100,0.001,-1.5513707710784963,110000,77
mil,5,100,0.01,-1.5509006897795912,110000,77
mil,5,100,0.1,-1.5554385771932555,110000,77
mil,6,100,0.001,-1.8896292894611837,1100000,76
mil,6,100,0.01,-1.8890085241466044,1100000,76
mil,6,100,0.1,-1.8901050787732798,1100000,76
mul,0,1,0.001,-2.227996606550784,1,1
mul,0,1,0.01,-2.2279966050978715,1,1
mul,0,1,0.1,-2.2279965905792065,1,1
mul,1,1,0.001,-0.1181076973533549,11,10
mul,1,1,0.01,-0.11810815997054482,11,10
mul,1,1,0.1,-0.11811279325580075,11,10
mul,2,1,0.001,-0.11954432465667332,110,46
mul,2,1,0.01,-0.11954716121633958,110,46
mul,2,1,0.1,-0.11957589791320632,110,46
mul,3,1,0.001,-0.12225546493603062,1100,174
mul,3,1,0.01,-0.12161686886264948,1100,174
mul,3,1,0.1,-0.1212892917465928,1100,174
mul,4,1,0.001,-0.1519905938244876,11000,484
mul,4,1,0.01,-0.14974691151428177,11000,484
mul,4,1,0.1,-0.14863376398282074,11000,484
mul,5,1,0.001,-0.2664536309017203,110000,926
mul,5,1,0.01,-0.2506672866935211,110000,926
mul,5,1,0.1,-0.24286321431003152,110000,926
mul,6,1,0.001,-0.48406839396867607,1100000,1325
mul,6,1,0.01,-0.4693814629218219,1100000,1325
mul,6,1,0.1,-0.4661338568042125,1100000,1325
mul,0,2,0.001,-2.2631757987012073,1,1
mul,0,2,0.01,-2.2631757928203537,1,1
mul,0,2,0.1,-2.263175734021155,1,1
mul,1,2,0.001,-0.12618903992555205,11,10
mul,1,2,0.01,-0.1261894932711084,11,10
mul,1,2,0.1,-0.1261940542771795,11,10
mul,2,2,0.001,-0.1243561590063241,110,48
mul,2,2,0.01,-0.12430873028594736,110,48
mul,2,2,0.1,-0.12429907199709989,110,48
mul,3,2,0.001,-0.12879605965955962,1100,179
mul,3,2,0.01,-0.12826486063178694,1100,179
mul,3,2,0.1,-0.12793584490439935,1100,179
mul,4,2,0.001,-0.14976398356646178,11000,490
mul,4,2,0.01,-0.14626574006767074,11000,490
mul,4,2,0.1,-0.14433496652850156,11000,490
mul,5,2,0.001,-0.26012051955618015,110000,953
mul,5,2,0.01,-0.24837824740382378,110000,953
mul,5,2,0.1,-0.2426737885213891,110000,953
mul,6,2,0.001,-0.40318052775444546,1100000,1409
mul,6,2,0.01,-0.3966144557423548,1100000,1409
mul,6,2,0.1,-0.3981528481081434,1100000,1409
mul,0,3,0.001,-2.240791966230397,1,1
mul,0,3,0.01,-2.240791963584696,1,1
mul,0,3,0.1,-2.2407919371374074,1,1
mul,1,3,0.001,-0.1336902073509907,11,10
mul,1,3,0.01,-0.13369040741660512,11,10
mul,1,3,0.1,-0.13369250589375636,11,10
mul,2,3,0.001,-0.13165164391694933,110,49
mul,2,3,0.01,-0.13160392279787494,110,49
mul,2,3,0.1,-0.13160415877733236,110,49
mul,3,3,0.001,-0.13511017796777447,1100,185
mul,3,3,0.01,-0.13434603666795863,1100,185
mul,3,3,0.1,-0.1338721350877109,1100,185
mul,4,3,0.001,-0.15685633634203194,11000,502
mul,4,3,0.01,-0.15457874873187438,11000,502
mul,4,3,0.1,-0.1535014791229027,11000,502
mul,5,3,0.001,-0.2796275261505701,110000,957
mul,5,3,0.01,-0.26770726158728664,110000,957
mul,5,3,0.1,-0.2608255950213199,110000,957
mul,6,3,0.001,-0.4746766934576772,1100000,1429
mul,6,3,0.01,-0.46121003316625825,1100000,1429
mul,6,3,0.1,-0.4591612650688088,1100000,1429
mul,0,4,0.001,-2.2162565635309783,1,1
mul,0,4,0.01,-2.216256564289156,1,1
mul,0,4,0.1,-2.216256571881132,1,1
mul,1,4,0.001,-0.12413517704553555,11,10
mul,1,4,0.01,-0.12413554484204199,11,10
mul,1,4,0.1,-0.12413924146562097,11,10
mul,2,4,0.001,-0.12380046899505101,110,50
mul,2,4,0.01,-0.1237598122822988,110,50
mul,2,4,0.1,-0.12374592825457892,110,50
mul,3,4,0.001,-0.12626268639988578,1100,181
mul,3,4,0.01,-0.12561458982953325,1100,181
mul,3,4,0.1,-0.1252049269559858,1100,181
mul,4,4,0.001,-0.14872319159668004,11000,490
mul,4,4,0.01,-0.14652926979622258,11000,490
mul,4,4,0.1,-0.14579796651561955,11000,490
mul,5,4,0.001,-0.25259028608343587,110000,957
mul,5,4,0.01,-0.24433178414980067,110000,957
mul,5,4,0.1,-0.24107838304853335,110000,957
mul,6,4,0.001,-0.5390501969110932,1100000,1392
mul,6,4,0.01,-0.519476939024455,1100000,1392
mul,6,4,0.1,-0.5104130320762796,1100000,1392
mul,0,5,0.001,-2.2448750387992455,1,1
mul,0,5,0.01,-2.24487503572232,1,1
mul,0,5,0.1,-2.244875004962966,1,1
mul,1,5,0.001,-0.1257978347892551,11,10
mul,1,5,0.01,-0.125798284085357,11,10
mul,1,5,0.1,-0.12580278737363737,11,10
mul,2,5,0.001,-0.1266564947455279,110,48
mul,2,5,0.01,-0.12663215682616208,110,48
mul,2,5,0.1,-0.1266445586172072,110,48
mul,3,5,0.001,-0.1285083557140365,1100,179
mul,3,5,0.01,-0.12807039511532917,1100,179
mul,3,5,0.1,-0.12788555968302448,1100,179
mul,4,5,0.001,-0.15268867331827005,11000,483
mul,4,5,0.01,-0.15029606579362045,11000,483
mul,4,5,0.1,-0.1490636168507448,11000,483
mul,5,5,0.001,-0.2666232648468711,110000,967
mul,5,5,0.01,-0.26032289234319084,110000,967
mul,5,5,0.1,-0.259096970040082,110000,967
mul,6,5,0.001,-0.5109293976989968,1100000,1443
mul,6,5,0.01,-0.49716943673313185,1100000,1443
mul,6,5,0.1,-0.49431168215939114,1100000,1443
mul,0,6,0.001,-2.212163524511923,1,1
mul,0,6,0.01,-2.2121635270269677,1,1
mul,0,6,0.1,-2.2121635521868503,1,1
mul,1,6,0.001,-0.11683717692896098,11,10
mul,1,6,0.01,-0.11683746254897315,11,10
mul,1,6,0.1,-0.11684042326362509,11,10
mul,2,6,0.001,-0.11685769559718236,110,49
mul,2,6,0.01,-0.11675617782226959,110,49
mul,2,6,0.1,-0.11670345270433764,110,49
mul,3,6,0.001,-0.12777388387948907,1100,187
mul,3,6,0.01,-0.12687580279847652,1100,187
mul,3,6,0.1,-0.12631537628909162,1100,187
mul,4,6,0.001,-0.15398048095180145,11000,514
mul,4,6,0.01,-0.1516714973047716,11000,514
mul,4,6,0.1,-0.15054063401303464,11000,514
mul,5,6,0.001,-0.22651998369662008,110000,955
mul,5,6,0.01,-0.22179372536365935,110000,955
mul,5,6,0.1,-0.22125337775539936,110000,955
mul,6,6,0.001,-0.44704198715619103,1100000,1390
mul,6,6,0.01,-0.43851120952338674,1100000,1390
mul,6,6,0.1,-0.4381942878356729,1100000,1390
mul,0,7,0.001,-2.224684150644511,1,1
mul,0,7,0.01,-2.2246841512429887,1,1
mul,0,7,0.1,-2.2246841572373537,1,1
mul,1,7,0.001,-0.1231651013658875,11,10
mul,1,7,0.01,-0.12316559634149865,11,10
mul,1,7,0.1,-0.12317055540013667,11,10
mul,2,7,0.001,-0.12150777649482664,110,48
mul,2,7,0.01,-0.12148481873555554,110,48
mul,2,7,0.1,-0.12149843188980594,110,48
mul,3,7,0.001,-0.12324417697331101,1100,175
mul,3,7,0.01,-0.12296522000057698,1100,175
mul,3,7,0.1,-0.12287793813248118,1100,175
mul,4,7,0.001,-0.14179810052418973,11000,483
mul,4,7,0.01,-0.13858666898807437,11000,483
mul,4,7,0.1,-0.13671327171012426,11000,483
mul,5,7,0.001,-0.21226857786350745,110000,930
mul,5,7,0.01,-0.20734103424776673,110000,930
mul,5,7,0.1,-0.2074379507588774,110000,930
mul,6,7,0.001,-0.427977145636301,1100000,1366
mul,6,7,0.01,-0.4122709665825489,1100000,1366
mul,6,7,0.1,-0.4074535970674367,1100000,1366
mul,0,8,0.001,-2.220200382613342,1,1
mul,0,8,0.01,-2.2202003849723657,1,1
mul,0,8,0.1,-2.220200408571501,1,1
mul,1,8,0.001,-0.11319839648380985,11,10
mul,1,8,0.01,-0.11319896441287355,11,10
mul,1,8,0.1,-0.11320465690659293,11,10
mul,2,8,0.001,-0.11448051869702817,110,49
mul,2,8,0.01,-0.11444608203292547,110,49
mul,2,8,0.1,-0.11444454800728682,110,49
mul,3,8,0.001,-0.11655521291789403,1100,176
mul,3,8,0.01,-0.11620020263540873,1100,176
mul,3,8,0.1,-0.11606619774383913,1100,176
mul,4,8,0.001,-0.13158229357888201,11000,464
mul,4,8,0.01,-0.1300423079658726,11000,464
mul,4,8,0.1,-0.12976912837417356,11000,464
mul,5,8,0.001,-0.2242611275088717,110000,865
mul,5,8,0.01,-0.2176086046375621,110000,865
mul,5,8,0.1,-0.21562012238141595,110000,865
mul,6,8,0.001,-0.45063212281971826,1100000,1235
mul,6,8,0.01,-0.43408100535821814,1100000,1235
mul,6,8,0.1,-0.42716828731913553,1100000,1235
mul,0,9,0.001,-2.2503671762036586,1,1
mul,0,9,0.01,-2.2503671714455074,1,1
mul,0,9,0.1,-2.250367123874371,1,1
mul,1,9,0.001,-0.12597896953854198,11,10
mul,1,9,0.01,-0.12597943032902623,11,10
mul,1,9,0.1,-0.12598404770014246,11,10
mul,2,9,0.001,-0.12292584864731067,110,48
mul,2,9,0.01,-0.12288544438397875,110,48
mul,2,9,0.1,-0.12286887523210432,110,48
mul,3,9,0.001,-0.12510606651100215,1100,178
mul,3,9,0.01,-0.12473739644135169,1100,178
mul,3,9,0.1,-0.12462875671603867,1100,178
mul,4,9,0.001,-0.13707840772258853,11000,492
mul,4,9,0.01,-0.13494330233588533,11000,492
mul,4,9,0.1,-0.1344326629012301,11000,492
mul,5,9,0.001,-0.2408423759597849,110000,957
mul,5,9,0.01,-0.22711386966585526,110000,957
mul,5,9,0.1,-0.21946569790597836,110000,957
mul,6,9,0.001,-0.4308718879893457,1100000,1404
mul,6,9,0.01,-0.41145630373565456,1100000,1404
mul,6,9,0.1,-0.4026664762216566,1100000,1404
mul,0,10,0.001,-2.2055962158361195,1,1
mul,0,10,0.01,-2.205596217514709,1,1
mul,0,10,0.1,-2.205596234311288,1,1
mul,1,10,0.001,-0.11634868070574901,11,10
mul,1,10,0.01,-0.11634910228492668,11,10
mul,1,10,0.1,-0.11635333061707541,11,10
mul,2,10,0.001,-0.11706056895477228,110,48
mul,2,10,0.01,-0.11703214998783289,110,48
mul,2,10,0.1,-0.11702780893970655,110,48
mul,3,10,0.001,-0.12056574081128188,1100,179
mul,3,10,0.01,-0.1201134294794095,1100,179
mul,3,10,0.1,-0.1198310764926486,1100,179
mul,4,10,0.001,-0.13053643436636495,11000,483
mul,4,10,0.01,-0.12836463708134024,11000,483
mul,4,10,0.1,-0.12714763563252307,11000,483
mul,5,10,0.001,-0.23169971939687892,110000,893
mul,5,10,0.01,-0.22681704166949124,110000,893
mul,5,10,0.1,-0.2264815322345362,110000,893
mul,6,10,0.001,-0.4446732720150763,1100000,1268
mul,6,10,0.01,-0.4364448663932696,1100000,1268
mul,6,10,0.1,-0.43684250296549304,1100000,1268
mul,0,11,0.001,-2.227399443229276,1,1
mul,0,11,0.01,-2.22739944329412,1,1
mul,0,11,0.1,-2.227399443951958,1,1
mul,1,11,0.001,-0.1275815644736607,11,10
mul,1,11,0.01,-0.12758197604017824,11,10
mul,1,11,0.1,-0.1275861171747758,11,10
mul,2,11,0.001,-0.1269001732631852,110,50
mul,2,11,0.01,-0.12677319119166938,110,50
mul,2,11,0.1,-0.12669074682750764,110,50
mul,3,11,0.001,-0.1372504451844093,1100,181
mul,3,11,0.01,-0.1365577707098411,1100,181
mul,3,11,0.1,-0.13621937458337277,1100,181
mul,4,11,0.001,-0.156406003882363,11000,480
mul,4,11,0.01,-0.15398543597060504,11000,480
mul,4,11,0.1,-0.15273884813282587,11000,480
mul,5,11,0.001,-0.27233027582518127,110000,905
mul,5,11,0.01,-0.2674868593347078,110000,905
mul,5,11,0.1,-0.2660495999000553,110000,905
mul,6,11,0.001,-0.42353887966956205,1100000,1355
mul,6,11,0.01,-0.4172382012228089,1100000,1355
mul,6,11,0.1,-0.4195590622778161,1100000,1355
mul,0,12,0.001,-2.2270579508548534,1,1
mul,0,12,0.01,-2.227057949691766,1,1
mul,0,12,0.1,-2.227057938071078,1,1
mul,1,12,0.001,-0.12381497453843507,11,10
mul,1,12,0.01,-0.12381544576120677,11,10
mul,1,12,0.1,-0.12382016425733078,11,10
mul,2,12,0.001,-0.12451617960909186,110,47
mul,2,12,0.01,-0.12449080925577943,110,47
mul,2,12,0.1,-0.12449968859989036,110,47
mul,3,12,0.001,-0.12639656686719616,1100,172
mul,3,12,0.01,-0.12567020924491346,1100,172
mul,3,12,0.1,-0.12518392446991802,1100,172
mul,4,12,0.001,-0.14793687265110722,11000,460
mul,4,12,0.01,-0.14576184658894897,11000,460
mul,4,12,0.1,-0.14468321048776522,11000,460
mul,5,12,0.001,-0.23642677938139492,110000,908
mul,5,12,0.01,-0.2309790231636379,110000,908
mul,5,12,0.1,-0.2300470721479361,110000,908
mul,6,12,0.001,-0.44872617500202255,1100000,1345
mul,6,12,0.01,-0.44164584444725313,1100000,1345
mul,6,12,0.1,-0.4442426321215891,1100000,1345
mul,0,13,0.001,-2.2452459468007597,1,1
mul,0,13,0.01,-2.2452459433704033,1,1
mul,0,13,0.1,-2.245245909076675,1,1
mul,1,13,0.001,-0.12558784715777352,11,10
mul,1,13,0.01,-0.12558834300992308,11,10
mul,1,13,0.1,-0.1255933111427859,11,10
mul,2,13,0.001,-0.12469827358697619,110,48
mul,2,13,0.01,-0.12464669411157094,110,48
mul,2,13,0.1,-0.12462943810818305,110,48
mul,3,13,0.001,-0.12756504583033124,1100,178
mul,3,13,0.01,-0.1271439082931592,1100,178
mul,3,13,0.1,-0.1269159530168406,1100,178
mul,4,13,0.001,-0.14257371554405482,11000,475
mul,4,13,0.01,-0.1407510503749196,11000,475
mul,4,13,0.1,-0.14022811315393072,11000,475
mul,5,13,0.001,-0.23398248097148353,110000,920
mul,5,13,0.01,-0.22882089164100844,110000,920
mul,5,13,0.1,-0.22863511733470962,110000,920
mul,6,13,0.001,-0.47938504759040174,1100000,1348
mul,6,13,0.01,-0.4725223820534696,1100000,1348
mul,6,13,0.1,-0.47360137538873803,1100000,1348
mul,0,14,0.001,-2.2251375755063076,1,1
mul,0,14,0.01,-2.2251375747416255,1,1
mul,0,14,0.1,-2.2251375671047837,1,1
mul,1,14,0.001,-0.12890317160653175,11,10
mul,1,14,0.01,-0.1289036347314773,11,10
mul,1,14,0.1,-0.12890827585663672,11,10
mul,2,14,0.001,-0.12941637097760392,110,49
mul,2,14,0.01,-0.12939095479352294,110,49
mul,2,14,0.1,-0.12939362652428346,110,49
mul,3,14,0.001,-0.1337614247140512,1100,176
mul,3,14,0.01,-0.13299072598931322,1100,176
mul,3,14,0.1,-0.13251062202867994,1100,176
mul,4,14,0.001,-0.14437908214950249,11000,485
mul,4,14,0.01,-0.1425878386066999,11000,485
mul,4,14,0.1,-0.1418771999720443,11000,485
mul,5,14,0.001,-0.21667746106796024,110000,926
mul,5,14,0.01,-0.2121094775387927,110000,926
mul,5,14,0.1,-0.21291539264273573,110000,926
mul,6,14,0.001,-0.45945734663111754,1100000,1338
mul,6,14,0.01,-0.4409565419723229,1100000,1338
mul,6,14,0.1,-0.4333391932608459,1100000,1338
mul,0,15,0.001,-2.214504553542793,1,1
mul,0,15,0.01,-2.2145045568420025,1,1
mul,0,15,0.1,-2.2145045898431333,1,1
mul,1,15,0.001,-0.12737055293672178,11,10
mul,1,15,0.01,-0.12737089121113906,11,10
mul,1,15,0.1,-0.1273743193463297,11,10
mul,2,15,0.001,-0.12593746039443726,110,47
mul,2,15,0.01,-0.12581584975922333,110,47
mul,2,15,0.1,-0.12574489080265985,110,47
mul,3,15,0.001,-0.12971557564400102,1100,174
mul,3,15,0.01,-0.12917867570404692,1100,174
mul,3,15,0.1,-0.12889482994340365,1100,174
mul,4,15,0.001,-0.1487315898318631,11000,500
mul,4,15,0.01,-0.14675265120466713,11000,500
mul,4,15,0.1,-0.14588996836612644,11000,500
mul,5,15,0.001,-0.24290838458637198,110000,991
mul,5,15,0.01,-0.22956892987328806,110000,991
mul,5,15,0.1,-0.22262963277617331,110000,991
mul,6,15,0.001,-0.4533019570252295,1100000,1485
mul,6,15,0.01,-0.4380639104545597,1100000,1485
mul,6,15,0.1,-0.4348966414642608,1100000,1485
mul,0,16,0.001,-2.2514765262255216,1,1
mul,0,16,0.01,-2.251476522981641,1,1
mul,0,16,0.1,-2.2514764905517777,1,1
mul,1,16,0.001,-0.12924532469487046,11,10
mul,1,16,0.01,-0.1292457786364116,11,10
mul,1,16,0.1,-0.12925033863316593,11,10
mul,2,16,0.001,-0.13004578264272315,110,49
mul,2,16,0.01,-0.12998760529099718,110,49
mul,2,16,0.1,-0.12997294542491922,110,49
mul,3,16,0.001,-0.13425836725706713,1100,184
mul,3,16,0.01,-0.13367258347893576,1100,184
mul,3,16,0.1,-0.1333788274118178,1100,184
mul,4,16,0.001,-0.15657412057652,11000,502
mul,4,16,0.01,-0.15460497481629903,11000,502
mul,4,16,0.1,-0.15376589904452317,11000,502
mul,5,16,0.001,-0.2568090222032658,110000,993
mul,5,16,0.01,-0.2517784124739069,110000,993
mul,5,16,0.1,-0.25070536289129364,110000,993
mul,6,16,0.001,-0.4983226676999243,1100000,1491
mul,6,16,0.01,-0.4908664740346788,1100000,1491
mul,6,16,0.1,-0.49034954183489426,1100000,1491
mul,0,17,0.001,-2.2123570488989617,1,1
mul,0,17,0.01,-2.2123570516821256,1,1
mul,0,17,0.1,-2.2123570795231844,1,1
mul,1,17,0.001,-0.12306879962143376,11,10
mul,1,17,0.01,-0.12306917854170597,11,10
mul,1,17,0.1,-0.12307298541965206,11,10
mul,2,17,0.001,-0.12222495428533983,110,50
mul,2,17,0.01,-0.12218764595156044,110,50
mul,2,17,0.1,-0.12217590799381804,110,50
mul,3,17,0.001,-0.12447019657380425,1100,183
mul,3,17,0.01,-0.12399784396142025,1100,183
mul,3,17,0.1,-0.12384124301300224,1100,183
mul,4,17,0.001,-0.138647781701834,11000,508
mul,4,17,0.01,-0.1363067014851838,11000,508
mul,4,17,0.1,-0.13538501526725905,11000,508
mul,5,17,0.001,-0.2710752317917867,110000,986
mul,5,17,0.01,-0.2561710875078329,110000,986
mul,5,17,0.1,-0.24788731979660164,110000,986
mul,6,17,0.001,-0.46999006214033656,1100000,1427
mul,6,17,0.01,-0.4599470193875837,1100000,1427
mul,6,17,0.1,-0.4595287660599683,1100000,1427
mul,0,18,0.001,-2.233593170688606,1,1
mul,0,18,0.01,-2.233593169884124,1,1
mul,0,18,0.1,-2.233593161848747,1,1
mul,1,18,0.001,-0.13336075270067577,11,10
mul,1,18,0.01,-0.13336120428764248,11,10
mul,1,18,0.1,-0.1333657320889604,11,10
mul,2,18,0.001,-0.13191070563229165,110,49
mul,2,18,0.01,-0.13187439798002598,110,49
mul,2,18,0.1,-0.13186710725627218,110,49
mul,3,18,0.001,-0.13524972795844292,1100,174
mul,3,18,0.01,-0.13450526822165104,1100,174
mul,3,18,0.1,-0.13405723429374505,1100,174
mul,4,18,0.001,-0.18241152027861984,11000,485
mul,4,18,0.01,-0.17013051674811158,11000,485
mul,4,18,0.1,-0.16142680705398868,11000,485
mul,5,18,0.001,-0.26170651377142556,110000,971
mul,5,18,0.01,-0.24868160186300778,110000,971
mul,5,18,0.1,-0.24198134042918132,110000,971
mul,6,18,0.001,-0.505106571631944,1100000,1484
mul,6,18,0.01,-0.48445057926835144,1100000,1484
mul,6,18,0.1,-0.47417737158311574,1100000,1484
mul,0,19,0.001,-2.252133777504341,1,1
mul,0,19,0.01,-2.2521337737453315,1,1
mul,0,19,0.1,-2.2521337361647786,1,1
mul,1,19,0.001,-0.12696883973124592,11,10
mul,1,19,0.01,-0.12696902168177593,11,10
mul,1,19,0.1,-0.12697096519596007,11,10
mul,2,19,0.001,-0.12674028237673657,110,50
mul,2,19,0.01,-0.12660014039302359,110,50
mul,2,19,0.1,-0.12661922680589258,110,50
mul,3,19,0.001,-0.13194857294897894,1100,188
mul,3,19,0.01,-0.13104005977792796,1100,188
mul,3,19,0.1,-0.13051078060379576,1100,188
mul,4,19,0.001,-0.16316321448848772,11000,520
mul,4,19,0.01,-0.16056444254612126,11000,520
mul,4,19,0.1,-0.16093018116877192,11000,520
mul,5,19,0.001,-0.2808843720264406,110000,1004
mul,5,19,0.01,-0.2718314221724049,110000,1004
mul,5,19,0.1,-0.2674194116323976,110000,1004
mul,6,19,0.001,-0.4690489262105683,1100000,1457
mul,6,19,0.01,-0.46174802051157254,1100000,1457
mul,6,19,0.1,-0.4628182994954332,1100000,1457
mul,0,20,0.001,-2.217939028560733,1,1
mul,0,20,0.01,-2.217939029857666,1,1
mul,0,20,0.1,-2.2179390428365715,1,1
mul,1,20,0.001,-0.12109311653237718,11,10
mul,1,20,0.01,-0.12109358539689949,11,10
mul,1,20,0.1,-0.12109828830931035,11,10
mul,2,20,0.001,-0.11925636208921066,110,48
mul,2,20,0.01,-0.11914115658271605,110,48
mul,2,20,0.1,-0.11906998523104,110,48
mul,3,20,0.001,-0.12192594989218228,1100,179
mul,3,20,0.01,-0.12136858711078963,1100,179
mul,3,20,0.1,-0.12100742768703139,1100,179
mul,4,20,0.001,-0.14076397656662984,11000,496
mul,4,20,0.01,-0.13894883634194388,11000,496
mul,4,20,0.1,-0.13811296156945677,11000,496
mul,5,20,0.001,-0.23661500335169028,110000,944
mul,5,20,0.01,-0.22874099499764844,110000,944
mul,5,20,0.1,-0.22611760207418113,110000,944
mul,6,20,0.001,-0.45221656104615904,1100000,1372
mul,6,20,0.01,-0.4433040288365792,1100000,1372
mul,6,20,0.1,-0.444329152290346,1100000,1372
mul,0,21,0.001,-2.236463115300011,1,1
mul,0,21,0.01,-2.2364631133657555,1,1
mul,0,21,0.1,-2.2364630940327586,1,1
mul,1,21,0.001,-0.12716664723224858,11,10
mul,1,21,0.01,-0.12716703123169654,11,10
mul,1,21,0.1,-0.12717090351253907,11,10
mul,2,21,0.001,-0.126776384791082,110,49
mul,2,21,0.01,-0.12671350896856592,110,49
mul,2,21,0.1,-0.12668872564675662,110,49
mul,3,21,0.001,-0.13076757521226381,1100,180
mul,3,21,0.01,-0.1302221171335578,1100,180
mul,3,21,0.1,-0.12992143283710839,1100,180
mul,4,21,0.001,-0.16429075763383813,11000,507
mul,4,21,0.01,-0.16208895957256192,11000,507
mul,4,21,0.1,-0.16111375470062445,11000,507
mul,5,21,0.001,-0.2886921750559033,110000,983
mul,5,21,0.01,-0.27187316047260207,110000,983
mul,5,21,0.1,-0.26155497915812026,110000,983
mul,6,21,0.001,-0.49518561987068244,1100000,1420
mul,6,21,0.01,-0.48090655978503627,1100000,1420
mul,6,21,0.1,-0.47647058798431874,1100000,1420
mul,0,22,0.001,-2.263879581850066,1,1
mul,0,22,0.01,-2.263879574986439,1,1
mul,0,22,0.1,-2.26387950636032,1,1
mul,1,22,0.001,-0.129545818371724,11,10
mul,1,22,0.01,-0.12954630688356353,11,10
mul,1,22,0.1,-0.12955120331982206,11,10
mul,2,22,0.001,-0.12690411136719562,110,48
mul,2,22,0.01,-0.1269071928449065,110,48
mul,2,22,0.1,-0.12693824749413174,110,48
mul,3,22,0.001,-0.1296058276154574,1100,176
mul,3,22,0.01,-0.12871406492495133,1100,176
mul,3,22,0.1,-0.12811197426575419,1100,176
mul,4,22,0.001,-0.14963030055367252,11000,490
mul,4,22,0.01,-0.14704814774883107,11000,490
mul,4,22,0.1,-0.14557324589737364,11000,490
mul,5,22,0.001,-0.24166268877710756,110000,945
mul,5,22,0.01,-0.23603807206431793,110000,945
mul,5,22,0.1,-0.23524328448159912,110000,945
mul,6,22,0.001,-0.4778898403786821,1100000,1415
mul,6,22,0.01,-0.46988750141390345,1100000,1415
mul,6,22,0.1,-0.46969486840687086,1100000,1415
mul,0,23,0.001,-2.238489747601227,1,1
mul,0,23,0.01,-2.238489745631276,1,1
mul,0,23,0.1,-2.238489725941406,1,1
mul,1,23,0.001,-0.12421965845355602,11,10
mul,1,23,0.01,-0.12422012199166681,11,10
mul,1,23,0.1,-0.12422476996878803,11,10
mul,2,23,0.001,-0.12246536491348567,110,47
mul,2,23,0.01,-0.12244219468000989,110,47
mul,2,23,0.1,-0.12245452140283539,110,47
mul,3,23,0.001,-0.12472080785755127,1100,169
mul,3,23,0.01,-0.12438796320710549,1100,169
mul,3,23,0.1,-0.12430453463373944,1100,169
mul,4,23,0.001,-0.14294261347060577,11000,470
mul,4,23,0.01,-0.14097649504651535,11000,470
mul,4,23,0.1,-0.1404293659049697,11000,470
mul,5,23,0.001,-0.25937628411874214,110000,939
mul,5,23,0.01,-0.24503405603762868,110000,939
mul,5,23,0.1,-0.23836741315768303,110000,939
mul,6,23,0.001,-0.5003238764303632,1100000,1389
mul,6,23,0.01,-0.49229411453475574,1100000,1389
mul,6,23,0.1,-0.4929795284754821,1100000,1389
mul,0,24,0.001,-2.2163879865552905,1,1
mul,0,24,0.01,-2.2163879880074684,1,1
mul,0,24,0.1,-2.2163880025390807,1,1
mul,1,24,0.001,-0.1096017815668402,11,10
mul,1,24,0.01,-0.10960234311569483,11,10
mul,1,24,0.1,-0.1096079633641848,11,10
mul,2,24,0.001,-0.11220424556035836,110,46
mul,2,24,0.01,-0.11216354131821996,110,46
mul,2,24,0.1,-0.11215039624230792,110,46
mul,3,24,0.001,-0.1150284428768991,1100,171
mul,3,24,0.01,-0.11459831820606362,1100,171
mul,3,24,0.1,-0.11438916196494159,1100,171
mul,4,24,0.001,-0.1354188491137221,11000,458
mul,4,24,0.01,-0.13371567713260624,11000,458
mul,4,24,0.1,-0.13288595433375391,11000,458
mul,5,24,0.001,-0.21797080582830894,110000,855
mul,5,24,0.01,-0.21331256784660158,110000,855
mul,5,24,0.1,-0.21216260491328162,110000,855
mul,6,24,0.001,-0.3940257520232465,1100000,1207
mul,6,24,0.01,-0.38655525887358727,1100000,1207
mul,6,24,0.1,-0.3870183437110119,1100000,1207
mul,0,25,0.001,-2.2209137851100764,1,1
mul,0,25,0.01,-2.220913785966541,1,1
mul,0,25,0.1,-2.2209137945408086,1,1
mul,1,25,0.001,-0.12432676320510525,11,10
mul,1,25,0.01,-0.12432720681215163,11,10
mul,1,25,0.1,-0.12433166282870471,11,10
mul,2,25,0.001,-0.12814074976541576,110,49
mul,2,25,0.01,-0.12806104688063136,110,49
mul,2,25,0.1,-0.12802413908690005,110,49
mul,3,25,0.001,-0.1315692350918057,1100,182
mul,3,25,0.01,-0.13103727497017717,1100,182
mul,3,25,0.1,-0.13083766521065376,1100,182
mul,4,25,0.001,-0.15898254762739047,11000,505
mul,4,25,0.01,-0.15676960781606028,11000,505
mul,4,25,0.1,-0.15580096468796092,11000,505
mul,5,25,0.001,-0.2531584670679433,110000,970
mul,5,25,0.01,-0.24815184091919565,110000,970
mul,5,25,0.1,-0.2480052281611271,110000,970
mul,6,25,0.001,-0.4802148328568739,1100000,1377
mul,6,25,0.01,-0.4726157566647869,1100000,1377
mul,6,25,0.1,-0.47321030601671576,1100000,1377
mul,0,26,0.001,-2.2093933454649326,1,1
mul,0,26,0.01,-2.209393348594788,1,1
mul,0,26,0.1,-2.2093933799027656,1,1
mul,1,26,0.001,-0.1204907451185965,11,10
mul,1,26,0.01,-0.12049125935777406,11,10
mul,1,26,0.1,-0.12049641020697305,11,10
mul,2,26,0.001,-0.11941688195855454,110,49
mul,2,26,0.01,-0.11938018013880267,110,49
mul,2,26,0.1,-0.11937394079570088,110,49
mul,3,26,0.001,-0.12225735209505934,1100,170
mul,3,26,0.01,-0.12193143406391108,1100,170
mul,3,26,0.1,-0.12177881105997751,1100,170
mul,4,26,0.001,-0.14348511927238072,11000,457
mul,4,26,0.01,-0.14195459501529256,11000,457
mul,4,26,0.1,-0.14128222974717541,11000,457
mul,5,26,0.001,-0.22337693056042107,110000,888
mul,5,26,0.01,-0.21636872908119076,110000,888
mul,5,26,0.1,-0.21385873087921312,110000,888
mul,6,26,0.001,-0.4471483147470432,1100000,1316
mul,6,26,0.01,-0.4397219629400748,1100000,1316
mul,6,26,0.1,-0.4397425269751135,1100000,1316
mul,0,27,0.001,-2.20930439978443,1,1
mul,0,27,0.01,-2.209304403767169,1,1
mul,0,27,0.1,-2.209304443603655,1,1
mul,1,27,0.001,-0.12134912031207501,11,10
mul,1,27,0.01,-0.12134953260026086,11,10
mul,1,27,0.1,-0.12135367539238055,11,10
mul,2,27,0.001,-0.1215139125231883,110,48
mul,2,27,0.01,-0.12142738294475322,110,48
mul,2,27,0.1,-0.1213839480859759,110,48
mul,3,27,0.001,-0.12679980151082595,1100,183
mul,3,27,0.01,-0.12629300588504005,1100,183
mul,3,27,0.1,-0.12603405844798032,1100,183
mul,4,27,0.001,-0.14914324657934672,11000,504
mul,4,27,0.01,-0.1469881383258195,11000,504
mul,4,27,0.1,-0.14605496066744975,11000,504
mul,5,27,0.001,-0.2527525612651765,110000,996
mul,5,27,0.01,-0.24708026752264187,110000,996
mul,5,27,0.1,-0.24713382259661057,110000,996
mul,6,27,0.001,-0.46891187256501154,1100000,1478
mul,6,27,0.01,-0.4589733911360295,1100000,1478
mul,6,27,0.1,-0.4589911018315386,1100000,1478
mul,0,28,0.001,-2.2334171650897625,1,1
mul,0,28,0.01,-2.2334171630663078,1,1
mul,0,28,0.1,-2.233417142841841,1,1
mul,1,28,0.001,-0.11811540236632033,11,10
mul,1,28,0.01,-0.11811592845416989,11,10
mul,1,28,0.1,-0.11812119600282733,11,10
mul,2,28,0.001,-0.11950829569550905,110,47
mul,2,28,0.01,-0.11951175177329298,110,47
mul,2,28,0.1,-0.11954662396419276,110,47
mul,3,28,0.001,-0.12122839508534114,1100,177
mul,3,28,0.01,-0.12080340533622727,1100,177
mul,3,28,0.1,-0.12058045476829451,1100,177
mul,4,28,0.001,-0.13780968300453844,11000,478
mul,4,28,0.01,-0.135735634920857,11000,478
mul,4,28,0.1,-0.13494454105076506,11000,478
mul,5,28,0.001,-0.2318871909735603,110000,928
mul,5,28,0.01,-0.22671071808548562,110000,928
mul,5,28,0.1,-0.22561035059584253,110000,928
mul,6,28,0.001,-0.495825847919733,1100000,1335
mul,6,28,0.01,-0.4808610775706822,1100000,1335
mul,6,28,0.1,-0.47659175622817157,1100000,1335
mul,0,29,0.001,-2.2343097968205443,1,1
mul,0,29,0.01,-2.234309794644894,1,1
mul,0,29,0.1,-2.2343097728986767,1,1
mul,1,29,0.001,-0.13626427302837776,11,10
mul,1,29,0.01,-0.1362646563999881,11,10
mul,1,29,0.1,-0.13626851136514082,11,10
mul,2,29,0.001,-0.1351855074110001,110,50
mul,2,29,0.01,-0.13514613534268818,110,50
mul,2,29,0.1,-0.1351423064339341,110,50
mul,3,29,0.001,-0.14197168795150036,1100,177
mul,3,29,0.01,-0.14089027237706125,1100,177
mul,3,29,0.1,-0.14029688075603555,1100,177
mul,4,29,0.001,-0.1732288191858317,11000,475
mul,4,29,0.01,-0.16915613137737007,11000,475
mul,4,29,0.1,-0.16665984545189794,11000,475
mul,5,29,0.001,-0.27759536545823416,110000,918
mul,5,29,0.01,-0.27008761737163556,110000,918
mul,5,29,0.1,-0.2673744854139008,110000,918
mul,6,29,0.001,-0.4540574080728222,1100000,1347
mul,6,29,0.01,-0.44540518638881194,1100000,1347
mul,6,29,0.1,-0.44413981596504815,1100000,1347
mul,0,30,0.001,-2.2337312246324426,1,1
mul,0,30,0.01,-2.2337312237399263,1,1
mul,0,30,0.1,-2.233731214824318,1,1
mul,1,30,0.001,-0.12621392573713386,11,10
mul,1,30,0.01,-0.1262143251363299,11,10
mul,1,30,0.1,-0.1262183443739167,11,10
mul,2,30,0.001,-0.126300795982429,110,49
mul,2,30,0.01,-0.1262238477707562,110,49
mul,2,30,0.1,-0.12618399233402167,110,49
mul,3,30,0.001,-0.13107962151027897,1100,181
mul,3,30,0.01,-0.1306182824839905,1100,181
mul,3,30,0.1,-0.13043600538024427,1100,181
mul,4,30,0.001,-0.15097601324378124,11000,484
mul,4,30,0.01,-0.14889735585231748,11000,484
mul,4,30,0.1,-0.14772107850863433,11000,484
mul,5,30,0.001,-0.25483373435202183,110000,926
mul,5,30,0.01,-0.2446146547855262,110000,926
mul,5,30,0.1,-0.2399924588290184,110000,926
mul,6,30,0.001,-0.47322069566210223,1100000,1387
mul,6,30,0.01,-0.4606936425709167,1100000,1387
mul,6,30,0.1,-0.45685580358974315,1100000,1387
mul,0,31,0.001,-2.211044250838034,1,1
mul,0,31,0.01,-2.2110442538262696,1,1
mul,0,31,0.1,-2.211044283717954,1,1
mul,1,31,0.001,-0.12431003091923394,11,10
mul,1,31,0.01,-0.12431043336425805,11,10
mul,1,31,0.1,-0.12431448026905309,11,10
mul,2,31,0.001,-0.12307778114384792,110,48
mul,2,31,0.01,-0.12304181496007756,110,48
mul,2,31,0.1,-0.12303474654441703,110,48
mul,3,31,0.001,-0.1283677863799736,1100,186
mul,3,31,0.01,-0.12726416988946893,1100,186
mul,3,31,0.1,-0.12657291903613815,1100,186
mul,4,31,0.001,-0.15353386434555272,11000,502
mul,4,31,0.01,-0.14956005552979604,11000,502
mul,4,31,0.1,-0.14688787032681655,11000,502
mul,5,31,0.001,-0.23282281439727234,110000,965
mul,5,31,0.01,-0.22775986475218404,110000,965
mul,5,31,0.1,-0.22763579198052075,110000,965
mul,6,31,0.001,-0.47070832718618644,1100000,1401
mul,6,31,0.01,-0.4579553364877708,1100000,1401
mul,6,31,0.1,-0.4550471604873213,1100000,1401
mul,0,32,0.001,-2.2072025029768776,1,1
mul,0,32,0.01,-2.207202505828402,1,1
mul,0,32,0.1,-2.2072025343533848,1,1
mul,1,32,0.001,-0.11189925783782755,11,10
mul,1,32,0.01,-0.11189977062937662,11,10
mul,1,32,0.1,-0.11190490712475124,11,10
mul,2,32,0.001,-0.11258173444543072,110,48
mul,2,32,0.01,-0.11254328334807909,110,48
mul,2,32,0.1,-0.11253645174833528,110,48
mul,3,32,0.001,-0.11731631948466632,1100,174
mul,3,32,0.01,-0.11643295763213951,1100,174
mul,3,32,0.1,-0.11583510541431467,1100,174
mul,4,32,0.001,-0.14829236595204887,11000,470
mul,4,32,0.01,-0.14620092706807153,11000,470
mul,4,32,0.1,-0.14558262636114302,11000,470
mul,5,32,0.001,-0.2450539439976887,110000,908
mul,5,32,0.01,-0.23975819402567908,110000,908
mul,5,32,0.1,-0.239194297672299,110000,908
mul,6,32,0.001,-0.47562852735126365,1100000,1302
mul,6,32,0.01,-0.46763347962242546,1100000,1302
mul,6,32,0.1,-0.46772246917507393,1100000,1302
mul,0,33,0.001,-2.2377441697190124,1,1
mul,0,33,0.01,-2.2377441669378304,1,1
mul,0,33,0.1,-2.2377441391362525,1,1
mul,1,33,0.001,-0.12753648104011164,11,10
mul,1,33,0.01,-0.12753696047900628,11,10
mul,1,33,0.1,-0.127541760375075,11,10
mul,2,33,0.001,-0.1270078901255462,110,46
mul,2,33,0.01,-0.12699638381168057,110,46
mul,2,33,0.1,-0.12701301454782934,110,46
mul,3,33,0.001,-0.13208393865709425,1100,165
mul,3,33,0.01,-0.1315616904848782,1100,165
mul,3,33,0.1,-0.1312155629586897,1100,165
mul,4,33,0.001,-0.15383481269834726,11000,466
mul,4,33,0.01,-0.1517516641154911,11000,466
mul,4,33,0.1,-0.15086146500476671,11000,466
mul,5,33,0.001,-0.23059390532213608,110000,914
mul,5,33,0.01,-0.2248161306186458,110000,914
mul,5,33,0.1,-0.22399910372633303,110000,914
mul,6,33,0.001,-0.48244845519932195,1100000,1342
mul,6,33,0.01,-0.46894453727321933,1100000,1342
mul,6,33,0.1,-0.46579707037904755,1100000,1342
mul,0,34,0.001,-2.2037022332712204,1,1
mul,0,34,0.01,-2.203702237014068,1,1
mul,0,34,0.1,-2.203702274452277,1,1
mul,1,34,0.001,-0.11634653963304838,11,10
mul,1,34,0.01,-0.11634703233991713,11,10
mul,1,34,0.1,-0.1163519699870056,11,10
mul,2,34,0.001,-0.11716526616128937,110,48
mul,2,34,0.01,-0.11714108293633033,110,48
mul,2,34,0.1,-0.11715239515521933,110,48
mul,3,34,0.001,-0.12087891985853448,1100,182
mul,3,34,0.01,-0.12042913499601797,1100,182
mul,3,34,0.1,-0.1202637849319092,1100,182
mul,4,34,0.001,-0.1411175875252319,11000,480
mul,4,34,0.01,-0.1393142844065893,11000,480
mul,4,34,0.1,-0.13858542306341087,11000,480
mul,5,34,0.001,-0.21109053895031757,110000,920
mul,5,34,0.01,-0.20620079840888486,110000,920
mul,5,34,0.1,-0.20596689780439517,110000,920
mul,6,34,0.001,-0.4372294971537892,1100000,1337
mul,6,34,0.01,-0.4204331730360249,1100000,1337
mul,6,34,0.1,-0.41484298334916525,1100000,1337
mul,0,35,0.001,-2.22217974386626,1,1
mul,0,35,0.01,-2.2221797451844427,1,1
mul,0,35,0.1,-2.2221797583755465,1,1
mul,1,35,0.001,-0.1275826522810394,11,10
mul,1,35,0.01,-0.1275831068775834,11,10
mul,1,35,0.1,-0.12758766208907393,11,10
mul,2,35,0.001,-0.1311776741232057,110,48
mul,2,35,0.01,-0.1311137411134511,110,48
mul,2,35,0.1,-0.13108522907042786,110,48
mul,3,35,0.001,-0.14296761935023491,1100,176
mul,3,35,0.01,-0.14218559935955136,1100,176
mul,3,35,0.1,-0.14172234993877605,1100,176
mul,4,35,0.001,-0.16163623778562514,11000,503
mul,4,35,0.01,-0.15886110916173943,11000,503
mul,4,35,0.1,-0.15737865679763502,11000,503
mul,5,35,0.001,-0.2638541915087094,110000,1002
mul,5,35,0.01,-0.2577319467194232,110000,1002
mul,5,35,0.1,-0.256467327316358,110000,1002
mul,6,35,0.001,-0.4957674976983538,1100000,1481
mul,6,35,0.01,-0.48898556789300274,1100000,1481
mul,6,35,0.1,-0.49012224067479215,1100000,1481
mul,0,36,0.001,-2.215762146670106,1,1
mul,0,36,0.01,-2.21576215000772,1,1
mul,0,36,0.1,-2.2157621833925423,1,1
mul,1,36,0.001,-0.12082876781433396,11,10
mul,1,36,0.01,-0.12082930743783127,11,10
mul,1,36,0.1,-0.12083471516902504,11,10
mul,2,36,0.001,-0.12061847413516452,110,49
mul,2,36,0.01,-0.12058547648219164,110,49
mul,2,36,0.1,-0.12059009564858611,110,49
mul,3,36,0.001,-0.12450400009589593,1100,182
mul,3,36,0.01,-0.12403094442031647,1100,182
mul,3,36,0.1,-0.12380355686313188,1100,182
mul,4,36,0.001,-0.14591694636728506,11000,499
mul,4,36,0.01,-0.14377833278428417,11000,499
mul,4,36,0.1,-0.14269236013349024,11000,499
mul,5,36,0.001,-0.2620369311967056,110000,969
mul,5,36,0.01,-0.2571218876772641,110000,969
mul,5,36,0.1,-0.2559529991165215,110000,969
mul,6,36,0.001,-0.4789813409599044,1100000,1423
mul,6,36,0.01,-0.47178650296257063,1100000,1423
mul,6,36,0.1,-0.47231037960074296,1100000,1423
mul,0,37,0.001,-2.2038414516560754,1,1
mul,0,37,0.01,-2.2038414560169564,1,1
mul,0,37,0.1,-2.2038414996349545,1,1
mul,1,37,0.001,-0.1268653851084473,11,10
mul,1,37,0.01,-0.12686581513575249,11,10
mul,1,37,0.1,-0.1268701314630039,11,10
mul,2,37,0.001,-0.1260824230145143,110,50
mul,2,37,0.01,-0.12600918734023459,110,50
mul,2,37,0.1,-0.1259819971017391,110,50
mul,3,37,0.001,-0.13018453938950802,1100,183
mul,3,37,0.01,-0.12940621185179255,1100,183
mul,3,37,0.1,-0.12895457821054865,1100,183
mul,4,37,0.001,-0.14608796846847522,11000,499
mul,4,37,0.01,-0.14367781423471176,11000,499
mul,4,37,0.1,-0.1423328164434732,11000,499
mul,5,37,0.001,-0.22653615180375436,110000,958
mul,5,37,0.01,-0.22176743852655664,110000,958
mul,5,37,0.1,-0.22091192048660904,110000,958
mul,6,37,0.001,-0.49618980261682705,1100000,1427
mul,6,37,0.01,-0.47576518703817855,1100000,1427
mul,6,37,0.1,-0.4675143551087472,1100000,1427
mul,0,38,0.001,-2.2170646919325567,1,1
mul,0,38,0.01,-2.217064693361604,1,1
mul,0,38,0.1,-2.217064707661768,1,1
mul,1,38,0.001,-0.12643012935086478,11,10
mul,1,38,0.01,-0.1264303959290439,11,10
mul,1,38,0.1,-0.12643309705505656,11,10
mul,2,38,0.001,-0.1259603412669503,110,50
mul,2,38,0.01,-0.12578514341555608,110,50
mul,2,38,0.1,-0.12564660847086115,110,50
mul,3,38,0.001,-0.1303646297194295,1100,183
mul,3,38,0.01,-0.12981442966900783,1100,183
mul,3,38,0.1,-0.12946667178833896,1100,183
mul,4,38,0.001,-0.14801848041593565,11000,494
mul,4,38,0.01,-0.14589927756541532,11000,494
mul,4,38,0.1,-0.14509275524031115,11000,494
mul,5,38,0.001,-0.23043930337872792,110000,963
mul,5,38,0.01,-0.22581966450843888,110000,963
mul,5,38,0.1,-0.22593868225203284,110000,963
mul,6,38,0.001,-0.4629461066428488,1100000,1437
mul,6,38,0.01,-0.4538917896822083,1100000,1437
mul,6,38,0.1,-0.4519838271785685,1100000,1437
mul,0,39,0.001,-2.2229438697255084,1,1
mul,0,39,0.01,-2.2229438705215108,1,1
mul,0,39,0.1,-2.2229438784908764,1,1
mul,1,39,0.001,-0.12542381799803004,11,10
mul,1,39,0.01,-0.12542411996632502,11,10
mul,1,39,0.1,-0.12542717807484297,11,10
mul,2,39,0.001,-0.1250201593252968,110,50
mul,2,39,0.01,-0.12493205263459735,110,50
mul,2,39,0.1,-0.12488193994599212,110,50
mul,3,39,0.001,-0.12954369530701895,1100,190
mul,3,39,0.01,-0.1287033430914153,1100,190
mul,3,39,0.1,-0.128118828200961,1100,190
mul,4,39,0.001,-0.1616977693888214,11000,520
mul,4,39,0.01,-0.15932192126692188,11000,520
mul,4,39,0.1,-0.15852023366822507,11000,520
mul,5,39,0.001,-0.2710440917985765,110000,1012
mul,5,39,0.01,-0.26122092160196264,110000,1012
mul,5,39,0.1,-0.25782658099450734,110000,1012
mul,6,39,0.001,-0.4977553680537215,1100000,1505
mul,6,39,0.01,-0.48620149576000493,1100000,1505
mul,6,39,0.1,-0.48615743247216764,1100000,1505
mul,0,40,0.001,-2.224129320344132,1,1
mul,0,40,0.01,-2.2241293201627657,1,1
mul,0,40,0.1,-2.2241293183590436,1,1
mul,1,40,0.001,-0.12416636370449499,11,10
mul,1,40,0.01,-0.12416679538398344,11,10
mul,1,40,0.1,-0.12417112495991778,11,10
mul,2,40,0.001,-0.12475728768369448,110,50
mul,2,40,0.01,-0.12468950280347994,110,50
mul,2,40,0.1,-0.12465451499280102,110,50
mul,3,40,0.001,-0.12852179424409138,1100,179
mul,3,40,0.01,-0.1276605102624915,1100,179
mul,3,40,0.1,-0.127104629182109,1100,179
mul,4,40,0.001,-0.14850014403371245,11000,490
mul,4,40,0.01,-0.14672569307469166,11000,490
mul,4,40,0.1,-0.14705633975629046,11000,490
mul,5,40,0.001,-0.2431220786764345,110000,928
mul,5,40,0.01,-0.2353556676968343,110000,928
mul,5,40,0.1,-0.2337823148678046,110000,928
mul,6,40,0.001,-0.46599577880614956,1100000,1322
mul,6,40,0.01,-0.4562748484425007,1100000,1322
mul,6,40,0.1,-0.4573186096365176,1100000,1322
mul,0,41,0.001,-2.2192084594156998,1,1
mul,0,41,0.01,-2.219208459874308,1,1
mul,0,41,0.1,-2.219208464470507,1,1
mul,1,41,0.001,-0.12368646252818374,11,10
mul,1,41,0.01,-0.12368692336524835,11,10
mul,1,41,0.1,-0.12369154413400307,11,10
mul,2,41,0.001,-0.12461899076881915,110,49
mul,2,41,0.01,-0.12454981684138614,110,49
mul,2,41,0.1,-0.12451018172280999,110,49
mul,3,41,0.001,-0.1289722651570502,1100,176
mul,3,41,0.01,-0.12858198442912896,1100,176
mul,3,41,0.1,-0.12845836490660728,1100,176
mul,4,41,0.001,-0.14344079449255942,11000,491
mul,4,41,0.01,-0.1413217339914247,11000,491
mul,4,41,0.1,-0.14051223246060254,11000,491
mul,5,41,0.001,-0.2533256232849068,110000,966
mul,5,41,0.01,-0.24259015098389275,110000,966
mul,5,41,0.1,-0.2387011445148687,110000,966
mul,6,41,0.001,-0.4726802351130267,1100000,1371
mul,6,41,0.01,-0.4608318002890593,1100000,1371
mul,6,41,0.1,-0.4588817371936557,1100000,1371
mul,0,42,0.001,-2.2627736529086437,1,1
mul,0,42,0.01,-2.262773646615464,1,1
mul,0,42,0.1,-2.2627735836936,1,1
mul,1,42,0.001,-0.12430554982712527,11,10
mul,1,42,0.01,-0.12430593649096909,11,10
mul,1,42,0.1,-0.12430984510249188,11,10
mul,2,42,0.001,-0.12418543455866012,110,49
mul,2,42,0.01,-0.12407797938565361,110,49
mul,2,42,0.1,-0.1240079073046306,110,49
mul,3,42,0.001,-0.1269349606522861,1100,182
mul,3,42,0.01,-0.12629757752634765,1100,182
mul,3,42,0.1,-0.12587479425274428,1100,182
mul,4,42,0.001,-0.1433544366705192,11000,502
mul,4,42,0.01,-0.14122010017055756,11000,502
mul,4,42,0.1,-0.14013711512084331,11000,502
mul,5,42,0.001,-0.2528763806809221,110000,963
mul,5,42,0.01,-0.24441388586368862,110000,963
mul,5,42,0.1,-0.24067860237029018,110000,963
mul,6,42,0.001,-0.43941934573461455,1100000,1401
mul,6,42,0.01,-0.430927122124151,1100000,1401
mul,6,42,0.1,-0.4304456460403874,1100000,1401
mul,0,43,0.001,-2.269180628204934,1,1
mul,0,43,0.01,-2.2691806213497467,1,1
mul,0,43,0.1,-2.2691805528076086,1,1
mul,1,43,0.001,-0.1281629463619456,11,10
mul,1,43,0.01,-0.12816343957621165,11,10
mul,1,43,0.1,-0.1281683848957725,11,10
mul,2,43,0.001,-0.12524406783530315,110,48
mul,2,43,0.01,-0.1252076228234056,110,48
mul,2,43,0.1,-0.12520368596878848,110,48
mul,3,43,0.001,-0.12828073109974386,1100,181
mul,3,43,0.01,-0.12786301378496398,1100,181
mul,3,43,0.1,-0.12765156354659427,1100,181
mul,4,43,0.001,-0.14599757881008976,11000,514
mul,4,43,0.01,-0.14407577920393605,11000,514
mul,4,43,0.1,-0.14343415693126507,11000,514
mul,5,43,0.001,-0.24671508176771867,110000,1010
mul,5,43,0.01,-0.2334402267205602,110000,1010
mul,5,43,0.1,-0.22769590216705962,110000,1010
mul,6,43,0.001,-0.4795632655512191,1100000,1485
mul,6,43,0.01,-0.46601742879535935,1100000,1485
mul,6,43,0.1,-0.4635664957275267,1100000,1485
mul,0,44,0.001,-2.22578033166949,1,1
mul,0,44,0.01,-2.2257803316035565,1,1
mul,0,44,0.1,-2.225780330953981,1,1
mul,1,44,0.001,-0.12581332593056582,11,10
mul,1,44,0.01,-0.12581371827740354,11,10
mul,1,44,0.1,-0.1258176614156478,11,10
mul,2,44,0.001,-0.1269642566514272,110,49
mul,2,44,0.01,-0.12694180326357496,110,49
mul,2,44,0.1,-0.12696800125386942,110,49
mul,3,44,0.001,-0.1301645032070768,1100,183
mul,3,44,0.01,-0.12951488942702075,1100,183
mul,3,44,0.1,-0.12924794928875044,1100,183
mul,4,44,0.001,-0.16427865368886282,11000,504
mul,4,44,0.01,-0.1620335996924719,11000,504
mul,4,44,0.1,-0.16154686595254836,11000,504
mul,5,44,0.001,-0.24070765315480733,110000,971
mul,5,44,0.01,-0.23503763244532655,110000,971
mul,5,44,0.1,-0.23408533931867315,110000,971
mul,6,44,0.001,-0.5132080186429692,1100000,1410
mul,6,44,0.01,-0.49169518703190535,1100000,1410
mul,6,44,0.1,-0.48207874169205706,1100000,1410
mul,0,45,0.001,-2.2363510153231734,1,1
mul,0,45,0.01,-2.2363510136879046,1,1
mul,0,45,0.1,-2.236350997344783,1,1
mul,1,45,0.001,-0.13001891208496258,11,10
mul,1,45,0.01,-0.13001929278792182,11,10
mul,1,45,0.1,-0.13002312410918143,11,10
mul,2,45,0.001,-0.12891821910606635,110,50
mul,2,45,0.01,-0.128803430063469,110,50
mul,2,45,0.1,-0.12873612938759013,110,50
mul,3,45,0.001,-0.13310007042379876,1100,184
mul,3,45,0.01,-0.13258247283741828,1100,184
mul,3,45,0.1,-0.13227561515438938,1100,184
mul,4,45,0.001,-0.14244388761339408,11000,521
mul,4,45,0.01,-0.13979445324492612,11000,521
mul,4,45,0.1,-0.13848034448935306,11000,521
mul,5,45,0.001,-0.2741123169347604,110000,1058
mul,5,45,0.01,-0.25768896879160436,110000,1058
mul,5,45,0.1,-0.24894288282593363,110000,1058
mul,6,45,0.001,-0.5002158224397261,1100000,1573
mul,6,45,0.01,-0.4812861858373045,1100000,1573
mul,6,45,0.1,-0.47339229239922387,1100000,1573
mul,0,46,0.001,-2.2395876574815463,1,1
mul,0,46,0.01,-2.23958765590752,1,1
mul,0,46,0.1,-2.2395876401763033,1,1
mul,1,46,0.001,-0.12407486979012758,11,10
mul,1,46,0.01,-0.12407539820001666,11,10
mul,1,46,0.1,-0.12408069022709964,11,10
mul,2,46,0.001,-0.12342728166700952,110,48
mul,2,46,0.01,-0.12339243978882831,110,48
mul,2,46,0.1,-0.12338802457483802,110,48
mul,3,46,0.001,-0.12592786649099677,1100,181
mul,3,46,0.01,-0.1254371210750146,1100,181
mul,3,46,0.1,-0.12522582941766006,1100,181
mul,4,46,0.001,-0.14151655203185534,11000,506
mul,4,46,0.01,-0.13923765712252767,11000,506
mul,4,46,0.1,-0.13829530548342572,11000,506
mul,5,46,0.001,-0.2685587270006688,110000,1007
mul,5,46,0.01,-0.25881726522629567,110000,1007
mul,5,46,0.1,-0.2545327420806124,110000,1007
mul,6,46,0.001,-0.4805479745186452,1100000,1480
mul,6,46,0.01,-0.46827921453233073,1100000,1480
mul,6,46,0.1,-0.46526970247641425,1100000,1480
mul,0,47,0.001,-2.2242847506594488,1,1
mul,0,47,0.01,-2.2242847514490083,1,1
mul,0,47,0.1,-2.224284759354187,1,1
mul,1,47,0.001,-0.11711475931937981,11,10
mul,1,47,0.01,-0.1171152975204289,11,10
mul,1,47,0.1,-0.11712068866035061,11,10
mul,2,47,0.001,-0.11939455920497473,110,48
mul,2,47,0.01,-0.11934267209668588,110,48
mul,2,47,0.1,-0.11932078450714398,110,48
mul,3,47,0.001,-0.1230524492739073,1100,176
mul,3,47,0.01,-0.12259894397362504,1100,176
mul,3,47,0.1,-0.1223547623127893,1100,176
mul,4,47,0.001,-0.14347202375461574,11000,470
mul,4,47,0.01,-0.14158973796587965,11000,470
mul,4,47,0.1,-0.140599026145207,11000,470
mul,5,47,0.001,-0.21334382604232735,110000,869
mul,5,47,0.01,-0.20865361845170807,110000,869
mul,5,47,0.1,-0.20733588566209843,110000,869
mul,6,47,0.001,-0.4022542732322128,1100000,1249
mul,6,47,0.01,-0.3855003465714509,1100000,1249
mul,6,47,0.1,-0.37819019547927246,1100000,1249
mul,0,48,0.001,-2.2086403099062544,1,1
mul,0,48,0.01,-2.208640312609199,1,1
mul,0,48,0.1,-2.2086403396482264,1,1
mul,1,48,0.001,-0.11882226596314323,11,10
mul,1,48,0.01,-0.1188227613887134,11,10
mul,1,48,0.1,-0.11882772820187898,11,10
mul,2,48,0.001,-0.11918008939655315,110,48
mul,2,48,0.01,-0.11915614789206877,110,48
mul,2,48,0.1,-0.11916506998437278,110,48
mul,3,48,0.001,-0.12388930026047841,1100,179
mul,3,48,0.01,-0.12341315445786676,1100,179
mul,3,48,0.1,-0.12320175199025037,1100,179
mul,4,48,0.001,-0.13622629738686068,11000,466
mul,4,48,0.01,-0.13421689925807265,11000,466
mul,4,48,0.1,-0.13325288771760294,11000,466
mul,5,48,0.001,-0.2282880683298253,110000,897
mul,5,48,0.01,-0.22408258742001813,110000,897
mul,5,48,0.1,-0.22432589895562727,110000,897
mul,6,48,0.001,-0.41853775811131616,1100000,1296
mul,6,48,0.01,-0.4064472233788391,1100000,1296
mul,6,48,0.1,-0.4035490192979833,1100000,1296
mul,0,49,0.001,-2.2334376799869666,1,1
mul,0,49,0.01,-2.233437678815852,1,1
mul,0,49,0.1,-2.23343766711428,1,1
mul,1,49,0.001,-0.12101810434862408,11,10
mul,1,49,0.01,-0.12101859009395188,11,10
mul,1,49,0.1,-0.12102345928769723,11,10
mul,2,49,0.001,-0.12066374942511568,110,48
mul,2,49,0.01,-0.12062590008693143,110,48
mul,2,49,0.1,-0.12061470295101226,110,48
mul,3,49,0.001,-0.12387977152353881,1100,179
mul,3,49,0.01,-0.12332556379587903,1100,179
mul,3,49,0.1,-0.12298798653411443,1100,179
mul,4,49,0.001,-0.14322924195732786,11000,491
mul,4,49,0.01,-0.14137482536080662,11000,491
mul,4,49,0.1,-0.14063301031925254,11000,491
mul,5,49,0.001,-0.21962423644870566,110000,919
mul,5,49,0.01,-0.2150075123565234,110000,919
mul,5,49,0.1,-0.21440139767224248,110000,919
mul,6,49,0.001,-0.4502035133118379,1100000,1327
mul,6,49,0.01,-0.42995802852722403,1100000,1327
mul,6,49,0.1,-0.4206853620990393,1100000,1327
mul,0,50,0.001,-2.2238145960188214,1,1
mul,0,50,0.01,-2.2238145966867586,1,1
mul,0,50,0.1,-2.2238146033755477,1,1
mul,1,50,0.001,-0.1289001778798657,11,10
mul,1,50,0.01,-0.12890060176060814,11,10
mul,1,50,0.1,-0.12890486224608452,11,10
mul,2,50,0.001,-0.1300355920289792,110,48
mul,2,50,0.01,-0.12998664259616302,110,48
mul,2,50,0.1,-0.12997935110613326,110,48
mul,3,50,0.001,-0.13344112764989077,1100,181
mul,3,50,0.01,-0.13289273094912954,1100,181
mul,3,50,0.1,-0.13255699445572322,1100,181
mul,4,50,0.001,-0.14826339013964607,11000,484
mul,4,50,0.01,-0.14637125958430036,11000,484
mul,4,50,0.1,-0.14542734727644818,11000,484
mul,5,50,0.001,-0.24907800531346766,110000,945
mul,5,50,0.01,-0.2437839812829838,110000,945
mul,5,50,0.1,-0.24225611173069975,110000,945
mul,6,50,0.001,-0.5171092441204255,1100000,1402
mul,6,50,0.01,-0.4986886674957789,1100000,1402
mul,6,50,0.1,-0.4893956570694016,1100000,1402
mul,0,51,0.001,-2.209257550155178,1,1
mul,0,51,0.01,-2.2092575520269975,1,1
mul,0,51,0.1,-2.2092575707554367,1,1
mul,1,51,0.001,-0.12947920985894007,11,10
mul,1,51,0.01,-0.12947961219118972,11,10
mul,1,51,0.1,-0.12948364556059253,11,10
mul,2,51,0.001,-0.13137509175683237,110,49
mul,2,51,0.01,-0.13133470874691122,110,49
mul,2,51,0.1,-0.1313340213865533,110,49
mul,3,51,0.001,-0.13697765353428742,1100,182
mul,3,51,0.01,-0.13601779814667306,1100,182
mul,3,51,0.1,-0.13543128063980536,1100,182
mul,4,51,0.001,-0.1718350770286648,11000,487
mul,4,51,0.01,-0.1693704810910186,11000,487
mul,4,51,0.1,-0.16829185063874627,11000,487
mul,5,51,0.001,-0.2987518054606736,110000,941
mul,5,51,0.01,-0.2932754583268045,110000,941
mul,5,51,0.1,-0.2932785619411846,110000,941
mul,6,51,0.001,-0.5101855100493096,1100000,1368
mul,6,51,0.01,-0.5022180643613565,1100000,1368
mul,6,51,0.1,-0.5024863512465507,1100000,1368
mul,0,52,0.001,-2.2364103398058828,1,1
mul,0,52,0.01,-2.236410338883624,1,1
mul,0,52,0.1,-2.2364103296704845,1,1
mul,1,52,0.001,-0.11522299411641998,11,10
mul,1,52,0.01,-0.11522349595983133,11,10
mul,1,52,0.1,-0.11522852883965078,11,10
mul,2,52,0.001,-0.11458185630854596,110,50
mul,2,52,0.01,-0.11447949337340627,110,50
mul,2,52,0.1,-0.11440788393261946,110,50
mul,3,52,0.001,-0.12063597875323659,1100,182
mul,3,52,0.01,-0.11979285025204872,1100,182
mul,3,52,0.1,-0.11919711462554404,1100,182
mul,4,52,0.001,-0.14698092155351114,11000,496
mul,4,52,0.01,-0.14482879243462166,11000,496
mul,4,52,0.1,-0.14402476087719976,11000,496
mul,5,52,0.001,-0.2689910542505753,110000,968
mul,5,52,0.01,-0.25920672052359517,110000,968
mul,5,52,0.1,-0.255877317137928,110000,968
mul,6,52,0.001,-0.4805709162150606,1100000,1418
mul,6,52,0.01,-0.4711094914337582,1100000,1418
mul,6,52,0.1,-0.47062651885106366,1100000,1418
mul,0,53,0.001,-2.2201250528013214,1,1
mul,0,53,0.01,-2.220125054099856,1,1
mul,0,53,0.1,-2.220125067094893,1,1
mul,1,53,0.001,-0.11911079096183033,11,10
mul,1,53,0.01,-0.11911128790789223,11,10
mul,1,53,0.1,-0.11911626779868856,11,10
mul,2,53,0.001,-0.11818756774082474,110,47
mul,2,53,0.01,-0.11817718200984652,110,47
mul,2,53,0.1,-0.11819703898774175,110,47
mul,3,53,0.001,-0.12193719173008465,1100,171
mul,3,53,0.01,-0.12140610689535378,1100,171
mul,3,53,0.1,-0.12113015046407463,1100,171
mul,4,53,0.001,-0.13964429935468034,11000,456
mul,4,53,0.01,-0.13762877699314877,11000,456
mul,4,53,0.1,-0.13659675246882716,11000,456
mul,5,53,0.001,-0.24394740656481262,110000,880
mul,5,53,0.01,-0.2392611719746581,110000,880
mul,5,53,0.1,-0.23878834567366658,110000,880
mul,6,53,0.001,-0.4279806355491678,1100000,1296
mul,6,53,0.01,-0.420024608915173,1100000,1296
mul,6,53,0.1,-0.4216223759275508,1100000,1296
mul,0,54,0.001,-2.206003450160697,1,1
mul,0,54,0.01,-2.2060034528004775,1,1
mul,0,54,0.1,-2.206003479208387,1,1
mul,1,54,0.001,-0.12599384875728384,11,10
mul,1,54,0.01,-0.12599430917752485,11,10
mul,1,54,0.1,-0.12599891908843439,11,10
mul,2,54,0.001,-0.12360527851472179,110,46
mul,2,54,0.01,-0.12356497519818085,110,46
mul,2,54,0.1,-0.12354635439041323,110,46
mul,3,54,0.001,-0.12736525411092983,1100,174
mul,3,54,0.01,-0.1267937838611458,1100,174
mul,3,54,0.1,-0.1264404180132944,1100,174
mul,4,54,0.001,-0.1459847878731087,11000,473
mul,4,54,0.01,-0.14404827959500116,11000,473
mul,4,54,0.1,-0.14330117156777197,11000,473
mul,5,54,0.001,-0.23249605930089898,110000,890
mul,5,54,0.01,-0.2279048409532249,110000,890
mul,5,54,0.1,-0.227844310442412,110000,890
mul,6,54,0.001,-0.44855255593053606,1100000,1289
mul,6,54,0.01,-0.43672186046802225,1100000,1289
mul,6,54,0.1,-0.4330246424624061,1100000,1289
mul,0,55,0.001,-2.246682515848944,1,1
mul,0,55,0.01,-2.24668251191658,1,1
mul,0,55,0.1,-2.246682472603052,1,1
mul,1,55,0.001,-0.11901614877899583,11,10
mul,1,55,0.01,-0.11901661530415207,11,10
mul,1,55,0.1,-0.11902130057525988,11,10
mul,2,55,0.001,-0.11738186276269853,110,48
mul,2,55,0.01,-0.11735655583254971,110,48
mul,2,55,0.1,-0.1173572043406219,110,48
mul,3,55,0.001,-0.11993399424308451,1100,174
mul,3,55,0.01,-0.11953604476553059,1100,174
mul,3,55,0.1,-0.11935948043669338,1100,174
mul,4,55,0.001,-0.13559266430285524,11000,487
mul,4,55,0.01,-0.1332921678150534,11000,487
mul,4,55,0.1,-0.1324489049375165,11000,487
mul,5,55,0.001,-0.22517603948530837,110000,931
mul,5,55,0.01,-0.22008930885752648,110000,931
mul,5,55,0.1,-0.2199303120284054,110000,931
mul,6,55,0.001,-0.4634877223170959,1100000,1339
mul,6,55,0.01,-0.4484812410364599,1100000,1339
mul,6,55,0.1,-0.44377431574164605,1100000,1339
mul,0,56,0.001,-2.249031766836238,1,1
mul,0,56,0.01,-2.249031762816897,1,1
mul,0,56,0.1,-2.249031722632901,1,1
mul,1,56,0.001,-0.13382550116452285,11,10
mul,1,56,0.01,-0.13382586578889444,11,10
mul,1,56,0.1,-0.1338295407117169,11,10
mul,2,56,0.001,-0.13160964153813148,110,50
mul,2,56,0.01,-0.13153742530184953,110,50
mul,2,56,0.1,-0.13150885423051334,110,50
mul,3,56,0.001,-0.1362533127307497,1100,182
mul,3,56,0.01,-0.13561856848558895,1100,182
mul,3,56,0.1,-0.13530351970732,1100,182
mul,4,56,0.001,-0.1556363438341231,11000,520
mul,4,56,0.01,-0.15329210058442744,11000,520
mul,4,56,0.1,-0.1522816729472986,11000,520
mul,5,56,0.001,-0.2557490919789477,110000,1066
mul,5,56,0.01,-0.2497569900831914,110000,1066
mul,5,56,0.1,-0.24870129154080076,110000,1066
mul,6,56,0.001,-0.5134701743544485,1100000,1578
mul,6,56,0.01,-0.5038538536497407,1100000,1578
mul,6,56,0.1,-0.5035228060926329,1100000,1578
mul,0,57,0.001,-2.238286236707905,1,1
mul,0,57,0.01,-2.2382862340899483,1,1
mul,0,57,0.1,-2.2382862079203933,1,1
mul,1,57,0.001,-0.1275004523802184,11,10
mul,1,57,0.01,-0.12750091282938208,11,10
mul,1,57,0.1,-0.1275055274196225,11,10
mul,2,57,0.001,-0.12607943875951128,110,48
mul,2,57,0.01,-0.12604059176005541,110,48
mul,2,57,0.1,-0.1260286845293602,110,48
mul,3,57,0.001,-0.12992837008487002,1100,176
mul,3,57,0.01,-0.12918165227182535,1100,176
mul,3,57,0.1,-0.1287007096089312,1100,176
mul,4,57,0.001,-0.15574695089375706,11000,470
mul,4,57,0.01,-0.15388099827089244,11000,470
mul,4,57,0.1,-0.15314307707622676,11000,470
mul,5,57,0.001,-0.2457093992657843,110000,903
mul,5,57,0.01,-0.23931914197594062,110000,903
mul,5,57,0.1,-0.23780043676116217,110000,903
mul,6,57,0.001,-0.42125627361243884,1100000,1338
mul,6,57,0.01,-0.4133316014720088,1100000,1338
mul,6,57,0.1,-0.4131115655922461,1100000,1338
mul,0,58,0.001,-2.275258350631275,1,1
mul,0,58,0.01,-2.275258342531635,1,1
mul,0,58,0.1,-2.275258261545163,1,1
mul,1,58,0.001,-0.1264528495996932,11,10
mul,1,58,0.01,-0.126453287799149,11,10
mul,1,58,0.1,-0.12645768449367112,11,10
mul,2,58,0.001,-0.12420500139397431,110,49
mul,2,58,0.01,-0.12418096337062512,110,49
mul,2,58,0.1,-0.12418639714039484,110,49
mul,3,58,0.001,-0.12824671196856177,1100,176
mul,3,58,0.01,-0.12708740463722096,1100,176
mul,3,58,0.1,-0.12625670726083496,1100,176
mul,4,58,0.001,-0.16007286479590904,11000,501
mul,4,58,0.01,-0.1578333868515695,11000,501
mul,4,58,0.1,-0.15704459989013395,11000,501
mul,5,58,0.001,-0.28865351564835934,110000,995
mul,5,58,0.01,-0.28349518587332,110000,995
mul,5,58,0.1,-0.2828216382494808,110000,995
mul,6,58,0.001,-0.520999559391626,1100000,1471
mul,6,58,0.01,-0.5140878998482368,1100000,1471
mul,6,58,0.1,-0.5159975946318691,1100000,1471
mul,0,59,0.001,-2.23880436873684,1,1
mul,0,59,0.01,-2.238804368095587,1,1
mul,0,59,0.1,-2.238804361691822,1,1
mul,1,59,0.001,-0.12131576405779314,11,10
mul,1,59,0.01,-0.1213162395224025,11,10
mul,1,59,0.1,-0.12132102545778355,11,10
mul,2,59,0.001,-0.1220513532384612,110,49
mul,2,59,0.01,-0.12203035373902844,110,49
mul,2,59,0.1,-0.12204453180187377,110,49
mul,3,59,0.001,-0.12580567239366267,1100,172
mul,3,59,0.01,-0.12504904663773697,1100,172
mul,3,59,0.1,-0.12465257304890055,1100,172
mul,4,59,0.001,-0.1382013076189726,11000,485
mul,4,59,0.01,-0.1361040885957957,11000,485
mul,4,59,0.1,-0.13516408001920197,11000,485
mul,5,59,0.001,-0.2522450295807626,110000,979
mul,5,59,0.01,-0.2421666581175299,110000,979
mul,5,59,0.1,-0.23766773067808056,110000,979
mul,6,59,0.001,-0.4919688123818814,1100000,1472
mul,6,59,0.01,-0.48020045344088025,1100000,1472
mul,6,59,0.1,-0.47729180521156706,1100000,1472
mul,0,60,0.001,-2.2589636041179575,1,1
mul,0,60,0.01,-2.258963599402866,1,1
mul,0,60,0.1,-2.258963552261093,1,1
mul,1,60,0.001,-0.1300902614102541,11,10
mul,1,60,0.01,-0.13009077224311116,11,10
mul,1,60,0.1,-0.1300958917739683,11,10
mul,2,60,0.001,-0.12758455425157098,110,48
mul,2,60,0.01,-0.1275512497572449,110,48
mul,2,60,0.1,-0.12755761385357942,110,48
mul,3,60,0.001,-0.12836920791233306,1100,178
mul,3,60,0.01,-0.12797141878020127,1100,178
mul,3,60,0.1,-0.12777590698079555,1100,178
mul,4,60,0.001,-0.14518330108232924,11000,495
mul,4,60,0.01,-0.14348841028899403,11000,495
mul,4,60,0.1,-0.14271941666871465,11000,495
mul,5,60,0.001,-0.21549711768978236,110000,966
mul,5,60,0.01,-0.21061950725768766,110000,966
mul,5,60,0.1,-0.20936003368002848,110000,966
mul,6,60,0.001,-0.4011817556406139,1100000,1437
mul,6,60,0.01,-0.39499153586038044,1100000,1437
mul,6,60,0.1,-0.3966519578250198,1100000,1437
mul,0,61,0.001,-2.2311214838010502,1,1
mul,0,61,0.01,-2.231121482384879,1,1
mul,0,61,0.1,-2.231121468233195,1,1
mul,1,61,0.001,-0.12541093719847277,11,10
mul,1,61,0.01,-0.12541135690572214,11,10
mul,1,61,0.1,-0.12541557325897756,11,10
mul,2,61,0.001,-0.12605922254139948,110,49
mul,2,61,0.01,-0.1260057788935391,110,49
mul,2,61,0.1,-0.12598822468418686,110,49
mul,3,61,0.001,-0.13067645681139362,1100,179
mul,3,61,0.01,-0.12995585767869386,1100,179
mul,3,61,0.1,-0.1295224372852915,1100,179
mul,4,61,0.001,-0.15074053596065293,11000,486
mul,4,61,0.01,-0.14814397191837644,11000,486
mul,4,61,0.1,-0.14661597998496614,11000,486
mul,5,61,0.001,-0.24134305757209978,110000,958
mul,5,61,0.01,-0.23575141405437008,110000,958
mul,5,61,0.1,-0.23487312627140997,110000,958
mul,6,61,0.001,-0.4708065324324644,1100000,1389
mul,6,61,0.01,-0.4631776211437233,1100000,1389
mul,6,61,0.1,-0.4662099059258156,1100000,1389
mul,0,62,0.001,-2.210564164465861,1,1
mul,0,62,0.01,-2.210564168193471,1,1
mul,0,62,0.1,-2.2105642054788355,1,1
mul,1,62,0.001,-0.12129779398135526,11,10
mul,1,62,0.01,-0.12129827143907193,11,10
mul,1,62,0.1,-0.12130305643608028,11,10
mul,2,62,0.001,-0.1200386402520345,110,49
mul,2,62,0.01,-0.11997581100921408,110,49
mul,2,62,0.1,-0.11993958141091504,110,49
mul,3,62,0.001,-0.12434894525006009,1100,186
mul,3,62,0.01,-0.12377559360691748,1100,186
mul,3,62,0.1,-0.12349343615971473,1100,186
mul,4,62,0.001,-0.1512177306805622,11000,511
mul,4,62,0.01,-0.14913918996966233,11000,511
mul,4,62,0.1,-0.1484445274966075,11000,511
mul,5,62,0.001,-0.28446611475549527,110000,959
mul,5,62,0.01,-0.2780356474242625,110000,959
mul,5,62,0.1,-0.2774100387762595,110000,959
mul,6,62,0.001,-0.547134367622237,1100000,1390
mul,6,62,0.01,-0.5347692616492564,1100000,1390
mul,6,62,0.1,-0.5317242745248996,1100000,1390
mul,0,63,0.001,-2.2518203583311993,1,1
mul,0,63,0.01,-2.25182035481355,1,1
mul,0,63,0.1,-2.2518203196460007,1,1
mul,1,63,0.001,-0.13300183826918133,11,10
mul,1,63,0.01,-0.13300228568992986,11,10
mul,1,63,0.1,-0.1330067752189908,11,10
mul,2,63,0.001,-0.13117119271018127,110,49
mul,2,63,0.01,-0.13115089264638827,110,49
mul,2,63,0.1,-0.13116961400899943,110,49
mul,3,63,0.001,-0.13388598137853108,1100,182
mul,3,63,0.01,-0.13330762476323532,1100,182
mul,3,63,0.1,-0.1330318448260308,1100,182
mul,4,63,0.001,-0.1548732195471327,11000,512
mul,4,63,0.01,-0.152578598237647,11000,512
mul,4,63,0.1,-0.15160957100456882,11000,512
mul,5,63,0.001,-0.28502553465302455,110000,1041
mul,5,63,0.01,-0.2729514976257138,110000,1041
mul,5,63,0.1,-0.2681833463307059,110000,1041
mul,6,63,0.001,-0.4957466772152064,1100000,1569
mul,6,63,0.01,-0.482821106819764,1100000,1569
mul,6,63,0.1,-0.48103017638125295,1100000,1569
mul,0,64,0.001,-2.2293299004745433,1,1
mul,0,64,0.01,-2.2293298995846893,1,1
mul,0,64,0.1,-2.22932989069613,1,1
mul,1,64,0.001,-0.1201764201045313,11,10
mul,1,64,0.01,-0.12017688004689996,11,10
mul,1,64,0.1,-0.12018149411969407,11,10
mul,2,64,0.001,-0.11981023283249559,110,49
mul,2,64,0.01,-0.11975683160446658,110,49
mul,2,64,0.1,-0.11973438392595162,110,49
mul,3,64,0.001,-0.12305016890556933,1100,182
mul,3,64,0.01,-0.1224570411433665,1100,182
mul,3,64,0.1,-0.12212267377769749,1100,182
mul,4,64,0.001,-0.1572947870575702,11000,479
mul,4,64,0.01,-0.15504574667752813,11000,479
mul,4,64,0.1,-0.15420221445009613,11000,479
mul,5,64,0.001,-0.2384345714543284,110000,919
mul,5,64,0.01,-0.23230890034383087,110000,919
mul,5,64,0.1,-0.23028596866360065,110000,919
mul,6,64,0.001,-0.44980449633256087,1100000,1291
mul,6,64,0.01,-0.4416798521732721,1100000,1291
mul,6,64,0.1,-0.4422238208257967,1100000,1291
mul,0,65,0.001,-2.2122866615860812,1,1
mul,0,65,0.01,-2.2122866639163097,1,1
mul,0,65,0.1,-2.2122866872281586,1,1
mul,1,65,0.001,-0.11860096049573551,11,10
mul,1,65,0.01,-0.11860139894051515,11,10
mul,1,65,0.1,-0.11860579908135895,11,10
mul,2,65,0.001,-0.1184560936876066,110,49
mul,2,65,0.01,-0.1183676586083261,110,49
mul,2,65,0.1,-0.118337827535581,110,49
mul,3,65,0.001,-0.1288212397574453,1100,181
mul,3,65,0.01,-0.12768670498233317,1100,181
mul,3,65,0.1,-0.12684131148205888,1100,181
mul,4,65,0.001,-0.1449345036380953,11000,486
mul,4,65,0.01,-0.14278186363771092,11000,486
mul,4,65,0.1,-0.14212364670010535,11000,486
mul,5,65,0.001,-0.2335764544669012,110000,925
mul,5,65,0.01,-0.22738966800145513,110000,925
mul,5,65,0.1,-0.22653678456007537,110000,925
mul,6,65,0.001,-0.4470833294586272,1100000,1356
mul,6,65,0.01,-0.43907565454894804,1100000,1356
mul,6,65,0.1,-0.4392738499540518,1100000,1356
mul,0,66,0.001,-2.232160206661536,1,1
mul,0,66,0.01,-2.2321602054046767,1,1
mul,0,66,0.1,-2.232160192845968,1,1
mul,1,66,0.001,-0.1259257680931901,11,10
mul,1,66,0.01,-0.12592613701198618,11,10
mul,1,66,0.1,-0.12592984382603017,11,10
mul,2,66,0.001,-0.12527325142343385,110,50
mul,2,66,0.01,-0.12520629787155355,110,50
mul,2,66,0.1,-0.12516305592950147,110,50
mul,3,66,0.001,-0.12810660595435933,1100,184
mul,3,66,0.01,-0.12744000083187867,1100,184
mul,3,66,0.1,-0.12700675807100265,1100,184
mul,4,66,0.001,-0.15179109266627716,11000,527
mul,4,66,0.01,-0.1492048506994434,11000,527
mul,4,66,0.1,-0.14863980542949565,11000,527
mul,5,66,0.001,-0.31455393072533366,110000,1033
mul,5,66,0.01,-0.2975209712772735,110000,1033
mul,5,66,0.1,-0.2881733723346074,110000,1033
mul,6,66,0.001,-0.5393737468522007,1100000,1486
mul,6,66,0.01,-0.5218211148394575,1100000,1486
mul,6,66,0.1,-0.5148457300713394,1100000,1486
mul,0,67,0.001,-2.220101474699553,1,1
mul,0,67,0.01,-2.2201014749887573,1,1
mul,0,67,0.1,-2.2201014778910935,1,1
mul,1,67,0.001,-0.11854568273561202,11,10
mul,1,67,0.01,-0.11854616003426563,11,10
mul,1,67,0.1,-0.11855094338377759,11,10
mul,2,67,0.001,-0.11838567586392663,110,48
mul,2,67,0.01,-0.11833007613737219,110,48
mul,2,67,0.1,-0.11830250338693131,110,48
mul,3,67,0.001,-0.12149037435875026,1100,173
mul,3,67,0.01,-0.12097775982270385,1100,173
mul,3,67,0.1,-0.12075639988999544,1100,173
mul,4,67,0.001,-0.13538295375380274,11000,471
mul,4,67,0.01,-0.13343372894343483,11000,471
mul,4,67,0.1,-0.13253620788716172,11000,471
mul,5,67,0.001,-0.24312502747352452,110000,906
mul,5,67,0.01,-0.2327536478876372,110000,906
mul,5,67,0.1,-0.228277796268154,110000,906
mul,6,67,0.001,-0.45568171510856664,1100000,1296
mul,6,67,0.01,-0.4455631951614809,1100000,1296
mul,6,67,0.1,-0.44309836939533775,1100000,1296
mul,0,68,0.001,-2.2420256986221507,1,1
mul,0,68,0.01,-2.2420256963963876,1,1
mul,0,68,0.1,-2.2420256741482483,1,1
mul,1,68,0.001,-0.12435174218299241,11,10
mul,1,68,0.01,-0.12435216225458146,11,10
mul,1,68,0.1,-0.12435638849193047,11,10
mul,2,68,0.001,-0.12297376271853995,110,49
mul,2,68,0.01,-0.12295077277632328,110,49
mul,2,68,0.1,-0.12296035093526769,110,49
mul,3,68,0.001,-0.1272583108233296,1100,181
mul,3,68,0.01,-0.12622646678292593,1100,181
mul,3,68,0.1,-0.12559365740616135,1100,181
mul,4,68,0.001,-0.13955110408634336,11000,485
mul,4,68,0.01,-0.13734971879805988,11000,485
mul,4,68,0.1,-0.1365157991235609,11000,485
mul,5,68,0.001,-0.2447058686198737,110000,958
mul,5,68,0.01,-0.23693453896863167,110000,958
mul,5,68,0.1,-0.23413751787139944,110000,958
mul,6,68,0.001,-0.4824422758092416,1100000,1411
mul,6,68,0.01,-0.4685393451492256,1100000,1411
mul,6,68,0.1,-0.4644325951062548,1100000,1411
mul,0,69,0.001,-2.222783130187058,1,1
mul,0,69,0.01,-2.2227831308568486,1,1
mul,0,69,0.1,-2.222783137564221,1,1
mul,1,69,0.001,-0.12162092606019034,11,10
mul,1,69,0.01,-0.12162146301883271,11,10
mul,1,69,0.1,-0.12162684329639241,11,10
mul,2,69,0.001,-0.12104594589673115,110,47
mul,2,69,0.01,-0.12100991111591282,110,47
mul,2,69,0.1,-0.12101159509818318,110,47
mul,3,69,0.001,-0.12374704391634277,1100,174
mul,3,69,0.01,-0.12344512370703353,1100,174
mul,3,69,0.1,-0.12339401884003223,1100,174
mul,4,69,0.001,-0.13671743150710505,11000,476
mul,4,69,0.01,-0.13503708565965927,11000,476
mul,4,69,0.1,-0.13453669340940877,11000,476
mul,5,69,0.001,-0.26730699886276815,110000,925
mul,5,69,0.01,-0.2546645582772632,110000,925
mul,5,69,0.1,-0.24831317827318328,110000,925
mul,6,69,0.001,-0.5025532908958951,1100000,1361
mul,6,69,0.01,-0.4869370947285703,1100000,1361
mul,6,69,0.1,-0.4825131113362757,1100000,1361
mul,0,70,0.001,-2.2170462668611135,1,1
mul,0,70,0.01,-2.21704626927017,1,1
mul,0,70,0.1,-2.217046293369844,1,1
mul,1,70,0.001,-0.12192553775915123,11,10
mul,1,70,0.01,-0.12192598678724795,11,10
mul,1,70,0.1,-0.1219304925423465,11,10
mul,2,70,0.001,-0.12249134748965666,110,49
mul,2,70,0.01,-0.1224046664837512,110,49
mul,2,70,0.1,-0.1223567077034434,110,49
mul,3,70,0.001,-0.13063510461487238,1100,183
mul,3,70,0.01,-0.12988137821333487,1100,183
mul,3,70,0.1,-0.12938538533015326,1100,183
mul,4,70,0.001,-0.14429721776569862,11000,484
mul,4,70,0.01,-0.14197440830678548,11000,484
mul,4,70,0.1,-0.14069172185406253,11000,484
mul,5,70,0.001,-0.22659968434792702,110000,939
mul,5,70,0.01,-0.22056830990285603,110000,939
mul,5,70,0.1,-0.2192146888867458,110000,939
mul,6,70,0.001,-0.41869758277467967,1100000,1388
mul,6,70,0.01,-0.40914208018894566,1100000,1388
mul,6,70,0.1,-0.4083500553626552,1100000,1388
mul,0,71,0.001,-2.219200160098249,1,1
mul,0,71,0.01,-2.219200162290359,1,1
mul,0,71,0.1,-2.2192001842204556,1,1
mul,1,71,0.001,-0.12129014020105347,11,10
mul,1,71,0.01,-0.12129064414618318,11,10
mul,1,71,0.1,-0.12129569504911361,11,10
mul,2,71,0.001,-0.12186841193019539,110,48
mul,2,71,0.01,-0.12185894584541576,110,48
mul,2,71,0.1,-0.12188094773204117,110,48
mul,3,71,0.001,-0.12699799697834704,1100,175
mul,3,71,0.01,-0.12630409427965456,1100,175
mul,3,71,0.1,-0.12597800225364505,1100,175
mul,4,71,0.001,-0.13556150020800806,11000,473
mul,4,71,0.01,-0.13356769110450623,11000,473
mul,4,71,0.1,-0.1326414353071227,11000,473
mul,5,71,0.001,-0.23153580064565596,110000,928
mul,5,71,0.01,-0.22036068329132485,110000,928
mul,5,71,0.1,-0.21448344374763306,110000,928
mul,6,71,0.001,-0.4220591145438912,1100000,1373
mul,6,71,0.01,-0.41384203418619697,1100000,1373
mul,6,71,0.1,-0.414153954639703,1100000,1373
mul,0,72,0.001,-2.2321362102904803,1,1
mul,0,72,0.01,-2.232136209385236,1,1
mul,0,72,0.1,-2.232136200342597,1,1
mul,1,72,0.001,-0.1279689009098122,11,10
mul,1,72,0.01,-0.12796937399773928,11,10
mul,1,72,0.1,-0.12797411483957327,11,10
mul,2,72,0.001,-0.12682563326884302,110,49
mul,2,72,0.01,-0.12680077321435246,110,49
mul,2,72,0.1,-0.12680168039584178,110,49
mul,3,72,0.001,-0.12846422472115368,1100,175
mul,3,72,0.01,-0.1280425879487477,1100,175
mul,3,72,0.1,-0.12781393145184552,1100,175
mul,4,72,0.001,-0.14819632949030903,11000,476
mul,4,72,0.01,-0.14627545135629785,11000,476
mul,4,72,0.1,-0.1456819952690749,11000,476
mul,5,72,0.001,-0.2523226118732326,110000,913
mul,5,72,0.01,-0.23948368264946146,110000,913
mul,5,72,0.1,-0.23399157797819387,110000,913
mul,6,72,0.001,-0.47707308580499425,1100000,1359
mul,6,72,0.01,-0.4660591572592137,1100000,1359
mul,6,72,0.1,-0.4653075060533481,1100000,1359
mul,0,73,0.001,-2.236147955148874,1,1
mul,0,73,0.01,-2.236147954410092,1,1
mul,0,73,0.1,-2.2361479470313674,1,1
mul,1,73,0.001,-0.13031807332321227,11,10
mul,1,73,0.01,-0.13031847884691286,11,10
mul,1,73,0.1,-0.13032255895801595,11,10
mul,2,73,0.001,-0.12750774941295687,110,50
mul,2,73,0.01,-0.12746291588369602,110,50
mul,2,73,0.1,-0.12746585285818066,110,50
mul,3,73,0.001,-0.13205875767348904,1100,182
mul,3,73,0.01,-0.13114324959204934,1100,182
mul,3,73,0.1,-0.1305833532530639,1100,182
mul,4,73,0.001,-0.16579376499608742,11000,498
mul,4,73,0.01,-0.1612813453183635,11000,498
mul,4,73,0.1,-0.15859277224086435,11000,498
mul,5,73,0.001,-0.2772543211298368,110000,994
mul,5,73,0.01,-0.2720960556154698,110000,994
mul,5,73,0.1,-0.27194912850211994,110000,994
mul,6,73,0.001,-0.5330211434483442,1100000,1513
mul,6,73,0.01,-0.5160752244502373,1100000,1513
mul,6,73,0.1,-0.5100368239818607,1100000,1513
mul,0,74,0.001,-2.257902303056696,1,1
mul,0,74,0.01,-2.257902298178481,1,1
mul,0,74,0.1,-2.2579022494056162,1,1
mul,1,74,0.001,-0.12694845194667914,11,10
mul,1,74,0.01,-0.12694889630617628,11,10
mul,1,74,0.1,-0.12695335607286562,11,10
mul,2,74,0.001,-0.1273241030794279,110,48
mul,2,74,0.01,-0.1272110419716379,110,48
mul,2,74,0.1,-0.1271377680022656,110,48
mul,3,74,0.001,-0.1378655973883773,1100,182
mul,3,74,0.01,-0.13718455930028783,1100,182
mul,3,74,0.1,-0.1367179768649716,1100,182
mul,4,74,0.001,-0.15704340936163416,11000,515
mul,4,74,0.01,-0.15470129298932886,11000,515
mul,4,74,0.1,-0.15353574068023643,11000,515
mul,5,74,0.001,-0.3025390711830848,110000,1004
mul,5,74,0.01,-0.2835126411556567,110000,1004
mul,5,74,0.1,-0.2727568402643769,110000,1004
mul,6,74,0.001,-0.5819472759314099,1100000,1500
mul,6,74,0.01,-0.5647849344886868,1100000,1500
mul,6,74,0.1,-0.5587731462660132,1100000,1500
mul,0,75,0.001,-2.224338667939958,1,1
mul,0,75,0.01,-2.224338669041257,1,1
mul,0,75,0.1,-2.2243386800636022,1,1
mul,1,75,0.001,-0.12762146633922267,11,10
mul,1,75,0.01,-0.12762189277385672,11,10
mul,1,75,0.1,-0.12762617018984543,11,10
mul,2,75,0.001,-0.12608320704688655,110,50
mul,2,75,0.01,-0.1260475036487119,110,50
mul,2,75,0.1,-0.126045722803983,110,50
mul,3,75,0.001,-0.1268651959674341,1100,178
mul,3,75,0.01,-0.12657070291654418,1100,178
mul,3,75,0.1,-0.12647459938907557,1100,178
mul,4,75,0.001,-0.14132632980020093,11000,491
mul,4,75,0.01,-0.13939337872276594,11000,491
mul,4,75,0.1,-0.13931598546605126,11000,491
mul,5,75,0.001,-0.25554032771853047,110000,976
mul,5,75,0.01,-0.23899315516830982,110000,976
mul,5,75,0.1,-0.22979594082018553,110000,976
mul,6,75,0.001,-0.4878270365987422,1100000,1457
mul,6,75,0.01,-0.4763758067078874,1100000,1457
mul,6,75,0.1,-0.4744708262302783,1100000,1457
mul,0,76,0.001,-2.211144859817354,1,1
mul,0,76,0.01,-2.2111448632134496,1,1
mul,0,76,0.1,-2.2111448971835377,1,1
mul,1,76,0.001,-0.11417625793997116,11,10
mul,1,76,0.01,-0.11417662431472968,11,10
mul,1,76,0.1,-0.11418036992783233,11,10
mul,2,76,0.001,-0.11406000128832544,110,50
mul,2,76,0.01,-0.1139893304465317,110,50
mul,2,76,0.1,-0.11397777210821461,110,50
mul,3,76,0.001,-0.12056253188231389,1100,186
mul,3,76,0.01,-0.11997212339310095,1100,186
mul,3,76,0.1,-0.1197019614996624,1100,186
mul,4,76,0.001,-0.14613060396817099,11000,488
mul,4,76,0.01,-0.1440847282872208,11000,488
mul,4,76,0.1,-0.1438641385819187,11000,488
mul,5,76,0.001,-0.25107664953855574,110000,896
mul,5,76,0.01,-0.24350470367063895,110000,896
mul,5,76,0.1,-0.24059290412912615,110000,896
mul,6,76,0.001,-0.49246622062081724,1100000,1273
mul,6,76,0.01,-0.4856501227174149,1100000,1273
mul,6,76,0.1,-0.4869895423376806,1100000,1273
mul,0,77,0.001,-2.212922499154328,1,1
mul,0,77,0.01,-2.212922499973419,1,1
mul,0,77,0.1,-2.21292250817486,1,1
mul,1,77,0.001,-0.12434522282293266,11,10
mul,1,77,0.01,-0.12434556953632568,11,10
mul,1,77,0.1,-0.12434906245752943,11,10
mul,2,77,0.001,-0.12410925623633566,110,49
mul,2,77,0.01,-0.1240524896390003,110,49
mul,2,77,0.1,-0.12402596218359516,110,49
mul,3,77,0.001,-0.12861697861062565,1100,181
mul,3,77,0.01,-0.12807548859403872,1100,181
mul,3,77,0.1,-0.12776374407081814,1100,181
mul,4,77,0.001,-0.14459688706465929,11000,485
mul,4,77,0.01,-0.14222624564044073,11000,485
mul,4,77,0.1,-0.14116039339637163,11000,485
mul,5,77,0.001,-0.29718091681401965,110000,902
mul,5,77,0.01,-0.2782833459596684,110000,902
mul,5,77,0.1,-0.266831068788777,110000,902
mul,6,77,0.001,-0.4687844786829485,1100000,1273
mul,6,77,0.01,-0.46021522202246,1100000,1273
mul,6,77,0.1,-0.45974265169492096,1100000,1273
mul,0,78,0.001,-2.187662240874492,1,1
mul,0,78,0.01,-2.1876622470347207,1,1
mul,0,78,0.1,-2.187662308646674,1,1
mul,1,78,0.001,-0.11847598336837374,11,10
mul,1,78,0.01,-0.11847643246444242,11,10
mul,1,78,0.1,-0.11848093381274102,11,10
mul,2,78,0.001,-0.11846542205037403,110,49
mul,2,78,0.01,-0.11842588851232387,110,49
mul,2,78,0.1,-0.11840526712971736,110,49
mul,3,78,0.001,-0.12163733231178134,1100,180
mul,3,78,0.01,-0.12106934520840457,1100,180
mul,3,78,0.1,-0.12083875077533425,1100,180
mul,4,78,0.001,-0.14572303657024732,11000,486
mul,4,78,0.01,-0.14341368059156348,11000,486
mul,4,78,0.1,-0.14232410844091486,11000,486
mul,5,78,0.001,-0.23540399760450909,110000,947
mul,5,78,0.01,-0.23019792815901507,110000,947
mul,5,78,0.1,-0.2302985670120481,110000,947
mul,6,78,0.001,-0.5075403697093676,1100000,1398
mul,6,78,0.01,-0.4906253281589616,1100000,1398
mul,6,78,0.1,-0.48492178342730763,1100000,1398
mul,0,79,0.001,-2.2634465998822035,1,1
mul,0,79,0.01,-2.2634465940049844,1,1
mul,0,79,0.1,-2.263446535242195,1,1
mul,1,79,0.001,-0.13512836938324482,11,10
mul,1,79,0.01,-0.13512862881547302,11,10
mul,1,79,0.1,-0.13513132913384085,11,10
mul,2,79,0.001,-0.13509710171164704,110,49
mul,2,79,0.01,-0.13502426574004972,110,49
mul,2,79,0.1,-0.13510091284548878,110,49
mul,3,79,0.001,-0.13929356860453365,1100,185
mul,3,79,0.01,-0.13879360863623716,1100,185
mul,3,79,0.1,-0.13859803278895783,1100,185
mul,4,79,0.001,-0.15905554690954693,11000,508
mul,4,79,0.01,-0.15617512415460705,11000,508
mul,4,79,0.1,-0.1544754706605809,11000,508
mul,5,79,0.001,-0.2596606006930622,110000,1006
mul,5,79,0.01,-0.250846250065404,110000,1006
mul,5,79,0.1,-0.24651413502896113,110000,1006
mul,6,79,0.001,-0.4270823959805316,1100000,1477
mul,6,79,0.01,-0.41891158862224553,1100000,1477
mul,6,79,0.1,-0.41946068827663896,1100000,1477
mul,0,80,0.001,-2.233695778614983,1,1
mul,0,80,0.01,-2.2336957758810247,1,1
mul,0,80,0.1,-2.2336957485523476,1,1
mul,1,80,0.001,-0.12549652096945582,11,10
mul,1,80,0.01,-0.1254969697531571,11,10
mul,1,80,0.1,-0.12550146497348913,11,10
mul,2,80,0.001,-0.12592171726929166,110,46
mul,2,80,0.01,-0.12589341696540407,110,46
mul,2,80,0.1,-0.12589182910362934,110,46
mul,3,80,0.001,-0.12869158815754816,1100,173
mul,3,80,0.01,-0.12810220112994616,1100,173
mul,3,80,0.1,-0.1277860648186548,1100,173
mul,4,80,0.001,-0.15704592511566598,11000,474
mul,4,80,0.01,-0.15464680097513897,11000,474
mul,4,80,0.1,-0.15376111377447949,11000,474
mul,5,80,0.001,-0.255933809564428,110000,915
mul,5,80,0.01,-0.25075734169518943,110000,915
mul,5,80,0.1,-0.25033777313593303,110000,915
mul,6,80,0.001,-0.48869222578093713,1100000,1325
mul,6,80,0.01,-0.48008843469287205,1100000,1325
mul,6,80,0.1,-0.48135536684731506,1100000,1325
mul,0,81,0.001,-2.2498008797360747,1,1
mul,0,81,0.01,-2.2498008745252003,1,1
mul,0,81,0.1,-2.2498008224269115,1,1
mul,1,81,0.001,-0.12341433441422353,11,10
mul,1,81,0.01,-0.12341472965787487,11,10
mul,1,81,0.1,-0.12341870583074825,11,10
mul,2,81,0.001,-0.12244939517999445,110,50
mul,2,81,0.01,-0.12243824424898035,110,50
mul,2,81,0.1,-0.12245840996998084,110,50
mul,3,81,0.001,-0.12456872611439569,1100,182
mul,3,81,0.01,-0.12385649716938182,1100,182
mul,3,81,0.1,-0.12352060574591982,1100,182
mul,4,81,0.001,-0.16367868218541373,11000,491
mul,4,81,0.01,-0.16151116590174308,11000,491
mul,4,81,0.1,-0.16042387227742452,11000,491
mul,5,81,0.001,-0.26512600768068306,110000,937
mul,5,81,0.01,-0.2545219090077524,110000,937
mul,5,81,0.1,-0.24993686683762872,110000,937
mul,6,81,0.001,-0.44845319183725607,1100000,1361
mul,6,81,0.01,-0.43401272336016117,1100000,1361
mul,6,81,0.1,-0.4298150703671927,1100000,1361
mul,0,82,0.001,-2.220124092786917,1,1
mul,0,82,0.01,-2.2201240938418785,1,1
mul,0,82,0.1,-2.2201241044011355,1,1
mul,1,82,0.001,-0.12344434709515047,11,10
mul,1,82,0.01,-0.12344485566898368,11,10
mul,1,82,0.1,-0.12344994798175908,11,10
mul,2,82,0.001,-0.12334452353448234,110,47
mul,2,82,0.01,-0.12330580970149098,110,47
mul,2,82,0.1,-0.12329078226883679,110,47
mul,3,82,0.001,-0.12570428844010978,1100,173
mul,3,82,0.01,-0.1253139621324912,1100,173
mul,3,82,0.1,-0.1250956538856826,1100,173
mul,4,82,0.001,-0.14381428989600215,11000,468
mul,4,82,0.01,-0.142116937008731,11000,468
mul,4,82,0.1,-0.1415257942845831,11000,468
mul,5,82,0.001,-0.24992240824927722,110000,894
mul,5,82,0.01,-0.23964824142042132,110000,894
mul,5,82,0.1,-0.23654566274706998,110000,894
mul,6,82,0.001,-0.5037952750275327,1100000,1328
mul,6,82,0.01,-0.4813260134211261,1100000,1328
mul,6,82,0.1,-0.47213023637599716,1100000,1328
mul,0,83,0.001,-2.2351167586932044,1,1
mul,0,83,0.01,-2.2351167579167206,1,1
mul,0,83,0.1,-2.2351167501611298,1,1
mul,1,83,0.001,-0.12553564091266906,11,10
mul,1,83,0.01,-0.12553611573502887,11,10
mul,1,83,0.1,-0.1255408833685816,11,10
mul,2,83,0.001,-0.1249810978422131,110,48
mul,2,83,0.01,-0.1249452844220029,110,48
mul,2,83,0.1,-0.12493606734880926,110,48
mul,3,83,0.001,-0.12682117300136886,1100,178
mul,3,83,0.01,-0.12610584464027205,1100,178
mul,3,83,0.1,-0.12574542136917244,1100,178
mul,4,83,0.001,-0.14318134562777968,11000,492
mul,4,83,0.01,-0.14075824974511464,11000,492
mul,4,83,0.1,-0.1395308838686298,11000,492
mul,5,83,0.001,-0.2292516616790136,110000,967
mul,5,83,0.01,-0.22408335491510598,110000,967
mul,5,83,0.1,-0.2227671830034688,110000,967
mul,6,83,0.001,-0.455142553982814,1100000,1442
mul,6,83,0.01,-0.4485329367458608,1100000,1442
mul,6,83,0.1,-0.4493923048726873,1100000,1442
mul,0,84,0.001,-2.250600091683362,1,1
mul,0,84,0.01,-2.250600087921083,1,1
mul,0,84,0.1,-2.250600050308045,1,1
mul,1,84,0.001,-0.13789608169861872,11,10
mul,1,84,0.01,-0.13784668418765114,11,10
mul,1,84,0.1,-0.13780112998504523,11,10
mul,2,84,0.001,-0.1364819143090549,110,49
mul,2,84,0.01,-0.13641748403366366,110,49
mul,2,84,0.1,-0.1363856485639054,110,49
mul,3,84,0.001,-0.1394735322658253,1100,182
mul,3,84,0.01,-0.139045650258191,1100,182
mul,3,84,0.1,-0.13879932879302176,1100,182
mul,4,84,0.001,-0.1527032519728428,11000,497
mul,4,84,0.01,-0.15020397864698953,11000,497
mul,4,84,0.1,-0.1491219698990408,11000,497
mul,5,84,0.001,-0.26456088138154477,110000,987
mul,5,84,0.01,-0.25352239102091323,110000,987
mul,5,84,0.1,-0.2488980121108158,110000,987
mul,6,84,0.001,-0.5006690364736857,1100000,1515
mul,6,84,0.01,-0.4929009566864179,1100000,1515
mul,6,84,0.1,-0.49325321034055375,1100000,1515
mul,0,85,0.001,-2.2205303817288686,1,1
mul,0,85,0.01,-2.2205303831975765,1,1
mul,0,85,0.1,-2.2205303978938793,1,1
mul,1,85,0.001,-0.12653755355180019,11,10
mul,1,85,0.01,-0.12653805121170877,11,10
mul,1,85,0.1,-0.1265430374124264,11,10
mul,2,85,0.001,-0.12511634564753277,110,48
mul,2,85,0.01,-0.12505483265955697,110,48
mul,2,85,0.1,-0.12502459406261401,110,48
mul,3,85,0.001,-0.1274626993318294,1100,176
mul,3,85,0.01,-0.12707924544834828,1100,176
mul,3,85,0.1,-0.12684106871155987,1100,176
mul,4,85,0.001,-0.13867265667919845,11000,497
mul,4,85,0.01,-0.1367380313157526,11000,497
mul,4,85,0.1,-0.1358178726443821,11000,497
mul,5,85,0.001,-0.22261761002344538,110000,961
mul,5,85,0.01,-0.21527599410835474,110000,961
mul,5,85,0.1,-0.2123594176193108,110000,961
mul,6,85,0.001,-0.4257657627546332,1100000,1407
mul,6,85,0.01,-0.4183601823692164,1100000,1407
mul,6,85,0.1,-0.4181089814011503,1100000,1407
mul,0,86,0.001,-2.2520864188374103,1,1
mul,0,86,0.01,-2.2520864138889007,1,1
mul,0,86,0.1,-2.252086364413801,1,1
mul,1,86,0.001,-0.12701084084235423,11,10
mul,1,86,0.01,-0.12701135216501436,11,10
mul,1,86,0.1,-0.12701647808294614,11,10
mul,2,86,0.001,-0.12838480464975466,110,49
mul,2,86,0.01,-0.12837366664446975,110,49
mul,2,86,0.1,-0.12839173408078677,110,49
mul,3,86,0.001,-0.1324721480773802,1100,174
mul,3,86,0.01,-0.13183613035132102,1100,174
mul,3,86,0.1,-0.1314313188144185,1100,174
mul,4,86,0.001,-0.14971862612754142,11000,466
mul,4,86,0.01,-0.1473003323504919,11000,466
mul,4,86,0.1,-0.1459521292660913,11000,466
mul,5,86,0.001,-0.23017723052583422,110000,919
mul,5,86,0.01,-0.218929269231243,110000,919
mul,5,86,0.1,-0.21355927911343037,110000,919
mul,6,86,0.001,-0.42455795107624944,1100000,1355
mul,6,86,0.01,-0.4167085363046617,1100000,1355
mul,6,86,0.1,-0.4166530100118058,1100000,1355
mul,0,87,0.001,-2.2371333174950885,1,1
mul,0,87,0.01,-2.2371333147219707,1,1
mul,0,87,0.1,-2.237133287000978,1,1
mul,1,87,0.001,-0.12362816165040605,11,10
mul,1,87,0.01,-0.12362867358339906,11,10
mul,1,87,0.1,-0.12363380314928264,11,10
mul,2,87,0.001,-0.1232114804292126,110,47
mul,2,87,0.01,-0.12318612369307036,110,47
mul,2,87,0.1,-0.12318999729620116,110,47
mul,3,87,0.001,-0.12578327037999007,1100,170
mul,3,87,0.01,-0.12540709566090127,1100,170
mul,3,87,0.1,-0.12521003712125495,1100,170
mul,4,87,0.001,-0.13629880805343078,11000,478
mul,4,87,0.01,-0.13431684689282994,11000,478
mul,4,87,0.1,-0.1332647936940211,11000,478
mul,5,87,0.001,-0.226279704631012,110000,922
mul,5,87,0.01,-0.22011049859044915,110000,922
mul,5,87,0.1,-0.21852650596763976,110000,922
mul,6,87,0.001,-0.4303907096675209,1100000,1364
mul,6,87,0.01,-0.40770683325905005,1100000,1364
mul,6,87,0.1,-0.398619906450922,1100000,1364
mul,0,88,0.001,-2.2358156746610858,1,1
mul,0,88,0.01,-2.2358156739316466,1,1
mul,0,88,0.1,-2.2358156666462685,1,1
mul,1,88,0.001,-0.12611198011396038,11,10
mul,1,88,0.01,-0.12611243112995524,11,10
mul,1,88,0.1,-0.12611696410820986,11,10
mul,2,88,0.001,-0.12760941186498817,110,48
mul,2,88,0.01,-0.12755010845559794,110,48
mul,2,88,0.1,-0.12753356353462922,110,48
mul,3,88,0.001,-0.13323737801070876,1100,179
mul,3,88,0.01,-0.13253329895162821,1100,179
mul,3,88,0.1,-0.13204758657948645,1100,179
mul,4,88,0.001,-0.15344538673654584,11000,503
mul,4,88,0.01,-0.15098277942547247,11000,503
mul,4,88,0.1,-0.14954969319878997,11000,503
mul,5,88,0.001,-0.27932655860820005,110000,1025
mul,5,88,0.01,-0.2630508326216053,110000,1025
mul,5,88,0.1,-0.25374590392752333,110000,1025
mul,6,88,0.001,-0.478751511400677,1100000,1556
mul,6,88,0.01,-0.4707326340139846,1100000,1556
mul,6,88,0.1,-0.4704296022064424,1100000,1556
mul,0,89,0.001,-2.2221845861730416,1,1
mul,0,89,0.01,-2.2221845862775678,1,1
mul,0,89,0.1,-2.2221845873327832,1,1
mul,1,89,0.001,-0.13031952387870493,11,10
mul,1,89,0.01,-0.1303198633470247,11,10
mul,1,89,0.1,-0.13032328340358207,11,10
mul,2,89,0.001,-0.12865953664942273,110,50
mul,2,89,0.01,-0.12860839579452074,110,50
mul,2,89,0.1,-0.1285948824744917,110,50
mul,3,89,0.001,-0.1341026159511852,1100,184
mul,3,89,0.01,-0.13279059318667308,1100,184
mul,3,89,0.1,-0.13187919864514408,1100,184
mul,4,89,0.001,-0.1673227240604793,11000,511
mul,4,89,0.01,-0.16486085125262306,11000,511
mul,4,89,0.1,-0.163606201282689,11000,511
mul,5,89,0.001,-0.24319543116176875,110000,999
mul,5,89,0.01,-0.2374958096326315,110000,999
mul,5,89,0.1,-0.23687932553600025,110000,999
mul,6,89,0.001,-0.45711428727014625,1100000,1460
mul,6,89,0.01,-0.4461214136652639,1100000,1460
mul,6,89,0.1,-0.444286794345297,1100000,1460
mul,0,90,0.001,-2.2298039160833314,1,1
mul,0,90,0.01,-2.229803916101796,1,1
mul,0,90,0.1,-2.2298039162959102,1,1
mul,1,90,0.001,-0.12189026498558551,11,10
mul,1,90,0.01,-0.12189074866387314,11,10
mul,1,90,0.1,-0.1218955965323954,11,10
mul,2,90,0.001,-0.12193521825992858,110,49
mul,2,90,0.01,-0.12188546380197587,110,49
mul,2,90,0.1,-0.12187026294108395,110,49
mul,3,90,0.001,-0.13296554844895142,1100,180
mul,3,90,0.01,-0.13209444493477282,1100,180
mul,3,90,0.1,-0.13162281498123565,1100,180
mul,4,90,0.001,-0.1633386243130984,11000,486
mul,4,90,0.01,-0.16073806746922778,11000,486
mul,4,90,0.1,-0.15952929927149526,11000,486
mul,5,90,0.001,-0.2717577812714113,110000,945
mul,5,90,0.01,-0.2663157455741126,110000,945
mul,5,90,0.1,-0.26606070972032386,110000,945
mul,6,90,0.001,-0.5445948700118247,1100000,1397
mul,6,90,0.01,-0.5300629794738253,1100000,1397
mul,6,90,0.1,-0.5255696309540983,1100000,1397
mul,0,91,0.001,-2.2896029951220376,1,1
mul,0,91,0.01,-2.289602984149411,1,1
mul,0,91,0.1,-2.28960287443387,1,1
mul,1,91,0.001,-0.1303561021507063,11,10
mul,1,91,0.01,-0.13035656884789212,11,10
mul,1,91,0.1,-0.13036125660782438,11,10
mul,2,91,0.001,-0.12987030652042797,110,49
mul,2,91,0.01,-0.1298450058287444,110,49
mul,2,91,0.1,-0.12986147149018498,110,49
mul,3,91,0.001,-0.13367895048655118,1100,176
mul,3,91,0.01,-0.1325589707671942,1100,176
mul,3,91,0.1,-0.1317456498211949,1100,176
mul,4,91,0.001,-0.1471453490241342,11000,474
mul,4,91,0.01,-0.14488247117515188,11000,474
mul,4,91,0.1,-0.1436343850652586,11000,474
mul,5,91,0.001,-0.23624705724091719,110000,896
mul,5,91,0.01,-0.2311205752934603,110000,896
mul,5,91,0.1,-0.23054443631909194,110000,896
mul,6,91,0.001,-0.4363049680237947,1100000,1268
mul,6,91,0.01,-0.4297156452081717,1100000,1268
mul,6,91,0.1,-0.4305316997759442,1100000,1268
mul,0,92,0.001,-2.2391418959358917,1,1
mul,0,92,0.01,-2.239141894717664,1,1
mul,0,92,0.1,-2.239141882544331,1,1
mul,1,92,0.001,-0.12014497128734654,11,10
mul,1,92,0.01,-0.12014554491163265,11,10
mul,1,92,0.1,-0.12015128627609986,11,10
mul,2,92,0.001,-0.11931891654914302,110,47
mul,2,92,0.01,-0.11930948710892318,110,47
mul,2,92,0.1,-0.119327809586947,110,47
mul,3,92,0.001,-0.12233607051948728,1100,175
mul,3,92,0.01,-0.12163254269395764,1100,175
mul,3,92,0.1,-0.12116862822909209,1100,175
mul,4,92,0.001,-0.13991614288250132,11000,487
mul,4,92,0.01,-0.13761092886045018,11000,487
mul,4,92,0.1,-0.1365126285982041,11000,487
mul,5,92,0.001,-0.24169625343126372,110000,975
mul,5,92,0.01,-0.2364530334342721,110000,975
mul,5,92,0.1,-0.23587737642069087,110000,975
mul,6,92,0.001,-0.4425980202546247,1100000,1426
mul,6,92,0.01,-0.43022080404135155,1100000,1426
mul,6,92,0.1,-0.4269333867789092,1100000,1426
mul,0,93,0.001,-2.212021779135109,1,1
mul,0,93,0.01,-2.2120217803256463,1,1
mul,0,93,0.1,-2.21202179224148,1,1
mul,1,93,0.001,-0.12151844976974754,11,10
mul,1,93,0.01,-0.12151891577847329,11,10
mul,1,93,0.1,-0.12152358509307379,11,10
mul,2,93,0.001,-0.12026176332764241,110,48
mul,2,93,0.01,-0.12025017006705595,110,48
mul,2,93,0.1,-0.12026762300687663,110,48
mul,3,93,0.001,-0.12181644031703588,1100,172
mul,3,93,0.01,-0.12149473378037694,1100,172
mul,3,93,0.1,-0.1214033393199297,1100,172
mul,4,93,0.001,-0.13367294969347612,11000,468
mul,4,93,0.01,-0.1318993712853869,11000,468
mul,4,93,0.1,-0.13132360368793985,11000,468
mul,5,93,0.001,-0.1886742477446836,110000,878
mul,5,93,0.01,-0.18147243099351454,110000,878
mul,5,93,0.1,-0.1797381198735158,110000,878
mul,6,93,0.001,-0.3872086338480346,1100000,1269
mul,6,93,0.01,-0.37782301090887593,1100000,1269
mul,6,93,0.1,-0.37788431476574746,1100000,1269
mul,0,94,0.001,-2.2366787266309744,1,1
mul,0,94,0.01,-2.2366787247614472,1,1
mul,0,94,0.1,-2.236678706075948,1,1
mul,1,94,0.001,-0.13334929500581108,11,10
mul,1,94,0.01,-0.13334962233428013,11,10
mul,1,94,0.1,-0.13335293595320413,11,10
mul,2,94,0.001,-0.13136800971098211,110,50
mul,2,94,0.01,-0.13133166994048834,110,50
mul,2,94,0.1,-0.13133711797449196,110,50
mul,3,94,0.001,-0.13444606667685263,1100,183
mul,3,94,0.01,-0.13367356141506237,1100,183
mul,3,94,0.1,-0.1331747545590236,1100,183
mul,4,94,0.001,-0.1465927633665962,11000,480
mul,4,94,0.01,-0.14446036521443928,11000,480
mul,4,94,0.1,-0.1434768863094987,11000,480
mul,5,94,0.001,-0.23983740361642,110000,960
mul,5,94,0.01,-0.22903417955027355,110000,960
mul,5,94,0.1,-0.22408664788285743,110000,960
mul,6,94,0.001,-0.4226411401121997,1100000,1418
mul,6,94,0.01,-0.4136077176082904,1100000,1418
mul,6,94,0.1,-0.41245833047373237,1100000,1418
mul,0,95,0.001,-2.216752620379713,1,1
mul,0,95,0.01,-2.2167526219243388,1,1
mul,0,95,0.1,-2.2167526373804805,1,1
mul,1,95,0.001,-0.1235540678026709,11,10
mul,1,95,0.01,-0.12355447733725186,11,10
mul,1,95,0.1,-0.12355859550159992,11,10
mul,2,95,0.001,-0.12127012731110468,110,50
mul,2,95,0.01,-0.12123162448205375,110,50
mul,2,95,0.1,-0.1212205345622935,110,50
mul,3,95,0.001,-0.12182069899670128,1100,181
mul,3,95,0.01,-0.12138832297725345,1100,181
mul,3,95,0.1,-0.12122565927496974,1100,181
mul,4,95,0.001,-0.14370843298782926,11000,478
mul,4,95,0.01,-0.1419035294568449,11000,478
mul,4,95,0.1,-0.1410293320149327,11000,478
mul,5,95,0.001,-0.20970214871679088,110000,897
mul,5,95,0.01,-0.2050792709282692,110000,897
mul,5,95,0.1,-0.2048013130985999,110000,897
mul,6,95,0.001,-0.38564467185763746,1100000,1310
mul,6,95,0.01,-0.3770838359761072,1100000,1310
mul,6,95,0.1,-0.3784930210600703,1100000,1310
mul,0,96,0.001,-2.240084830162857,1,1
mul,0,96,0.01,-2.24008482748108,1,1
mul,0,96,0.1,-2.2400848006728125,1,1
mul,1,96,0.001,-0.11759672070263572,11,10
mul,1,96,0.01,-0.11759728362108714,11,10
mul,1,96,0.1,-0.11760292257979786,11,10
mul,2,96,0.001,-0.11836704463613024,110,49
mul,2,96,0.01,-0.11833067304901959,110,49
mul,2,96,0.1,-0.11833137790262868,110,49
mul,3,96,0.001,-0.12058712778770328,1100,169
mul,3,96,0.01,-0.12007077949524173,1100,169
mul,3,96,0.1,-0.11980455065534239,1100,169
mul,4,96,0.001,-0.1348439219963568,11000,467
mul,4,96,0.01,-0.13265883055290495,11000,467
mul,4,96,0.1,-0.13172154465480163,11000,467
mul,5,96,0.001,-0.23211029660123444,110000,942
mul,5,96,0.01,-0.2260616031318093,110000,942
mul,5,96,0.1,-0.22624459369772792,110000,942
mul,6,96,0.001,-0.4967462212277273,1100000,1389
mul,6,96,0.01,-0.4876248657173103,1100000,1389
mul,6,96,0.1,-0.4883270298790521,1100000,1389
mul,0,97,0.001,-2.2024932248315827,1,1
mul,0,97,0.01,-2.2024932288905914,1,1
mul,0,97,0.1,-2.2024932694904162,1,1
mul,1,97,0.001,-0.10961919420151535,11,10
mul,1,97,0.01,-0.10961974192561459,11,10
mul,1,97,0.1,-0.1096252256376124,11,10
mul,2,97,0.001,-0.10854679907986975,110,47
mul,2,97,0.01,-0.10849519451091694,110,47
mul,2,97,0.1,-0.10847690082871458,110,47
mul,3,97,0.001,-0.11114488648849624,1100,170
mul,3,97,0.01,-0.11073064316951209,1100,170
mul,3,97,0.1,-0.11057529048903945,1100,170
mul,4,97,0.001,-0.1255173247643075,11000,465
mul,4,97,0.01,-0.12368937551827607,11000,465
mul,4,97,0.1,-0.12303263377161927,11000,465
mul,5,97,0.001,-0.2380566669661682,110000,878
mul,5,97,0.01,-0.22521216097189006,110000,878
mul,5,97,0.1,-0.21864067288306727,110000,878
mul,6,97,0.001,-0.43913678980089255,1100000,1259
mul,6,97,0.01,-0.42560506270660786,1100000,1259
mul,6,97,0.1,-0.42215750939815394,1100000,1259
mul,0,98,0.001,-2.2593652311852765,1,1
mul,0,98,0.01,-2.2593652264976765,1,1
mul,0,98,0.1,-2.2593651796311023,1,1
mul,1,98,0.001,-0.1264491519628145,11,10
mul,1,98,0.01,-0.12644970554231766,11,10
mul,1,98,0.1,-0.12645524779347458,11,10
mul,2,98,0.001,-0.125525776760715,110,47
mul,2,98,0.01,-0.1255157176491181,110,47
mul,2,98,0.1,-0.12553372555701098,110,47
mul,3,98,0.001,-0.12903404582777547,1100,172
mul,3,98,0.01,-0.12867673474683758,1100,172
mul,3,98,0.1,-0.12854220957329698,1100,172
mul,4,98,0.001,-0.1389419344571477,11000,471
mul,4,98,0.01,-0.13687679521049112,11000,471
mul,4,98,0.1,-0.13596531733055545,11000,471
mul,5,98,0.001,-0.22498352911580574,110000,940
mul,5,98,0.01,-0.2159918690333911,110000,940
mul,5,98,0.1,-0.21185956238042286,110000,940
mul,6,98,0.001,-0.42533989668564276,1100000,1407
mul,6,98,0.01,-0.417239232154809,1100000,1407
mul,6,98,0.1,-0.41947723248577296,1100000,1407
mul,0,99,0.001,-2.2160523142182162,1,1
mul,0,99,0.01,-2.2160523170959103,1,1
mul,0,99,0.1,-2.21605234588176,1,1
mul,1,99,0.001,-0.13017328052970337,11,10
mul,1,99,0.01,-0.13017364879214366,11,10
mul,1,99,0.1,-0.1301773582665074,11,10
mul,2,99,0.001,-0.12936461363980703,110,49
mul,2,99,0.01,-0.12935540415494293,110,49
mul,2,99,0.1,-0.1293769720316543,110,49
mul,3,99,0.001,-0.1323315281552272,1100,176
mul,3,99,0.01,-0.13199098831331413,1100,176
mul,3,99,0.1,-0.1318496380075198,1100,176
mul,4,99,0.001,-0.14395253203447078,11000,495
mul,4,99,0.01,-0.14180594510850786,11000,495
mul,4,99,0.1,-0.14110542944947402,11000,495
mul,5,99,0.001,-0.2658396028861029,110000,1006
mul,5,99,0.01,-0.2556370638471792,110000,1006
mul,5,99,0.1,-0.2512852194803351,110000,1006
mul,6,99,0.001,-0.4745293994107743,1100000,1484
mul,6,99,0.01,-0.4665954527616377,1100000,1484
mul,6,99,0.1,-0.4673808817097708,1100000,1484
mul,0,100,0.001,-2.2431456737487165,1,1
mul,0,100,0.01,-2.2431456715800353,1,1
mul,0,100,0.1,-2.2431456499025333,1,1
mul,1,100,0.001,-0.12919840854447717,11,10
mul,1,100,0.01,-0.12919884264787473,11,10
mul,1,100,0.1,-0.12920319473566716,11,10
mul,2,100,0.001,-0.12814093450961894,110,48
mul,2,100,0.01,-0.12808012762330384,110,48
mul,2,100,0.1,-0.12805718235163702,110,48
mul,3,100,0.001,-0.13222774902956885,1100,183
mul,3,100,0.01,-0.1314046369100579,1100,183
mul,3,100,0.1,-0.1308774146376619,1100,183
mul,4,100,0.001,-0.1626560083797147,11000,512
mul,4,100,0.01,-0.15984024860448645,11000,512
mul,4,100,0.1,-0.15825671230263375,11000,512
mul,5,100,0.001,-0.2757148989007263,110000,1027
mul,5,100,0.01,-0.26875469800806734,110000,1027
mul,5,100,0.1,-0.2669528929904607,110000,1027
mul,6,100,0.001,-0.4970310584515425,1100000,1534
mul,6,100,0.01,-0.4886048037392164,1100000,1534
mul,6,100,0.1,-0.4885029749355453,1100000,1534
oce,0,1,0.001,-2.184336601470467,1,1
oce,0,1,0.01,-2.1843365775176826,1,1
oce,0,1,0.1,-2.1843363381975296,1,1
oce,1,1,0.001,-0.15861206212742773,11,10
oce,1,1,0.01,-0.15855819503767943,11,10
oce,1,1,0.1,-0.1585097633234775,11,10
oce,2,1,0.001,-0.16160779832345942,110,48
oce,2,1,0.01,-0.1610658118916216,110,48
oce,2,1,0.1,-0.16164203147521414,110,48
oce,3,1,0.001,-0.18963914792854028,1100,158
oce,3,1,0.01,-0.18580244288856237,1100,158
oce,3,1,0.1,-0.18322365378768193,1100,158
oce,4,1,0.001,-0.31011807817838527,11000,321
oce,4,1,0.01,-0.30203098246450555,11000,321
oce,4,1,0.1,-0.3003881095746596,11000,321
oce,5,1,0.001,-0.6084290406009715,110000,504
oce,5,1,0.01,-0.5932730463970356,110000,504
oce,5,1,0.1,-0.5893330004697426,110000,504
oce,6,1,0.001,-1.1797125358649174,1100000,621
oce,6,1,0.01,-1.1623012198886875,1100000,621
oce,6,1,0.1,-1.1552635670371967,1100000,621
oce,0,2,0.001,-2.231146774792061,1,1
oce,0,2,0.01,-2.23114671092322,1,1
oce,0,2,0.1,-2.231146072477147,1,1
oce,1,2,0.001,-0.12581857339902724,11,10
oce,1,2,0.01,-0.1256310634375575,11,10
oce,1,2,0.1,-0.12546331343184144,11,10
oce,2,2,0.001,-0.13778977143988885,110,48
oce,2,2,0.01,-0.1372617747940504,110,48
oce,2,2,0.1,-0.1380568241575872,110,48
oce,3,2,0.001,-0.18319109321903104,1100,150
oce,3,2,0.01,-0.17851601521457888,1100,150
oce,3,2,0.1,-0.17587466701687926,1100,150
oce,4,2,0.001,-0.37802215570446857,11000,292
oce,4,2,0.01,-0.36957013277217565,11000,292
oce,4,2,0.1,-0.3692235878948185,11000,292
oce,5,2,0.001,-0.8172552543318171,110000,414
oce,5,2,0.01,-0.8048996881101668,110000,414
oce,5,2,0.1,-0.8021850455367106,110000,414
oce,6,2,0.001,-1.3949705747758931,1100000,470
oce,6,2,0.01,-1.383139869758575,1100000,470
oce,6,2,0.1,-1.3814930321706762,1100000,470
oce,0,3,0.001,-2.097335745131961,1,1
oce,0,3,0.01,-2.097335759358756,1,1
oce,0,3,0.1,-2.0973359019055375,1,1
oce,1,3,0.001,-0.13252634108960532,11,10
oce,1,3,0.01,-0.1324523095352049,11,10
oce,1,3,0.1,-0.1323891372716207,11,10
oce,2,3,0.001,-0.13460208969451695,110,43
oce,2,3,0.01,-0.13428444754980237,110,43
oce,2,3,0.1,-0.1340531668824175,110,43
oce,3,3,0.001,-0.15481826982069813,1100,139
oce,3,3,0.01,-0.15010789602441665,1100,139
oce,3,3,0.1,-0.147011838082634,1100,139
oce,4,3,0.001,-0.36876879743812035,11000,261
oce,4,3,0.01,-0.36021869126230216,11000,261
oce,4,3,0.1,-0.35976425851521393,11000,261
oce,5,3,0.001,-0.6383970614896207,110000,355
oce,5,3,0.01,-0.6245464590480132,110000,355
oce,5,3,0.1,-0.6261660615173645,110000,355
oce,6,3,0.001,-1.0940029067761838,1100000,392
oce,6,3,0.01,-1.0801047095717589,1100000,392
oce,6,3,0.1,-1.0837737773582095,1100000,392
oce,0,4,0.001,-2.2077719196520516,1,1
oce,0,4,0.01,-2.20777186999399,1,1
oce,0,4,0.1,-2.20777137359312,1,1
oce,1,4,0.001,-0.12363814117885678,11,10
oce,1,4,0.01,-0.12364126516107893,11,10
oce,1,4,0.1,-0.12367263693950933,11,10
oce,2,4,0.001,-0.12554359676976573,110,44
oce,2,4,0.01,-0.1249284446286694,110,44
oce,2,4,0.1,-0.12451758471107668,110,44
oce,3,4,0.001,-0.16072309110703625,1100,145
oce,3,4,0.01,-0.15753923564733938,1100,145
oce,3,4,0.1,-0.1558912971470769,1100,145
oce,4,4,0.001,-0.3480011781305414,11000,301
oce,4,4,0.01,-0.34036099583137347,11000,301
oce,4,4,0.1,-0.33822771549642994,11000,301
oce,5,4,0.001,-0.7016393522873764,110000,447
oce,5,4,0.01,-0.6917545964191096,110000,447
oce,5,4,0.1,-0.6919182342527722,110000,447
oce,6,4,0.001,-1.1096799676625813,1100000,526
oce,6,4,0.01,-1.1021244094579175,1100000,526
oce,6,4,0.1,-1.1103456678869128,1100000,526
oce,0,5,0.001,-2.1069990730431285,1,1
oce,0,5,0.01,-2.1069991083279667,1,1
oce,0,5,0.1,-2.1069994613881153,1,1
oce,1,5,0.001,-0.1313053871157159,11,10
oce,1,5,0.01,-0.1313077074486523,11,10
oce,1,5,0.1,-0.13133098669374504,11,10
oce,2,5,0.001,-0.13424173452484645,110,41
oce,2,5,0.01,-0.1336835133802093,110,41
oce,2,5,0.1,-0.13323309595380825,110,41
oce,3,5,0.001,-0.1490222488502223,1100,129
oce,3,5,0.01,-0.14648842270886875,1100,129
oce,3,5,0.1,-0.14540625572246882,1100,129
oce,4,5,0.001,-0.2507424534776866,11000,249
oce,4,5,0.01,-0.24448079005177875,11000,249
oce,4,5,0.1,-0.24224149430751257,11000,249
oce,5,5,0.001,-0.43567641908831434,110000,368
oce,5,5,0.01,-0.41924639519670337,110000,368
oce,5,5,0.1,-0.4156319664801851,110000,368
oce,6,5,0.001,-1.120981101886717,1100000,446
oce,6,5,0.01,-1.1003107732735966,1100000,446
oce,6,5,0.1,-1.094040497169348,1100000,446
oce,0,6,0.001,-2.128647769904164,1,1
oce,0,6,0.01,-2.1286477896806204,1,1
oce,0,6,0.1,-2.128647987651444,1,1
oce,1,6,0.001,-0.1336040991729134,11,10
oce,1,6,0.01,-0.13360596774547082,11,10
oce,1,6,0.1,-0.1336248474719115,11,10
oce,2,6,0.001,-0.13794764544026314,110,44
oce,2,6,0.01,-0.1373036546101679,110,44
oce,2,6,0.1,-0.1368332191941304,110,44
oce,3,6,0.001,-0.1770444358869453,1100,149
oce,3,6,0.01,-0.17451423813736522,1100,149
oce,3,6,0.1,-0.17310214729060705,1100,149
oce,4,6,0.001,-0.2556996090495896,11000,293
oce,4,6,0.01,-0.24855652864697197,11000,293
oce,4,6,0.1,-0.24848263657484373,11000,293
oce,5,6,0.001,-0.6139427444239524,110000,449
oce,5,6,0.01,-0.6002656462561461,110000,449
oce,5,6,0.1,-0.597729633666206,110000,449
oce,6,6,0.001,-1.0034392841875133,1100000,545
oce,6,6,0.01,-0.9881271960615253,1100000,545
oce,6,6,0.1,-0.9871277060391246,1100000,545
oce,0,7,0.001,-2.2306979861404606,1,1
oce,0,7,0.01,-2.2306979187244496,1,1
oce,0,7,0.1,-2.230697244797005,1,1
oce,1,7,0.001,-0.11719412277296783,11,10
oce,1,7,0.01,-0.11713633401971643,11,10
oce,1,7,0.1,-0.11709980664502499,11,10
oce,2,7,0.001,-0.11693332499351837,110,48
oce,2,7,0.01,-0.11650668285787788,110,48
oce,2,7,0.1,-0.11626931307008367,110,48
oce,3,7,0.001,-0.12898780388276704,1100,142
oce,3,7,0.01,-0.12561463926575456,1100,142
oce,3,7,0.1,-0.12440485539756321,1100,142
oce,4,7,0.001,-0.2546886474940839,11000,275
oce,4,7,0.01,-0.2478270733199871,11000,275
oce,4,7,0.1,-0.24884624653611026,11000,275
oce,5,7,0.001,-0.6320074093392597,110000,381
oce,5,7,0.01,-0.6231868277830279,110000,381
oce,5,7,0.1,-0.6265309712163375,110000,381
oce,6,7,0.001,-1.1660884801164968,1100000,426
oce,6,7,0.01,-1.1557173060380896,1100000,426
oce,6,7,0.1,-1.1570338453443738,1100000,426
oce,0,8,0.001,-2.1769402141837397,1,1
oce,0,8,0.01,-2.176940176696906,1,1
oce,0,8,0.1,-2.176939802146774,1,1
oce,1,8,0.001,-0.1411401442769464,11,10
oce,1,8,0.01,-0.14097094218856152,11,10
oce,1,8,0.1,-0.14081308221943645,11,10
oce,2,8,0.001,-0.17196202917578232,110,46
oce,2,8,0.01,-0.17053223318703573,110,46
oce,2,8,0.1,-0.16920060577245485,110,46
oce,3,8,0.001,-0.22082885326393228,1100,132
oce,3,8,0.01,-0.2156904634230734,1100,132
oce,3,8,0.1,-0.21240828751486715,1100,132
oce,4,8,0.001,-0.441736843763993,11000,247
oce,4,8,0.01,-0.4316809776044624,11000,247
oce,4,8,0.1,-0.4312896446145608,11000,247
oce,5,8,0.001,-0.8328219363781373,110000,333
oce,5,8,0.01,-0.8178968957020598,110000,333
oce,5,8,0.1,-0.8161056964985185,110000,333
oce,6,8,0.001,-1.32079935545121,1100000,374
oce,6,8,0.01,-1.308171732180124,1100000,374
oce,6,8,0.1,-1.3062638591792934,1100000,374
oce,0,9,0.001,-2.2286081679861938,1,1
oce,0,9,0.01,-2.2286080840722167,1,1
oce,0,9,0.1,-2.2286072450872467,1,1
oce,1,9,0.001,-0.12095924448571252,11,10
oce,1,9,0.01,-0.12089404378900555,11,10
oce,1,9,0.1,-0.12086807079962579,11,10
oce,2,9,0.001,-0.12096423613321132,110,45
oce,2,9,0.01,-0.12072152645987586,110,45
oce,2,9,0.1,-0.1213933122538982,110,45
oce,3,9,0.001,-0.1391840490065753,1100,154
oce,3,9,0.01,-0.13682822206156625,1100,154
oce,3,9,0.1,-0.1363498340502379,1100,154
oce,4,9,0.001,-0.28398423201003875,11000,336
oce,4,9,0.01,-0.27689231620455296,11000,336
oce,4,9,0.1,-0.2756007792392182,11000,336
oce,5,9,0.001,-0.5638771345318853,110000,530
oce,5,9,0.01,-0.5563328476852402,110000,530
oce,5,9,0.1,-0.557555588646701,110000,530
oce,6,9,0.001,-0.9769401849760881,1100000,669
oce,6,9,0.01,-0.9655180082257873,1100000,669
oce,6,9,0.1,-0.9690613395005307,1100000,669
oce,0,10,0.001,-2.134367330649624,1,1
oce,0,10,0.01,-2.1343673601274595,1,1
oce,0,10,0.1,-2.1343676550908013,1,1
oce,1,10,0.001,-0.12396229710265519,11,10
oce,1,10,0.01,-0.1239645055729375,11,10
oce,1,10,0.1,-0.12398686700953877,11,10
oce,2,10,0.001,-0.12771416913565223,110,45
oce,2,10,0.01,-0.12724018334542694,110,45
oce,2,10,0.1,-0.12694748342796977,110,45
oce,3,10,0.001,-0.1406125853589117,1100,148
oce,3,10,0.01,-0.13732188308822138,1100,148
oce,3,10,0.1,-0.1350693692743201,1100,148
oce,4,10,0.001,-0.2581977856949807,11000,298
oce,4,10,0.01,-0.24514688830904982,11000,298
oce,4,10,0.1,-0.23791734702830764,11000,298
oce,5,10,0.001,-0.5582755102597319,110000,442
oce,5,10,0.01,-0.5488401953035384,110000,442
oce,5,10,0.1,-0.5484171844292169,110000,442
oce,6,10,0.001,-1.0337346812004389,1100000,525
oce,6,10,0.01,-1.019203297614609,1100000,525
oce,6,10,0.1,-1.0158473305614926,1100000,525
oce,0,11,0.001,-2.1592067539021156,1,1
oce,0,11,0.01,-2.15920675548363,1,1
oce,0,11,0.1,-2.1592067714746364,1,1
oce,1,11,0.001,-0.10633263399035532,11,10
oce,1,11,0.01,-0.10633588610856022,11,10
oce,1,11,0.1,-0.10636859458728362,11,10
oce,2,11,0.001,-0.10917678235611734,110,43
oce,2,11,0.01,-0.10894672581756792,110,43
oce,2,11,0.1,-0.10891216509722768,110,43
oce,3,11,0.001,-0.1171365194184223,1100,133
oce,3,11,0.01,-0.11514258495887879,1100,133
oce,3,11,0.1,-0.1140996839028554,1100,133
oce,4,11,0.001,-0.23687494125653896,11000,264
oce,4,11,0.01,-0.23146839870431282,11000,264
oce,4,11,0.1,-0.2311373211963902,11000,264
oce,5,11,0.001,-0.5169639332390086,110000,387
oce,5,11,0.01,-0.5088091465966686,110000,387
oce,5,11,0.1,-0.5111376966984909,110000,387
oce,6,11,0.001,-1.0101914962166758,1100000,465
oce,6,11,0.01,-0.9989681459356634,1100000,465
oce,6,11,0.1,-0.9996941172567753,1100000,465
oce,0,12,0.001,-2.294839632157878,1,1
oce,0,12,0.01,-2.294839488791043,1,1
oce,0,12,0.1,-2.2948380553130185,1,1
oce,1,12,0.001,-0.12753820333759625,11,10
oce,1,12,0.01,-0.12754239913479373,11,10
oce,1,12,0.1,-0.12758450029698684,11,10
oce,2,12,0.001,-0.12703354791269306,110,44
oce,2,12,0.01,-0.12681599710606095,110,44
oce,2,12,0.1,-0.12682390321731274,110,44
oce,3,12,0.001,-0.13937775932172056,1100,142
oce,3,12,0.01,-0.13671674494278369,1100,142
oce,3,12,0.1,-0.13544232099410358,1100,142
oce,4,12,0.001,-0.3059768538661499,11000,276
oce,4,12,0.01,-0.3001935290888659,11000,276
oce,4,12,0.1,-0.30140681193605867,11000,276
oce,5,12,0.001,-0.6364993187149317,110000,421
oce,5,12,0.01,-0.6279336658584614,110000,421
oce,5,12,0.1,-0.6279109526957978,110000,421
oce,6,12,0.001,-1.1032474467739621,1100000,533
oce,6,12,0.01,-1.0886412642384098,1100000,533
oce,6,12,0.1,-1.0859746199688514,1100000,533
oce,0,13,0.001,-2.1926617691372443,1,1
oce,0,13,0.01,-2.192661757643297,1,1
oce,0,13,0.1,-2.19266164288787,1,1
oce,1,13,0.001,-0.1322860167315063,11,10
oce,1,13,0.01,-0.1322885199154697,11,10
oce,1,13,0.1,-0.132313797944312,11,10
oce,2,13,0.001,-0.1357486570339035,110,45
oce,2,13,0.01,-0.1355230067125482,110,45
oce,2,13,0.1,-0.13628928594826747,110,45
oce,3,13,0.001,-0.15833353980413328,1100,149
oce,3,13,0.01,-0.1555005319613698,1100,149
oce,3,13,0.1,-0.15450774825810493,1100,149
oce,4,13,0.001,-0.26687518446410446,11000,313
oce,4,13,0.01,-0.2599658804526867,11000,313
oce,4,13,0.1,-0.26060583914830676,11000,313
oce,5,13,0.001,-0.5911395477277634,110000,468
oce,5,13,0.01,-0.5803608641766976,110000,468
oce,5,13,0.1,-0.580266195575371,110000,468
oce,6,13,0.001,-1.0257384615908827,1100000,562
oce,6,13,0.01,-1.0183463211330623,1100000,562
oce,6,13,0.1,-1.0264106099815593,1100000,562
oce,0,14,0.001,-2.192538898292746,1,1
oce,0,14,0.01,-2.192538862971419,1,1
oce,0,14,0.1,-2.1925385099804098,1,1
oce,1,14,0.001,-0.12893404607468603,11,10
oce,1,14,0.01,-0.12893624648306162,11,10
oce,1,14,0.1,-0.1289585594193341,11,10
oce,2,14,0.001,-0.13632856710034003,110,45
oce,2,14,0.01,-0.1360497850296003,110,45
oce,2,14,0.1,-0.13702757999782078,110,45
oce,3,14,0.001,-0.16121676857179335,1100,139
oce,3,14,0.01,-0.15843270695618988,1100,139
oce,3,14,0.1,-0.15711020161090428,1100,139
oce,4,14,0.001,-0.35089757815500416,11000,272
oce,4,14,0.01,-0.34371996435753804,11000,272
oce,4,14,0.1,-0.3435025195570723,11000,272
oce,5,14,0.001,-0.7080667530697057,110000,385
oce,5,14,0.01,-0.6907218313427383,110000,385
oce,5,14,0.1,-0.6862162233172145,110000,385
oce,6,14,0.001,-1.2392886842327067,1100000,445
oce,6,14,0.01,-1.22063046529158,1100000,445
oce,6,14,0.1,-1.2160588036655005,1100000,445
oce,0,15,0.001,-2.118830162174324,1,1
oce,0,15,0.01,-2.118830169727178,1,1
oce,0,15,0.1,-2.11883024549763,1,1
oce,1,15,0.001,-0.12885175151945544,11,10
oce,1,15,0.01,-0.1287884798825452,11,10
oce,1,15,0.1,-0.12873788236419004,11,10
oce,2,15,0.001,-0.1390064441782453,110,47
oce,2,15,0.01,-0.13777577155396173,110,47
oce,2,15,0.1,-0.1378213526510787,110,47
oce,3,15,0.001,-0.18037237644547607,1100,145
oce,3,15,0.01,-0.17566087652655385,1100,145
oce,3,15,0.1,-0.1720551934169265,1100,145
oce,4,15,0.001,-0.3877210244433522,11000,284
oce,4,15,0.01,-0.3792013529770448,11000,284
oce,4,15,0.1,-0.375483324633743,11000,284
oce,5,15,0.001,-0.6255412127230662,110000,404
oce,5,15,0.01,-0.6118468969552529,110000,404
oce,5,15,0.1,-0.6094523744545326,110000,404
oce,6,15,0.001,-1.045653419842518,1100000,460
oce,6,15,0.01,-1.0357588638988529,1100000,460
oce,6,15,0.1,-1.0389202951796266,1100000,460
oce,0,16,0.001,-2.216574850844919,1,1
oce,0,16,0.01,-2.2165747945428547,1,1
oce,0,16,0.1,-2.2165742317351387,1,1
oce,1,16,0.001,-0.14628900548410495,11,10
oce,1,16,0.01,-0.14629116818228005,11,10
oce,1,16,0.1,-0.1463129324228969,11,10
oce,2,16,0.001,-0.1505784737992401,110,42
oce,2,16,0.01,-0.15011995376241238,110,42
oce,2,16,0.1,-0.1498556353155791,110,42
oce,3,16,0.001,-0.18061738586043802,1100,142
oce,3,16,0.01,-0.17693311872983705,1100,142
oce,3,16,0.1,-0.17495767286083067,1100,142
oce,4,16,0.001,-0.35861542132510743,11000,306
oce,4,16,0.01,-0.3488966276183436,11000,306
oce,4,16,0.1,-0.3478354052010764,11000,306
oce,5,16,0.001,-0.7938024393507598,110000,489
oce,5,16,0.01,-0.7739442834915332,110000,489
oce,5,16,0.1,-0.7700635829441304,110000,489
oce,6,16,0.001,-1.3015446752423037,1100000,626
oce,6,16,0.01,-1.2820258093996761,1100000,626
oce,6,16,0.1,-1.2753572655138796,1100000,626
oce,0,17,0.001,-2.194406326310643,1,1
oce,0,17,0.01,-2.194406289708366,1,1
oce,0,17,0.1,-2.1944059238845695,1,1
oce,1,17,0.001,-0.1425199059376151,11,10
oce,1,17,0.01,-0.14247057723504886,11,10
oce,1,17,0.1,-0.14243865342615436,11,10
oce,2,17,0.001,-0.14272582526619612,110,46
oce,2,17,0.01,-0.14220233598722298,110,46
oce,2,17,0.1,-0.14189873474132006,110,46
oce,3,17,0.001,-0.16037121615438216,1100,159
oce,3,17,0.01,-0.15697974656446642,1100,159
oce,3,17,0.1,-0.15574847081422413,1100,159
oce,4,17,0.001,-0.2976504618906519,11000,328
oce,4,17,0.01,-0.28988600949095766,11000,328
oce,4,17,0.1,-0.2903372994395322,11000,328
oce,5,17,0.001,-0.6486824291256004,110000,509
oce,5,17,0.01,-0.6307943766318111,110000,509
oce,5,17,0.1,-0.6255040828461791,110000,509
oce,6,17,0.001,-1.3011690049816635,1100000,640
oce,6,17,0.01,-1.2815941514588673,1100000,640
oce,6,17,0.1,-1.2759844114574392,1100000,640
oce,0,18,0.001,-2.1116929500645263,1,1
oce,0,18,0.01,-2.111692965766444,1,1
oce,0,18,0.1,-2.111693123020646,1,1
oce,1,18,0.001,-0.12250572673915505,11,10
oce,1,18,0.01,-0.12250778232191065,11,10
oce,1,18,0.1,-0.12252852017299236,11,10
oce,2,18,0.001,-0.1268659221648141,110,43
oce,2,18,0.01,-0.12667945263560773,110,43
oce,2,18,0.1,-0.1266910100270745,110,43
oce,3,18,0.001,-0.136141351429189,1100,136
oce,3,18,0.01,-0.13313155837334464,1100,136
oce,3,18,0.1,-0.1322304269165108,1100,136
oce,4,18,0.001,-0.2224068125796895,11000,270
oce,4,18,0.01,-0.2158771060535179,11000,270
oce,4,18,0.1,-0.2170000487995128,11000,270
oce,5,18,0.001,-0.508834597918696,110000,384
oce,5,18,0.01,-0.49828090194638885,110000,384
oce,5,18,0.1,-0.5022864136371676,110000,384
oce,6,18,0.001,-1.008499253245292,1100000,449
oce,6,18,0.01,-0.9947047839549854,1100000,449
oce,6,18,0.1,-0.9972678713692558,1100000,449
oce,0,19,0.001,-2.103552244593444,1,1
oce,0,19,0.01,-2.103552281009867,1,1
oce,0,19,0.1,-2.103552645398559,1,1
oce,1,19,0.001,-0.11203368226241367,11,10
oce,1,19,0.01,-0.11197464782377846,11,10
oce,1,19,0.1,-0.1119329867125948,11,10
oce,2,19,0.001,-0.11415425021671373,110,43
oce,2,19,0.01,-0.11377513820275746,110,43
oce,2,19,0.1,-0.11361548541576842,110,43
oce,3,19,0.001,-0.1361678139162535,1100,129
oce,3,19,0.01,-0.13364806203305357,1100,129
oce,3,19,0.1,-0.13285441460027206,1100,129
oce,4,19,0.001,-0.39395887722173883,11000,239
oce,4,19,0.01,-0.38847358029439777,11000,239
oce,4,19,0.1,-0.3886028626904019,11000,239
oce,5,19,0.001,-0.7654130632051098,110000,320
oce,5,19,0.01,-0.7482060821238985,110000,320
oce,5,19,0.1,-0.7418731989343356,110000,320
oce,6,19,0.001,-1.1595947624056306,1100000,367
oce,6,19,0.01,-1.1396191695371554,1100000,367
oce,6,19,0.1,-1.1342405120390937,1100000,367
oce,0,20,0.001,-2.1246002085991407,1,1
oce,0,20,0.01,-2.1246002511905395,1,1
oce,0,20,0.1,-2.1246006772749007,1,1
oce,1,20,0.001,-0.12208206028517145,11,10
oce,1,20,0.01,-0.12208441692467013,11,10
oce,1,20,0.1,-0.12210821781493143,11,10
oce,2,20,0.001,-0.12441575141141849,110,45
oce,2,20,0.01,-0.12379246559157926,110,45
oce,2,20,0.1,-0.12335601373031227,110,45
oce,3,20,0.001,-0.15368602577523502,1100,153
oce,3,20,0.01,-0.1504875200257049,1100,153
oce,3,20,0.1,-0.14856913551372133,1100,153
oce,4,20,0.001,-0.2988187022838905,11000,321
oce,4,20,0.01,-0.2918630285139655,11000,321
oce,4,20,0.1,-0.2910613122283944,11000,321
oce,5,20,0.001,-0.6471861895794883,110000,486
oce,5,20,0.01,-0.6339308662625149,110000,486
oce,5,20,0.1,-0.6310558981388504,110000,486
oce,6,20,0.001,-1.1767932079133003,1100000,588
oce,6,20,0.01,-1.1641662485872522,1100000,588
oce,6,20,0.1,-1.163843585072166,1100000,588
oce,0,21,0.001,-2.1072318934875756,1,1
oce,0,21,0.01,-2.107231928613294,1,1
oce,0,21,0.1,-2.107232280088957,1,1
oce,1,21,0.001,-0.1447309693333403,11,10
oce,1,21,0.01,-0.14473262936247894,11,10
oce,1,21,0.1,-0.14474939804971548,11,10
oce,2,21,0.001,-0.1556357505252613,110,43
oce,2,21,0.01,-0.15482374706149976,110,43
oce,2,21,0.1,-0.15411455766869056,110,43
oce,3,21,0.001,-0.18049018471059816,1100,137
oce,3,21,0.01,-0.17706368131114084,1100,137
oce,3,21,0.1,-0.1749566679558008,1100,137
oce,4,21,0.001,-0.3272774252580381,11000,295
oce,4,21,0.01,-0.31778828315516017,11000,295
oce,4,21,0.1,-0.3152902012019751,11000,295
oce,5,21,0.001,-0.6981021975324435,110000,461
oce,5,21,0.01,-0.6825262865624001,110000,461
oce,5,21,0.1,-0.6811559745718206,110000,461
oce,6,21,0.001,-1.1900315247290727,1100000,557
oce,6,21,0.01,-1.1773802469272738,1100000,557
oce,6,21,0.1,-1.1791984204588681,1100000,557
oce,0,22,0.001,-2.1793711861680154,1,1
oce,0,22,0.01,-2.1793711738704022,1,1
oce,0,22,0.1,-2.1793710511011453,1,1
oce,1,22,0.001,-0.1329355984021257,11,10
oce,1,22,0.01,-0.13293818290208087,11,10
oce,1,22,0.1,-0.1329641047371348,11,10
oce,2,22,0.001,-0.1337328727441565,110,42
oce,2,22,0.01,-0.13357029718191293,110,42
oce,2,22,0.1,-0.1335717035545823,110,42
oce,3,22,0.001,-0.14594772442811926,1100,134
oce,3,22,0.01,-0.14326106534097938,1100,134
oce,3,22,0.1,-0.1419959872443249,1100,134
oce,4,22,0.001,-0.28195085069992953,11000,282
oce,4,22,0.01,-0.27236998150236325,11000,282
oce,4,22,0.1,-0.2676677107256612,11000,282
oce,5,22,0.001,-0.6062367023931517,110000,416
oce,5,22,0.01,-0.5951617155584769,110000,416
oce,5,22,0.1,-0.5943724642733447,110000,416
oce,6,22,0.001,-1.0739323649635282,1100000,477
oce,6,22,0.01,-1.0672925021865962,1100000,477
oce,6,22,0.1,-1.0780260573575475,1100000,477
oce,0,23,0.001,-2.240963844727375,1,1
oce,0,23,0.01,-2.240963775170818,1,1
oce,0,23,0.1,-2.2409630798527416,1,1
oce,1,23,0.001,-0.11437708427592147,11,10
oce,1,23,0.01,-0.11437923233182844,11,10
oce,1,23,0.1,-0.11440126674289039,11,10
oce,2,23,0.001,-0.12303968942624816,110,44
oce,2,23,0.01,-0.12259502238965608,110,44
oce,2,23,0.1,-0.12227820500993596,110,44
oce,3,23,0.001,-0.13752020398837012,1100,133
oce,3,23,0.01,-0.1346103610690817,1100,133
oce,3,23,0.1,-0.13321528395359478,1100,133
oce,4,23,0.001,-0.2146333852148592,11000,238
oce,4,23,0.01,-0.20670483474831886,11000,238
oce,4,23,0.1,-0.20394544211065577,11000,238
oce,5,23,0.001,-0.5041645203772844,110000,318
oce,5,23,0.01,-0.49407532222592376,110000,318
oce,5,23,0.1,-0.4965294600679654,110000,318
oce,6,23,0.001,-1.3365129159282547,1100000,355
oce,6,23,0.01,-1.3255500046614375,1100000,355
oce,6,23,0.1,-1.3263093934093402,1100000,355
oce,0,24,0.001,-2.1798151200446383,1,1
oce,0,24,0.01,-2.1798151184431007,1,1
oce,0,24,0.1,-2.1798151026039956,1,1
oce,1,24,0.001,-0.12161372674640197,11,10
oce,1,24,0.01,-0.12157047909227393,11,10
oce,1,24,0.1,-0.12155332142665817,11,10
oce,2,24,0.001,-0.11981910959283054,110,46
oce,2,24,0.01,-0.11950366256822338,110,46
oce,2,24,0.1,-0.11940886604930356,110,46
oce,3,24,0.001,-0.13141769339583598,1100,142
oce,3,24,0.01,-0.12868596095634777,1100,142
oce,3,24,0.1,-0.12693788673893225,1100,142
oce,4,24,0.001,-0.23020007634817619,11000,291
oce,4,24,0.01,-0.22309465865239053,11000,291
oce,4,24,0.1,-0.2226240477271461,11000,291
oce,5,24,0.001,-0.544251220454087,110000,438
oce,5,24,0.01,-0.5349799111109912,110000,438
oce,5,24,0.1,-0.5380774899050877,110000,438
oce,6,24,0.001,-1.0336704889458113,1100000,538
oce,6,24,0.01,-1.019851941507909,1100000,538
oce,6,24,0.1,-1.0176838322642032,1100000,538
oce,0,25,0.001,-2.1810209303699066,1,1
oce,0,25,0.01,-2.181020915002245,1,1
oce,0,25,0.1,-2.1810207614825154,1,1
oce,1,25,0.001,-0.13947331782549896,11,10
oce,1,25,0.01,-0.1394760640643375,11,10
oce,1,25,0.1,-0.13950374270605753,11,10
oce,2,25,0.001,-0.13747862198479543,110,45
oce,2,25,0.01,-0.13699866029998894,110,45
oce,2,25,0.1,-0.13675642530150836,110,45
oce,3,25,0.001,-0.15973791070456084,1100,152
oce,3,25,0.01,-0.15685251486512802,1100,152
oce,3,25,0.1,-0.1554400488125012,1100,152
oce,4,25,0.001,-0.30024483948878683,11000,352
oce,4,25,0.01,-0.29359625169221926,11000,352
oce,4,25,0.1,-0.2916423228875285,11000,352
oce,5,25,0.001,-0.6561880895859576,110000,532
oce,5,25,0.01,-0.6440980898995337,110000,532
oce,5,25,0.1,-0.6405713770812708,110000,532
oce,6,25,0.001,-1.019392471790425,1100000,638
oce,6,25,0.01,-1.0094169426911037,1100000,638
oce,6,25,0.1,-1.0123213543741116,1100000,638
oce,0,26,0.001,-2.2478256307437694,1,1
oce,0,26,0.01,-2.2478255637942897,1,1
oce,0,26,0.1,-2.24782489450675,1,1
oce,1,26,0.001,-0.141970515933927,11,10
oce,1,26,0.01,-0.14191901296299358,11,10
oce,1,26,0.1,-0.1418822021501252,11,10
oce,2,26,0.001,-0.13993120028763328,110,46
oce,2,26,0.01,-0.13929879199839676,110,46
oce,2,26,0.1,-0.13904501071903597,110,46
oce,3,26,0.001,-0.1602653932462315,1100,161
oce,3,26,0.01,-0.15598649569430847,1100,161
oce,3,26,0.1,-0.1543124029316051,1100,161
oce,4,26,0.001,-0.3731924975444033,11000,327
oce,4,26,0.01,-0.36531302352006123,11000,327
oce,4,26,0.1,-0.36395436097171624,11000,327
oce,5,26,0.001,-0.7364619433967369,110000,485
oce,5,26,0.01,-0.7261697991720474,110000,485
oce,5,26,0.1,-0.7252137908113113,110000,485
oce,6,26,0.001,-1.167471359507772,1100000,573
oce,6,26,0.01,-1.1531065359091333,1100000,573
oce,6,26,0.1,-1.1569187686909146,1100000,573
oce,0,27,0.001,-2.156407728132307,1,1
oce,0,27,0.01,-2.1564077265174535,1,1
oce,0,27,0.1,-2.1564077105601878,1,1
oce,1,27,0.001,-0.1207360142621511,11,10
oce,1,27,0.01,-0.12073885673293541,11,10
oce,1,27,0.1,-0.12076736951028334,11,10
oce,2,27,0.001,-0.12710751072590798,110,41
oce,2,27,0.01,-0.12655376811054875,110,41
oce,2,27,0.1,-0.12618018990882127,110,41
oce,3,27,0.001,-0.15747442874159145,1100,131
oce,3,27,0.01,-0.1551459242376214,1100,131
oce,3,27,0.1,-0.15387682593391314,1100,131
oce,4,27,0.001,-0.2474434514819042,11000,255
oce,4,27,0.01,-0.24191791898147405,11000,255
oce,4,27,0.1,-0.241156733763805,11000,255
oce,5,27,0.001,-0.5376237755995624,110000,375
oce,5,27,0.01,-0.529305271774605,110000,375
oce,5,27,0.1,-0.5293860158777145,110000,375
oce,6,27,0.001,-0.9036696418650986,1100000,443
oce,6,27,0.01,-0.895590522282493,1100000,443
oce,6,27,0.1,-0.8974403559518891,1100000,443
oce,0,28,0.001,-2.2014486611362942,1,1
oce,0,28,0.01,-2.2014486228901826,1,1
oce,0,28,0.1,-2.2014482406100497,1,1
oce,1,28,0.001,-0.12404498537543265,11,10
oce,1,28,0.01,-0.12404797128603703,11,10
oce,1,28,0.1,-0.12407806448752567,11,10
oce,2,28,0.001,-0.1283856641983056,110,45
oce,2,28,0.01,-0.12814336251209207,110,45
oce,2,28,0.1,-0.1280817691405724,110,45
oce,3,28,0.001,-0.13794883033965719,1100,143
oce,3,28,0.01,-0.13565543317426243,1100,143
oce,3,28,0.1,-0.1350753215547283,1100,143
oce,4,28,0.001,-0.32124643124888663,11000,283
oce,4,28,0.01,-0.31480454161260335,11000,283
oce,4,28,0.1,-0.3176464838509946,11000,283
oce,5,28,0.001,-0.6656136923743418,110000,433
oce,5,28,0.01,-0.6563245494851653,110000,433
oce,5,28,0.1,-0.6549768452164129,110000,433
oce,6,28,0.001,-1.060096144792965,1100000,530
oce,6,28,0.01,-1.0513997040410468,1100000,530
oce,6,28,0.1,-1.0551933172448713,1100000,530
oce,0,29,0.001,-2.2071476434960777,1,1
oce,0,29,0.01,-2.207147587534875,1,1
oce,0,29,0.1,-2.207147028220595,1,1
oce,1,29,0.001,-0.12730265220589637,11,10
oce,1,29,0.01,-0.1273036523773966,11,10
oce,1,29,0.1,-0.12731421124243966,11,10
oce,2,29,0.001,-0.1433694088981742,110,46
oce,2,29,0.01,-0.14285300656155717,110,46
oce,2,29,0.1,-0.14401026305317857,110,46
oce,3,29,0.001,-0.19277544657004145,1100,135
oce,3,29,0.01,-0.18781887418626508,1100,135
oce,3,29,0.1,-0.18417712356362018,1100,135
oce,4,29,0.001,-0.4075896726990841,11000,245
oce,4,29,0.01,-0.397472484733664,11000,245
oce,4,29,0.1,-0.39454983924804493,11000,245
oce,5,29,0.001,-0.7652313798712304,110000,322
oce,5,29,0.01,-0.7487673664090472,110000,322
oce,5,29,0.1,-0.7466538762851902,110000,322
oce,6,29,0.001,-1.3112562032164998,1100000,348
oce,6,29,0.01,-1.295541126901488,1100000,348
oce,6,29,0.1,-1.2927136550954745,1100000,348
oce,0,30,0.001,-2.203557822562996,1,1
oce,0,30,0.01,-2.2035577869801677,1,1
oce,0,30,0.1,-2.2035574314025954,1,1
oce,1,30,0.001,-0.13556788186547167,11,10
oce,1,30,0.01,-0.1355023999170193,11,10
oce,1,30,0.1,-0.1354476086996559,11,10
oce,2,30,0.001,-0.13967996671686594,110,47
oce,2,30,0.01,-0.13896660482807946,110,47
oce,2,30,0.1,-0.13844747075349592,110,47
oce,3,30,0.001,-0.17276141721637647,1100,150
oce,3,30,0.01,-0.1682024504984597,1100,150
oce,3,30,0.1,-0.16599941075718674,1100,150
oce,4,30,0.001,-0.42476137054848934,11000,279
oce,4,30,0.01,-0.4159411887952522,11000,279
oce,4,30,0.1,-0.41430718107461334,11000,279
oce,5,30,0.001,-0.7046378720829745,110000,396
oce,5,30,0.01,-0.6919951045860997,110000,396
oce,5,30,0.1,-0.6892845714310359,110000,396
oce,6,30,0.001,-1.074437591365898,1100000,459
oce,6,30,0.01,-1.0580620400772005,1100000,459
oce,6,30,0.1,-1.0565847074888473,1100000,459
oce,0,31,0.001,-2.2132554417108983,1,1
oce,0,31,0.01,-2.2132553839296696,1,1
oce,0,31,0.1,-2.213254806330466,1,1
oce,1,31,0.001,-0.12322144063717624,11,10
oce,1,31,0.01,-0.12317023050211155,11,10
oce,1,31,0.1,-0.12314777529070342,11,10
oce,2,31,0.001,-0.12608999047948954,110,43
oce,2,31,0.01,-0.12562956687875773,110,43
oce,2,31,0.1,-0.12533700503841438,110,43
oce,3,31,0.001,-0.1410024837835528,1100,140
oce,3,31,0.01,-0.13820909441443366,1100,140
oce,3,31,0.1,-0.13659445055781852,1100,140
oce,4,31,0.001,-0.2583320908572338,11000,273
oce,4,31,0.01,-0.2522106659676071,11000,273
oce,4,31,0.1,-0.25164218763151386,11000,273
oce,5,31,0.001,-0.4962562780213912,110000,393
oce,5,31,0.01,-0.4866854784548415,110000,393
oce,5,31,0.1,-0.4891899805917594,110000,393
oce,6,31,0.001,-1.0459234996677158,1100000,458
oce,6,31,0.01,-1.0366990536472704,1100000,458
oce,6,31,0.1,-1.0396911262624844,1100000,458
oce,0,32,0.001,-2.2579954635287334,1,1
oce,0,32,0.01,-2.2579953638430066,1,1
oce,0,32,0.1,-2.257994367149345,1,1
oce,1,32,0.001,-0.12357307489895508,11,10
oce,1,32,0.01,-0.12353926128636677,11,10
oce,1,32,0.1,-0.12354180340726607,11,10
oce,2,32,0.001,-0.1243313437469852,110,46
oce,2,32,0.01,-0.12392275680137178,110,46
oce,2,32,0.1,-0.12386575908224708,110,46
oce,3,32,0.001,-0.1411323407518286,1100,150
oce,3,32,0.01,-0.1381316929295709,1100,150
oce,3,32,0.1,-0.13718936679281007,1100,150
oce,4,32,0.001,-0.29417778636469083,11000,323
oce,4,32,0.01,-0.28484664734626625,11000,323
oce,4,32,0.1,-0.2828293916976791,11000,323
oce,5,32,0.001,-0.5774974503462927,110000,490
oce,5,32,0.01,-0.5649515252036834,110000,490
oce,5,32,0.1,-0.5626260719586544,110000,490
oce,6,32,0.001,-1.046243748955677,1100000,605
oce,6,32,0.01,-1.0347148166010023,1100000,605
oce,6,32,0.1,-1.0372198580201104,1100000,605
oce,0,33,0.001,-2.18562892897935,1,1
oce,0,33,0.01,-2.18562888388209,1,1
oce,0,33,0.1,-2.185628433117948,1,1
oce,1,33,0.001,-0.11213458231187437,11,10
oce,1,33,0.01,-0.11213768238717975,11,10
oce,1,33,0.1,-0.11216887869348328,11,10
oce,2,33,0.001,-0.11478614232458068,110,42
oce,2,33,0.01,-0.11434011696200115,110,42
oce,2,33,0.1,-0.11408158666516352,110,42
oce,3,33,0.001,-0.13341600570954787,1100,119
oce,3,33,0.01,-0.13146717272879682,1100,119
oce,3,33,0.1,-0.13034019972182906,1100,119
oce,4,33,0.001,-0.20638737530654347,11000,237
oce,4,33,0.01,-0.20014355440534273,11000,237
oce,4,33,0.1,-0.1992735230012074,11000,237
oce,5,33,0.001,-0.5550405998810494,110000,347
oce,5,33,0.01,-0.5462760951692525,110000,347
oce,5,33,0.1,-0.5514224410393713,110000,347
oce,6,33,0.001,-1.0592748536731924,1100000,403
oce,6,33,0.01,-1.048566617247125,1100000,403
oce,6,33,0.1,-1.049320486915497,1100000,403
oce,0,34,0.001,-2.2429923922650965,1,1
oce,0,34,0.01,-2.2429923046915405,1,1
oce,0,34,0.1,-2.2429914291725566,1,1
oce,1,34,0.001,-0.13330321053667712,11,10
oce,1,34,0.01,-0.13330500231057152,11,10
oce,1,34,0.1,-0.13332334567109355,11,10
oce,2,34,0.001,-0.13236447691461803,110,45
oce,2,34,0.01,-0.13153608775647244,110,45
oce,2,34,0.1,-0.13094831950804503,110,45
oce,3,34,0.001,-0.15603118380310804,1100,149
oce,3,34,0.01,-0.15285125830769733,1100,149
oce,3,34,0.1,-0.1517342440372308,1100,149
oce,4,34,0.001,-0.31878144163064764,11000,313
oce,4,34,0.01,-0.3110376889645448,11000,313
oce,4,34,0.1,-0.31099635211130233,11000,313
oce,5,34,0.001,-0.6512999346894321,110000,462
oce,5,34,0.01,-0.636937985395295,110000,462
oce,5,34,0.1,-0.6338233478348446,110000,462
oce,6,34,0.001,-1.1221776118851792,1100000,546
oce,6,34,0.01,-1.1050524944367943,1100000,546
oce,6,34,0.1,-1.1009906539183383,1100000,546
oce,0,35,0.001,-2.1982137471228063,1,1
oce,0,35,0.01,-2.19821370651289,1,1
oce,0,35,0.1,-2.1982133005852216,1,1
oce,1,35,0.001,-0.12196158873980417,11,10
oce,1,35,0.01,-0.12196482082971244,11,10
oce,1,35,0.1,-0.12199731758446358,11,10
oce,2,35,0.001,-0.1216044522525855,110,44
oce,2,35,0.01,-0.12126756747090957,110,44
oce,2,35,0.1,-0.12112961776432667,110,44
oce,3,35,0.001,-0.1319769543754413,1100,149
oce,3,35,0.01,-0.12888312519196,1100,149
oce,3,35,0.1,-0.12733334536031543,1100,149
oce,4,35,0.001,-0.2742972570097701,11000,340
oce,4,35,0.01,-0.2676765825345075,11000,340
oce,4,35,0.1,-0.2674774565109817,11000,340
oce,5,35,0.001,-0.5351688973529583,110000,534
oce,5,35,0.01,-0.5259392084238619,110000,534
oce,5,35,0.1,-0.5272724695050875,110000,534
oce,6,35,0.001,-1.0258183979808901,1100000,649
oce,6,35,0.01,-1.0143247549981056,1100000,649
oce,6,35,0.1,-1.0144999190874744,1100000,649
oce,0,36,0.001,-2.1628526326796704,1,1
oce,0,36,0.01,-2.162852622354012,1,1
oce,0,36,0.1,-2.1628525192917265,1,1
oce,1,36,0.001,-0.13352351972388604,11,10
oce,1,36,0.01,-0.13352553771794007,11,10
oce,1,36,0.1,-0.13354586470211108,11,10
oce,2,36,0.001,-0.13416957354880304,110,44
oce,2,36,0.01,-0.1338737443494893,110,44
oce,2,36,0.1,-0.13381718923605485,110,44
oce,3,36,0.001,-0.14663719191425917,1100,147
oce,3,36,0.01,-0.1435137928940715,1100,147
oce,3,36,0.1,-0.14293413811816624,1100,147
oce,4,36,0.001,-0.3404044190979825,11000,319
oce,4,36,0.01,-0.33193234962553575,11000,319
oce,4,36,0.1,-0.32978540930309885,11000,319
oce,5,36,0.001,-0.6006169611372006,110000,493
oce,5,36,0.01,-0.5900515824340592,110000,493
oce,5,36,0.1,-0.5932306257276728,110000,493
oce,6,36,0.001,-1.068345127589049,1100000,608
oce,6,36,0.01,-1.0570621755051663,1100000,608
oce,6,36,0.1,-1.059753907346028,1100000,608
oce,0,37,0.001,-2.1856087630151073,1,1
oce,0,37,0.01,-2.185608728635616,1,1
oce,0,37,0.1,-2.1856083850741044,1,1
oce,1,37,0.001,-0.13534135024996252,11,10
oce,1,37,0.01,-0.13534304914447623,11,10
oce,1,37,0.1,-0.13536049189617966,11,10
oce,2,37,0.001,-0.14042453565180424,110,46
oce,2,37,0.01,-0.14013143141150874,110,46
oce,2,37,0.1,-0.14104826899506287,110,46
oce,3,37,0.001,-0.16204022242617983,1100,141
oce,3,37,0.01,-0.1588854001502569,1100,141
oce,3,37,0.1,-0.15706165268507305,1100,141
oce,4,37,0.001,-0.30195912009046744,11000,272
oce,4,37,0.01,-0.2949905025371494,11000,272
oce,4,37,0.1,-0.2937332448449408,11000,272
oce,5,37,0.001,-0.5242674034696279,110000,394
oce,5,37,0.01,-0.5110303460381288,110000,394
oce,5,37,0.1,-0.5081811974621766,110000,394
oce,6,37,0.001,-0.8611745262934264,1100000,461
oce,6,37,0.01,-0.8476932569788546,1100000,461
oce,6,37,0.1,-0.8473867524033754,1100000,461
oce,0,38,0.001,-2.2196437189561413,1,1
oce,0,38,0.01,-2.2196436680003266,1,1
oce,0,38,0.1,-2.219643158687752,1,1
oce,1,38,0.001,-0.15373966764280508,11,10
oce,1,38,0.01,-0.15374129900537198,11,10
oce,1,38,0.1,-0.15375773653240205,11,10
oce,2,38,0.001,-0.1530674142436424,110,44
oce,2,38,0.01,-0.15274049480413773,110,44
oce,2,38,0.1,-0.15263030511854478,110,44
oce,3,38,0.001,-0.1644260078569358,1100,147
oce,3,38,0.01,-0.16104546417355775,1100,147
oce,3,38,0.1,-0.15929361621584825,1100,147
oce,4,38,0.001,-0.37290443789953587,11000,293
oce,4,38,0.01,-0.3568524667951977,11000,293
oce,4,38,0.1,-0.34986917434248194,11000,293
oce,5,38,0.001,-0.6580007146939542,110000,419
oce,5,38,0.01,-0.6369284276720535,110000,419
oce,5,38,0.1,-0.6289167541309972,110000,419
oce,6,38,0.001,-1.0263182021422652,1100000,493
oce,6,38,0.01,-1.0087944657984558,1100000,493
oce,6,38,0.1,-1.0034502152994744,1100000,493
oce,0,39,0.001,-2.170846148490328,1,1
oce,0,39,0.01,-2.1708461282719242,1,1
oce,0,39,0.1,-2.1708459263697852,1,1
oce,1,39,0.001,-0.1457783516230759,11,10
oce,1,39,0.01,-0.14577965852471114,11,10
oce,1,39,0.1,-0.14579296659835284,11,10
oce,2,39,0.001,-0.15821178048402848,110,44
oce,2,39,0.01,-0.157608623241528,110,44
oce,2,39,0.1,-0.15716456208293333,110,44
oce,3,39,0.001,-0.17464825193662575,1100,136
oce,3,39,0.01,-0.17071647454769218,1100,136
oce,3,39,0.1,-0.1681183217724316,1100,136
oce,4,39,0.001,-0.36860316149436767,11000,267
oce,4,39,0.01,-0.35917605334910035,11000,267
oce,4,39,0.1,-0.35664387816208964,11000,267
oce,5,39,0.001,-0.666072884383069,110000,388
oce,5,39,0.01,-0.6526443042450988,110000,388
oce,5,39,0.1,-0.6491271591204725,110000,388
oce,6,39,0.001,-1.1990207055250586,1100000,450
oce,6,39,0.01,-1.1844882126223386,1100000,450
oce,6,39,0.1,-1.1796829176953512,1100000,450
oce,0,40,0.001,-2.166096593848392,1,1
oce,0,40,0.01,-2.1660965791616427,1,1
oce,0,40,0.1,-2.166096432557624,1,1
oce,1,40,0.001,-0.13462933080754658,11,10
oce,1,40,0.01,-0.13463024376911267,11,10
oce,1,40,0.1,-0.13463975359828956,11,10
oce,2,40,0.001,-0.14783615981367434,110,43
oce,2,40,0.01,-0.14731191140137048,110,43
oce,2,40,0.1,-0.14831660714600178,110,43
oce,3,40,0.001,-0.18122159960629713,1100,132
oce,3,40,0.01,-0.17752246150050943,1100,132
oce,3,40,0.1,-0.17526119517398234,1100,132
oce,4,40,0.001,-0.33991310125291657,11000,257
oce,4,40,0.01,-0.32944826646850917,11000,257
oce,4,40,0.1,-0.32674977737998456,11000,257
oce,5,40,0.001,-0.6891070847094876,110000,379
oce,5,40,0.01,-0.6751497809955536,110000,379
oce,5,40,0.1,-0.677230014808332,110000,379
oce,6,40,0.001,-1.2006007858156855,1100000,445
oce,6,40,0.01,-1.187840820438411,1100000,445
oce,6,40,0.1,-1.1919172461205552,1100000,445
oce,0,41,0.001,-2.223411642690056,1,1
oce,0,41,0.01,-2.2234115839746402,1,1
oce,0,41,0.1,-2.223410997015154,1,1
oce,1,41,0.001,-0.10906646019895137,11,10
oce,1,41,0.01,-0.10902110293371844,11,10
oce,1,41,0.1,-0.10900860890465658,11,10
oce,2,41,0.001,-0.11123801528188414,110,45
oce,2,41,0.01,-0.11088998699442536,110,45
oce,2,41,0.1,-0.110744339734834,110,45
oce,3,41,0.001,-0.12082235092644744,1100,142
oce,3,41,0.01,-0.1182533688781589,1100,142
oce,3,41,0.1,-0.11726848339235679,1100,142
oce,4,41,0.001,-0.2879120596123692,11000,288
oce,4,41,0.01,-0.2812126784759542,11000,288
oce,4,41,0.1,-0.280598386628288,11000,288
oce,5,41,0.001,-0.5720373026590402,110000,414
oce,5,41,0.01,-0.5633642816582354,110000,414
oce,5,41,0.1,-0.564893508315051,110000,414
oce,6,41,0.001,-1.0487355539818177,1100000,487
oce,6,41,0.01,-1.0402850031830626,1100000,487
oce,6,41,0.1,-1.0442134318266036,1100000,487
oce,0,42,0.001,-2.278442376251525,1,1
oce,0,42,0.01,-2.278442280070393,1,1
oce,0,42,0.1,-2.2784413185269217,1,1
oce,1,42,0.001,-0.1290469739148049,11,10
oce,1,42,0.01,-0.12904896011209208,11,10
oce,1,42,0.1,-0.12906928315550797,11,10
oce,2,42,0.001,-0.14052307180385984,110,44
oce,2,42,0.01,-0.14003464248696929,110,44
oce,2,42,0.1,-0.14114610324731794,110,44
oce,3,42,0.001,-0.16627243398856176,1100,138
oce,3,42,0.01,-0.1637193431267554,1100,138
oce,3,42,0.1,-0.16285085494522258,1100,138
oce,4,42,0.001,-0.25381547111600267,11000,274
oce,4,42,0.01,-0.24412423828479002,11000,274
oce,4,42,0.1,-0.2439197440787062,11000,274
oce,5,42,0.001,-0.7329368109734739,110000,399
oce,5,42,0.01,-0.6864233235134554,110000,399
oce,5,42,0.1,-0.6638337415556491,110000,399
oce,6,42,0.001,-1.2172149074133412,1100000,453
oce,6,42,0.01,-1.1964483170960325,1100000,453
oce,6,42,0.1,-1.1927633372867692,1100000,453
oce,0,43,0.001,-2.105344666785096,1,1
oce,0,43,0.01,-2.105344689831479,1,1
oce,0,43,0.1,-2.105344920575505,1,1
oce,1,43,0.001,-0.1578620519040674,11,10
oce,1,43,0.01,-0.1578625848861054,11,10
oce,1,43,0.1,-0.157868141769083,11,10
oce,2,43,0.001,-0.16117820983783823,110,41
oce,2,43,0.01,-0.16011470052277946,110,41
oce,2,43,0.1,-0.15916190446930387,110,41
oce,3,43,0.001,-0.2046051687216212,1100,138
oce,3,43,0.01,-0.20095992020070402,1100,138
oce,3,43,0.1,-0.1982832460135885,1100,138
oce,4,43,0.001,-0.3639522388198931,11000,287
oce,4,43,0.01,-0.3522768083303542,11000,287
oce,4,43,0.1,-0.34812819829459146,11000,287
oce,5,43,0.001,-0.859810309006509,110000,421
oce,5,43,0.01,-0.8426272903819184,110000,421
oce,5,43,0.1,-0.8380027718726418,110000,421
oce,6,43,0.001,-1.3226236095168236,1100000,505
oce,6,43,0.01,-1.3059458606375434,1100000,505
oce,6,43,0.1,-1.3041582808173537,1100000,505
oce,0,44,0.001,-2.2733986530375097,1,1
oce,0,44,0.01,-2.2733985306681874,1,1
oce,0,44,0.1,-2.273397307164945,1,1
oce,1,44,0.001,-0.12641346299104592,11,10
oce,1,44,0.01,-0.12628291515675008,11,10
oce,1,44,0.1,-0.12618442848484862,11,10
oce,2,44,0.001,-0.1358793096650234,110,47
oce,2,44,0.01,-0.13501875553220513,110,47
oce,2,44,0.1,-0.13438909702434607,110,47
oce,3,44,0.001,-0.17083083434096283,1100,140
oce,3,44,0.01,-0.16827674883912896,1100,140
oce,3,44,0.1,-0.1672724213937593,1100,140
oce,4,44,0.001,-0.3146387616043846,11000,274
oce,4,44,0.01,-0.31019548478826825,11000,274
oce,4,44,0.1,-0.31075986716154175,11000,274
oce,5,44,0.001,-0.5595728160894322,110000,382
oce,5,44,0.01,-0.5526335791370288,110000,382
oce,5,44,0.1,-0.5585594817580455,110000,382
oce,6,44,0.001,-0.9667177760331984,1100000,440
oce,6,44,0.01,-0.9606942376738579,1100000,440
oce,6,44,0.1,-0.9715187536624565,1100000,440
oce,0,45,0.001,-2.1688608762756685,1,1
oce,0,45,0.01,-2.168860860798723,1,1
oce,0,45,0.1,-2.1688607062772487,1,1
oce,1,45,0.001,-0.13199169715376508,11,10
oce,1,45,0.01,-0.13199318149898465,11,10
oce,1,45,0.1,-0.1320084024877028,11,10
oce,2,45,0.001,-0.14013736197233995,110,44
oce,2,45,0.01,-0.1395415479802774,110,44
oce,2,45,0.1,-0.13903566008267065,110,44
oce,3,45,0.001,-0.1527560251302957,1100,137
oce,3,45,0.01,-0.14856096455971732,1100,137
oce,3,45,0.1,-0.14612171318937925,1100,137
oce,4,45,0.001,-0.3139651375644994,11000,277
oce,4,45,0.01,-0.3054240881122547,11000,277
oce,4,45,0.1,-0.3035532927541032,11000,277
oce,5,45,0.001,-0.5768754506183795,110000,399
oce,5,45,0.01,-0.5655130601969379,110000,399
oce,5,45,0.1,-0.5632299474432193,110000,399
oce,6,45,0.001,-1.0414176053881365,1100000,463
oce,6,45,0.01,-1.028000561819595,1100000,463
oce,6,45,0.1,-1.027586729900837,1100000,463
oce,0,46,0.001,-2.1124551717562983,1,1
oce,0,46,0.01,-2.1124552046355247,1,1
oce,0,46,0.1,-2.1124555336668154,1,1
oce,1,46,0.001,-0.13097914942620317,11,10
oce,1,46,0.01,-0.13098091668475764,11,10
oce,1,46,0.1,-0.13099879447224433,11,10
oce,2,46,0.001,-0.1347949860794203,110,43
oce,2,46,0.01,-0.13430866354631926,110,43
oce,2,46,0.1,-0.1339653392522344,110,43
oce,3,46,0.001,-0.15212017409666753,1100,135
oce,3,46,0.01,-0.14950020942762723,1100,135
oce,3,46,0.1,-0.14762546349576458,1100,135
oce,4,46,0.001,-0.2626344842432281,11000,255
oce,4,46,0.01,-0.25604034924003083,11000,255
oce,4,46,0.1,-0.2553486554268029,11000,255
oce,5,46,0.001,-0.49323777351148984,110000,355
oce,5,46,0.01,-0.48053978202874825,110000,355
oce,5,46,0.1,-0.47801071740555445,110000,355
oce,6,46,0.001,-0.9414872750444243,1100000,408
oce,6,46,0.01,-0.9301543186439031,1100000,408
oce,6,46,0.1,-0.9334198697465012,1100000,408
oce,0,47,0.001,-2.18586073374348,1,1
oce,0,47,0.01,-2.1858607238644914,1,1
oce,0,47,0.1,-2.1858606252592674,1,1
oce,1,47,0.001,-0.12661114439553706,11,10
oce,1,47,0.01,-0.1266140968062995,11,10
oce,1,47,0.1,-0.12664371333256366,11,10
oce,2,47,0.001,-0.12731788512025685,110,43
oce,2,47,0.01,-0.1270171064778204,110,43
oce,2,47,0.1,-0.12686530224023823,110,43
oce,3,47,0.001,-0.14663212470241044,1100,144
oce,3,47,0.01,-0.1436824570954623,1100,144
oce,3,47,0.1,-0.14205410238922,1100,144
oce,4,47,0.001,-0.28400842829593426,11000,294
oce,4,47,0.01,-0.27736527610362877,11000,294
oce,4,47,0.1,-0.27585019951657086,11000,294
oce,5,47,0.001,-0.5637944091834075,110000,445
oce,5,47,0.01,-0.5527912328956157,110000,445
oce,5,47,0.1,-0.5513858211586228,110000,445
oce,6,47,0.001,-0.981074254230568,1100000,516
oce,6,47,0.01,-0.9724121316960566,1100000,516
oce,6,47,0.1,-0.9787291266057124,1100000,516
oce,0,48,0.001,-2.1853273237859816,1,1
oce,0,48,0.01,-2.185327298198862,1,1
oce,0,48,0.1,-2.185327042528537,1,1
oce,1,48,0.001,-0.11665430642263173,11,10
oce,1,48,0.01,-0.11665707872259373,11,10
oce,1,48,0.1,-0.11668505334530599,11,10
oce,2,48,0.001,-0.11666926951634198,110,45
oce,2,48,0.01,-0.11634937775387393,110,45
oce,2,48,0.1,-0.11619341328588209,110,45
oce,3,48,0.001,-0.12293586292227922,1100,142
oce,3,48,0.01,-0.12046750554769844,1100,142
oce,3,48,0.1,-0.11941226518139687,1100,142
oce,4,48,0.001,-0.25435198101237905,11000,271
oce,4,48,0.01,-0.24826686564521855,11000,271
oce,4,48,0.1,-0.24766865260768922,11000,271
oce,5,48,0.001,-0.5175216611315185,110000,402
oce,5,48,0.01,-0.5084012008431096,110000,402
oce,5,48,0.1,-0.5096931234746565,110000,402
oce,6,48,0.001,-0.9695853720706619,1100000,474
oce,6,48,0.01,-0.9596720043817365,1100000,474
oce,6,48,0.1,-0.9591985147634099,1100000,474
oce,0,49,0.001,-2.2082061416219214,1,1
oce,0,49,0.01,-2.208206114148562,1,1
oce,0,49,0.1,-2.2082058396116304,1,1
oce,1,49,0.001,-0.1366830275379205,11,10
oce,1,49,0.01,-0.13663369580066692,11,10
oce,1,49,0.1,-0.1366052165044297,11,10
oce,2,49,0.001,-0.1381134342540888,110,44
oce,2,49,0.01,-0.13767902755170086,110,44
oce,2,49,0.1,-0.13740623865498863,110,44
oce,3,49,0.001,-0.15441190490275508,1100,145
oce,3,49,0.01,-0.15163489450622156,1100,145
oce,3,49,0.1,-0.15016208494470953,1100,145
oce,4,49,0.001,-0.26185062416628013,11000,310
oce,4,49,0.01,-0.25247164389615817,11000,310
oce,4,49,0.1,-0.24980661308267368,11000,310
oce,5,49,0.001,-0.6570240111901015,110000,467
oce,5,49,0.01,-0.6465157395259981,110000,467
oce,5,49,0.1,-0.6496706404534649,110000,467
oce,6,49,0.001,-1.2262623482891057,1100000,538
oce,6,49,0.01,-1.2188375362477,1100000,538
oce,6,49,0.1,-1.2213323322019114,1100000,538
oce,0,50,0.001,-2.19684012609943,1,1
oce,0,50,0.01,-2.196840086154617,1,1
oce,0,50,0.1,-2.196839687011786,1,1
oce,1,50,0.001,-0.14835042842322194,11,10
oce,1,50,0.01,-0.14835150428136692,11,10
oce,1,50,0.1,-0.14836240132133924,11,10
oce,2,50,0.001,-0.15882110220586257,110,42
oce,2,50,0.01,-0.1581728173625994,110,42
oce,2,50,0.1,-0.15767284347315746,110,42
oce,3,50,0.001,-0.174603384935899,1100,134
oce,3,50,0.01,-0.17045352046628232,1100,134
oce,3,50,0.1,-0.1676375011292969,1100,134
oce,4,50,0.001,-0.3606491044191787,11000,272
oce,4,50,0.01,-0.3477298050672091,11000,272
oce,4,50,0.1,-0.3420017269378815,11000,272
oce,5,50,0.001,-0.8766999646858787,110000,380
oce,5,50,0.01,-0.8603843249094089,110000,380
oce,5,50,0.1,-0.8563206118730018,110000,380
oce,6,50,0.001,-1.5136753591369607,1100000,420
oce,6,50,0.01,-1.5020633151079918,1100000,420
oce,6,50,0.1,-1.5032138421460515,1100000,420
oce,0,51,0.001,-2.1742814651455933,1,1
oce,0,51,0.01,-2.174281459679556,1,1
oce,0,51,0.1,-2.1742814052031445,1,1
oce,1,51,0.001,-0.11421537445277387,11,10
oce,1,51,0.01,-0.11421756056908496,11,10
oce,1,51,0.1,-0.11423978321163644,11,10
oce,2,51,0.001,-0.11435837000478598,110,46
oce,2,51,0.01,-0.11381525179547392,110,46
oce,2,51,0.1,-0.113496929876558,110,46
oce,3,51,0.001,-0.12994866571295194,1100,140
oce,3,51,0.01,-0.12776922703534893,1100,140
oce,3,51,0.1,-0.12687234830227911,1100,140
oce,4,51,0.001,-0.22927338755671883,11000,273
oce,4,51,0.01,-0.2235524107436241,11000,273
oce,4,51,0.1,-0.2239948679288337,11000,273
oce,5,51,0.001,-0.5631540581111187,110000,402
oce,5,51,0.01,-0.5544287021089314,110000,402
oce,5,51,0.1,-0.5571064136730303,110000,402
oce,6,51,0.001,-1.054896979837223,1100000,483
oce,6,51,0.01,-1.0455380670339744,1100000,483
oce,6,51,0.1,-1.0459281509902452,1100000,483
oce,0,52,0.001,-2.168611181877909,1,1
oce,0,52,0.01,-2.1686111672270862,1,1
oce,0,52,0.1,-2.1686110209553906,1,1
oce,1,52,0.001,-0.12955776764081778,11,10
oce,1,52,0.01,-0.12955963565804215,11,10
oce,1,52,0.1,-0.12957871983566116,11,10
oce,2,52,0.001,-0.13215670509750366,110,42
oce,2,52,0.01,-0.13175367756603173,110,42
oce,2,52,0.1,-0.13147336086697578,110,42
oce,3,52,0.001,-0.142106675309117,1100,133
oce,3,52,0.01,-0.13929423389693826,1100,133
oce,3,52,0.1,-0.13718835059285062,1100,133
oce,4,52,0.001,-0.2555240826577106,11000,266
oce,4,52,0.01,-0.24902715863547456,11000,266
oce,4,52,0.1,-0.24878131859763258,11000,266
oce,5,52,0.001,-0.5502745452320544,110000,390
oce,5,52,0.01,-0.5372520037277958,110000,390
oce,5,52,0.1,-0.5407641337638168,110000,390
oce,6,52,0.001,-1.065039851918012,1100000,459
oce,6,52,0.01,-1.0518628142566764,1100000,459
oce,6,52,0.1,-1.0571341693797043,1100000,459
oce,0,53,0.001,-2.162639755792601,1,1
oce,0,53,0.01,-2.1626397397009844,1,1
oce,0,53,0.1,-2.1626395790497965,1,1
oce,1,53,0.001,-0.14825585734972713,11,10
oce,1,53,0.01,-0.14825674378421724,11,10
oce,1,53,0.1,-0.14826596621031168,11,10
oce,2,53,0.001,-0.1624449253998754,110,44
oce,2,53,0.01,-0.16166801783711113,110,44
oce,2,53,0.1,-0.16235004780602175,110,44
oce,3,53,0.001,-0.20181019495401953,1100,142
oce,3,53,0.01,-0.19789193617626094,1100,142
oce,3,53,0.1,-0.19503251372791597,1100,142
oce,4,53,0.001,-0.36823196242950784,11000,289
oce,4,53,0.01,-0.35765800424055033,11000,289
oce,4,53,0.1,-0.35271004323948585,11000,289
oce,5,53,0.001,-0.7337694352269779,110000,438
oce,5,53,0.01,-0.7173264130067739,110000,438
oce,5,53,0.1,-0.7136249679006239,110000,438
oce,6,53,0.001,-1.3125885024180954,1100000,516
oce,6,53,0.01,-1.2958300802669895,1100000,516
oce,6,53,0.1,-1.290459997262861,1100000,516
oce,0,54,0.001,-2.192127446381121,1,1
oce,0,54,0.01,-2.1921274163250892,1,1
oce,0,54,0.1,-2.1921271159555844,1,1
oce,1,54,0.001,-0.13618944539906516,11,10
oce,1,54,0.01,-0.13614247196540805,11,10
oce,1,54,0.1,-0.1361177047002628,11,10
oce,2,54,0.001,-0.13920211061729296,110,46
oce,2,54,0.01,-0.13881143161872944,110,46
oce,2,54,0.1,-0.13944358296035392,110,46
oce,3,54,0.001,-0.1688764703004643,1100,139
oce,3,54,0.01,-0.1663384767319707,1100,139
oce,3,54,0.1,-0.16483346944778463,1100,139
oce,4,54,0.001,-0.31196219542544357,11000,297
oce,4,54,0.01,-0.3052777356459643,11000,297
oce,4,54,0.1,-0.3032735700775042,11000,297
oce,5,54,0.001,-0.6250924208292165,110000,446
oce,5,54,0.01,-0.6110896560598175,110000,446
oce,5,54,0.1,-0.6080499874864593,110000,446
oce,6,54,0.001,-1.0286961330711106,1100000,551
oce,6,54,0.01,-1.0134469734414224,1100000,551
oce,6,54,0.1,-1.0126336432102312,1100000,551
oce,0,55,0.001,-2.2451976056019074,1,1
oce,0,55,0.01,-2.2451975196316365,1,1
oce,0,55,0.1,-2.2451966601219926,1,1
oce,1,55,0.001,-0.11442227454075404,11,10
oce,1,55,0.01,-0.11442589377735302,11,10
oce,1,55,0.1,-0.11446227778824798,11,10
oce,2,55,0.001,-0.11550353217442157,110,45
oce,2,55,0.01,-0.1152205911309999,110,45
oce,2,55,0.1,-0.11514624137741478,110,45
oce,3,55,0.001,-0.1267401998495598,1100,142
oce,3,55,0.01,-0.12387556145442633,1100,142
oce,3,55,0.1,-0.12233430715423761,1100,142
oce,4,55,0.001,-0.24647401230611105,11000,296
oce,4,55,0.01,-0.23980240604971972,11000,296
oce,4,55,0.1,-0.238518463516834,11000,296
oce,5,55,0.001,-0.5429287013236618,110000,420
oce,5,55,0.01,-0.5345543117725833,110000,420
oce,5,55,0.1,-0.5375747471124976,110000,420
oce,6,55,0.001,-0.9970472267410053,1100000,503
oce,6,55,0.01,-0.9882636413900036,1100000,503
oce,6,55,0.1,-0.9906737539301698,1100000,503
oce,0,56,0.001,-2.172565265532363,1,1
oce,0,56,0.01,-2.1725652365919275,1,1
oce,0,56,0.1,-2.172564947489231,1,1
oce,1,56,0.001,-0.14405444653352495,11,10
oce,1,56,0.01,-0.14405516257364573,11,10
oce,1,56,0.1,-0.14406289677519546,11,10
oce,2,56,0.001,-0.15633837140877868,110,43
oce,2,56,0.01,-0.15583407077947217,110,43
oce,2,56,0.1,-0.15697958881119056,110,43
oce,3,56,0.001,-0.19715015668146524,1100,129
oce,3,56,0.01,-0.19290030116756687,1100,129
oce,3,56,0.1,-0.18981701636021983,1100,129
oce,4,56,0.001,-0.3143332325626602,11000,242
oce,4,56,0.01,-0.3054832557426716,11000,242
oce,4,56,0.1,-0.30112929819825185,11000,242
oce,5,56,0.001,-0.526424316403882,110000,340
oce,5,56,0.01,-0.5108240734600635,110000,340
oce,5,56,0.1,-0.5089309494541645,110000,340
oce,6,56,0.001,-1.0737385821825378,1100000,391
oce,6,56,0.01,-1.0618920738866973,1100000,391
oce,6,56,0.1,-1.0632151663867333,1100000,391
oce,0,57,0.001,-2.1769082905584254,1,1
oce,0,57,0.01,-2.176908264773531,1,1
oce,0,57,0.1,-2.1769080071485716,1,1
oce,1,57,0.001,-0.14673759471776762,11,10
oce,1,57,0.01,-0.14673948865877598,11,10
oce,1,57,0.1,-0.14675871780895416,11,10
oce,2,57,0.001,-0.14663276658996913,110,45
oce,2,57,0.01,-0.14607793745802827,110,45
oce,2,57,0.1,-0.1456670464982825,110,45
oce,3,57,0.001,-0.17621167503100713,1100,140
oce,3,57,0.01,-0.17321775966080763,1100,140
oce,3,57,0.1,-0.17172235105078193,1100,140
oce,4,57,0.001,-0.285248090294079,11000,292
oce,4,57,0.01,-0.2774692498406141,11000,292
oce,4,57,0.1,-0.27587369300927583,11000,292
oce,5,57,0.001,-0.5299703751293591,110000,453
oce,5,57,0.01,-0.517679769114795,110000,453
oce,5,57,0.1,-0.518654200151892,110000,453
oce,6,57,0.001,-1.3078318570191754,1100000,552
oce,6,57,0.01,-1.2424136495185523,1100000,552
oce,6,57,0.1,-1.2006367974663485,1100000,552
oce,0,58,0.001,-2.2433137102972425,1,1
oce,0,58,0.01,-2.2433136385663834,1,1
oce,0,58,0.1,-2.243312921505348,1,1
oce,1,58,0.001,-0.1392434282810286,11,10
oce,1,58,0.01,-0.13918063976785086,11,10
oce,1,58,0.1,-0.13913373462103423,11,10
oce,2,58,0.001,-0.1453014933507356,110,45
oce,2,58,0.01,-0.1447515414684566,110,45
oce,2,58,0.1,-0.14444621835695823,110,45
oce,3,58,0.001,-0.16522367169908808,1100,146
oce,3,58,0.01,-0.16071597994979603,1100,146
oce,3,58,0.1,-0.15887862795607752,1100,146
oce,4,58,0.001,-0.3933685990292974,11000,299
oce,4,58,0.01,-0.38538607242167233,11000,299
oce,4,58,0.1,-0.3860830717261318,11000,299
oce,5,58,0.001,-0.7427639573350592,110000,432
oce,5,58,0.01,-0.7228802215916992,110000,432
oce,5,58,0.1,-0.7177957431551203,110000,432
oce,6,58,0.001,-1.2922092800249185,1100000,505
oce,6,58,0.01,-1.2727111559030526,1100000,505
oce,6,58,0.1,-1.2689055170728034,1100000,505
oce,0,59,0.001,-2.1302517367632214,1,1
oce,0,59,0.01,-2.13025174852288,1,1
oce,0,59,0.1,-2.130251866370297,1,1
oce,1,59,0.001,-0.15252454495568296,11,10
oce,1,59,0.01,-0.15252597202007734,11,10
oce,1,59,0.1,-0.15254042870583842,11,10
oce,2,59,0.001,-0.15525853976073453,110,42
oce,2,59,0.01,-0.15474341564531488,110,42
oce,2,59,0.1,-0.154306937920849,110,42
oce,3,59,0.001,-0.17087851589326503,1100,138
oce,3,59,0.01,-0.1677022916971711,1100,138
oce,3,59,0.1,-0.16570725432320024,1100,138
oce,4,59,0.001,-0.32338126728209104,11000,288
oce,4,59,0.01,-0.31461440212079794,11000,288
oce,4,59,0.1,-0.3114929933019107,11000,288
oce,5,59,0.001,-0.6181438964183356,110000,432
oce,5,59,0.01,-0.6048418002961057,110000,432
oce,5,59,0.1,-0.6024873503825247,110000,432
oce,6,59,0.001,-1.003962003891157,1100000,517
oce,6,59,0.01,-0.9911491714295886,1100000,517
oce,6,59,0.1,-0.9931722041548684,1100000,517
oce,0,60,0.001,-2.189890654695343,1,1
oce,0,60,0.01,-2.189890621081539,1,1
oce,0,60,0.1,-2.1898902851765265,1,1
oce,1,60,0.001,-0.12952196276012914,11,10
oce,1,60,0.01,-0.12940210940350969,11,10
oce,1,60,0.1,-0.12930545873984267,11,10
oce,2,60,0.001,-0.13550856848305493,110,43
oce,2,60,0.01,-0.1350808432440717,110,43
oce,2,60,0.1,-0.13588980731009553,110,43
oce,3,60,0.001,-0.1662790350622972,1100,139
oce,3,60,0.01,-0.1633464974492549,1100,139
oce,3,60,0.1,-0.16136450855478496,1100,139
oce,4,60,0.001,-0.2680560294314066,11000,277
oce,4,60,0.01,-0.25922672545114755,11000,277
oce,4,60,0.1,-0.25564257689596054,11000,277
oce,5,60,0.001,-0.710865096397369,110000,392
oce,5,60,0.01,-0.6935852026529354,110000,392
oce,5,60,0.1,-0.6860066198393052,110000,392
oce,6,60,0.001,-1.2493455030402971,1100000,451
oce,6,60,0.01,-1.2304718978135845,1100000,451
oce,6,60,0.1,-1.2222971819339186,1100000,451
oce,0,61,0.001,-2.298694724494785,1,1
oce,0,61,0.01,-2.298694585053905,1,1
oce,0,61,0.1,-2.2986931908281023,1,1
oce,1,61,0.001,-0.11274920974436438,11,10
oce,1,61,0.01,-0.11275323931780228,11,10
oce,1,61,0.1,-0.11279377122515698,11,10
oce,2,61,0.001,-0.11233164798473037,110,45
oce,2,61,0.01,-0.11195992315958883,110,45
oce,2,61,0.1,-0.1118691435439019,110,45
oce,3,61,0.001,-0.13045843152305853,1100,146
oce,3,61,0.01,-0.12776667060578095,1100,146
oce,3,61,0.1,-0.12690563695652501,1100,146
oce,4,61,0.001,-0.26785884624640316,11000,304
oce,4,61,0.01,-0.2587053389996548,11000,304
oce,4,61,0.1,-0.25695965723046194,11000,304
oce,5,61,0.001,-0.5295911200993842,110000,450
oce,5,61,0.01,-0.5216199992957098,110000,450
oce,5,61,0.1,-0.5287221023879063,110000,450
oce,6,61,0.001,-0.967854788335012,1100000,550
oce,6,61,0.01,-0.9574633292285994,1100000,550
oce,6,61,0.1,-0.9591958998277529,1100000,550
oce,0,62,0.001,-2.115173281083551,1,1
oce,0,62,0.01,-2.1151733226480482,1,1
oce,0,62,0.1,-2.1151737384712006,1,1
oce,1,62,0.001,-0.13119809851952183,11,10
oce,1,62,0.01,-0.13120024711886646,11,10
oce,1,62,0.1,-0.13122197020352466,11,10
oce,2,62,0.001,-0.13143039852789684,110,44
oce,2,62,0.01,-0.13074436184256397,110,44
oce,2,62,0.1,-0.13026266824083277,110,44
oce,3,62,0.001,-0.14934663729265463,1100,142
oce,3,62,0.01,-0.14602667099040192,1100,142
oce,3,62,0.1,-0.14364822521578116,1100,142
oce,4,62,0.001,-0.2904208067750207,11000,312
oce,4,62,0.01,-0.28231561892136603,11000,312
oce,4,62,0.1,-0.27956351390086837,11000,312
oce,5,62,0.001,-0.7127559677921823,110000,473
oce,5,62,0.01,-0.7003202718708794,110000,473
oce,5,62,0.1,-0.6957887929742436,110000,473
oce,6,62,0.001,-1.169700735698053,1100000,602
oce,6,62,0.01,-1.1561505321653718,1100000,602
oce,6,62,0.1,-1.1557717217091514,1100000,602
oce,0,63,0.001,-2.255363474999607,1,1
oce,0,63,0.01,-2.255363402923402,1,1
oce,0,63,0.1,-2.2553626824644755,1,1
oce,1,63,0.001,-0.1377208107033495,11,10
oce,1,63,0.01,-0.1377225965687883,11,10
oce,1,63,0.1,-0.13774072652262456,11,10
oce,2,63,0.001,-0.14699176196660046,110,42
oce,2,63,0.01,-0.14644414511146017,110,42
oce,2,63,0.1,-0.14598941283823696,110,42
oce,3,63,0.001,-0.1554933447353992,1100,127
oce,3,63,0.01,-0.1525586409962595,1100,127
oce,3,63,0.1,-0.15095419400750104,1100,127
oce,4,63,0.001,-0.24028015081866835,11000,241
oce,4,63,0.01,-0.23140172322930455,11000,241
oce,4,63,0.1,-0.2294248148937241,11000,241
oce,5,63,0.001,-0.5211318780330282,110000,337
oce,5,63,0.01,-0.5089391998682575,110000,337
oce,5,63,0.1,-0.5090710408036708,110000,337
oce,6,63,0.001,-0.9597985189121963,1100000,379
oce,6,63,0.01,-0.9489259076777151,1100000,379
oce,6,63,0.1,-0.9484724435783273,1100000,379
oce,0,64,0.001,-2.231303770670753,1,1
oce,0,64,0.01,-2.2313037108521137,1,1
oce,0,64,0.1,-2.2313031129149747,1,1
oce,1,64,0.001,-0.13712047667190508,11,10
oce,1,64,0.01,-0.1370569465984419,11,10
oce,1,64,0.1,-0.13701073445422798,11,10
oce,2,64,0.001,-0.1438191094131316,110,44
oce,2,64,0.01,-0.1435392050829343,110,44
oce,2,64,0.1,-0.14339599625749608,110,44
oce,3,64,0.001,-0.15606849780592028,1100,142
oce,3,64,0.01,-0.15210259411520533,1100,142
oce,3,64,0.1,-0.14948485462303981,1100,142
oce,4,64,0.001,-0.3101342730148915,11000,296
oce,4,64,0.01,-0.3011498544018372,11000,296
oce,4,64,0.1,-0.30087867269770735,11000,296
oce,5,64,0.001,-0.6649857820668058,110000,439
oce,5,64,0.01,-0.6516064015769294,110000,439
oce,5,64,0.1,-0.6512679290751412,110000,439
oce,6,64,0.001,-1.2833357578978368,1100000,509
oce,6,64,0.01,-1.2708377090776823,1100000,509
oce,6,64,0.1,-1.2723917371837778,1100000,509
oce,0,65,0.001,-2.218398868042087,1,1
oce,0,65,0.01,-2.2183988122477842,1,1
oce,0,65,0.1,-2.2183982545037577,1,1
oce,1,65,0.001,-0.1040745160179227,11,10
oce,1,65,0.01,-0.1040275942772205,11,10
oce,1,65,0.1,-0.10401329577263277,11,10
oce,2,65,0.001,-0.10597451311686652,110,46
oce,2,65,0.01,-0.10572315367631835,110,46
oce,2,65,0.1,-0.10569276657734547,110,46
oce,3,65,0.001,-0.1112887970173348,1100,140
oce,3,65,0.01,-0.10915758010938749,1100,140
oce,3,65,0.1,-0.10846471323774091,1100,140
oce,4,65,0.001,-0.21421082167981276,11000,267
oce,4,65,0.01,-0.20739353481247655,11000,267
oce,4,65,0.1,-0.2069011648048921,11000,267
oce,5,65,0.001,-0.46574569840234803,110000,366
oce,5,65,0.01,-0.457948714645401,110000,366
oce,5,65,0.1,-0.4594370675641969,110000,366
oce,6,65,0.001,-0.9047619488844597,1100000,412
oce,6,65,0.01,-0.8955194503182898,1100000,412
oce,6,65,0.1,-0.8953275959640326,1100000,412
oce,0,66,0.001,-2.270118856621806,1,1
oce,0,66,0.01,-2.270118778293796,1,1
oce,0,66,0.1,-2.2701179952677855,1,1
oce,1,66,0.001,-0.12688739520410422,11,10
oce,1,66,0.01,-0.12688931822709795,11,10
oce,1,66,0.1,-0.12690899417648135,11,10
oce,2,66,0.001,-0.13176941905551667,110,47
oce,2,66,0.01,-0.1310173483047198,110,47
oce,2,66,0.1,-0.13160190893099694,110,47
oce,3,66,0.001,-0.16198827958741885,1100,143
oce,3,66,0.01,-0.15943984086036694,1100,143
oce,3,66,0.1,-0.15816594673011336,1100,143
oce,4,66,0.001,-0.2727638248350011,11000,271
oce,4,66,0.01,-0.26404791820516677,11000,271
oce,4,66,0.1,-0.2614416114036652,11000,271
oce,5,66,0.001,-0.6293713008185009,110000,392
oce,5,66,0.01,-0.6171665565809601,110000,392
oce,5,66,0.1,-0.6164528621806227,110000,392
oce,6,66,0.001,-1.23328475033187,1100000,445
oce,6,66,0.01,-1.2203453726055797,1100000,445
oce,6,66,0.1,-1.2196186332762278,1100000,445
oce,0,67,0.001,-2.1062653158311053,1,1
oce,0,67,0.01,-2.106265341546119,1,1
oce,0,67,0.1,-2.106265598968911,1,1
oce,1,67,0.001,-0.13058056774928853,11,10
oce,1,67,0.01,-0.1305820071209246,11,10
oce,1,67,0.1,-0.13059660764252012,11,10
oce,2,67,0.001,-0.14017518997433095,110,41
oce,2,67,0.01,-0.13984128913656446,110,41
oce,2,67,0.1,-0.1396327637925777,110,41
oce,3,67,0.001,-0.15303179835556505,1100,125
oce,3,67,0.01,-0.1500055385879959,1100,125
oce,3,67,0.1,-0.1481668713152954,1100,125
oce,4,67,0.001,-0.3560381412747439,11000,246
oce,4,67,0.01,-0.34628622012246313,11000,246
oce,4,67,0.1,-0.3420121779273859,11000,246
oce,5,67,0.001,-0.6657962793015383,110000,361
oce,5,67,0.01,-0.6517311309978795,110000,361
oce,5,67,0.1,-0.6479222271558089,110000,361
oce,6,67,0.001,-1.1143053846677782,1100000,426
oce,6,67,0.01,-1.097893505595911,1100000,426
oce,6,67,0.1,-1.0967270284165385,1100000,426
oce,0,68,0.001,-2.1575584144357287,1,1
oce,0,68,0.01,-2.157558411582883,1,1
oce,0,68,0.1,-2.1575583832548366,1,1
oce,1,68,0.001,-0.11086666708672349,11,10
oce,1,68,0.01,-0.11081660724326191,11,10
oce,1,68,0.1,-0.11079227314066943,11,10
oce,2,68,0.001,-0.11502397409244713,110,45
oce,2,68,0.01,-0.11468532051337936,110,45
oce,2,68,0.1,-0.1144720027604375,110,45
oce,3,68,0.001,-0.1314102338755064,1100,142
oce,3,68,0.01,-0.12796653385370232,1100,142
oce,3,68,0.1,-0.12673945785661658,1100,142
oce,4,68,0.001,-0.3538878986292943,11000,265
oce,4,68,0.01,-0.3469397086794291,11000,265
oce,4,68,0.1,-0.3456636649312678,11000,265
oce,5,68,0.001,-0.7380641449336716,110000,365
oce,5,68,0.01,-0.7282775597494535,110000,365
oce,5,68,0.1,-0.7332154069139267,110000,365
oce,6,68,0.001,-1.1860932340797328,1100000,433
oce,6,68,0.01,-1.17476098666672,1100000,433
oce,6,68,0.1,-1.1750522098846996,1100000,433
oce,0,69,0.001,-2.2780632045952625,1,1
oce,0,69,0.01,-2.2780630687268397,1,1
oce,0,69,0.1,-2.2780617102276377,1,1
oce,1,69,0.001,-0.11914110906913074,11,10
oce,1,69,0.01,-0.11914457687611398,11,10
oce,1,69,0.1,-0.11917955402569208,11,10
oce,2,69,0.001,-0.11854693578395727,110,46
oce,2,69,0.01,-0.11769534449101214,110,46
oce,2,69,0.1,-0.11714101778832436,110,46
oce,3,69,0.001,-0.15740083708343974,1100,153
oce,3,69,0.01,-0.15363590998207585,1100,153
oce,3,69,0.1,-0.151840899287129,1100,153
oce,4,69,0.001,-0.36264929750577757,11000,322
oce,4,69,0.01,-0.3564306826419651,11000,322
oce,4,69,0.1,-0.3545439236304767,11000,322
oce,5,69,0.001,-0.6149485218101801,110000,486
oce,5,69,0.01,-0.6068398433551211,110000,486
oce,5,69,0.1,-0.6070176377127844,110000,486
oce,6,69,0.001,-1.0641682330822564,1100000,594
oce,6,69,0.01,-1.0542968926798486,1100000,594
oce,6,69,0.1,-1.054441304194036,1100000,594
oce,0,70,0.001,-2.100752884997958,1,1
oce,0,70,0.01,-2.100752922795406,1,1
oce,0,70,0.1,-2.1007533009810713,1,1
oce,1,70,0.001,-0.13269655913775263,11,10
oce,1,70,0.01,-0.13269867867839716,11,10
oce,1,70,0.1,-0.13271994736797088,11,10
oce,2,70,0.001,-0.1419054951552815,110,44
oce,2,70,0.01,-0.1413388435267308,110,44
oce,2,70,0.1,-0.1409485425595755,110,44
oce,3,70,0.001,-0.15355120456804858,1100,143
oce,3,70,0.01,-0.15075667229030074,1100,143
oce,3,70,0.1,-0.149293446497955,1100,143
oce,4,70,0.001,-0.29476760753613873,11000,285
oce,4,70,0.01,-0.2855924763471141,11000,285
oce,4,70,0.1,-0.2830080945722732,11000,285
oce,5,70,0.001,-0.5605331188746379,110000,425
oce,5,70,0.01,-0.5453532137375239,110000,425
oce,5,70,0.1,-0.5433254783562841,110000,425
oce,6,70,0.001,-1.1876774356085646,1100000,518
oce,6,70,0.01,-1.1748659026948052,1100000,518
oce,6,70,0.1,-1.1734126625012828,1100000,518
oce,0,71,0.001,-2.194436106295555,1,1
oce,0,71,0.01,-2.194436082043789,1,1
oce,0,71,0.1,-2.194435839738089,1,1
oce,1,71,0.001,-0.12877797138771982,11,10
oce,1,71,0.01,-0.12877976083036904,11,10
oce,1,71,0.1,-0.1287979137034451,11,10
oce,2,71,0.001,-0.1295485414489154,110,45
oce,2,71,0.01,-0.12902990284567753,110,45
oce,2,71,0.1,-0.12882463743884698,110,45
oce,3,71,0.001,-0.15390715671383529,1100,141
oce,3,71,0.01,-0.1503688051651253,1100,141
oce,3,71,0.1,-0.14897905076401421,1100,141
oce,4,71,0.001,-0.3409508364900963,11000,281
oce,4,71,0.01,-0.3335740092294751,11000,281
oce,4,71,0.1,-0.3311452121635774,11000,281
oce,5,71,0.001,-0.6399559791515625,110000,399
oce,5,71,0.01,-0.6311100357740764,110000,399
oce,5,71,0.1,-0.6334086287741117,110000,399
oce,6,71,0.001,-1.016081401754066,1100000,458
oce,6,71,0.01,-1.0109211836904766,1100000,458
oce,6,71,0.1,-1.0261850412691496,1100000,458
oce,0,72,0.001,-2.178635971903924,1,1
oce,0,72,0.01,-2.1786359501457415,1,1
oce,0,72,0.1,-2.17863573279412,1,1
oce,1,72,0.001,-0.1367266903506105,11,10
oce,1,72,0.01,-0.13672899583936562,11,10
oce,1,72,0.1,-0.1367521302106922,11,10
oce,2,72,0.001,-0.13962426649034998,110,42
oce,2,72,0.01,-0.13929848937491954,110,42
oce,2,72,0.1,-0.13911003020531557,110,42
oce,3,72,0.001,-0.15059625620784176,1100,139
oce,3,72,0.01,-0.14819860560876943,1100,139
oce,3,72,0.1,-0.14725968779075058,1100,139
oce,4,72,0.001,-0.2566684609853137,11000,283
oce,4,72,0.01,-0.24692496851232212,11000,283
oce,4,72,0.1,-0.24527802907437563,11000,283
oce,5,72,0.001,-0.573329976023922,110000,414
oce,5,72,0.01,-0.5556355267386492,110000,414
oce,5,72,0.1,-0.5491319996674193,110000,414
oce,6,72,0.001,-1.1511284152673809,1100000,482
oce,6,72,0.01,-1.1331413473001233,1100000,482
oce,6,72,0.1,-1.1278803245972011,1100000,482
oce,0,73,0.001,-2.1016140818767637,1,1
oce,0,73,0.01,-2.1016141103908557,1,1
oce,0,73,0.1,-2.101614395789156,1,1
oce,1,73,0.001,-0.12952258458246774,11,10
oce,1,73,0.01,-0.12952443675713,11,10
oce,1,73,0.1,-0.1295430580243686,11,10
oce,2,73,0.001,-0.13726807607021854,110,40
oce,2,73,0.01,-0.13663731078411925,110,40
oce,2,73,0.1,-0.13613108111898906,110,40
oce,3,73,0.001,-0.15937113435889116,1100,115
oce,3,73,0.01,-0.15694344405741298,1100,115
oce,3,73,0.1,-0.15524600636202399,1100,115
oce,4,73,0.001,-0.21007448063615705,11000,214
oce,4,73,0.01,-0.2031995208048802,11000,214
oce,4,73,0.1,-0.20034327656584489,11000,214
oce,5,73,0.001,-0.4173055152872554,110000,309
oce,5,73,0.01,-0.40648587357715954,110000,309
oce,5,73,0.1,-0.40391722290950766,110000,309
oce,6,73,0.001,-0.8604165836579263,1100000,365
oce,6,73,0.01,-0.8492412720682744,1100000,365
oce,6,73,0.1,-0.8502739061668582,1100000,365
oce,0,74,0.001,-2.2243694356621093,1,1
oce,0,74,0.01,-2.224369383562209,1,1
oce,0,74,0.1,-2.224368862743588,1,1
oce,1,74,0.001,-0.12831458917018052,11,10
oce,1,74,0.01,-0.12831770505940668,11,10
oce,1,74,0.1,-0.12834903432593578,11,10
oce,2,74,0.001,-0.12772278867432102,110,45
oce,2,74,0.01,-0.12730003609610563,110,45
oce,2,74,0.1,-0.1270491032389009,110,45
oce,3,74,0.001,-0.144865114752585,1100,151
oce,3,74,0.01,-0.14205994646343278,1100,151
oce,3,74,0.1,-0.14081081072332335,1100,151
oce,4,74,0.001,-0.288565197927762,11000,310
oce,4,74,0.01,-0.28205454689849063,11000,310
oce,4,74,0.1,-0.28116281045516794,11000,310
oce,5,74,0.001,-0.5979261740479975,110000,462
oce,5,74,0.01,-0.5830592815906853,110000,462
oce,5,74,0.1,-0.5769254854523944,110000,462
oce,6,74,0.001,-1.0767593476113573,1100000,552
oce,6,74,0.01,-1.062456265918063,1100000,552
oce,6,74,0.1,-1.058848818730301,1100000,552
oce,0,75,0.001,-2.2003599052885123,1,1
oce,0,75,0.01,-2.20035988077512,1,1
oce,0,75,0.1,-2.2003596358132937,1,1
oce,1,75,0.001,-0.11831763351739978,11,10
oce,1,75,0.01,-0.11832122018641811,11,10
oce,1,75,0.1,-0.11835715948960289,11,10
oce,2,75,0.001,-0.11856022303615732,110,43
oce,2,75,0.01,-0.11844076534021158,110,43
oce,2,75,0.1,-0.11854120742507847,110,43
oce,3,75,0.001,-0.1277395303139772,1100,142
oce,3,75,0.01,-0.12545678928698858,1100,142
oce,3,75,0.1,-0.12455769951677585,1100,142
oce,4,75,0.001,-0.2789795376998383,11000,287
oce,4,75,0.01,-0.26804698636013025,11000,287
oce,4,75,0.1,-0.26628578464663333,11000,287
oce,5,75,0.001,-0.5520530649633753,110000,423
oce,5,75,0.01,-0.5384851636923362,110000,423
oce,5,75,0.1,-0.5355375706770329,110000,423
oce,6,75,0.001,-0.9178702631233648,1100000,521
oce,6,75,0.01,-0.9051654558243545,1100000,521
oce,6,75,0.1,-0.9088590624849542,1100000,521
oce,0,76,0.001,-2.149424759392916,1,1
oce,0,76,0.01,-2.1494247292051925,1,1
oce,0,76,0.1,-2.149424427683535,1,1
oce,1,76,0.001,-0.14727175461443623,11,10
oce,1,76,0.01,-0.14727340175514442,11,10
oce,1,76,0.1,-0.14728993292196405,11,10
oce,2,76,0.001,-0.165769275288612,110,37
oce,2,76,0.01,-0.16553726384016265,110,37
oce,2,76,0.1,-0.16537844696282566,110,37
oce,3,76,0.001,-0.1818011682697731,1100,116
oce,3,76,0.01,-0.17862458550651572,1100,116
oce,3,76,0.1,-0.17629497667706803,1100,116
oce,4,76,0.001,-0.2448764400521949,11000,204
oce,4,76,0.01,-0.23585754352721114,11000,204
oce,4,76,0.1,-0.232874328728958,11000,204
oce,5,76,0.001,-0.6193695298719678,110000,275
oce,5,76,0.01,-0.5913324206178607,110000,275
oce,5,76,0.1,-0.582028348779871,110000,275
oce,6,76,0.001,-1.280546475670508,1100000,307
oce,6,76,0.01,-1.2532852400720553,1100000,307
oce,6,76,0.1,-1.2490276468352461,1100000,307
oce,0,77,0.001,-2.0993906267176894,1,1
oce,0,77,0.01,-2.0993906631540327,1,1
oce,0,77,0.1,-2.0993910277561847,1,1
oce,1,77,0.001,-0.15022280765249382,11,10
oce,1,77,0.01,-0.1502233694181185,11,10
oce,1,77,0.1,-0.15022924183798492,11,10
oce,2,77,0.001,-0.15513163700994215,110,45
oce,2,77,0.01,-0.1544269273775118,110,45
oce,2,77,0.1,-0.15378726561750863,110,45
oce,3,77,0.001,-0.19068206062111293,1100,144
oce,3,77,0.01,-0.1862821094437944,1100,144
oce,3,77,0.1,-0.18307345792345492,1100,144
oce,4,77,0.001,-0.33664890303208306,11000,312
oce,4,77,0.01,-0.3241663314165561,11000,312
oce,4,77,0.1,-0.3209243144940008,11000,312
oce,5,77,0.001,-0.7383188449189492,110000,481
oce,5,77,0.01,-0.7202004203922118,110000,481
oce,5,77,0.1,-0.7160980397434532,110000,481
oce,6,77,0.001,-1.2992371832355132,1100000,575
oce,6,77,0.01,-1.2834539169547743,1100000,575
oce,6,77,0.1,-1.280723298425205,1100000,575
oce,0,78,0.001,-2.2177897910151665,1,1
oce,0,78,0.01,-2.217789762372269,1,1
oce,0,78,0.1,-2.2177894761174684,1,1
oce,1,78,0.001,-0.13462683157155025,11,10
oce,1,78,0.01,-0.13453875298382342,11,10
oce,1,78,0.1,-0.13447395507042642,11,10
oce,2,78,0.001,-0.1415994719552787,110,47
oce,2,78,0.01,-0.14089129797501201,110,47
oce,2,78,0.1,-0.1403942535183755,110,47
oce,3,78,0.001,-0.16698727958179016,1100,160
oce,3,78,0.01,-0.1642456801045337,1100,160
oce,3,78,0.1,-0.16320377734514088,1100,160
oce,4,78,0.001,-0.29174984862358105,11000,322
oce,4,78,0.01,-0.2834481067913296,11000,322
oce,4,78,0.1,-0.28092614735149857,11000,322
oce,5,78,0.001,-0.6097765016536281,110000,477
oce,5,78,0.01,-0.5994557340757921,110000,477
oce,5,78,0.1,-0.5988045311000421,110000,477
oce,6,78,0.001,-1.000596623615872,1100000,584
oce,6,78,0.01,-0.9879460188308368,1100000,584
oce,6,78,0.1,-0.9935333838120569,1100000,584
oce,0,79,0.001,-2.2014078602585396,1,1
oce,0,79,0.01,-2.2014078032772444,1,1
oce,0,79,0.1,-2.2014072336829185,1,1
oce,1,79,0.001,-0.11294525233885316,11,10
oce,1,79,0.01,-0.11283731525650192,11,10
oce,1,79,0.1,-0.11275517967346993,11,10
oce,2,79,0.001,-0.1167538847320979,110,42
oce,2,79,0.01,-0.11655613291024597,110,42
oce,2,79,0.1,-0.11752668255467484,110,42
oce,3,79,0.001,-0.13549592673844443,1100,129
oce,3,79,0.01,-0.1337477585690586,1100,129
oce,3,79,0.1,-0.13338554570934444,1100,129
oce,4,79,0.001,-0.2347934136818625,11000,258
oce,4,79,0.01,-0.22916120396505688,11000,258
oce,4,79,0.1,-0.23058860751399676,11000,258
oce,5,79,0.001,-0.6302792292137573,110000,373
oce,5,79,0.01,-0.6217381182431451,110000,373
oce,5,79,0.1,-0.6277411266357609,110000,373
oce,6,79,0.001,-1.1739352288219858,1100000,443
oce,6,79,0.01,-1.165606017606684,1100000,443
oce,6,79,0.1,-1.1687634641851137,1100000,443
oce,0,80,0.001,-2.2169201471938917,1,1
oce,0,80,0.01,-2.2169200962909867,1,1
oce,0,80,0.1,-2.216919587519174,1,1
oce,1,80,0.001,-0.12697790665033123,11,10
oce,1,80,0.01,-0.12698014711858605,11,10
oce,1,80,0.1,-0.12700277500706847,11,10
oce,2,80,0.001,-0.1307421379848778,110,45
oce,2,80,0.01,-0.13045443726478184,110,45
oce,2,80,0.1,-0.1303366878406059,110,45
oce,3,80,0.001,-0.14839229132905035,1100,124
oce,3,80,0.01,-0.14565307163845762,1100,124
oce,3,80,0.1,-0.14405577052309929,1100,124
oce,4,80,0.001,-0.30761133032322485,11000,223
oce,4,80,0.01,-0.29241842900186166,11000,223
oce,4,80,0.1,-0.28472145255163467,11000,223
oce,5,80,0.001,-0.6470685735970463,110000,325
oce,5,80,0.01,-0.6276457342698945,110000,325
oce,5,80,0.1,-0.621186164689614,110000,325
oce,6,80,0.001,-1.1372578892618554,1100000,382
oce,6,80,0.01,-1.117463049313764,1100000,382
oce,6,80,0.1,-1.1122678553128733,1100000,382
oce,0,81,0.001,-2.2215330986832464,1,1
oce,0,81,0.01,-2.2215330476969806,1,1
oce,0,81,0.1,-2.221532538043024,1,1
oce,1,81,0.001,-0.10786257725079328,11,10
oce,1,81,0.01,-0.10775778378162,11,10
oce,1,81,0.1,-0.10768002714410131,11,10
oce,2,81,0.001,-0.11022543406188873,110,45
oce,2,81,0.01,-0.11015318816157045,110,45
oce,2,81,0.1,-0.1112219921176939,110,45
oce,3,81,0.001,-0.12369083740632682,1100,128
oce,3,81,0.01,-0.12213948414103405,1100,128
oce,3,81,0.1,-0.12199145063636374,1100,128
oce,4,81,0.001,-0.20963247770495266,11000,239
oce,4,81,0.01,-0.20444210785949696,11000,239
oce,4,81,0.1,-0.20570907510786424,11000,239
oce,5,81,0.001,-0.565648778903244,110000,337
oce,5,81,0.01,-0.5573054353818896,110000,337
oce,5,81,0.1,-0.5634277036988181,110000,337
oce,6,81,0.001,-1.0611941396827367,1100000,393
oce,6,81,0.01,-1.052634509761044,1100000,393
oce,6,81,0.1,-1.0571647133018292,1100000,393
oce,0,82,0.001,-2.150508942608397,1,1
oce,0,82,0.01,-2.150508943937374,1,1
oce,0,82,0.1,-2.150508957414347,1,1
oce,1,82,0.001,-0.11584386423547337,11,10
oce,1,82,0.01,-0.11584628885053838,11,10
oce,1,82,0.1,-0.1158708299432131,11,10
oce,2,82,0.001,-0.11832273322742808,110,46
oce,2,82,0.01,-0.11771554443695051,110,46
oce,2,82,0.1,-0.11736339228179368,110,46
oce,3,82,0.001,-0.13683037590650823,1100,146
oce,3,82,0.01,-0.13421330694252476,1100,146
oce,3,82,0.1,-0.13331249964373776,1100,146
oce,4,82,0.001,-0.2436393643994887,11000,308
oce,4,82,0.01,-0.2364156255948368,11000,308
oce,4,82,0.1,-0.23544792895103517,11000,308
oce,5,82,0.001,-0.5941150034793021,110000,449
oce,5,82,0.01,-0.5805006458271922,110000,449
oce,5,82,0.1,-0.5804742864473469,110000,449
oce,6,82,0.001,-1.1420296758739887,1100000,525
oce,6,82,0.01,-1.125496287869848,1100000,525
oce,6,82,0.1,-1.120939201724818,1100000,525
oce,0,83,0.001,-2.040623033122368,1,1
oce,0,83,0.01,-2.0406231119015255,1,1
oce,0,83,0.1,-2.0406238999205404,1,1
oce,1,83,0.001,-0.13190009445830655,11,10
oce,1,83,0.01,-0.13190143962766027,11,10
oce,1,83,0.1,-0.1319149935595023,11,10
oce,2,83,0.001,-0.14059903677709992,110,42
oce,2,83,0.01,-0.14010609984962624,110,42
oce,2,83,0.1,-0.13970575037715313,110,42
oce,3,83,0.001,-0.15272923675889796,1100,132
oce,3,83,0.01,-0.1497999524734965,1100,132
oce,3,83,0.1,-0.1480162983553056,1100,132
oce,4,83,0.001,-0.28258754965369637,11000,269
oce,4,83,0.01,-0.2729705627606717,11000,269
oce,4,83,0.1,-0.268507143021888,11000,269
oce,5,83,0.001,-0.5378611903249177,110000,394
oce,5,83,0.01,-0.5254769084332698,110000,394
oce,5,83,0.1,-0.5252058648486535,110000,394
oce,6,83,0.001,-1.0388617414597745,1100000,470
oce,6,83,0.01,-1.0274492309226786,1100000,470
oce,6,83,0.1,-1.0289603644448642,1100000,470
oce,0,84,0.001,-2.1434798386946183,1,1
oce,0,84,0.01,-2.143479836257264,1,1
oce,0,84,0.1,-2.1434798121565435,1,1
oce,1,84,0.001,-0.12959260674791787,11,10
oce,1,84,0.01,-0.12959423313008903,11,10
oce,1,84,0.1,-0.129610705232245,11,10
oce,2,84,0.001,-0.13035776659876844,110,41
oce,2,84,0.01,-0.1299747658901101,110,41
oce,2,84,0.1,-0.12971028652882205,110,41
oce,3,84,0.001,-0.14416240424200652,1100,126
oce,3,84,0.01,-0.1415406543575554,1100,126
oce,3,84,0.1,-0.14051773001472156,1100,126
oce,4,84,0.001,-0.24526967778175332,11000,253
oce,4,84,0.01,-0.2360875401392623,11000,253
oce,4,84,0.1,-0.23422280639525603,11000,253
oce,5,84,0.001,-0.60865850864965,110000,359
oce,5,84,0.01,-0.5966544913420915,110000,359
oce,5,84,0.1,-0.594015993205816,110000,359
oce,6,84,0.001,-1.0646852575891783,1100000,407
oce,6,84,0.01,-1.0538593939799767,1100000,407
oce,6,84,0.1,-1.0548171566450535,1100000,407
oce,0,85,0.001,-2.2126142628901824,1,1
oce,0,85,0.01,-2.2126142164155707,1,1
oce,0,85,0.1,-2.212613751944495,1,1
oce,1,85,0.001,-0.14533036342825387,11,10
oce,1,85,0.01,-0.14533180442111854,11,10
oce,1,85,0.1,-0.14534647567048134,11,10
oce,2,85,0.001,-0.146829645942528,110,45
oce,2,85,0.01,-0.14604538852733523,110,45
oce,2,85,0.1,-0.1454167630922533,110,45
oce,3,85,0.001,-0.1628336432824029,1100,140
oce,3,85,0.01,-0.1599025749613356,1100,140
oce,3,85,0.1,-0.1584240587050115,1100,140
oce,4,85,0.001,-0.2938678679598283,11000,259
oce,4,85,0.01,-0.28591728168273933,11000,259
oce,4,85,0.1,-0.28374210415026924,11000,259
oce,5,85,0.001,-0.5640199431795284,110000,357
oce,5,85,0.01,-0.5512553501868518,110000,357
oce,5,85,0.1,-0.5495532013425113,110000,357
oce,6,85,0.001,-0.9761607048478873,1100000,410
oce,6,85,0.01,-0.9617746191361547,1100000,410
oce,6,85,0.1,-0.960837321098472,1100000,410
oce,0,86,0.001,-2.217490686552059,1,1
oce,0,86,0.01,-2.2174906289177443,1,1
oce,0,86,0.1,-2.2174900527677996,1,1
oce,1,86,0.001,-0.12388743670707968,11,10
oce,1,86,0.01,-0.12389027407624678,11,10
oce,1,86,0.1,-0.12391890411532108,11,10
oce,2,86,0.001,-0.12263246738077423,110,45
oce,2,86,0.01,-0.12234985693371758,110,45
oce,2,86,0.1,-0.12229471638180173,110,45
oce,3,86,0.001,-0.1303546832458781,1100,151
oce,3,86,0.01,-0.12699160125211895,1100,151
oce,3,86,0.1,-0.12600772280242772,1100,151
oce,4,86,0.001,-0.3089780843598714,11000,310
oce,4,86,0.01,-0.30212764490514016,11000,310
oce,4,86,0.1,-0.30174154868198033,11000,310
oce,5,86,0.001,-0.615135140508291,110000,461
oce,5,86,0.01,-0.6060057722544273,110000,461
oce,5,86,0.1,-0.6064227657302402,110000,461
oce,6,86,0.001,-1.091203215526081,1100000,564
oce,6,86,0.01,-1.0792350725032689,1100000,564
oce,6,86,0.1,-1.0791520410937894,1100000,564
oce,0,87,0.001,-2.22693995082619,1,1
oce,0,87,0.01,-2.2269399015178784,1,1
oce,0,87,0.1,-2.226939408662682,1,1
oce,1,87,0.001,-0.12989369540177972,11,10
oce,1,87,0.01,-0.12989636501408378,11,10
oce,1,87,0.1,-0.1299231499709544,11,10
oce,2,87,0.001,-0.13694202601214778,110,43
oce,2,87,0.01,-0.13641730918753103,110,43
oce,2,87,0.1,-0.13607813140905378,110,43
oce,3,87,0.001,-0.15362217624849187,1100,137
oce,3,87,0.01,-0.1508495188959753,1100,137
oce,3,87,0.1,-0.14942813116235312,1100,137
oce,4,87,0.001,-0.26361394068707666,11000,285
oce,4,87,0.01,-0.25474480966452984,11000,285
oce,4,87,0.1,-0.2517533425034213,11000,285
oce,5,87,0.001,-0.5886195207090894,110000,420
oce,5,87,0.01,-0.5757117078965257,110000,420
oce,5,87,0.1,-0.577323669905804,110000,420
oce,6,87,0.001,-1.1068832729547742,1100000,492
oce,6,87,0.01,-1.0968245020453287,1100000,492
oce,6,87,0.1,-1.099516705720676,1100000,492
oce,0,88,0.001,-2.2758316563505514,1,1
oce,0,88,0.01,-2.2758315756571155,1,1
oce,0,88,0.1,-2.275830768894701,1,1
oce,1,88,0.001,-0.13950234282063143,11,10
oce,1,88,0.01,-0.13950543301677581,11,10
oce,1,88,0.1,-0.13953650521238467,11,10
oce,2,88,0.001,-0.13539241168417332,110,45
oce,2,88,0.01,-0.1351415832379039,110,45
oce,2,88,0.1,-0.13506752052669002,110,45
oce,3,88,0.001,-0.15161966710230296,1100,150
oce,3,88,0.01,-0.14879088290095,1100,150
oce,3,88,0.1,-0.14776954524474878,1100,150
oce,4,88,0.001,-0.2863920721316799,11000,315
oce,4,88,0.01,-0.2800401312511836,11000,315
oce,4,88,0.1,-0.2778925075836394,11000,315
oce,5,88,0.001,-0.516966374759146,110000,495
oce,5,88,0.01,-0.5078459064077526,110000,495
oce,5,88,0.1,-0.5075395707992794,110000,495
oce,6,88,0.001,-0.8727919593985879,1100000,613
oce,6,88,0.01,-0.8614887078430467,1100000,613
oce,6,88,0.1,-0.8628041611388232,1100000,613
oce,0,89,0.001,-2.262369676764497,1,1
oce,0,89,0.01,-2.262369594605193,1,1
oce,0,89,0.1,-2.2623687731813584,1,1
oce,1,89,0.001,-0.12433905873585578,11,10
oce,1,89,0.01,-0.12434288715772865,11,10
oce,1,89,0.1,-0.12438125851636794,11,10
oce,2,89,0.001,-0.12854075020570552,110,44
oce,2,89,0.01,-0.12800563567742937,110,44
oce,2,89,0.1,-0.12767259933322006,110,44
oce,3,89,0.001,-0.15260786254879938,1100,149
oce,3,89,0.01,-0.14933764322963464,1100,149
oce,3,89,0.1,-0.1478512537127182,1100,149
oce,4,89,0.001,-0.34315656223407376,11000,311
oce,4,89,0.01,-0.33689433969534527,11000,311
oce,4,89,0.1,-0.334747036121538,11000,311
oce,5,89,0.001,-0.5743793172913642,110000,469
oce,5,89,0.01,-0.5661799429237397,110000,469
oce,5,89,0.1,-0.5682846154010162,110000,469
oce,6,89,0.001,-0.9863156475005357,1100000,558
oce,6,89,0.01,-0.97742352272173,1100000,558
oce,6,89,0.1,-0.9855175779144626,1100000,558
oce,0,90,0.001,-2.2220644665337477,1,1
oce,0,90,0.01,-2.222064416013386,1,1
oce,0,90,0.1,-2.222063911014252,1,1
oce,1,90,0.001,-0.10425447765513496,11,10
oce,1,90,0.01,-0.10425767994147336,11,10
oce,1,90,0.1,-0.10428986814269779,11,10
oce,2,90,0.001,-0.10896326913205502,110,44
oce,2,90,0.01,-0.1087390856021908,110,44
oce,2,90,0.1,-0.10865015688566193,110,44
oce,3,90,0.001,-0.11983105793301402,1100,144
oce,3,90,0.01,-0.1166006543165921,1100,144
oce,3,90,0.1,-0.11504572289285193,1100,144
oce,4,90,0.001,-0.30088437349424657,11000,282
oce,4,90,0.01,-0.29425182700762675,11000,282
oce,4,90,0.1,-0.29267561056218944,11000,282
oce,5,90,0.001,-0.5597630018826705,110000,401
oce,5,90,0.01,-0.5487332155928533,110000,401
oce,5,90,0.1,-0.5523111368981447,110000,401
oce,6,90,0.001,-1.3137887078636823,1100000,443
oce,6,90,0.01,-1.304317964868098,1100000,443
oce,6,90,0.1,-1.3049307259329486,1100000,443
oce,0,91,0.001,-2.3034242157913227,1,1
oce,0,91,0.01,-2.3034240656668037,1,1
oce,0,91,0.1,-2.3034225646166635,1,1
oce,1,91,0.001,-0.10635154616048786,11,10
oce,1,91,0.01,-0.10635578910624853,11,10
oce,1,91,0.1,-0.10639849019567477,11,10
oce,2,91,0.001,-0.10829134944911058,110,46
oce,2,91,0.01,-0.10797716676301201,110,46
oce,2,91,0.1,-0.10796079037072197,110,46
oce,3,91,0.001,-0.1214795790463755,1100,144
oce,3,91,0.01,-0.1185600994726446,1100,144
oce,3,91,0.1,-0.11779548807399436,1100,144
oce,4,91,0.001,-0.2628804490848061,11000,296
oce,4,91,0.01,-0.25686210236782675,11000,296
oce,4,91,0.1,-0.25731483282703793,11000,296
oce,5,91,0.001,-0.5720871086739495,110000,431
oce,5,91,0.01,-0.5633908376227797,110000,431
oce,5,91,0.1,-0.5669073547908032,110000,431
oce,6,91,0.001,-1.191897545591709,1100000,511
oce,6,91,0.01,-1.1830446471683882,1100000,511
oce,6,91,0.1,-1.1848086295017526,1100000,511
oce,0,92,0.001,-2.139407976191074,1,1
oce,0,92,0.01,-2.1394079556990757,1,1
oce,0,92,0.1,-2.139407751034067,1,1
oce,1,92,0.001,-0.12249757717768257,11,10
oce,1,92,0.01,-0.12236518736015461,11,10
oce,1,92,0.1,-0.12225102231245526,11,10
oce,2,92,0.001,-0.14001761839088775,110,47
oce,2,92,0.01,-0.13942545352042543,110,47
oce,2,92,0.1,-0.13900578413991446,110,47
oce,3,92,0.001,-0.1661644462239445,1100,144
oce,3,92,0.01,-0.16215648156851428,1100,144
oce,3,92,0.1,-0.16039559198007536,1100,144
oce,4,92,0.001,-0.342904808723091,11000,273
oce,4,92,0.01,-0.33522440027593314,11000,273
oce,4,92,0.1,-0.33507065961702803,11000,273
oce,5,92,0.001,-0.6293564102559592,110000,380
oce,5,92,0.01,-0.6106613604295319,110000,380
oce,5,92,0.1,-0.6100738729070845,110000,380
oce,6,92,0.001,-1.2816375948402219,1100000,439
oce,6,92,0.01,-1.2625601085252192,1100000,439
oce,6,92,0.1,-1.2596959730104484,1100000,439
oce,0,93,0.001,-2.0931540377265754,1,1
oce,0,93,0.01,-2.0931540483362046,1,1
oce,0,93,0.1,-2.093154154761013,1,1
oce,1,93,0.001,-0.14399863589925677,11,10
oce,1,93,0.01,-0.143910372259079,11,10
oce,1,93,0.1,-0.14382936391034296,11,10
oce,2,93,0.001,-0.14895316676948134,110,44
oce,2,93,0.01,-0.1481633197641889,110,44
oce,2,93,0.1,-0.14746924997499883,110,44
oce,3,93,0.001,-0.16363764055035535,1100,128
oce,3,93,0.01,-0.1595750071173248,1100,128
oce,3,93,0.1,-0.15671304425517826,1100,128
oce,4,93,0.001,-0.22977068332223546,11000,239
oce,4,93,0.01,-0.22017901524949726,11000,239
oce,4,93,0.1,-0.2140507901481531,11000,239
oce,5,93,0.001,-0.45509467032654,110000,312
oce,5,93,0.01,-0.4421350265089543,110000,312
oce,5,93,0.1,-0.4379656758854986,110000,312
oce,6,93,0.001,-0.8257640088846652,1100000,344
oce,6,93,0.01,-0.8156176609801968,1100000,344
oce,6,93,0.1,-0.8179094090923926,1100000,344
oce,0,94,0.001,-2.1804911937888387,1,1
oce,0,94,0.01,-2.1804911828186815,1,1
oce,0,94,0.1,-2.180491073350768,1,1
oce,1,94,0.001,-0.14411611471649438,11,10
oce,1,94,0.01,-0.14411785091354964,11,10
oce,1,94,0.1,-0.14413540383267037,11,10
oce,2,94,0.001,-0.1527791132660241,110,44
oce,2,94,0.01,-0.1522923939385227,110,44
oce,2,94,0.1,-0.15192312237912,110,44
oce,3,94,0.001,-0.17585939647916454,1100,143
oce,3,94,0.01,-0.1730160075706919,1100,143
oce,3,94,0.1,-0.17097822986733466,1100,143
oce,4,94,0.001,-0.2523903578741199,11000,294
oce,4,94,0.01,-0.24251600331862355,11000,294
oce,4,94,0.1,-0.24050609937307152,11000,294
oce,5,94,0.001,-0.7209659948513912,110000,447
oce,5,94,0.01,-0.7046782319221007,110000,447
oce,5,94,0.1,-0.7038512194601889,110000,447
oce,6,94,0.001,-1.2896326161377,1100000,534
oce,6,94,0.01,-1.2784258058492546,1100000,534
oce,6,94,0.1,-1.2801878431255067,1100000,534
oce,0,95,0.001,-2.19034757190912,1,1
oce,0,95,0.01,-2.190347561206417,1,1
oce,0,95,0.1,-2.1903474543357357,1,1
oce,1,95,0.001,-0.12400485491173431,11,10
oce,1,95,0.01,-0.1240081647288965,11,10
oce,1,95,0.1,-0.12404145758643693,11,10
oce,2,95,0.001,-0.12479929383503642,110,45
oce,2,95,0.01,-0.12431332310988785,110,45
oce,2,95,0.1,-0.12407307469125811,110,45
oce,3,95,0.001,-0.13735701538409986,1100,145
oce,3,95,0.01,-0.134972497701727,1100,145
oce,3,95,0.1,-0.13401873200403475,1100,145
oce,4,95,0.001,-0.25239989838369237,11000,330
oce,4,95,0.01,-0.2447807120104009,11000,330
oce,4,95,0.1,-0.24345994352608835,11000,330
oce,5,95,0.001,-0.5887701728231476,110000,532
oce,5,95,0.01,-0.579716502435943,110000,532
oce,5,95,0.1,-0.5823396330577782,110000,532
oce,6,95,0.001,-1.073390872757909,1100000,665
oce,6,95,0.01,-1.0642890765389315,1100000,665
oce,6,95,0.1,-1.0660809748008353,1100000,665
oce,0,96,0.001,-2.1798339708029153,1,1
oce,0,96,0.01,-2.1798339502717226,1,1
oce,0,96,0.1,-2.1798337451671985,1,1
oce,1,96,0.001,-0.12625714354280693,11,10
oce,1,96,0.01,-0.1262596659058398,11,10
oce,1,96,0.1,-0.12628518063133415,11,10
oce,2,96,0.001,-0.12655614290224795,110,45
oce,2,96,0.01,-0.12599688896137903,110,45
oce,2,96,0.1,-0.12563672132374665,110,45
oce,3,96,0.001,-0.13398777700802386,1100,143
oce,3,96,0.01,-0.13150519994973925,1100,143
oce,3,96,0.1,-0.13049078484274934,1100,143
oce,4,96,0.001,-0.2710914274086831,11000,278
oce,4,96,0.01,-0.2649048750960099,11000,278
oce,4,96,0.1,-0.2634163594069312,11000,278
oce,5,96,0.001,-0.5923568005991036,110000,405
oce,5,96,0.01,-0.5824060763710949,110000,405
oce,5,96,0.1,-0.585765256690499,110000,405
oce,6,96,0.001,-1.1733932776520353,1100000,479
oce,6,96,0.01,-1.1611307669875146,1100000,479
oce,6,96,0.1,-1.161130926278802,1100000,479
oce,0,97,0.001,-2.263163635523013,1,1
oce,0,97,0.01,-2.2631635491840614,1,1
oce,0,97,0.1,-2.2631626860327727,1,1
oce,1,97,0.001,-0.12034814851701581,11,10
oce,1,97,0.01,-0.12035087760014312,11,10
oce,1,97,0.1,-0.12037833443982608,11,10
oce,2,97,0.001,-0.12333865506987966,110,44
oce,2,97,0.01,-0.12314852847361443,110,44
oce,2,97,0.1,-0.12309484196704423,110,44
oce,3,97,0.001,-0.13064228290133856,1100,131
oce,3,97,0.01,-0.12793580038878413,1100,131
oce,3,97,0.1,-0.12643814462370967,1100,131
oce,4,97,0.001,-0.28558462377267785,11000,263
oce,4,97,0.01,-0.271851685767791,11000,263
oce,4,97,0.1,-0.26695384905253355,11000,263
oce,5,97,0.001,-0.5281277316760514,110000,387
oce,5,97,0.01,-0.5177221772431726,110000,387
oce,5,97,0.1,-0.5198491686701416,110000,387
oce,6,97,0.001,-1.0082046273134346,1100000,436
oce,6,97,0.01,-0.9914502489344409,1100000,436
oce,6,97,0.1,-0.9876074993821387,1100000,436
oce,0,98,0.001,-2.2769567481672737,1,1
oce,0,98,0.01,-2.27695665713274,1,1
oce,0,98,0.1,-2.276955746981301,1,1
oce,1,98,0.001,-0.135805935503332,11,10
oce,1,98,0.01,-0.13580879455963374,11,10
oce,1,98,0.1,-0.1358375755458226,11,10
oce,2,98,0.001,-0.13916760962134994,110,45
oce,2,98,0.01,-0.13848682964272785,110,45
oce,2,98,0.1,-0.13803288900666238,110,45
oce,3,98,0.001,-0.16448517365965556,1100,148
oce,3,98,0.01,-0.16086919871851055,1100,148
oce,3,98,0.1,-0.15940358645960406,1100,148
oce,4,98,0.001,-0.325554925622644,11000,302
oce,4,98,0.01,-0.31280286582145755,11000,302
oce,4,98,0.1,-0.3067545106072412,11000,302
oce,5,98,0.001,-0.7118743708374672,110000,458
oce,5,98,0.01,-0.6996041517214814,110000,458
oce,5,98,0.1,-0.6960531209224543,110000,458
oce,6,98,0.001,-1.2222165018795486,1100000,548
oce,6,98,0.01,-1.2147246374078555,1100000,548
oce,6,98,0.1,-1.2203154771784281,1100000,548
oce,0,99,0.001,-2.140398751082014,1,1
oce,0,99,0.01,-2.140398770426527,1,1
oce,0,99,0.1,-2.140398964066965,1,1
oce,1,99,0.001,-0.12273382328531705,11,10
oce,1,99,0.01,-0.12268377315469751,11,10
oce,1,99,0.1,-0.12265357450821063,11,10
oce,2,99,0.001,-0.12295386328443104,110,46
oce,2,99,0.01,-0.12258657364258463,110,46
oce,2,99,0.1,-0.12241982158702386,110,46
oce,3,99,0.001,-0.13438980200252665,1100,145
oce,3,99,0.01,-0.13161314282799,1100,145
oce,3,99,0.1,-0.12994856544169484,1100,145
oce,4,99,0.001,-0.25112042657860645,11000,301
oce,4,99,0.01,-0.2448214321456991,11000,301
oce,4,99,0.1,-0.24424724850440988,11000,301
oce,5,99,0.001,-0.643426352276825,110000,424
oce,5,99,0.01,-0.625677529837182,110000,424
oce,5,99,0.1,-0.6208352723083473,110000,424
oce,6,99,0.001,-1.1503289169960658,1100000,497
oce,6,99,0.01,-1.13511091106105,1100000,497
oce,6,99,0.1,-1.1338052656764952,1100000,497
oce,0,100,0.001,-2.1304947695920258,1,1
oce,0,100,0.01,-2.1304947699482373,1,1
oce,0,100,0.1,-2.1304947737995312,1,1
oce,1,100,0.001,-0.1413546073256411,11,10
oce,1,100,0.01,-0.14135598190001555,11,10
oce,1,100,0.1,-0.14136982181564148,11,10
oce,2,100,0.001,-0.16777088272474294,110,42
oce,2,100,0.01,-0.16737099770963987,110,42
oce,2,100,0.1,-0.1670559641418913,110,42
oce,3,100,0.001,-0.18572275302031405,1100,129
oce,3,100,0.01,-0.18175125941591205,1100,129
oce,3,100,0.1,-0.17922768867116706,1100,129
oce,4,100,0.001,-0.40359779497783227,11000,252
oce,4,100,0.01,-0.38901166912002766,11000,252
oce,4,100,0.1,-0.38048909278898824,11000,252
oce,5,100,0.001,-0.7865837494225429,110000,368
oce,5,100,0.01,-0.771039123276729,110000,368
oce,5,100,0.1,-0.766117579574915,110000,368
oce,6,100,0.001,-1.3196515399808464,1100000,423
oce,6,100,0.01,-1.2995699216044487,1100000,423
oce,6,100,0.1,-1.296989532689874,1100000,423
orn,0,1,0.001,-2.2119249762992874,1,1
orn,0,1,0.01,-2.2119249546817503,1,1
orn,0,1,0.1,-2.2119247385215033,1,1
orn,1,1,0.001,-0.07638213643119657,11,10
orn,1,1,0.01,-0.07638287325867209,11,10
orn,1,1,0.1,-0.0763903101796236,11,10
orn,2,1,0.001,-0.07802474079041895,110,49
orn,2,1,0.01,-0.07796192031498247,110,49
orn,2,1,0.1,-0.07808517217742957,110,49
orn,3,1,0.001,-0.0825870263303037,1100,168
orn,3,1,0.01,-0.08212973888641904,1100,168
orn,3,1,0.1,-0.08253775051197963,1100,168
orn,4,1,0.001,-0.1535159701317342,11000,393
orn,4,1,0.01,-0.15233050099690976,11000,393
orn,4,1,0.1,-0.15311235198256884,11000,393
orn,5,1,0.001,-0.2274738087926621,110000,693
orn,5,1,0.01,-0.22333648273851311,110000,693
orn,5,1,0.1,-0.22322890847154006,110000,693
orn,6,1,0.001,-0.39388851071756525,1100000,953
orn,6,1,0.01,-0.3891824447614231,1100000,953
orn,6,1,0.1,-0.39227328744721873,1100000,953
orn,0,2,0.001,-2.162323073138769,1,1
orn,0,2,0.01,-2.1623230629109162,1,1
orn,0,2,0.1,-2.162322960648605,1,1
orn,1,2,0.001,-0.0898993603788631,11,10
orn,1,2,0.01,-0.08989971727137867,11,10
orn,1,2,0.1,-0.08990331729265036,11,10
orn,2,2,0.001,-0.09246755166745504,110,51
orn,2,2,0.01,-0.09238258219584647,110,51
orn,2,2,0.1,-0.0923675887960103,110,51
orn,3,2,0.001,-0.09546354175682596,1100,184
orn,3,2,0.01,-0.09474633588072369,1100,184
orn,3,2,0.1,-0.09451774186593406,1100,184
orn,4,2,0.001,-0.12667007331414304,11000,468
orn,4,2,0.01,-0.12434899590793028,11000,468
orn,4,2,0.1,-0.12401984983638158,11000,468
orn,5,2,0.001,-0.26736476063577913,110000,862
orn,5,2,0.01,-0.2629720672559062,110000,862
orn,5,2,0.1,-0.2626103904168848,110000,862
orn,6,2,0.001,-0.47608391187929106,1100000,1177
orn,6,2,0.01,-0.471099086388265,1100000,1177
orn,6,2,0.1,-0.47391691030130606,1100000,1177
orn,0,3,0.001,-2.11161979372938,1,1
orn,0,3,0.01,-2.1116197975248645,1,1
orn,0,3,0.1,-2.111619835495186,1,1
orn,1,3,0.001,-0.07860379575278825,11,10
orn,1,3,0.01,-0.07860415063908599,11,10
orn,1,3,0.1,-0.0786077404451459,11,10
orn,2,3,0.001,-0.08505217153402862,110,52
orn,2,3,0.01,-0.08486688457989106,110,52
orn,2,3,0.1,-0.08500532772314344,110,52
orn,3,3,0.001,-0.0970551310416249,1100,183
orn,3,3,0.01,-0.09579630826413005,1100,183
orn,3,3,0.1,-0.09552565100587786,1100,183
orn,4,3,0.001,-0.11996184448430428,11000,433
orn,4,3,0.01,-0.11766652596403507,11000,433
orn,4,3,0.1,-0.11813573349117533,11000,433
orn,5,3,0.001,-0.24720697734332756,110000,744
orn,5,3,0.01,-0.23742502344402971,110000,744
orn,5,3,0.1,-0.2336791222540263,110000,744
orn,6,3,0.001,-0.485366799341987,1100000,985
orn,6,3,0.01,-0.4796462204995114,1100000,985
orn,6,3,0.1,-0.4832743118099456,1100000,985
orn,0,4,0.001,-2.1037838705812213,1,1
orn,0,4,0.01,-2.103783866363168,1,1
orn,0,4,0.1,-2.103783824203433,1,1
orn,1,4,0.001,-0.0905724039990248,11,10
orn,1,4,0.01,-0.09057275485005312,11,10
orn,1,4,0.1,-0.0905762867317646,11,10
orn,2,4,0.001,-0.10222049830193754,110,49
orn,2,4,0.01,-0.10212556174963164,110,49
orn,2,4,0.1,-0.10207959172531911,110,49
orn,3,4,0.001,-0.10985632786992248,1100,161
orn,3,4,0.01,-0.10918732770943594,1100,161
orn,3,4,0.1,-0.10904102529003379,1100,161
orn,4,4,0.001,-0.13379130452212745,11000,363
orn,4,4,0.01,-0.13219043556771487,11000,363
orn,4,4,0.1,-0.13223951816531304,11000,363
orn,5,4,0.001,-0.19375388466549,110000,600
orn,5,4,0.01,-0.18948426569577187,110000,600
orn,5,4,0.1,-0.18877765897216278,110000,600
orn,6,4,0.001,-0.3577151449938763,1100000,778
orn,6,4,0.01,-0.3465887722433843,1100000,778
orn,6,4,0.1,-0.34500799209683947,1100000,778
orn,0,5,0.001,-2.1462609826586165,1,1
orn,0,5,0.01,-2.146260966163382,1,1
orn,0,5,0.1,-2.146260801232329,1,1
orn,1,5,0.001,-0.08702216094469763,11,10
orn,1,5,0.01,-0.08702256750416079,11,10
orn,1,5,0.1,-0.08702664743546724,11,10
orn,2,5,0.001,-0.09262306299659831,110,47
orn,2,5,0.01,-0.09251674925151562,110,47
orn,2,5,0.1,-0.09245683112367302,110,47
orn,3,5,0.001,-0.1031606066403595,1100,172
orn,3,5,0.01,-0.10247012072032724,1100,172
orn,3,5,0.1,-0.10266354819303862,1100,172
orn,4,5,0.001,-0.15327531594629867,11000,417
orn,4,5,0.01,-0.14741299741611463,11000,417
orn,4,5,0.1,-0.14429109229357362,11000,417
orn,5,5,0.001,-0.29154224374544996,110000,726
orn,5,5,0.01,-0.2739157806371892,110000,726
orn,5,5,0.1,-0.26483010334376655,110000,726
orn,6,5,0.001,-0.5494563733006902,1100000,962
orn,6,5,0.01,-0.5310874744651479,1100000,962
orn,6,5,0.1,-0.5242613721944595,1100000,962
orn,0,6,0.001,-2.077804683892638,1,1
orn,0,6,0.01,-2.077804687872022,1,1
orn,0,6,0.1,-2.077804727681849,1,1
orn,1,6,0.001,-0.07630147244909502,11,10
orn,1,6,0.01,-0.07630191508195568,11,10
orn,1,6,0.1,-0.07630636139617182,11,10
orn,2,6,0.001,-0.07777350559148473,110,48
orn,2,6,0.01,-0.07775187688749578,110,48
orn,2,6,0.1,-0.07777939015817867,110,48
orn,3,6,0.001,-0.08625236593926514,1100,163
orn,3,6,0.01,-0.08563278818447125,1100,163
orn,3,6,0.1,-0.08545027639351317,1100,163
orn,4,6,0.001,-0.1081156009414796,11000,406
orn,4,6,0.01,-0.1062909632269164,11000,406
orn,4,6,0.1,-0.10606920271500782,11000,406
orn,5,6,0.001,-0.2064921955197185,110000,712
orn,5,6,0.01,-0.20063889700892346,110000,712
orn,5,6,0.1,-0.1988976178162923,110000,712
orn,6,6,0.001,-0.449267467804547,1100000,964
orn,6,6,0.01,-0.4408316929888434,1100000,964
orn,6,6,0.1,-0.43978310534168746,1100000,964
orn,0,7,0.001,-2.07509342600069,1,1
orn,0,7,0.01,-2.075093437323683,1,1
orn,0,7,0.1,-2.0750935505690404,1,1
orn,1,7,0.001,-0.09016668014121308,11,10
orn,1,7,0.01,-0.09013106750642035,11,10
orn,1,7,0.1,-0.09009793992236392,11,10
orn,2,7,0.001,-0.09418099442625809,110,51
orn,2,7,0.01,-0.09402008552338918,110,51
orn,2,7,0.1,-0.0938992565283968,110,51
orn,3,7,0.001,-0.10039886752586766,1100,175
orn,3,7,0.01,-0.09964651179099722,1100,175
orn,3,7,0.1,-0.0991352070440719,1100,175
orn,4,7,0.001,-0.11790436071991821,11000,429
orn,4,7,0.01,-0.11563905711480099,11000,429
orn,4,7,0.1,-0.11419357414703278,11000,429
orn,5,7,0.001,-0.21011923473617583,110000,766
orn,5,7,0.01,-0.20587641982962981,110000,766
orn,5,7,0.1,-0.20463342122596137,110000,766
orn,6,7,0.001,-0.4061555783396272,1100000,1041
orn,6,7,0.01,-0.39980841171240794,1100000,1041
orn,6,7,0.1,-0.3990969984816977,1100000,1041
orn,0,8,0.001,-2.109994295303997,1,1
orn,0,8,0.01,-2.1099942953261204,1,1
orn,0,8,0.1,-2.1099942955660715,1,1
orn,1,8,0.001,-0.07767959661190099,11,10
orn,1,8,0.01,-0.07767999844703632,11,10
orn,1,8,0.1,-0.07768404140142283,11,10
orn,2,8,0.001,-0.07983174369814022,110,49
orn,2,8,0.01,-0.0797053768442529,110,49
orn,2,8,0.1,-0.07961491480618385,110,49
orn,3,8,0.001,-0.09312840395013455,1100,170
orn,3,8,0.01,-0.09158124576257405,1100,170
orn,3,8,0.1,-0.09111608936424256,1100,170
orn,4,8,0.001,-0.11667173959688568,11000,395
orn,4,8,0.01,-0.11476338731918248,11000,395
orn,4,8,0.1,-0.11470337352644853,11000,395
orn,5,8,0.001,-0.19170351496223478,110000,648
orn,5,8,0.01,-0.18612401787079022,110000,648
orn,5,8,0.1,-0.18528386307416367,110000,648
orn,6,8,0.001,-0.4246948462711538,1100000,834
orn,6,8,0.01,-0.41935989873033136,1100000,834
orn,6,8,0.1,-0.4239636566911655,1100000,834
orn,0,9,0.001,-2.139133189446151,1,1
orn,0,9,0.01,-2.1391331836596823,1,1
orn,0,9,0.1,-2.1391331258143893,1,1
orn,1,9,0.001,-0.08483799232610495,11,10
orn,1,9,0.01,-0.08483848017220479,11,10
orn,1,9,0.1,-0.08484336993427141,11,10
orn,2,9,0.001,-0.08855096175737467,110,48
orn,2,9,0.01,-0.08843318702301178,110,48
orn,2,9,0.1,-0.08833537498816571,110,48
orn,3,9,0.001,-0.09259193618955126,1100,167
orn,3,9,0.01,-0.09192868284814934,1100,167
orn,3,9,0.1,-0.0914795761016887,1100,167
orn,4,9,0.001,-0.11395927507798888,11000,393
orn,4,9,0.01,-0.11187258708823536,11000,393
orn,4,9,0.1,-0.11099988971285454,11000,393
orn,5,9,0.001,-0.2568694487017125,110000,672
orn,5,9,0.01,-0.2532263693738759,110000,672
orn,5,9,0.1,-0.2532835053090118,110000,672
orn,6,9,0.001,-0.4165787767446253,1100000,868
orn,6,9,0.01,-0.40965117762628983,1100000,868
orn,6,9,0.1,-0.4118215879209281,1100000,868
orn,0,10,0.001,-2.143147044275506,1,1
orn,0,10,0.01,-2.143147036625367,1,1
orn,0,10,0.1,-2.143146960142798,1,1
orn,1,10,0.001,-0.08651968990807334,11,10
orn,1,10,0.01,-0.08651987669209507,11,10
orn,1,10,0.1,-0.08652179731023023,11,10
orn,2,10,0.001,-0.09382885780805625,110,49
orn,2,10,0.01,-0.09366873803776797,110,49
orn,2,10,0.1,-0.0935954792692354,110,49
orn,3,10,0.001,-0.1097936319164431,1100,170
orn,3,10,0.01,-0.10887128882305462,1100,170
orn,3,10,0.1,-0.10862334025724917,1100,170
orn,4,10,0.001,-0.14684717711673742,11000,411
orn,4,10,0.01,-0.1444091254248552,11000,411
orn,4,10,0.1,-0.1448323632279061,11000,411
orn,5,10,0.001,-0.28899648212315515,110000,710
orn,5,10,0.01,-0.2841362820402617,110000,710
orn,5,10,0.1,-0.28531850849661866,110000,710
orn,6,10,0.001,-0.5005479663871684,1100000,943
orn,6,10,0.01,-0.49246510538995086,1100000,943
orn,6,10,0.1,-0.49372202879258936,1100000,943
orn,0,11,0.001,-2.1481812427875413,1,1
orn,0,11,0.01,-2.1481812349136735,1,1
orn,0,11,0.1,-2.148181156192929,1,1
orn,1,11,0.001,-0.08713035804072523,11,10
orn,1,11,0.01,-0.0871309250426567,11,10
orn,1,11,0.1,-0.08713660957828422,11,10
orn,2,11,0.001,-0.08940964811894604,110,48
orn,2,11,0.01,-0.08935575548492568,110,48
orn,2,11,0.1,-0.08934875577075578,110,48
orn,3,11,0.001,-0.09625186791875824,1100,161
orn,3,11,0.01,-0.09575005846349177,1100,161
orn,3,11,0.1,-0.09577373986254023,1100,161
orn,4,11,0.001,-0.11938590364176394,11000,396
orn,4,11,0.01,-0.1174257934639469,11000,396
orn,4,11,0.1,-0.11722551504762975,11000,396
orn,5,11,0.001,-0.2390526076278755,110000,713
orn,5,11,0.01,-0.23025595063732393,110000,713
orn,5,11,0.1,-0.2265144476820151,110000,713
orn,6,11,0.001,-0.4141894757185629,1100000,943
orn,6,11,0.01,-0.4091921384928306,1100000,943
orn,6,11,0.1,-0.41145940821532345,1100000,943
orn,0,12,0.001,-2.1548452700626854,1,1
orn,0,12,0.01,-2.154845268261909,1,1
orn,0,12,0.1,-2.1548452502741995,1,1
orn,1,12,0.001,-0.08705187211813384,11,10
orn,1,12,0.01,-0.08705217632028203,11,10
orn,1,12,0.1,-0.08705523755355245,11,10
orn,2,12,0.001,-0.09607991317942628,110,50
orn,2,12,0.01,-0.09602608113270975,110,50
orn,2,12,0.1,-0.09602308604226287,110,50
orn,3,12,0.001,-0.1021701807616162,1100,166
orn,3,12,0.01,-0.1015760590749304,1100,166
orn,3,12,0.1,-0.10126799033678224,1100,166
orn,4,12,0.001,-0.12096746888247528,11000,387
orn,4,12,0.01,-0.11895605667921498,11000,387
orn,4,12,0.1,-0.11823737910829778,11000,387
orn,5,12,0.001,-0.19593702954683,110000,629
orn,5,12,0.01,-0.19116795790083047,110000,629
orn,5,12,0.1,-0.19089633109835077,110000,629
orn,6,12,0.001,-0.3785945795268083,1100000,813
orn,6,12,0.01,-0.3726821082558053,1100000,813
orn,6,12,0.1,-0.37694664419141155,1100000,813
orn,0,13,0.001,-2.1132797541131993,1,1
orn,0,13,0.01,-2.1132797542215003,1,1
orn,0,13,0.1,-2.113279755321532,1,1
orn,1,13,0.001,-0.07476272113307432,11,10
orn,1,13,0.01,-0.07476310108043269,11,10
orn,1,13,0.1,-0.07476696236113908,11,10
orn,2,13,0.001,-0.0794920899023777,110,50
orn,2,13,0.01,-0.07938960819451524,110,50
orn,2,13,0.1,-0.07934219281945752,110,50
orn,3,13,0.001,-0.0833587673183965,1100,172
orn,3,13,0.01,-0.08272436237309641,1100,172
orn,3,13,0.1,-0.0826730164681408,1100,172
orn,4,13,0.001,-0.11526634833373758,11000,397
orn,4,13,0.01,-0.11149158398294419,11000,397
orn,4,13,0.1,-0.10970969933703585,11000,397
orn,5,13,0.001,-0.20230105682828703,110000,674
orn,5,13,0.01,-0.19145925603497682,110000,674
orn,5,13,0.1,-0.18552576618931327,110000,674
orn,6,13,0.001,-0.4551263450529953,1100000,888
orn,6,13,0.01,-0.4489620101091918,1100000,888
orn,6,13,0.1,-0.4482435771272498,1100000,888
orn,0,14,0.001,-2.060294733474273,1,1
orn,0,14,0.01,-2.060294748974808,1,1
orn,0,14,0.1,-2.0602949039941825,1,1
orn,1,14,0.001,-0.08468703736299325,11,10
orn,1,14,0.01,-0.08468735561739954,11,10
orn,1,14,0.1,-0.08469055665565972,11,10
orn,2,14,0.001,-0.09174923987816098,110,49
orn,2,14,0.01,-0.09161927330574174,110,49
orn,2,14,0.1,-0.0915115248937308,110,49
orn,3,14,0.001,-0.09732000278563399,1100,174
orn,3,14,0.01,-0.09668073321348741,1100,174
orn,3,14,0.1,-0.09635096819228518,1100,174
orn,4,14,0.001,-0.12350935538456712,11000,456
orn,4,14,0.01,-0.12108483466102893,11000,456
orn,4,14,0.1,-0.12023754293388784,11000,456
orn,5,14,0.001,-0.28405740893374226,110000,869
orn,5,14,0.01,-0.27290239796318155,110000,869
orn,5,14,0.1,-0.2670516170870431,110000,869
orn,6,14,0.001,-0.541808244256126,1100000,1210
orn,6,14,0.01,-0.5332763008735821,1100000,1210
orn,6,14,0.1,-0.5313085852911288,1100000,1210
orn,0,15,0.001,-2.1505954968997942,1,1
orn,0,15,0.01,-2.1505954868231894,1,1
orn,0,15,0.1,-2.150595386077238,1,1
orn,1,15,0.001,-0.10232498771861431,11,10
orn,1,15,0.01,-0.10232506575632694,11,10
orn,1,15,0.1,-0.1023258969077583,11,10
orn,2,15,0.001,-0.1109355280957469,110,51
orn,2,15,0.01,-0.1108293498171881,110,51
orn,2,15,0.1,-0.11075435601606262,110,51
orn,3,15,0.001,-0.12934326052601777,1100,187
orn,3,15,0.01,-0.128323806148892,1100,187
orn,3,15,0.1,-0.12797554556466195,1100,187
orn,4,15,0.001,-0.15677158313506478,11000,467
orn,4,15,0.01,-0.15406072332551543,11000,467
orn,4,15,0.1,-0.1540998905607588,11000,467
orn,5,15,0.001,-0.341129193267568,110000,830
orn,5,15,0.01,-0.3264480526736256,110000,830
orn,5,15,0.1,-0.3199530180213345,110000,830
orn,6,15,0.001,-0.5786249477982225,1100000,1144
orn,6,15,0.01,-0.5599889106319421,1100000,1144
orn,6,15,0.1,-0.5550294004305124,1100000,1144
orn,0,16,0.001,-2.2471938154374573,1,1
orn,0,16,0.01,-2.2471937839052996,1,1
orn,0,16,0.1,-2.2471934685995394,1,1
orn,1,16,0.001,-0.08082351423080507,11,10
orn,1,16,0.01,-0.08082439440579714,11,10
orn,1,16,0.1,-0.08083320347125032,11,10
orn,2,16,0.001,-0.08224311781474447,110,49
orn,2,16,0.01,-0.08222298211727891,110,49
orn,2,16,0.1,-0.0822449000612183,110,49
orn,3,16,0.001,-0.08724636883221089,1100,170
orn,3,16,0.01,-0.08682927551117736,1100,170
orn,3,16,0.1,-0.08714690772984503,1100,170
orn,4,16,0.001,-0.15400457217248126,11000,419
orn,4,16,0.01,-0.15171733673512883,11000,419
orn,4,16,0.1,-0.15115182120397086,11000,419
orn,5,16,0.001,-0.3010304882914649,110000,750
orn,5,16,0.01,-0.2912366855633112,110000,750
orn,5,16,0.1,-0.28739551429896404,110000,750
orn,6,16,0.001,-0.49654092197392646,1100000,1025
orn,6,16,0.01,-0.4837448673621608,1100000,1025
orn,6,16,0.1,-0.4862427735708115,1100000,1025
orn,0,17,0.001,-2.152372140447907,1,1
orn,0,17,0.01,-2.1523721379137326,1,1
orn,0,17,0.1,-2.152372112588289,1,1
orn,1,17,0.001,-0.07915096981365974,11,10
orn,1,17,0.01,-0.07915146077638273,11,10
orn,1,17,0.1,-0.07915642429762862,11,10
orn,2,17,0.001,-0.08550702640098527,110,48
orn,2,17,0.01,-0.08540498922647063,110,48
orn,2,17,0.1,-0.08533473255836223,110,48
orn,3,17,0.001,-0.08953453477118378,1100,159
orn,3,17,0.01,-0.08896990003674594,1100,159
orn,3,17,0.1,-0.08861018035240736,1100,159
orn,4,17,0.001,-0.10328283044784482,11000,386
orn,4,17,0.01,-0.10158369480534288,11000,386
orn,4,17,0.1,-0.10137006010159115,11000,386
orn,5,17,0.001,-0.21174093817840556,110000,685
orn,5,17,0.01,-0.20801370977982983,110000,685
orn,5,17,0.1,-0.20724050966140067,110000,685
orn,6,17,0.001,-0.37445544396148667,1100000,930
orn,6,17,0.01,-0.3683639169695192,1100000,930
orn,6,17,0.1,-0.3747774338663571,1100000,930
orn,0,18,0.001,-2.075240114338802,1,1
orn,0,18,0.01,-2.0752401288242144,1,1
orn,0,18,0.1,-2.0752402736899347,1,1
orn,1,18,0.001,-0.07311985787982651,11,10
orn,1,18,0.01,-0.07312037497457365,11,10
orn,1,18,0.1,-0.07312556880167846,11,10
orn,2,18,0.001,-0.07392634319861603,110,50
orn,2,18,0.01,-0.07392251398493017,110,50
orn,2,18,0.1,-0.07420924250798722,110,50
orn,3,18,0.001,-0.07892176794897936,1100,172
orn,3,18,0.01,-0.07794364518838437,1100,172
orn,3,18,0.1,-0.07796740650288235,1100,172
orn,4,18,0.001,-0.10258138218893689,11000,425
orn,4,18,0.01,-0.10122278804102576,11000,425
orn,4,18,0.1,-0.10189107653201901,11000,425
orn,5,18,0.001,-0.20470178021459273,110000,811
orn,5,18,0.01,-0.20105999284210738,110000,811
orn,5,18,0.1,-0.2018058316428299,110000,811
orn,6,18,0.001,-0.4404554479263205,1100000,1178
orn,6,18,0.01,-0.43534877508448905,1100000,1178
orn,6,18,0.1,-0.4384288807695539,1100000,1178
orn,0,19,0.001,-2.10819073905162,1,1
orn,0,19,0.01,-2.108190739708457,1,1
orn,0,19,0.1,-2.1081907462947127,1,1
orn,1,19,0.001,-0.07679553297758428,11,10
orn,1,19,0.01,-0.0767959555975371,11,10
orn,1,19,0.1,-0.07680020461682122,11,10
orn,2,19,0.001,-0.08519234748389706,110,50
orn,2,19,0.01,-0.08505922571152684,110,50
orn,2,19,0.1,-0.08497276810974713,110,50
orn,3,19,0.001,-0.09091410769663895,1100,164
orn,3,19,0.01,-0.0905023242937993,1100,164
orn,3,19,0.1,-0.09054926609000674,1100,164
orn,4,19,0.001,-0.11665420237844332,11000,375
orn,4,19,0.01,-0.11506390063660744,11000,375
orn,4,19,0.1,-0.11430916354365758,11000,375
orn,5,19,0.001,-0.22683037930648145,110000,642
orn,5,19,0.01,-0.22083344688905052,110000,642
orn,5,19,0.1,-0.22006316754734212,110000,642
orn,6,19,0.001,-0.3646690101515817,1100000,871
orn,6,19,0.01,-0.3549023429687372,1100000,871
orn,6,19,0.1,-0.3543189551088782,1100000,871
orn,0,20,0.001,-2.1108194539671894,1,1
orn,0,20,0.01,-2.1108194609220003,1,1
orn,0,20,0.1,-2.1108195304845196,1,1
orn,1,20,0.001,-0.0911611590282415,11,10
orn,1,20,0.01,-0.09116134669199748,11,10
orn,1,20,0.1,-0.09116327366884922,11,10
orn,2,20,0.001,-0.09557724001346528,110,51
orn,2,20,0.01,-0.09548375959564638,110,51
orn,2,20,0.1,-0.09547456591563612,110,51
orn,3,20,0.001,-0.11013099148286253,1100,185
orn,3,20,0.01,-0.10935736911606206,1100,185
orn,3,20,0.1,-0.1094019341744197,1100,185
orn,4,20,0.001,-0.1351534111075829,11000,466
orn,4,20,0.01,-0.13285566556589,11000,466
orn,4,20,0.1,-0.13317459092293124,11000,466
orn,5,20,0.001,-0.26926409305257315,110000,837
orn,5,20,0.01,-0.25891636111066973,110000,837
orn,5,20,0.1,-0.2544900264097102,110000,837
orn,6,20,0.001,-0.44031000799303716,1100000,1175
orn,6,20,0.01,-0.42816925094301944,1100000,1175
orn,6,20,0.1,-0.427117818396677,1100000,1175
orn,0,21,0.001,-2.054564182992166,1,1
orn,0,21,0.01,-2.05456419335359,1,1
orn,0,21,0.1,-2.0545642969849687,1,1
orn,1,21,0.001,-0.08988228034709904,11,10
orn,1,21,0.01,-0.08988247305249733,11,10
orn,1,21,0.1,-0.08988443958056251,11,10
orn,2,21,0.001,-0.09541443651470576,110,51
orn,2,21,0.01,-0.09529414897964214,110,51
orn,2,21,0.1,-0.0952066986752705,110,51
orn,3,21,0.001,-0.10593589375116201,1100,177
orn,3,21,0.01,-0.10525327940241773,1100,177
orn,3,21,0.1,-0.10520065372863116,1100,177
orn,4,21,0.001,-0.12832053740396163,11000,440
orn,4,21,0.01,-0.12556300154395295,11000,440
orn,4,21,0.1,-0.12480376854992441,11000,440
orn,5,21,0.001,-0.2785491152538516,110000,776
orn,5,21,0.01,-0.2676674750843809,110000,776
orn,5,21,0.1,-0.2629246714604797,110000,776
orn,6,21,0.001,-0.5509706787233358,1100000,1069
orn,6,21,0.01,-0.542703753885058,1100000,1069
orn,6,21,0.1,-0.5427611931136953,1100000,1069
orn,0,22,0.001,-2.0343427386019743,1,1
orn,0,22,0.01,-2.0343427523838495,1,1
orn,0,22,0.1,-2.034342890220033,1,1
orn,1,22,0.001,-0.08610057248665871,11,10
orn,1,22,0.01,-0.08610073402385889,11,10
orn,1,22,0.1,-0.0861023889963679,11,10
orn,2,22,0.001,-0.08942920234231312,110,50
orn,2,22,0.01,-0.08928727991172106,110,50
orn,2,22,0.1,-0.0892664542018018,110,50
orn,3,22,0.001,-0.11013634843300232,1100,176
orn,3,22,0.01,-0.10896695045609196,1100,176
orn,3,22,0.1,-0.10849763698584944,1100,176
orn,4,22,0.001,-0.1425817230700734,11000,444
orn,4,22,0.01,-0.1397578936430384,11000,444
orn,4,22,0.1,-0.13876961020179865,11000,444
orn,5,22,0.001,-0.26375890292749615,110000,817
orn,5,22,0.01,-0.2582136207568213,110000,817
orn,5,22,0.1,-0.256320518713676,110000,817
orn,6,22,0.001,-0.4883616345331989,1100000,1116
orn,6,22,0.01,-0.4799884852504406,1100000,1116
orn,6,22,0.1,-0.4780675281093708,1100000,1116
orn,0,23,0.001,-2.1098229749137403,1,1
orn,0,23,0.01,-2.1098229793885923,1,1
orn,0,23,0.1,-2.1098230241519933,1,1
orn,1,23,0.001,-0.09081164751162867,11,10
orn,1,23,0.01,-0.09081195364770232,11,10
orn,1,23,0.1,-0.09081503658865513,11,10
orn,2,23,0.001,-0.09406759593798104,110,50
orn,2,23,0.01,-0.09400511555919858,110,50
orn,2,23,0.1,-0.09396678324628052,110,50
orn,3,23,0.001,-0.10457035298719165,1100,177
orn,3,23,0.01,-0.10382056597443147,1100,177
orn,3,23,0.1,-0.10334022360826822,1100,177
orn,4,23,0.001,-0.12969595965894337,11000,455
orn,4,23,0.01,-0.12755176473800242,11000,455
orn,4,23,0.1,-0.12710452471587425,11000,455
orn,5,23,0.001,-0.24845915694565499,110000,823
orn,5,23,0.01,-0.2425185282808369,110000,823
orn,5,23,0.1,-0.24157972978753106,110000,823
orn,6,23,0.001,-0.4501079580553123,1100000,1145
orn,6,23,0.01,-0.44235675849512873,1100000,1145
orn,6,23,0.1,-0.44259999044122594,1100000,1145
orn,0,24,0.001,-2.1444309632556275,1,1
orn,0,24,0.01,-2.144430954556991,1,1
orn,0,24,0.1,-2.144430867589217,1,1
orn,1,24,0.001,-0.09379705403154322,11,10
orn,1,24,0.01,-0.09379711862925613,11,10
orn,1,24,0.1,-0.09379786604743794,11,10
orn,2,24,0.001,-0.0977367029770664,110,51
orn,2,24,0.01,-0.09752158729484563,110,51
orn,2,24,0.1,-0.09736009173693272,110,51
orn,3,24,0.001,-0.10596301285607942,1100,187
orn,3,24,0.01,-0.10506641480679296,1100,187
orn,3,24,0.1,-0.10462030697704114,1100,187
orn,4,24,0.001,-0.15359573696972553,11000,480
orn,4,24,0.01,-0.1509246516926067,11000,480
orn,4,24,0.1,-0.15095934822809212,11000,480
orn,5,24,0.001,-0.3250322930545128,110000,870
orn,5,24,0.01,-0.3184703974709694,110000,870
orn,5,24,0.1,-0.3185935711779579,110000,870
orn,6,24,0.001,-0.7209937085471791,1100000,1212
orn,6,24,0.01,-0.7086867839376018,1100000,1212
orn,6,24,0.1,-0.7052398489412072,1100000,1212
orn,0,25,0.001,-2.116443973404211,1,1
orn,0,25,0.01,-2.1164439784880598,1,1
orn,0,25,0.1,-2.116444029341292,1,1
orn,1,25,0.001,-0.08704040585139529,11,10
orn,1,25,0.01,-0.08704085040639867,11,10
orn,1,25,0.1,-0.08704531895101124,11,10
orn,2,25,0.001,-0.0898775072006599,110,49
orn,2,25,0.01,-0.08979513176617791,110,49
orn,2,25,0.1,-0.08976365710259536,110,49
orn,3,25,0.001,-0.09514378652697253,1100,175
orn,3,25,0.01,-0.09468308995909293,1100,175
orn,3,25,0.1,-0.09470552761261426,1100,175
orn,4,25,0.001,-0.12296948587685878,11000,439
orn,4,25,0.01,-0.12063672723867447,11000,439
orn,4,25,0.1,-0.11985017378793275,11000,439
orn,5,25,0.001,-0.2406333897572923,110000,809
orn,5,25,0.01,-0.23582701364274325,110000,809
orn,5,25,0.1,-0.2359448296773378,110000,809
orn,6,25,0.001,-0.45631598493869013,1100000,1132
orn,6,25,0.01,-0.4488535442323713,1100000,1132
orn,6,25,0.1,-0.4497608448110765,1100000,1132
orn,0,26,0.001,-2.11425947960036,1,1
orn,0,26,0.01,-2.1142594806969104,1,1
orn,0,26,0.1,-2.114259491677388,1,1
orn,1,26,0.001,-0.08439558279370396,11,10
orn,1,26,0.01,-0.08439595648867251,11,10
orn,1,26,0.1,-0.08439972712321904,11,10
orn,2,26,0.001,-0.08894608933996354,110,50
orn,2,26,0.01,-0.08885752510005626,110,50
orn,2,26,0.1,-0.08879309276147049,110,50
orn,3,26,0.001,-0.09402765858346052,1100,184
orn,3,26,0.01,-0.09339714803095855,1100,184
orn,3,26,0.1,-0.09306641867524976,1100,184
orn,4,26,0.001,-0.11335003040456573,11000,467
orn,4,26,0.01,-0.1114567325196015,11000,467
orn,4,26,0.1,-0.11099451789727356,11000,467
orn,5,26,0.001,-0.20698290643383616,110000,833
orn,5,26,0.01,-0.20280995572968316,110000,833
orn,5,26,0.1,-0.20350508469226064,110000,833
orn,6,26,0.001,-0.4351133214962186,1100000,1148
orn,6,26,0.01,-0.42947514879800563,1100000,1148
orn,6,26,0.1,-0.4325388774655048,1100000,1148
orn,0,27,0.001,-2.127976892386543,1,1
orn,0,27,0.01,-2.127976891574648,1,1
orn,0,27,0.1,-2.127976883471684,1,1
orn,1,27,0.001,-0.0772240119890888,11,10
orn,1,27,0.01,-0.07722449508554877,11,10
orn,1,27,0.1,-0.07722934283268969,11,10
orn,2,27,0.001,-0.07911350790535557,110,48
orn,2,27,0.01,-0.07899886002832968,110,48
orn,2,27,0.1,-0.07894469861159804,110,48
orn,3,27,0.001,-0.09157948718279045,1100,165
orn,3,27,0.01,-0.0911031176844826,1100,165
orn,3,27,0.1,-0.0909408878483601,1100,165
orn,4,27,0.001,-0.10791000237431195,11000,405
orn,4,27,0.01,-0.10631315272682343,11000,405
orn,4,27,0.1,-0.10625301216271599,11000,405
orn,5,27,0.001,-0.18905709976258528,110000,706
orn,5,27,0.01,-0.18565461026642754,110000,706
orn,5,27,0.1,-0.18599432422392337,110000,706
orn,6,27,0.001,-0.3936592289276949,1100000,943
orn,6,27,0.01,-0.3887842694426449,1100000,943
orn,6,27,0.1,-0.3905009226063806,1100000,943
orn,0,28,0.001,-2.1569386803314896,1,1
orn,0,28,0.01,-2.1569386619500266,1,1
orn,0,28,0.1,-2.1569384781551495,1,1
orn,1,28,0.001,-0.09183070583699673,11,10
orn,1,28,0.01,-0.09183094223480963,11,10
orn,1,28,0.1,-0.09183336442046437,11,10
orn,2,28,0.001,-0.09849184394985122,110,51
orn,2,28,0.01,-0.09836293697326548,110,51
orn,2,28,0.1,-0.09828306908964231,110,51
orn,3,28,0.001,-0.10482298953001501,1100,187
orn,3,28,0.01,-0.10354168253721449,1100,187
orn,3,28,0.1,-0.10273748735564438,1100,187
orn,4,28,0.001,-0.14647339814822807,11000,474
orn,4,28,0.01,-0.14271562361975945,11000,474
orn,4,28,0.1,-0.14081641125697122,11000,474
orn,5,28,0.001,-0.36713845387260613,110000,855
orn,5,28,0.01,-0.3520533527147568,110000,855
orn,5,28,0.1,-0.34389533682605844,110000,855
orn,6,28,0.001,-0.6393165578665141,1100000,1181
orn,6,28,0.01,-0.6219532880749014,1100000,1181
orn,6,28,0.1,-0.6139911390392226,1100000,1181
orn,0,29,0.001,-2.1447187731301733,1,1
orn,0,29,0.01,-2.144718761757144,1,1
orn,0,29,0.1,-2.144718648050989,1,1
orn,1,29,0.001,-0.09978764213420417,11,10
orn,1,29,0.01,-0.09978778179452968,11,10
orn,1,29,0.1,-0.09978920917406563,11,10
orn,2,29,0.001,-0.10399967190246433,110,52
orn,2,29,0.01,-0.10387767693788857,110,52
orn,2,29,0.1,-0.10379996877198956,110,52
orn,3,29,0.001,-0.10986875325406144,1100,166
orn,3,29,0.01,-0.10898388437799973,1100,166
orn,3,29,0.1,-0.10835981687228613,1100,166
orn,4,29,0.001,-0.1370154592998582,11000,408
orn,4,29,0.01,-0.13364635127016242,11000,408
orn,4,29,0.1,-0.13238075847670977,11000,408
orn,5,29,0.001,-0.3524542272540184,110000,705
orn,5,29,0.01,-0.34583837898032416,110000,705
orn,5,29,0.1,-0.34526090817750926,110000,705
orn,6,29,0.001,-0.6673697359763532,1100000,966
orn,6,29,0.01,-0.6588103752203153,1100000,966
orn,6,29,0.1,-0.6600259385211331,1100000,966
orn,0,30,0.001,-2.287622282335589,1,1
orn,0,30,0.01,-2.287622238078386,1,1
orn,0,30,0.1,-2.2876217955266096,1,1
orn,1,30,0.001,-0.09476545046400886,11,10
orn,1,30,0.01,-0.09476597432074713,11,10
orn,1,30,0.1,-0.09477125800858777,11,10
orn,2,30,0.001,-0.1014088482157535,110,49
orn,2,30,0.01,-0.10138154825267727,110,49
orn,2,30,0.1,-0.10156283079580834,110,49
orn,3,30,0.001,-0.11622220453362561,1100,170
orn,3,30,0.01,-0.1154941806497956,1100,170
orn,3,30,0.1,-0.116277814614996,1100,170
orn,4,30,0.001,-0.21050058862850346,11000,409
orn,4,30,0.01,-0.2078799021560132,11000,409
orn,4,30,0.1,-0.20819822584916425,11000,409
orn,5,30,0.001,-0.3254983869063793,110000,733
orn,5,30,0.01,-0.3199559785320872,110000,733
orn,5,30,0.1,-0.3184902263294226,110000,733
orn,6,30,0.001,-0.6421932562262311,1100000,1015
orn,6,30,0.01,-0.6298679613818405,1100000,1015
orn,6,30,0.1,-0.6261940355563707,1100000,1015
orn,0,31,0.001,-2.0911657740058933,1,1
orn,0,31,0.01,-2.0911657797302277,1,1
orn,0,31,0.1,-2.091165836990885,1,1
orn,1,31,0.001,-0.08352948377223324,11,10
orn,1,31,0.01,-0.0835297144774582,11,10
orn,1,31,0.1,-0.083532054959107,11,10
orn,2,31,0.001,-0.09019587318680833,110,51
orn,2,31,0.01,-0.09010709186608322,110,51
orn,2,31,0.1,-0.09009096394905662,110,51
orn,3,31,0.001,-0.09550468718365568,1100,175
orn,3,31,0.01,-0.09485725034468971,1100,175
orn,3,31,0.1,-0.09482371611198433,1100,175
orn,4,31,0.001,-0.11682053801529445,11000,433
orn,4,31,0.01,-0.11439019609570839,11000,433
orn,4,31,0.1,-0.11539757444780181,11000,433
orn,5,31,0.001,-0.23286205438455043,110000,778
orn,5,31,0.01,-0.22778564104215487,110000,778
orn,5,31,0.1,-0.22687913348310215,110000,778
orn,6,31,0.001,-0.4549227761039014,1100000,1048
orn,6,31,0.01,-0.44768476576082794,1100000,1048
orn,6,31,0.1,-0.4471016478274805,1100000,1048
orn,0,32,0.001,-2.129199435789778,1,1
orn,0,32,0.01,-2.1291994296822603,1,1
orn,0,32,0.1,-2.129199368626025,1,1
orn,1,32,0.001,-0.0884855959445998,11,10
orn,1,32,0.01,-0.08848601514588404,11,10
orn,1,32,0.1,-0.08849022334715488,11,10
orn,2,32,0.001,-0.09195313378627826,110,48
orn,2,32,0.01,-0.09192470142491814,110,48
orn,2,32,0.1,-0.09193678403808246,110,48
orn,3,32,0.001,-0.10332168886592367,1100,172
orn,3,32,0.01,-0.10244304185836293,1100,172
orn,3,32,0.1,-0.10198487701566185,1100,172
orn,4,32,0.001,-0.12965669950768513,11000,406
orn,4,32,0.01,-0.12672232104592362,11000,406
orn,4,32,0.1,-0.12576157063685642,11000,406
orn,5,32,0.001,-0.2094529429681402,110000,694
orn,5,32,0.01,-0.2051327215126991,110000,694
orn,5,32,0.1,-0.20555106034323056,110000,694
orn,6,32,0.001,-0.45110301437970945,1100000,921
orn,6,32,0.01,-0.44620890245555367,1100000,921
orn,6,32,0.1,-0.4501653426870151,1100000,921
orn,0,33,0.001,-2.2284022696293433,1,1
orn,0,33,0.01,-2.228402243779253,1,1
orn,0,33,0.1,-2.2284019852933987,1,1
orn,1,33,0.001,-0.0751020325212115,11,10
orn,1,33,0.01,-0.07510282833972237,11,10
orn,1,33,0.1,-0.07511081045587314,11,10
orn,2,33,0.001,-0.0766434174106029,110,51
orn,2,33,0.01,-0.07654038929487664,110,51
orn,2,33,0.1,-0.07648023921433841,110,51
orn,3,33,0.001,-0.08436909035127482,1100,186
orn,3,33,0.01,-0.08393569545919057,1100,186
orn,3,33,0.1,-0.08426850741746883,1100,186
orn,4,33,0.001,-0.1565366478329438,11000,439
orn,4,33,0.01,-0.15458295441448855,11000,439
orn,4,33,0.1,-0.15400371838802288,11000,439
orn,5,33,0.001,-0.23961799229023698,110000,795
orn,5,33,0.01,-0.23595446745165136,110000,795
orn,5,33,0.1,-0.23513651180681008,110000,795
orn,6,33,0.001,-0.4274560444692797,1100000,1094
orn,6,33,0.01,-0.42207481904992006,1100000,1094
orn,6,33,0.1,-0.4227215038519877,1100000,1094
orn,0,34,0.001,-2.166103697590557,1,1
orn,0,34,0.01,-2.166103685198754,1,1
orn,0,34,0.1,-2.16610356130175,1,1
orn,1,34,0.001,-0.09277530816254188,11,10
orn,1,34,0.01,-0.09277561214287122,11,10
orn,1,34,0.1,-0.09277866631414604,11,10
orn,2,34,0.001,-0.09975711509784256,110,46
orn,2,34,0.01,-0.09966479567841702,110,46
orn,2,34,0.1,-0.09960845829302542,110,46
orn,3,34,0.001,-0.10996551903859553,1100,167
orn,3,34,0.01,-0.1090396039206512,1100,167
orn,3,34,0.1,-0.10865523857613481,1100,167
orn,4,34,0.001,-0.14098751396233153,11000,439
orn,4,34,0.01,-0.13764826015949883,11000,439
orn,4,34,0.1,-0.13680758421908343,11000,439
orn,5,34,0.001,-0.26773284966235233,110000,798
orn,5,34,0.01,-0.2610915861484605,110000,798
orn,5,34,0.1,-0.259207635733051,110000,798
orn,6,34,0.001,-0.5682364405159903,1100000,1094
orn,6,34,0.01,-0.5586035989324378,1100000,1094
orn,6,34,0.1,-0.5567320392114657,1100000,1094
orn,0,35,0.001,-2.1651774076580916,1,1
orn,0,35,0.01,-2.165177387815233,1,1
orn,0,35,0.1,-2.165177189406689,1,1
orn,1,35,0.001,-0.09604993176756219,11,10
orn,1,35,0.01,-0.09605026010582629,11,10
orn,1,35,0.1,-0.09605357769246692,11,10
orn,2,35,0.001,-0.09785788751339604,110,51
orn,2,35,0.01,-0.0977855556117538,110,51
orn,2,35,0.1,-0.09777965910504513,110,51
orn,3,35,0.001,-0.10619326002510497,1100,178
orn,3,35,0.01,-0.10539836227218605,1100,178
orn,3,35,0.1,-0.10492333309199615,1100,178
orn,4,35,0.001,-0.13613674776425394,11000,456
orn,4,35,0.01,-0.13328216680039948,11000,456
orn,4,35,0.1,-0.132224295071608,11000,456
orn,5,35,0.001,-0.2921537422030619,110000,845
orn,5,35,0.01,-0.2855585831963983,110000,845
orn,5,35,0.1,-0.2838330383382696,110000,845
orn,6,35,0.001,-0.5883738768885423,1100000,1184
orn,6,35,0.01,-0.5791076596011839,1100000,1184
orn,6,35,0.1,-0.5777659808746831,1100000,1184
orn,0,36,0.001,-2.072927060265371,1,1
orn,0,36,0.01,-2.072927067913008,1,1
orn,0,36,0.1,-2.07292714440613,1,1
orn,1,36,0.001,-0.08521916450566668,11,10
orn,1,36,0.01,-0.08521919024277193,11,10
orn,1,36,0.1,-0.08521959661850642,11,10
orn,2,36,0.001,-0.09069868682332045,110,50
orn,2,36,0.01,-0.09051375859927381,110,50
orn,2,36,0.1,-0.09054911507299583,110,50
orn,3,36,0.001,-0.11135232375729755,1100,179
orn,3,36,0.01,-0.1104726310855563,1100,179
orn,3,36,0.1,-0.11003081757341346,1100,179
orn,4,36,0.001,-0.13921965114905158,11000,445
orn,4,36,0.01,-0.1365622982765573,11000,445
orn,4,36,0.1,-0.13597167850897063,11000,445
orn,5,36,0.001,-0.29981269994951837,110000,770
orn,5,36,0.01,-0.2938703851677308,110000,770
orn,5,36,0.1,-0.29237065990130157,110000,770
orn,6,36,0.001,-0.5387260506294502,1100000,1037
orn,6,36,0.01,-0.5312298168817203,1100000,1037
orn,6,36,0.1,-0.532951487061274,1100000,1037
orn,0,37,0.001,-2.088987588501142,1,1
orn,0,37,0.01,-2.0889875877917494,1,1
orn,0,37,0.1,-2.088987580713782,1,1
orn,1,37,0.001,-0.099449743665234,11,10
orn,1,37,0.01,-0.09944978121332569,11,10
orn,1,37,0.1,-0.09945022947608888,11,10
orn,2,37,0.001,-0.09970821604765989,110,52
orn,2,37,0.01,-0.09961623749040228,110,52
orn,2,37,0.1,-0.09971221962852263,110,52
orn,3,37,0.001,-0.11725619813509303,1100,191
orn,3,37,0.01,-0.11556806593263837,1100,191
orn,3,37,0.1,-0.11486345406141221,1100,191
orn,4,37,0.001,-0.15403658785906962,11000,512
orn,4,37,0.01,-0.15076629857265766,11000,512
orn,4,37,0.1,-0.15023578268431986,11000,512
orn,5,37,0.001,-0.3334047492254202,110000,996
orn,5,37,0.01,-0.3270240619841927,110000,996
orn,5,37,0.1,-0.32624200186707786,110000,996
orn,6,37,0.001,-0.6271777557224971,1100000,1440
orn,6,37,0.01,-0.6172368332140337,1100000,1440
orn,6,37,0.1,-0.616784881716739,1100000,1440
orn,0,38,0.001,-2.134677243485092,1,1
orn,0,38,0.01,-2.134677235587573,1,1
orn,0,38,0.1,-2.134677156635757,1,1
orn,1,38,0.001,-0.09225624257928956,11,10
orn,1,38,0.01,-0.09225644646066063,11,10
orn,1,38,0.1,-0.09225851220747548,11,10
orn,2,38,0.001,-0.09624752690103136,110,50
orn,2,38,0.01,-0.09613034536986521,110,50
orn,2,38,0.1,-0.09608688623280855,110,50
orn,3,38,0.001,-0.11059614614313144,1100,162
orn,3,38,0.01,-0.10982022848112676,1100,162
orn,3,38,0.1,-0.10965506561151658,1100,162
orn,4,38,0.001,-0.14855830469453776,11000,390
orn,4,38,0.01,-0.14644786546108687,11000,390
orn,4,38,0.1,-0.14739613639516444,11000,390
orn,5,38,0.001,-0.26716749606884965,110000,667
orn,5,38,0.01,-0.2616994823509369,110000,667
orn,5,38,0.1,-0.2597931560630693,110000,667
orn,6,38,0.001,-0.5783803368620619,1100000,863
orn,6,38,0.01,-0.568618110763607,1100000,863
orn,6,38,0.1,-0.5658755600062219,1100000,863
orn,0,39,0.001,-2.151131950076232,1,1
orn,0,39,0.01,-2.1511319470862413,1,1
orn,0,39,0.1,-2.151131917202465,1,1
orn,1,39,0.001,-0.08101608414902975,11,10
orn,1,39,0.01,-0.08101647861838392,11,10
orn,1,39,0.1,-0.0810204610849495,11,10
orn,2,39,0.001,-0.08395892375743111,110,50
orn,2,39,0.01,-0.08379654769151716,110,50
orn,2,39,0.1,-0.08368309626987677,110,50
orn,3,39,0.001,-0.09221977930440269,1100,176
orn,3,39,0.01,-0.09076744307291996,1100,176
orn,3,39,0.1,-0.08974822776657328,1100,176
orn,4,39,0.001,-0.11020850095447425,11000,425
orn,4,39,0.01,-0.10817213374827742,11000,425
orn,4,39,0.1,-0.10759088737173814,11000,425
orn,5,39,0.001,-0.18294415912205234,110000,744
orn,5,39,0.01,-0.17937890700402068,110000,744
orn,5,39,0.1,-0.17866765037059412,110000,744
orn,6,39,0.001,-0.3605603727047508,1100000,994
orn,6,39,0.01,-0.3547186347689494,1100000,994
orn,6,39,0.1,-0.35854102952975353,1100000,994
orn,0,40,0.001,-2.251805890535898,1,1
orn,0,40,0.01,-2.2518058511023242,1,1
orn,0,40,0.1,-2.251805456782189,1,1
orn,1,40,0.001,-0.08981318789465427,11,10
orn,1,40,0.01,-0.08981379111120218,11,10
orn,1,40,0.1,-0.08981987579807836,11,10
orn,2,40,0.001,-0.09496599423380961,110,51
orn,2,40,0.01,-0.094891417807827,110,51
orn,2,40,0.1,-0.09490039158439605,110,51
orn,3,40,0.001,-0.1018913063101278,1100,186
orn,3,40,0.01,-0.10114668048556073,1100,186
orn,3,40,0.1,-0.10119870088939038,1100,186
orn,4,40,0.001,-0.18513937593919907,11000,487
orn,4,40,0.01,-0.18253425411472857,11000,487
orn,4,40,0.1,-0.18221967157861843,11000,487
orn,5,40,0.001,-0.34293537791544104,110000,951
orn,5,40,0.01,-0.3335764824410825,110000,951
orn,5,40,0.1,-0.330098938538865,110000,951
orn,6,40,0.001,-0.6104406333453828,1100000,1390
orn,6,40,0.01,-0.6021098934867556,1100000,1390
orn,6,40,0.1,-0.6038524763540506,1100000,1390
orn,0,41,0.001,-2.0525053834257725,1,1
orn,0,41,0.01,-2.052505399235303,1,1
orn,0,41,0.1,-2.052505557345995,1,1
orn,1,41,0.001,-0.08873200821776839,11,10
orn,1,41,0.01,-0.08869602378325324,11,10
orn,1,41,0.1,-0.08866262662400821,11,10
orn,2,41,0.001,-0.09376716180274727,110,50
orn,2,41,0.01,-0.09365578920749627,110,50
orn,2,41,0.1,-0.09356973949037962,110,50
orn,3,41,0.001,-0.0991223288918219,1100,168
orn,3,41,0.01,-0.09855817944365693,1100,168
orn,3,41,0.1,-0.09831971618185886,1100,168
orn,4,41,0.001,-0.12290526871046673,11000,403
orn,4,41,0.01,-0.11932140213809428,11000,403
orn,4,41,0.1,-0.11719228775795858,11000,403
orn,5,41,0.001,-0.19913287200575064,110000,720
orn,5,41,0.01,-0.19408079830727196,110000,720
orn,5,41,0.1,-0.19238394707734546,110000,720
orn,6,41,0.001,-0.3379887185070166,1100000,972
orn,6,41,0.01,-0.33198906273035783,1100000,972
orn,6,41,0.1,-0.33270831850350535,1100000,972
orn,0,42,0.001,-2.206041264350272,1,1
orn,0,42,0.01,-2.20604124261566,1,1
orn,0,42,0.1,-2.2060410252851477,1,1
orn,1,42,0.001,-0.07678990781385607,11,10
orn,1,42,0.01,-0.0767904435690233,11,10
orn,1,42,0.1,-0.07679584259524214,11,10
orn,2,42,0.001,-0.07971821974602464,110,51
orn,2,42,0.01,-0.07963720826979831,110,51
orn,2,42,0.1,-0.07983556471488243,110,51
orn,3,42,0.001,-0.09248231914599982,1100,181
orn,3,42,0.01,-0.091116255855292,1100,181
orn,3,42,0.1,-0.09117514970575469,1100,181
orn,4,42,0.001,-0.17035810169289772,11000,440
orn,4,42,0.01,-0.16849969727897587,11000,440
orn,4,42,0.1,-0.16924577409378436,11000,440
orn,5,42,0.001,-0.27409003557518413,110000,753
orn,5,42,0.01,-0.2686105967819464,110000,753
orn,5,42,0.1,-0.2667894138820823,110000,753
orn,6,42,0.001,-0.4554198632135741,1100000,1004
orn,6,42,0.01,-0.44955631968123194,1100000,1004
orn,6,42,0.1,-0.4508451624984123,1100000,1004
orn,0,43,0.001,-2.112501408818273,1,1
orn,0,43,0.01,-2.112501408918314,1,1
orn,0,43,0.1,-2.112501409935998,1,1
orn,1,43,0.001,-0.08806661366188254,11,10
orn,1,43,0.01,-0.0880667945709703,11,10
orn,1,43,0.1,-0.0880686493122675,11,10
orn,2,43,0.001,-0.09241541377113666,110,50
orn,2,43,0.01,-0.09219426414802256,110,50
orn,2,43,0.1,-0.09202212657075513,110,50
orn,3,43,0.001,-0.11045937750568002,1100,181
orn,3,43,0.01,-0.10954886231201097,1100,181
orn,3,43,0.1,-0.1092298078143555,1100,181
orn,4,43,0.001,-0.13953819091211006,11000,459
orn,4,43,0.01,-0.1368466486767458,11000,459
orn,4,43,0.1,-0.13589919230342168,11000,459
orn,5,43,0.001,-0.2381458474383875,110000,814
orn,5,43,0.01,-0.23253620047920745,110000,814
orn,5,43,0.1,-0.23103939343078858,110000,814
orn,6,43,0.001,-0.46126997331135355,1100000,1110
orn,6,43,0.01,-0.4531478859281775,1100000,1110
orn,6,43,0.1,-0.4521937688678406,1100000,1110
orn,0,44,0.001,-2.1228092530462788,1,1
orn,0,44,0.01,-2.1228092529987426,1,1
orn,0,44,0.1,-2.1228092525394486,1,1
orn,1,44,0.001,-0.09174530855398655,11,10
orn,1,44,0.01,-0.09174578037861714,11,10
orn,1,44,0.1,-0.09175050869340894,11,10
orn,2,44,0.001,-0.09484178513814398,110,46
orn,2,44,0.01,-0.09481951429566789,110,46
orn,2,44,0.1,-0.094845300965812,110,46
orn,3,44,0.001,-0.10026560878462014,1100,165
orn,3,44,0.01,-0.09958269288200913,1100,165
orn,3,44,0.1,-0.09929278740279908,1100,165
orn,4,44,0.001,-0.13011097279310604,11000,428
orn,4,44,0.01,-0.1278793771091725,11000,428
orn,4,44,0.1,-0.12722898684289974,11000,428
orn,5,44,0.001,-0.2540948259333,110000,786
orn,5,44,0.01,-0.24266781398825651,110000,786
orn,5,44,0.1,-0.23755082510481496,110000,786
orn,6,44,0.001,-0.48618257302757867,1100000,1090
orn,6,44,0.01,-0.4722201263079212,1100000,1090
orn,6,44,0.1,-0.4667198134473567,1100000,1090
orn,0,45,0.001,-2.0565490706165743,1,1
orn,0,45,0.01,-2.056549084343287,1,1
orn,0,45,0.1,-2.0565492216247896,1,1
orn,1,45,0.001,-0.08104929253356738,11,10
orn,1,45,0.01,-0.08104969398882171,11,10
orn,1,45,0.1,-0.08105372701434845,11,10
orn,2,45,0.001,-0.08439834912429789,110,49
orn,2,45,0.01,-0.08436323829457161,110,49
orn,2,45,0.1,-0.08435720627013976,110,49
orn,3,45,0.001,-0.0901666357293527,1100,172
orn,3,45,0.01,-0.08947041533073677,1100,172
orn,3,45,0.1,-0.08918471046138206,1100,172
orn,4,45,0.001,-0.1174847808123632,11000,444
orn,4,45,0.01,-0.11528942285159362,11000,444
orn,4,45,0.1,-0.11470573969814021,11000,444
orn,5,45,0.001,-0.22383566390880968,110000,794
orn,5,45,0.01,-0.2154024994744576,110000,794
orn,5,45,0.1,-0.2128614380241651,110000,794
orn,6,45,0.001,-0.47511465029596583,1100000,1110
orn,6,45,0.01,-0.46943290710262964,1100000,1110
orn,6,45,0.1,-0.4716025695513011,1100000,1110
orn,0,46,0.001,-2.115177197707997,1,1
orn,0,46,0.01,-2.115177200481179,1,1
orn,0,46,0.1,-2.1151772282292267,1,1
orn,1,46,0.001,-0.09954362961697981,11,10
orn,1,46,0.01,-0.09954385783168071,11,10
orn,1,46,0.1,-0.09954616005198785,11,10
orn,2,46,0.001,-0.10216157855200658,110,50
orn,2,46,0.01,-0.10211101956859273,110,50
orn,2,46,0.1,-0.10210860474103824,110,50
orn,3,46,0.001,-0.11020392553873146,1100,181
orn,3,46,0.01,-0.10913503077476028,1100,181
orn,3,46,0.1,-0.1085075297134898,1100,181
orn,4,46,0.001,-0.14412082631612239,11000,477
orn,4,46,0.01,-0.14098483957590136,11000,477
orn,4,46,0.1,-0.13945666779203825,11000,477
orn,5,46,0.001,-0.2721921692650695,110000,905
orn,5,46,0.01,-0.2651383965624423,110000,905
orn,5,46,0.1,-0.26305513005681586,110000,905
orn,6,46,0.001,-0.5482167207533944,1100000,1296
orn,6,46,0.01,-0.5389582635057445,1100000,1296
orn,6,46,0.1,-0.5378540956261036,1100000,1296
orn,0,47,0.001,-2.076119780780255,1,1
orn,0,47,0.01,-2.076119785300048,1,1
orn,0,47,0.1,-2.076119830515122,1,1
orn,1,47,0.001,-0.07159686391930377,11,10
orn,1,47,0.01,-0.07159727416322433,11,10
orn,1,47,0.1,-0.07160139957751707,11,10
orn,2,47,0.001,-0.07253676908217,110,50
orn,2,47,0.01,-0.07243622640558721,110,50
orn,2,47,0.1,-0.07236430225149744,110,50
orn,3,47,0.001,-0.08558822856935287,1100,172
orn,3,47,0.01,-0.08429508417171722,1100,172
orn,3,47,0.1,-0.08338566415156612,1100,172
orn,4,47,0.001,-0.09894776330295124,11000,384
orn,4,47,0.01,-0.0974349439333467,11000,384
orn,4,47,0.1,-0.09727936619637684,11000,384
orn,5,47,0.001,-0.19809768119962845,110000,639
orn,5,47,0.01,-0.1949891638826477,110000,639
orn,5,47,0.1,-0.19554778565404807,110000,639
orn,6,47,0.001,-0.43592169194972125,1100000,842
orn,6,47,0.01,-0.4314400180884148,1100000,842
orn,6,47,0.1,-0.43364761670709273,1100000,842
orn,0,48,0.001,-2.1236840459908053,1,1
orn,0,48,0.01,-2.1236840444331286,1,1
orn,0,48,0.1,-2.123684028874318,1,1
orn,1,48,0.001,-0.08081484398740206,11,10
orn,1,48,0.01,-0.0808151592577702,11,10
orn,1,48,0.1,-0.08081834838214189,11,10
orn,2,48,0.001,-0.08241132410491808,110,50
orn,2,48,0.01,-0.08233235516390565,110,50
orn,2,48,0.1,-0.0823749978469076,110,50
orn,3,48,0.001,-0.09796797549214055,1100,170
orn,3,48,0.01,-0.09697412282619909,1100,170
orn,3,48,0.1,-0.09685924437806274,1100,170
orn,4,48,0.001,-0.1386060973558219,11000,415
orn,4,48,0.01,-0.13618629371468766,11000,415
orn,4,48,0.1,-0.13606184486575618,11000,415
orn,5,48,0.001,-0.2954545367755098,110000,718
orn,5,48,0.01,-0.28270578859191786,110000,718
orn,5,48,0.1,-0.27732515718099315,110000,718
orn,6,48,0.001,-0.6012296230238543,1100000,962
orn,6,48,0.01,-0.5868471314768011,1100000,962
orn,6,48,0.1,-0.5824695074570465,1100000,962
orn,0,49,0.001,-2.11580348629263,1,1
orn,0,49,0.01,-2.115803487100276,1,1
orn,0,49,0.1,-2.115803495193263,1,1
orn,1,49,0.001,-0.07585877500440687,11,10
orn,1,49,0.01,-0.07585929863844308,11,10
orn,1,49,0.1,-0.07586455172797808,11,10
orn,2,49,0.001,-0.07933542466161032,110,50
orn,2,49,0.01,-0.07927997801174919,110,50
orn,2,49,0.1,-0.0792620148829729,110,50
orn,3,49,0.001,-0.08589057574398609,1100,165
orn,3,49,0.01,-0.08459758240496121,1100,165
orn,3,49,0.1,-0.08400404267411717,1100,165
orn,4,49,0.001,-0.1071229460377454,11000,367
orn,4,49,0.01,-0.10571842366541397,11000,367
orn,4,49,0.1,-0.1057816386198034,11000,367
orn,5,49,0.001,-0.20810648330186868,110000,604
orn,5,49,0.01,-0.2045840541911376,110000,604
orn,5,49,0.1,-0.2053247022858991,110000,604
orn,6,49,0.001,-0.39977226188871756,1100000,791
orn,6,49,0.01,-0.39270894837349213,1100000,791
orn,6,49,0.1,-0.39385371580437883,1100000,791
orn,0,50,0.001,-2.2479087071572756,1,1
orn,0,50,0.01,-2.247908692502621,1,1
orn,0,50,0.1,-2.247908545972176,1,1
orn,1,50,0.001,-0.08923694493131847,11,10
orn,1,50,0.01,-0.08923748280413517,11,10
orn,1,50,0.1,-0.08924287781801633,11,10
orn,2,50,0.001,-0.09280594124352945,110,49
orn,2,50,0.01,-0.0927708295072197,110,49
orn,2,50,0.1,-0.09279650293701713,110,49
orn,3,50,0.001,-0.1011889679784971,1100,176
orn,3,50,0.01,-0.1003134749678567,1100,176
orn,3,50,0.1,-0.09993915010240058,1100,176
orn,4,50,0.001,-0.12402094729024025,11000,454
orn,4,50,0.01,-0.121388478766802,11000,454
orn,4,50,0.1,-0.12061988792584784,11000,454
orn,5,50,0.001,-0.223245364870155,110000,825
orn,5,50,0.01,-0.2134309038627083,110000,825
orn,5,50,0.1,-0.20968191164575192,110000,825
orn,6,50,0.001,-0.4363515102587456,1100000,1121
orn,6,50,0.01,-0.4285329113330696,1100000,1121
orn,6,50,0.1,-0.43278520348222493,1100000,1121
orn,0,51,0.001,-2.0369027036063843,1,1
orn,0,51,0.01,-2.036902720616778,1,1
orn,0,51,0.1,-2.03690289073577,1,1
orn,1,51,0.001,-0.07695187763272038,11,10
orn,1,51,0.01,-0.07695219893430823,11,10
orn,1,51,0.1,-0.07695543401837077,11,10
orn,2,51,0.001,-0.07919616689410851,110,49
orn,2,51,0.01,-0.07911794852001351,110,49
orn,2,51,0.1,-0.07907420291919302,110,49
orn,3,51,0.001,-0.0853663791924084,1100,169
orn,3,51,0.01,-0.08414169956911792,1100,169
orn,3,51,0.1,-0.08331481710799357,1100,169
orn,4,51,0.001,-0.10378077603524666,11000,403
orn,4,51,0.01,-0.10229398215926694,11000,403
orn,4,51,0.1,-0.10208828719678337,11000,403
orn,5,51,0.001,-0.22722435668225083,110000,708
orn,5,51,0.01,-0.21744379023812518,110000,708
orn,5,51,0.1,-0.2125861237532031,110000,708
orn,6,51,0.001,-0.39535901324927164,1100000,951
orn,6,51,0.01,-0.38392485268577664,1100000,951
orn,6,51,0.1,-0.3800613314451379,1100000,951
orn,0,52,0.001,-2.116506784466059,1,1
orn,0,52,0.01,-2.1165067851850985,1,1
orn,0,52,0.1,-2.1165067923935643,1,1
orn,1,52,0.001,-0.08180941950068889,11,10
orn,1,52,0.01,-0.08180983840408247,11,10
orn,1,52,0.1,-0.0818140475284106,11,10
orn,2,52,0.001,-0.08587066782100025,110,50
orn,2,52,0.01,-0.08582904171195238,110,50
orn,2,52,0.1,-0.08585126083378393,110,50
orn,3,52,0.001,-0.09220669672870375,1100,165
orn,3,52,0.01,-0.09154369287816341,1100,165
orn,3,52,0.1,-0.09133268021939507,1100,165
orn,4,52,0.001,-0.1184601215148729,11000,385
orn,4,52,0.01,-0.11357144333135843,11000,385
orn,4,52,0.1,-0.11070057815296316,11000,385
orn,5,52,0.001,-0.21814240105306118,110000,653
orn,5,52,0.01,-0.2138422326491829,110000,653
orn,5,52,0.1,-0.21377975041828048,110000,653
orn,6,52,0.001,-0.3898134967339437,1100000,847
orn,6,52,0.01,-0.3845809691635908,1100000,847
orn,6,52,0.1,-0.38534290086063994,1100000,847
orn,0,53,0.001,-2.0995972714285913,1,1
orn,0,53,0.01,-2.099597280339972,1,1
orn,0,53,0.1,-2.099597369469187,1,1
orn,1,53,0.001,-0.08356264163226011,11,10
orn,1,53,0.01,-0.08356311822618967,11,10
orn,1,53,0.1,-0.08356789415828063,11,10
orn,2,53,0.001,-0.08566508436454057,110,46
orn,2,53,0.01,-0.08558594042797545,110,46
orn,2,53,0.1,-0.08553465092090097,110,46
orn,3,53,0.001,-0.08878733430340266,1100,161
orn,3,53,0.01,-0.08826797150732958,1100,161
orn,3,53,0.1,-0.08795919435470372,1100,161
orn,4,53,0.001,-0.10228365250895316,11000,394
orn,4,53,0.01,-0.10081315286419319,11000,394
orn,4,53,0.1,-0.10033760687343594,11000,394
orn,5,53,0.001,-0.18003883469578627,110000,666
orn,5,53,0.01,-0.17053999530250868,110000,666
orn,5,53,0.1,-0.16659684130509886,110000,666
orn,6,53,0.001,-0.3263517426629489,1100000,871
orn,6,53,0.01,-0.3149999565048248,1100000,871
orn,6,53,0.1,-0.3120109449215221,1100000,871
orn,0,54,0.001,-2.152086103874305,1,1
orn,0,54,0.01,-2.1520861093226817,1,1
orn,0,54,0.1,-2.152086163817945,1,1
orn,1,54,0.001,-0.08793274106641832,11,10
orn,1,54,0.01,-0.08790717490074193,11,10
orn,1,54,0.1,-0.08788550618667143,11,10
orn,2,54,0.001,-0.0895094359532667,110,51
orn,2,54,0.01,-0.08940941627628901,110,51
orn,2,54,0.1,-0.08943884690972836,110,51
orn,3,54,0.001,-0.09997652289298384,1100,186
orn,3,54,0.01,-0.09930535275829432,1100,186
orn,3,54,0.1,-0.09893248316092144,1100,186
orn,4,54,0.001,-0.12139585579901874,11000,476
orn,4,54,0.01,-0.11906834193056141,11000,476
orn,4,54,0.1,-0.11897736616867646,11000,476
orn,5,54,0.001,-0.26013031454316493,110000,922
orn,5,54,0.01,-0.2554919780219725,110000,922
orn,5,54,0.1,-0.2552538424911615,110000,922
orn,6,54,0.001,-0.4676372341357491,1100000,1367
orn,6,54,0.01,-0.45948793896196083,1100000,1367
orn,6,54,0.1,-0.459844537635912,1100000,1367
orn,0,55,0.001,-2.088114120455585,1,1
orn,0,55,0.01,-2.0881141268053995,1,1
orn,0,55,0.1,-2.0881141903191005,1,1
orn,1,55,0.001,-0.08379334340108503,11,10
orn,1,55,0.01,-0.08379372314731662,11,10
orn,1,55,0.1,-0.08379753863078919,11,10
orn,2,55,0.001,-0.08617099915477829,110,48
orn,2,55,0.01,-0.08614687800340741,110,48
orn,2,55,0.1,-0.08614967201148903,110,48
orn,3,55,0.001,-0.0906558822158917,1100,171
orn,3,55,0.01,-0.09009140326425222,1100,171
orn,3,55,0.1,-0.08991232496827078,1100,171
orn,4,55,0.001,-0.11018990129479518,11000,438
orn,4,55,0.01,-0.1076288452647927,11000,438
orn,4,55,0.1,-0.10652318187523506,11000,438
orn,5,55,0.001,-0.2513493659680979,110000,814
orn,5,55,0.01,-0.2419158169345889,110000,814
orn,5,55,0.1,-0.23696539586581244,110000,814
orn,6,55,0.001,-0.46809157766377857,1100000,1117
orn,6,55,0.01,-0.4608375277775098,1100000,1117
orn,6,55,0.1,-0.4600836687739743,1100000,1117
orn,0,56,0.001,-2.080107179875996,1,1
orn,0,56,0.01,-2.0801071901688983,1,1
orn,0,56,0.1,-2.080107293113669,1,1
orn,1,56,0.001,-0.07766228184437912,11,10
orn,1,56,0.01,-0.07766273820449855,11,10
orn,1,56,0.1,-0.07766731127165433,11,10
orn,2,56,0.001,-0.08325624529464576,110,49
orn,2,56,0.01,-0.08324731242810152,110,49
orn,2,56,0.1,-0.08329083648893625,110,49
orn,3,56,0.001,-0.08700555137460957,1100,163
orn,3,56,0.01,-0.08645249642952989,1100,163
orn,3,56,0.1,-0.08632762569897998,1100,163
orn,4,56,0.001,-0.11199138992894477,11000,415
orn,4,56,0.01,-0.11016240777717044,11000,415
orn,4,56,0.1,-0.11081788264858365,11000,415
orn,5,56,0.001,-0.23764011876458502,110000,746
orn,5,56,0.01,-0.2326430375496193,110000,746
orn,5,56,0.1,-0.2336328015945549,110000,746
orn,6,56,0.001,-0.4321279119123233,1100000,1004
orn,6,56,0.01,-0.42572430575328096,1100000,1004
orn,6,56,0.1,-0.43040957925056633,1100000,1004
orn,0,57,0.001,-2.077434237256694,1,1
orn,0,57,0.01,-2.077434249153359,1,1
orn,0,57,0.1,-2.0774343681343983,1,1
orn,1,57,0.001,-0.08236716535325928,11,10
orn,1,57,0.01,-0.08236756656119852,11,10
orn,1,57,0.1,-0.08237160212883787,11,10
orn,2,57,0.001,-0.08296910346009162,110,50
orn,2,57,0.01,-0.08291069067900453,110,50
orn,2,57,0.1,-0.08289267865364741,110,50
orn,3,57,0.001,-0.09166372069503241,1100,174
orn,3,57,0.01,-0.09120591278832997,1100,174
orn,3,57,0.1,-0.0912119967759517,1100,174
orn,4,57,0.001,-0.10960281161205623,11000,409
orn,4,57,0.01,-0.10816878978216395,11000,409
orn,4,57,0.1,-0.10867441366495148,11000,409
orn,5,57,0.001,-0.17370871050565043,110000,703
orn,5,57,0.01,-0.16894409764762033,110000,703
orn,5,57,0.1,-0.16933651480803677,110000,703
orn,6,57,0.001,-0.37141722073394956,1100000,940
orn,6,57,0.01,-0.3669352574641368,1100000,940
orn,6,57,0.1,-0.36967548414464596,1100000,940
orn,0,58,0.001,-2.119827261800435,1,1
orn,0,58,0.01,-2.119827255175125,1,1
orn,0,58,0.1,-2.119827188940144,1,1
orn,1,58,0.001,-0.08704784877912637,11,10
orn,1,58,0.01,-0.0870482223644582,11,10
orn,1,58,0.1,-0.08705199178490289,11,10
orn,2,58,0.001,-0.0927333782691652,110,49
orn,2,58,0.01,-0.09258163785296841,110,49
orn,2,58,0.1,-0.09246038074755002,110,49
orn,3,58,0.001,-0.10384987763093423,1100,169
orn,3,58,0.01,-0.10318780933692413,1100,169
orn,3,58,0.1,-0.10282548334122059,1100,169
orn,4,58,0.001,-0.13063689932289613,11000,417
orn,4,58,0.01,-0.12760974254841653,11000,417
orn,4,58,0.1,-0.12648771443446227,11000,417
orn,5,58,0.001,-0.2761079148118066,110000,756
orn,5,58,0.01,-0.26797814208753934,110000,756
orn,5,58,0.1,-0.26464649276433144,110000,756
orn,6,58,0.001,-0.481807410987359,1100000,1038
orn,6,58,0.01,-0.4744029650295314,1100000,1038
orn,6,58,0.1,-0.47374921500423184,1100000,1038
orn,0,59,0.001,-2.236160929628598,1,1
orn,0,59,0.01,-2.236160890048047,1,1
orn,0,59,0.1,-2.2361604942572892,1,1
orn,1,59,0.001,-0.07932873429914565,11,10
orn,1,59,0.01,-0.07932951621977274,11,10
orn,1,59,0.1,-0.07933736703791387,11,10
orn,2,59,0.001,-0.0795728089738988,110,49
orn,2,59,0.01,-0.07948888480566271,110,49
orn,2,59,0.1,-0.07947637546936837,110,49
orn,3,59,0.001,-0.09357153049729373,1100,188
orn,3,59,0.01,-0.09236246056341965,1100,188
orn,3,59,0.1,-0.09252958805629001,1100,188
orn,4,59,0.001,-0.16098450041997694,11000,498
orn,4,59,0.01,-0.1586765309195974,11000,498
orn,4,59,0.1,-0.15898649231666453,11000,498
orn,5,59,0.001,-0.35272909783522777,110000,924
orn,5,59,0.01,-0.34070190287240665,110000,924
orn,5,59,0.1,-0.33504565310329376,110000,924
orn,6,59,0.001,-0.586284025176342,1100000,1328
orn,6,59,0.01,-0.575002483447271,1100000,1328
orn,6,59,0.1,-0.5715365950580468,1100000,1328
orn,0,60,0.001,-2.2639196043612273,1,1
orn,0,60,0.01,-2.263919567726748,1,1
orn,0,60,0.1,-2.263919201397214,1,1
orn,1,60,0.001,-0.08490875626472918,11,10
orn,1,60,0.01,-0.08490953401128758,11,10
orn,1,60,0.1,-0.08491734627970882,11,10
orn,2,60,0.001,-0.08622581149484829,110,50
orn,2,60,0.01,-0.08616618266794718,110,50
orn,2,60,0.1,-0.08618797826782466,110,50
orn,3,60,0.001,-0.0987782752609672,1100,185
orn,3,60,0.01,-0.09770931419435343,1100,185
orn,3,60,0.1,-0.09800898484759464,1100,185
orn,4,60,0.001,-0.16021592648398109,11000,445
orn,4,60,0.01,-0.15695295559641523,11000,445
orn,4,60,0.1,-0.15607728545342417,11000,445
orn,5,60,0.001,-0.2570917101726877,110000,811
orn,5,60,0.01,-0.2500233019704224,110000,811
orn,5,60,0.1,-0.2477200204438,110000,811
orn,6,60,0.001,-0.41533722618311664,1100000,1129
orn,6,60,0.01,-0.4071292164320838,1100000,1129
orn,6,60,0.1,-0.4087415444920475,1100000,1129
orn,0,61,0.001,-2.338476459849565,1,1
orn,0,61,0.01,-2.3384764071717776,1,1
orn,0,61,0.1,-2.3384758804118833,1,1
orn,1,61,0.001,-0.08103056490469909,11,10
orn,1,61,0.01,-0.0810313864736655,11,10
orn,1,61,0.1,-0.0810396343016771,11,10
orn,2,61,0.001,-0.08436492559101592,110,49
orn,2,61,0.01,-0.08425842485378725,110,49
orn,2,61,0.1,-0.08420917350806274,110,49
orn,3,61,0.001,-0.09786118092198526,1100,177
orn,3,61,0.01,-0.09707164023757263,1100,177
orn,3,61,0.1,-0.09712955512043293,1100,177
orn,4,61,0.001,-0.17866535775301567,11000,458
orn,4,61,0.01,-0.17627856347316442,11000,458
orn,4,61,0.1,-0.17588687204505263,11000,458
orn,5,61,0.001,-0.31178606784620694,110000,799
orn,5,61,0.01,-0.30278048285241815,110000,799
orn,5,61,0.1,-0.29907734698477223,110000,799
orn,6,61,0.001,-0.5119386000315914,1100000,1042
orn,6,61,0.01,-0.5049913186302738,1100000,1042
orn,6,61,0.1,-0.5055106409272091,1100000,1042
orn,0,62,0.001,-2.0933295973588506,1,1
orn,0,62,0.01,-2.0933296016007636,1,1
orn,0,62,0.1,-2.0933296440373597,1,1
orn,1,62,0.001,-0.08862742370248519,11,10
orn,1,62,0.01,-0.08862768391070014,11,10
orn,1,62,0.1,-0.088630314793028,11,10
orn,2,62,0.001,-0.09788476213972618,110,50
orn,2,62,0.01,-0.09775695502947267,110,50
orn,2,62,0.1,-0.09768032427238657,110,50
orn,3,62,0.001,-0.10671206874966017,1100,171
orn,3,62,0.01,-0.10583950141247522,1100,171
orn,3,62,0.1,-0.10551902526795044,1100,171
orn,4,62,0.001,-0.13864215965005341,11000,416
orn,4,62,0.01,-0.1353937302944821,11000,416
orn,4,62,0.1,-0.1340299088437902,11000,416
orn,5,62,0.001,-0.29963693166469835,110000,749
orn,5,62,0.01,-0.29098564868979937,110000,749
orn,5,62,0.1,-0.28748114462091445,110000,749
orn,6,62,0.001,-0.5528446977944951,1100000,1050
orn,6,62,0.01,-0.5426807326697408,1100000,1050
orn,6,62,0.1,-0.5404173961817443,1100000,1050
orn,0,63,0.001,-2.1560442440716474,1,1
orn,0,63,0.01,-2.1560442359462577,1,1
orn,0,63,0.1,-2.156044154711742,1,1
orn,1,63,0.001,-0.09051454929837736,11,10
orn,1,63,0.01,-0.09051481205592377,11,10
orn,1,63,0.1,-0.09051748108347524,11,10
orn,2,63,0.001,-0.09225480313917227,110,50
orn,2,63,0.01,-0.09202935313345208,110,50
orn,2,63,0.1,-0.0918598923771235,110,50
orn,3,63,0.001,-0.10873868212459063,1100,169
orn,3,63,0.01,-0.10807515316000635,1100,169
orn,3,63,0.1,-0.10773581010358485,1100,169
orn,4,63,0.001,-0.12942028916059062,11000,415
orn,4,63,0.01,-0.12691796204072348,11000,415
orn,4,63,0.1,-0.12589181410246225,11000,415
orn,5,63,0.001,-0.29181602883970204,110000,734
orn,5,63,0.01,-0.27573758432935785,110000,734
orn,5,63,0.1,-0.26742202327400616,110000,734
orn,6,63,0.001,-0.4821264029550601,1100000,970
orn,6,63,0.01,-0.47693518775819654,1100000,970
orn,6,63,0.1,-0.4815723255196,1100000,970
orn,0,64,0.001,-2.162335238172668,1,1
orn,0,64,0.01,-2.1623352233764948,1,1
orn,0,64,0.1,-2.1623350754293185,1,1
orn,1,64,0.001,-0.0754168330730525,11,10
orn,1,64,0.01,-0.07541754194788693,11,10
orn,1,64,0.1,-0.07542465362811597,11,10
orn,2,64,0.001,-0.07842583052339161,110,52
orn,2,64,0.01,-0.07833490370153032,110,52
orn,2,64,0.1,-0.0782914064806245,110,52
orn,3,64,0.001,-0.08331778348451198,1100,178
orn,3,64,0.01,-0.08218931983442732,1100,178
orn,3,64,0.1,-0.08197713269967208,1100,178
orn,4,64,0.001,-0.14994236823839174,11000,427
orn,4,64,0.01,-0.14816848752286726,11000,427
orn,4,64,0.1,-0.14809275303775557,11000,427
orn,5,64,0.001,-0.2530348646763873,110000,755
orn,5,64,0.01,-0.2456829504911758,110000,755
orn,5,64,0.1,-0.24278983001600007,110000,755
orn,6,64,0.001,-0.4746931412153254,1100000,1025
orn,6,64,0.01,-0.4688755170990377,1100000,1025
orn,6,64,0.1,-0.470439731261415,1100000,1025
orn,0,65,0.001,-2.126849185703648,1,1
orn,0,65,0.01,-2.1268491873330944,1,1
orn,0,65,0.1,-2.12684920364288,1,1
orn,1,65,0.001,-0.07660972303435605,11,10
orn,1,65,0.01,-0.07661011882542601,11,10
orn,1,65,0.1,-0.07661411458353345,11,10
orn,2,65,0.001,-0.08234269342412762,110,48
orn,2,65,0.01,-0.08228401495292939,110,48
orn,2,65,0.1,-0.08256200832693755,110,48
orn,3,65,0.001,-0.08466679486612984,1100,168
orn,3,65,0.01,-0.08421825330771601,1100,168
orn,3,65,0.1,-0.08432936607573295,1100,168
orn,4,65,0.001,-0.10725307063639741,11000,394
orn,4,65,0.01,-0.10525057199593137,11000,394
orn,4,65,0.1,-0.10627748566270206,11000,394
orn,5,65,0.001,-0.19416636655462602,110000,662
orn,5,65,0.01,-0.19043991474790334,110000,662
orn,5,65,0.1,-0.19077034588967787,110000,662
orn,6,65,0.001,-0.3652064268088459,1100000,872
orn,6,65,0.01,-0.36226372948128355,1100000,872
orn,6,65,0.1,-0.37160973256547386,1100000,872
orn,0,66,0.001,-2.1296376010842004,1,1
orn,0,66,0.01,-2.1296375979256266,1,1
orn,0,66,0.1,-2.129637566356393,1,1
orn,1,66,0.001,-0.09486251425730678,11,10
orn,1,66,0.01,-0.09486288160718863,11,10
orn,1,66,0.1,-0.09486657803306459,11,10
orn,2,66,0.001,-0.09483441292812428,110,49
orn,2,66,0.01,-0.0947437002926103,110,49
orn,2,66,0.1,-0.09468641208496781,110,49
orn,3,66,0.001,-0.09817557240693711,1100,178
orn,3,66,0.01,-0.09762655021090122,1100,178
orn,3,66,0.1,-0.09756951963413847,1100,178
orn,4,66,0.001,-0.12249235144042603,11000,454
orn,4,66,0.01,-0.12027221762743805,11000,454
orn,4,66,0.1,-0.11960747932291083,11000,454
orn,5,66,0.001,-0.22553620058440127,110000,841
orn,5,66,0.01,-0.21460973645836837,110000,841
orn,5,66,0.1,-0.2103845162473201,110000,841
orn,6,66,0.001,-0.431338641237518,1100000,1175
orn,6,66,0.01,-0.4151801880664059,1100000,1175
orn,6,66,0.1,-0.4122585142243953,1100000,1175
orn,0,67,0.001,-2.121099090376253,1,1
orn,0,67,0.01,-2.12109909038491,1,1
orn,0,67,0.1,-2.1210990904887645,1,1
orn,1,67,0.001,-0.0869901631355505,11,10
orn,1,67,0.01,-0.08699054582819142,11,10
orn,1,67,0.1,-0.08699439560312491,11,10
orn,2,67,0.001,-0.08774784776212721,110,48
orn,2,67,0.01,-0.08772548939290604,110,48
orn,2,67,0.1,-0.08776630805548766,110,48
orn,3,67,0.001,-0.09222294999023457,1100,163
orn,3,67,0.01,-0.09147080103024612,1100,163
orn,3,67,0.1,-0.09111314825750962,1100,163
orn,4,67,0.001,-0.12273119356434051,11000,402
orn,4,67,0.01,-0.12066897208500667,11000,402
orn,4,67,0.1,-0.1204458965980895,11000,402
orn,5,67,0.001,-0.2369485986072481,110000,712
orn,5,67,0.01,-0.23292042824678663,110000,712
orn,5,67,0.1,-0.23355247614777708,110000,712
orn,6,67,0.001,-0.5176264608807352,1100000,974
orn,6,67,0.01,-0.5095538905368282,1100000,974
orn,6,67,0.1,-0.5092250471242743,1100000,974
orn,0,68,0.001,-2.08535270798464,1,1
orn,0,68,0.01,-2.085352712810179,1,1
orn,0,68,0.1,-2.0853527610836653,1,1
orn,1,68,0.001,-0.08096918029853307,11,10
orn,1,68,0.01,-0.08096950564858846,11,10
orn,1,68,0.1,-0.08097278120906737,11,10
orn,2,68,0.001,-0.08410743886288718,110,48
orn,2,68,0.01,-0.08403583297257321,110,48
orn,2,68,0.1,-0.08404772088755728,110,48
orn,3,68,0.001,-0.0890271878508541,1100,161
orn,3,68,0.01,-0.08826670373698312,1100,161
orn,3,68,0.1,-0.08790818125982801,1100,161
orn,4,68,0.001,-0.12058022226670925,11000,400
orn,4,68,0.01,-0.1168351276113583,11000,400
orn,4,68,0.1,-0.11593877252349553,11000,400
orn,5,68,0.001,-0.24566779716231407,110000,717
orn,5,68,0.01,-0.24087785369314063,110000,717
orn,5,68,0.1,-0.24003810371147105,110000,717
orn,6,68,0.001,-0.4828161996905902,1100000,949
orn,6,68,0.01,-0.4738878075616232,1100000,949
orn,6,68,0.1,-0.4748445887695688,1100000,949
orn,0,69,0.001,-2.093267941049902,1,1
orn,0,69,0.01,-2.0932679473389664,1,1
orn,0,69,0.1,-2.093268010244214,1,1
orn,1,69,0.001,-0.08657923859097287,11,10
orn,1,69,0.01,-0.08657972863611003,11,10
orn,1,69,0.1,-0.08658464221342393,11,10
orn,2,69,0.001,-0.09031053173349918,110,48
orn,2,69,0.01,-0.09027661144355358,110,48
orn,2,69,0.1,-0.0902807121731792,110,48
orn,3,69,0.001,-0.09283129669433823,1100,175
orn,3,69,0.01,-0.09216503329953138,1100,175
orn,3,69,0.1,-0.09188195424297571,1100,175
orn,4,69,0.001,-0.11444038451474105,11000,427
orn,4,69,0.01,-0.11231068957491767,11000,427
orn,4,69,0.1,-0.11216978050473851,11000,427
orn,5,69,0.001,-0.22802539164873556,110000,812
orn,5,69,0.01,-0.22369549908557337,110000,812
orn,5,69,0.1,-0.22454131284362275,110000,812
orn,6,69,0.001,-0.5578645995847523,1100000,1168
orn,6,69,0.01,-0.5517825100199246,1100000,1168
orn,6,69,0.1,-0.5589628660855357,1100000,1168
orn,0,70,0.001,-2.188690334452507,1,1
orn,0,70,0.01,-2.1886903250515544,1,1
orn,0,70,0.1,-2.1886902310594007,1,1
orn,1,70,0.001,-0.07755529520896025,11,10
orn,1,70,0.01,-0.07755584515558431,11,10
orn,1,70,0.1,-0.07756136170974719,11,10
orn,2,70,0.001,-0.07991711639174452,110,50
orn,2,70,0.01,-0.07978528493231614,110,50
orn,2,70,0.1,-0.07970578336587505,110,50
orn,3,70,0.001,-0.08708436836246163,1100,169
orn,3,70,0.01,-0.08656299946213455,1100,169
orn,3,70,0.1,-0.08648603662386668,1100,169
orn,4,70,0.001,-0.10906153835016923,11000,401
orn,4,70,0.01,-0.10738279161659835,11000,401
orn,4,70,0.1,-0.10721765903659525,11000,401
orn,5,70,0.001,-0.2123558172006682,110000,657
orn,5,70,0.01,-0.20107360574809965,110000,657
orn,5,70,0.1,-0.19587174577361527,110000,657
orn,6,70,0.001,-0.4478103169882621,1100000,848
orn,6,70,0.01,-0.4336007979052205,1100000,848
orn,6,70,0.1,-0.4289060695908463,1100000,848
orn,0,71,0.001,-2.3070840820567566,1,1
orn,0,71,0.01,-2.3070840387251366,1,1
orn,0,71,0.1,-2.3070836054274104,1,1
orn,1,71,0.001,-0.07723893339316237,11,10
orn,1,71,0.01,-0.07723983933751999,11,10
orn,1,71,0.1,-0.07724891507073424,11,10
orn,2,71,0.001,-0.08109148008964522,110,47
orn,2,71,0.01,-0.0810522458126239,110,47
orn,2,71,0.1,-0.0810789903688758,110,47
orn,3,71,0.001,-0.08657572413735926,1100,165
orn,3,71,0.01,-0.08608297173468991,1100,165
orn,3,71,0.1,-0.086490851057751,1100,165
orn,4,71,0.001,-0.16849712532471894,11000,371
orn,4,71,0.01,-0.16707478105102128,11000,371
orn,4,71,0.1,-0.16752988664979268,11000,371
orn,5,71,0.001,-0.25732262196507594,110000,607
orn,5,71,0.01,-0.25415464588550657,110000,607
orn,5,71,0.1,-0.2533937957101048,110000,607
orn,6,71,0.001,-0.42185223281124706,1100000,788
orn,6,71,0.01,-0.4157352407743214,1100000,788
orn,6,71,0.1,-0.4211297025529942,1100000,788
orn,0,72,0.001,-2.1074402341096197,1,1
orn,0,72,0.01,-2.1074402403187875,1,1
orn,0,72,0.1,-2.1074403024260238,1,1
orn,1,72,0.001,-0.08739378617305671,11,10
orn,1,72,0.01,-0.08739415520168074,11,10
orn,1,72,0.1,-0.0873978676255896,11,10
orn,2,72,0.001,-0.08634300958984499,110,50
orn,2,72,0.01,-0.08625614873361039,110,50
orn,2,72,0.1,-0.08620444323265096,110,50
orn,3,72,0.001,-0.09028695769929046,1100,172
orn,3,72,0.01,-0.08888749335573062,1100,172
orn,3,72,0.1,-0.087938109841903,1100,172
orn,4,72,0.001,-0.11372191132146477,11000,420
orn,4,72,0.01,-0.11193581425115387,11000,420
orn,4,72,0.1,-0.11155734492126508,11000,420
orn,5,72,0.001,-0.24222011284260628,110000,758
orn,5,72,0.01,-0.2385730535561903,110000,758
orn,5,72,0.1,-0.23807059954617732,110000,758
orn,6,72,0.001,-0.4837005483035863,1100000,1003
orn,6,72,0.01,-0.4774523655172524,1100000,1003
orn,6,72,0.1,-0.4764273292816369,1100000,1003
orn,0,73,0.001,-2.081772674064515,1,1
orn,0,73,0.01,-2.0817726829219043,1,1
orn,0,73,0.1,-2.081772771512404,1,1
orn,1,73,0.001,-0.07730152969696177,11,10
orn,1,73,0.01,-0.07730191654742373,11,10
orn,1,73,0.1,-0.07730580193070286,11,10
orn,2,73,0.001,-0.08093729720022393,110,49
orn,2,73,0.01,-0.08088329694811591,110,49
orn,2,73,0.1,-0.08089045936590022,110,49
orn,3,73,0.001,-0.08805176488436542,1100,163
orn,3,73,0.01,-0.08754929940113104,1100,163
orn,3,73,0.1,-0.0873098558399993,1100,163
orn,4,73,0.001,-0.10846526692002327,11000,407
orn,4,73,0.01,-0.10680170909087315,11000,407
orn,4,73,0.1,-0.1075719919564733,11000,407
orn,5,73,0.001,-0.24499009566708338,110000,714
orn,5,73,0.01,-0.23186851908826542,110000,714
orn,5,73,0.1,-0.22551694085456087,110000,714
orn,6,73,0.001,-0.4132298741176155,1100000,943
orn,6,73,0.01,-0.3983617260161508,1100000,943
orn,6,73,0.1,-0.3929672621001387,1100000,943
orn,0,74,0.001,-2.079299957361636,1,1
orn,0,74,0.01,-2.0792999615534646,1,1
orn,0,74,0.1,-2.079300003490752,1,1
orn,1,74,0.001,-0.08788187477292306,11,10
orn,1,74,0.01,-0.08788215024268038,11,10
orn,1,74,0.1,-0.08788492964540678,11,10
orn,2,74,0.001,-0.08928767276637545,110,52
orn,2,74,0.01,-0.08920887211334609,110,52
orn,2,74,0.1,-0.089169466255881,110,52
orn,3,74,0.001,-0.09566326543296103,1100,163
orn,3,74,0.01,-0.09527011783289611,1100,163
orn,3,74,0.1,-0.0954613562982954,1100,163
orn,4,74,0.001,-0.10732299295556012,11000,375
orn,4,74,0.01,-0.10581743285107201,11000,375
orn,4,74,0.1,-0.10657509008642928,11000,375
orn,5,74,0.001,-0.19840223180541228,110000,663
orn,5,74,0.01,-0.18857744882790897,110000,663
orn,5,74,0.1,-0.1835531038939922,110000,663
orn,6,74,0.001,-0.43887115718918657,1100000,888
orn,6,74,0.01,-0.4321953412326715,1100000,888
orn,6,74,0.1,-0.43576217684234103,1100000,888
orn,0,75,0.001,-2.164816291904512,1,1
orn,0,75,0.01,-2.164816283203525,1,1
orn,0,75,0.1,-2.1648161962122217,1,1
orn,1,75,0.001,-0.0761394081810149,11,10
orn,1,75,0.01,-0.07613990475022146,11,10
orn,1,75,0.1,-0.0761448874336486,11,10
orn,2,75,0.001,-0.07830675362151313,110,47
orn,2,75,0.01,-0.07826166232646536,110,47
orn,2,75,0.1,-0.07824675228423225,110,47
orn,3,75,0.001,-0.08401408617839881,1100,165
orn,3,75,0.01,-0.083513258087586,1100,165
orn,3,75,0.1,-0.08363872311243607,1100,165
orn,4,75,0.001,-0.11178440330788739,11000,380
orn,4,75,0.01,-0.10968351877919204,11000,380
orn,4,75,0.1,-0.1094887280705043,11000,380
orn,5,75,0.001,-0.2310377876957877,110000,624
orn,5,75,0.01,-0.21802071462126776,110000,624
orn,5,75,0.1,-0.21075277418421784,110000,624
orn,6,75,0.001,-0.48411407105577015,1100000,809
orn,6,75,0.01,-0.4789499690242049,1100000,809
orn,6,75,0.1,-0.4800716876022392,1100000,809
orn,0,76,0.001,-2.2483452820737426,1,1
orn,0,76,0.01,-2.248345244736269,1,1
orn,0,76,0.1,-2.248344871377727,1,1
orn,1,76,0.001,-0.07773904847612546,11,10
orn,1,76,0.01,-0.07773990903820047,11,10
orn,1,76,0.1,-0.07774852774787573,11,10
orn,2,76,0.001,-0.07831543376222301,110,50
orn,2,76,0.01,-0.07827199563558901,110,50
orn,2,76,0.1,-0.07828009781244634,110,50
orn,3,76,0.001,-0.08442588866318874,1100,180
orn,3,76,0.01,-0.08384430275017453,1100,180
orn,3,76,0.1,-0.08411038163226772,1100,180
orn,4,76,0.001,-0.16084793093299102,11000,451
orn,4,76,0.01,-0.158617087741341,11000,451
orn,4,76,0.1,-0.15825643932212718,11000,451
orn,5,76,0.001,-0.2606884911264315,110000,807
orn,5,76,0.01,-0.2568352066718268,110000,807
orn,5,76,0.1,-0.25732417111365696,110000,807
orn,6,76,0.001,-0.45991562028186234,1100000,1091
orn,6,76,0.01,-0.4534458885642226,1100000,1091
orn,6,76,0.1,-0.4551308919100096,1100000,1091
orn,0,77,0.001,-2.112896210535251,1,1
orn,0,77,0.01,-2.1128961978667573,1,1
orn,0,77,0.1,-2.1128960712008538,1,1
orn,1,77,0.001,-0.09046139977439979,11,10
orn,1,77,0.01,-0.09046179711814503,11,10
orn,1,77,0.1,-0.09046578661235673,11,10
orn,2,77,0.001,-0.09129812941478369,110,48
orn,2,77,0.01,-0.091181850790644,110,48
orn,2,77,0.1,-0.09109638621078654,110,48
orn,3,77,0.001,-0.09955577544524877,1100,173
orn,3,77,0.01,-0.09768409320782077,1100,173
orn,3,77,0.1,-0.09630069790535986,1100,173
orn,4,77,0.001,-0.12827213603090043,11000,431
orn,4,77,0.01,-0.12594826576576618,11000,431
orn,4,77,0.1,-0.12545636191213644,11000,431
orn,5,77,0.001,-0.24224949546443386,110000,770
orn,5,77,0.01,-0.23786038710641927,110000,770
orn,5,77,0.1,-0.23734773341900076,110000,770
orn,6,77,0.001,-0.45683842168347655,1100000,1051
orn,6,77,0.01,-0.4509830308467952,1100000,1051
orn,6,77,0.1,-0.45243812123304944,1100000,1051
orn,0,78,0.001,-2.143339855529691,1,1
orn,0,78,0.01,-2.143339842829654,1,1
orn,0,78,0.1,-2.143339715847103,1,1
orn,1,78,0.001,-0.09874318292303444,11,10
orn,1,78,0.01,-0.09874324598426226,11,10
orn,1,78,0.1,-0.09874396518199843,11,10
orn,2,78,0.001,-0.10370746720724326,110,51
orn,2,78,0.01,-0.10351408630135764,110,51
orn,2,78,0.1,-0.10341085408859012,110,51
orn,3,78,0.001,-0.11516035365247601,1100,188
orn,3,78,0.01,-0.11417130173564885,1100,188
orn,3,78,0.1,-0.11365529244021315,1100,188
orn,4,78,0.001,-0.1582057998921569,11000,508
orn,4,78,0.01,-0.15420657289330386,11000,508
orn,4,78,0.1,-0.15292228086145496,11000,508
orn,5,78,0.001,-0.38038524165326293,110000,999
orn,5,78,0.01,-0.36833188798577476,110000,999
orn,5,78,0.1,-0.3638031548068461,110000,999
orn,6,78,0.001,-0.6752574633648815,1100000,1440
orn,6,78,0.01,-0.666378143518986,1100000,1440
orn,6,78,0.1,-0.6670804696277318,1100000,1440
orn,0,79,0.001,-2.0816691097171987,1,1
orn,0,79,0.01,-2.081669124422152,1,1
orn,0,79,0.1,-2.0816692714838805,1,1
orn,1,79,0.001,-0.07626295323095054,11,10
orn,1,79,0.01,-0.07626336676859471,11,10
orn,1,79,0.1,-0.07626752988460063,11,10
orn,2,79,0.001,-0.07771266512813751,110,50
orn,2,79,0.01,-0.07763265637462485,110,50
orn,2,79,0.1,-0.07759097235070544,110,50
orn,3,79,0.001,-0.08048061654294561,1100,183
orn,3,79,0.01,-0.07989940971917958,1100,183
orn,3,79,0.1,-0.07963465893629706,1100,183
orn,4,79,0.001,-0.1021311499858411,11000,474
orn,4,79,0.01,-0.0999192479708426,11000,474
orn,4,79,0.1,-0.09908396758387632,11000,474
orn,5,79,0.001,-0.20343023680404554,110000,897
orn,5,79,0.01,-0.1937127271798151,110000,897
orn,5,79,0.1,-0.18918146020451754,110000,897
orn,6,79,0.001,-0.3962854570193972,1100000,1255
orn,6,79,0.01,-0.3854044623275413,1100000,1255
orn,6,79,0.1,-0.38187531025288685,1100000,1255
orn,0,80,0.001,-2.2000129569677913,1,1
orn,0,80,0.01,-2.2000129405920266,1,1
orn,0,80,0.1,-2.2000127768489226,1,1
orn,1,80,0.001,-0.07429828627610907,11,10
orn,1,80,0.01,-0.07429898126869278,11,10
orn,1,80,0.1,-0.07430595144504312,11,10
orn,2,80,0.001,-0.07808582253371654,110,52
orn,2,80,0.01,-0.07800415259478474,110,52
orn,2,80,0.1,-0.07796310169088493,110,52
orn,3,80,0.001,-0.08088425524465992,1100,179
orn,3,80,0.01,-0.08038148061606178,1100,179
orn,3,80,0.1,-0.0804648108723734,1100,179
orn,4,80,0.001,-0.14289787831199582,11000,431
orn,4,80,0.01,-0.14065120551289564,11000,431
orn,4,80,0.1,-0.1396082040375867,11000,431
orn,5,80,0.001,-0.23667725030123027,110000,745
orn,5,80,0.01,-0.2327010205821206,110000,745
orn,5,80,0.1,-0.23147973653902976,110000,745
orn,6,80,0.001,-0.4200261985324677,1100000,990
orn,6,80,0.01,-0.41495636256048607,1100000,990
orn,6,80,0.1,-0.4176089777323186,1100000,990
orn,0,81,0.001,-2.1669778374895947,1,1
orn,0,81,0.01,-2.166977825594393,1,1
orn,0,81,0.1,-2.166977706660787,1,1
orn,1,81,0.001,-0.09051341626243004,11,10
orn,1,81,0.01,-0.09051366590995848,11,10
orn,1,81,0.1,-0.09051619879546305,11,10
orn,2,81,0.001,-0.09704952726163672,110,51
orn,2,81,0.01,-0.09692966330439105,110,51
orn,2,81,0.1,-0.09715867671643556,110,51
orn,3,81,0.001,-0.10534141874110321,1100,180
orn,3,81,0.01,-0.1037362681942236,1100,180
orn,3,81,0.1,-0.10304253386605676,1100,180
orn,4,81,0.001,-0.1385550837982952,11000,449
orn,4,81,0.01,-0.13577566728616136,11000,449
orn,4,81,0.1,-0.13690065480365698,11000,449
orn,5,81,0.001,-0.3319219140621209,110000,786
orn,5,81,0.01,-0.3180026476623813,110000,786
orn,5,81,0.1,-0.312883539735838,110000,786
orn,6,81,0.001,-0.5473197352947292,1100000,1066
orn,6,81,0.01,-0.5298439339897122,1100000,1066
orn,6,81,0.1,-0.5240449985217218,1100000,1066
orn,0,82,0.001,-2.1909694568070224,1,1
orn,0,82,0.01,-2.19096943795729,1,1
orn,0,82,0.1,-2.1909692494753097,1,1
orn,1,82,0.001,-0.08253740494922165,11,10
orn,1,82,0.01,-0.08253814886769884,11,10
orn,1,82,0.1,-0.0825456026063346,11,10
orn,2,82,0.001,-0.08416685435276683,110,47
orn,2,82,0.01,-0.08418594629267363,110,47
orn,2,82,0.1,-0.08447448707937381,110,47
orn,3,82,0.001,-0.0876295489799975,1100,164
orn,3,82,0.01,-0.08660204705090069,1100,164
orn,3,82,0.1,-0.08652205640127794,1100,164
orn,4,82,0.001,-0.14877618728476188,11000,389
orn,4,82,0.01,-0.14724754270296436,11000,389
orn,4,82,0.1,-0.14793248644901016,11000,389
orn,5,82,0.001,-0.22479706712000913,110000,659
orn,5,82,0.01,-0.22182240274031112,110000,659
orn,5,82,0.1,-0.22212885630025353,110000,659
orn,6,82,0.001,-0.4021193131007877,1100000,868
orn,6,82,0.01,-0.39757329866808677,1100000,868
orn,6,82,0.1,-0.3991587291473387,1100000,868
orn,0,83,0.001,-2.075767639028227,1,1
orn,0,83,0.01,-2.075767653323934,1,1
orn,0,83,0.1,-2.0757677962931553,1,1
orn,1,83,0.001,-0.08008593075283033,11,10
orn,1,83,0.01,-0.08008631144161109,11,10
orn,1,83,0.1,-0.0800901374543562,11,10
orn,2,83,0.001,-0.08365591508087852,110,49
orn,2,83,0.01,-0.08360790696466663,110,49
orn,2,83,0.1,-0.08361479739431724,110,49
orn,3,83,0.001,-0.09160783405634658,1100,173
orn,3,83,0.01,-0.09095182733326533,1100,173
orn,3,83,0.1,-0.09062657511727569,1100,173
orn,4,83,0.001,-0.12752826314247956,11000,456
orn,4,83,0.01,-0.12510912075543187,11000,456
orn,4,83,0.1,-0.12486599604029845,11000,456
orn,5,83,0.001,-0.31178944966735395,110000,856
orn,5,83,0.01,-0.3071762998110478,110000,856
orn,5,83,0.1,-0.30630533488032163,110000,856
orn,6,83,0.001,-0.5243021242980518,1100000,1256
orn,6,83,0.01,-0.5172373891464888,1100000,1256
orn,6,83,0.1,-0.5177140381222656,1100000,1256
orn,0,84,0.001,-2.0574585425564798,1,1
orn,0,84,0.01,-2.057458549304798,1,1
orn,0,84,0.1,-2.057458616806307,1,1
orn,1,84,0.001,-0.0721584312107513,11,10
orn,1,84,0.01,-0.0721588379664424,11,10
orn,1,84,0.1,-0.07216292270703573,11,10
orn,2,84,0.001,-0.07716355863735327,110,48
orn,2,84,0.01,-0.07708101747273692,110,48
orn,2,84,0.1,-0.07702237883254981,110,48
orn,3,84,0.001,-0.08545474017335687,1100,168
orn,3,84,0.01,-0.08482459291516904,1100,168
orn,3,84,0.1,-0.084378703908129,1100,168
orn,4,84,0.001,-0.13689965070927967,11000,395
orn,4,84,0.01,-0.1347185302258411,11000,395
orn,4,84,0.1,-0.1340951986172868,11000,395
orn,5,84,0.001,-0.25883323019228915,110000,635
orn,5,84,0.01,-0.2475789761687623,110000,635
orn,5,84,0.1,-0.2415772725899149,110000,635
orn,6,84,0.001,-0.4025228655997496,1100000,793
orn,6,84,0.01,-0.3949769237455562,1100000,793
orn,6,84,0.1,-0.39369531232861016,1100000,793
orn,0,85,0.001,-2.1136793390646136,1,1
orn,0,85,0.01,-2.1136793434290477,1,1
orn,0,85,0.1,-2.113679387088533,1,1
orn,1,85,0.001,-0.09461118691427345,11,10
orn,1,85,0.01,-0.09461149423680051,11,10
orn,1,85,0.1,-0.09461459182471918,11,10
orn,2,85,0.001,-0.09862621842411803,110,49
orn,2,85,0.01,-0.09853715546398181,110,49
orn,2,85,0.1,-0.09848160501902099,110,49
orn,3,85,0.001,-0.11388794471125885,1100,183
orn,3,85,0.01,-0.11303852787543153,1100,183
orn,3,85,0.1,-0.11257970602907347,1100,183
orn,4,85,0.001,-0.144866388112376,11000,475
orn,4,85,0.01,-0.1421205850392925,11000,475
orn,4,85,0.1,-0.14233552118993942,11000,475
orn,5,85,0.001,-0.2653613256674655,110000,879
orn,5,85,0.01,-0.2596391378120403,110000,879
orn,5,85,0.1,-0.25885510347082946,110000,879
orn,6,85,0.001,-0.49952528904817217,1100000,1213
orn,6,85,0.01,-0.49266649534706386,1100000,1213
orn,6,85,0.1,-0.4947913221436983,1100000,1213
orn,0,86,0.001,-2.0632862960616545,1,1
orn,0,86,0.01,-2.063286305735779,1,1
orn,0,86,0.1,-2.0632864024948834,1,1
orn,1,86,0.001,-0.07347704458763012,11,10
orn,1,86,0.01,-0.07347734804571457,11,10
orn,1,86,0.1,-0.07348044410312368,11,10
orn,2,86,0.001,-0.07624320838603142,110,51
orn,2,86,0.01,-0.07616613832889399,110,51
orn,2,86,0.1,-0.07613101353828071,110,51
orn,3,86,0.001,-0.0785486853139479,1100,170
orn,3,86,0.01,-0.07806428011846747,1100,170
orn,3,86,0.1,-0.0777813488985863,1100,170
orn,4,86,0.001,-0.0927796916896916,11000,391
orn,4,86,0.01,-0.09124005764591989,11000,391
orn,4,86,0.1,-0.09082550677812282,11000,391
orn,5,86,0.001,-0.17126614876396284,110000,635
orn,5,86,0.01,-0.16689976012029886,110000,635
orn,5,86,0.1,-0.1659329876343095,110000,635
orn,6,86,0.001,-0.3654091978028525,1100000,811
orn,6,86,0.01,-0.36138165596481864,1100000,811
orn,6,86,0.1,-0.36730256137107425,1100000,811
orn,0,87,0.001,-2.2490849841914495,1,1
orn,0,87,0.01,-2.249084950303204,1,1
orn,0,87,0.1,-2.249084611435811,1,1
orn,1,87,0.001,-0.08113269056334291,11,10
orn,1,87,0.01,-0.08113352158238106,11,10
orn,1,87,0.1,-0.08114185389274248,11,10
orn,2,87,0.001,-0.08173435379201707,110,52
orn,2,87,0.01,-0.08166103715673356,110,52
orn,2,87,0.1,-0.08164744603376549,110,52
orn,3,87,0.001,-0.08784296136240782,1100,182
orn,3,87,0.01,-0.08742123750364567,1100,182
orn,3,87,0.1,-0.08849923963521325,1100,182
orn,4,87,0.001,-0.14744147400786348,11000,446
orn,4,87,0.01,-0.14559887385248954,11000,446
orn,4,87,0.1,-0.14550720343369003,11000,446
orn,5,87,0.001,-0.23016168506534804,110000,834
orn,5,87,0.01,-0.22513132986231535,110000,834
orn,5,87,0.1,-0.22452992250719425,110000,834
orn,6,87,0.001,-0.4642156826674021,1100000,1186
orn,6,87,0.01,-0.4580496968094303,1100000,1186
orn,6,87,0.1,-0.4606464760575431,1100000,1186
orn,0,88,0.001,-2.2143883662070087,1,1
orn,0,88,0.01,-2.214388345765008,1,1
orn,0,88,0.1,-2.2143881413576425,1,1
orn,1,88,0.001,-0.07871978204257951,11,10
orn,1,88,0.01,-0.07872065983419584,11,10
orn,1,88,0.1,-0.07872945240225813,11,10
orn,2,88,0.001,-0.07899129307346422,110,50
orn,2,88,0.01,-0.07894918226449188,110,50
orn,2,88,0.1,-0.07895859688750857,110,50
orn,3,88,0.001,-0.0868636795817757,1100,176
orn,3,88,0.01,-0.08624467924803485,1100,176
orn,3,88,0.1,-0.08620804287758352,1100,176
orn,4,88,0.001,-0.1477941571566234,11000,438
orn,4,88,0.01,-0.14593444120137608,11000,438
orn,4,88,0.1,-0.14557196984411896,11000,438
orn,5,88,0.001,-0.2546819230481728,110000,823
orn,5,88,0.01,-0.2438544161346688,110000,823
orn,5,88,0.1,-0.23892941675255158,110000,823
orn,6,88,0.001,-0.49131837761430835,1100000,1153
orn,6,88,0.01,-0.4776459727064812,1100000,1153
orn,6,88,0.1,-0.4721769309597331,1100000,1153
orn,0,89,0.001,-2.1454301836432683,1,1
orn,0,89,0.01,-2.1454301740328314,1,1
orn,0,89,0.1,-2.145430077948357,1,1
orn,1,89,0.001,-0.09951738817811098,11,10
orn,1,89,0.01,-0.09951756351339797,11,10
orn,1,89,0.1,-0.09951935294840868,11,10
orn,2,89,0.001,-0.10520550869232695,110,52
orn,2,89,0.01,-0.10503886595749334,110,52
orn,2,89,0.1,-0.10492320763697942,110,52
orn,3,89,0.001,-0.1180884578465584,1100,180
orn,3,89,0.01,-0.1173550357856505,1100,180
orn,3,89,0.1,-0.11727408129857982,1100,180
orn,4,89,0.001,-0.156529069173813,11000,437
orn,4,89,0.01,-0.1531265060141342,11000,437
orn,4,89,0.1,-0.15167535006080746,11000,437
orn,5,89,0.001,-0.31295215547872757,110000,793
orn,5,89,0.01,-0.2978270378493738,110000,793
orn,5,89,0.1,-0.2906793744494845,110000,793
orn,6,89,0.001,-0.5766994184147132,1100000,1106
orn,6,89,0.01,-0.5590819655510711,1100000,1106
orn,6,89,0.1,-0.5527346749228356,1100000,1106
orn,0,90,0.001,-2.047599600240685,1,1
orn,0,90,0.01,-2.047599613316579,1,1
orn,0,90,0.1,-2.047599744091469,1,1
orn,1,90,0.001,-0.07346361735040896,11,10
orn,1,90,0.01,-0.0734639852618149,11,10
orn,1,90,0.1,-0.07346768522162812,11,10
orn,2,90,0.001,-0.07689385353004033,110,48
orn,2,90,0.01,-0.07685959055252609,110,48
orn,2,90,0.1,-0.07713436431544322,110,48
orn,3,90,0.001,-0.08725608191529367,1100,166
orn,3,90,0.01,-0.08591899787567867,1100,166
orn,3,90,0.1,-0.08568644456572999,1100,166
orn,4,90,0.001,-0.11077550697230303,11000,406
orn,4,90,0.01,-0.10912286778065468,11000,406
orn,4,90,0.1,-0.11089632478219034,11000,406
orn,5,90,0.001,-0.21519359533533722,110000,685
orn,5,90,0.01,-0.2068763222054146,110000,685
orn,5,90,0.1,-0.20358951445858733,110000,685
orn,6,90,0.001,-0.4398901966714959,1100000,918
orn,6,90,0.01,-0.43462317191266486,1100000,918
orn,6,90,0.1,-0.435656992328219,1100000,918
orn,0,91,0.001,-2.1201167020735716,1,1
orn,0,91,0.01,-2.120116700822272,1,1
orn,0,91,0.1,-2.120116688325744,1,1
orn,1,91,0.001,-0.08805285393757697,11,10
orn,1,91,0.01,-0.08805327827815124,11,10
orn,1,91,0.1,-0.08805753291955642,11,10
orn,2,91,0.001,-0.09242927713358946,110,48
orn,2,91,0.01,-0.09240459848979131,110,48
orn,2,91,0.1,-0.09241653534657844,110,48
orn,3,91,0.001,-0.09610545862126825,1100,179
orn,3,91,0.01,-0.09536816139525492,1100,179
orn,3,91,0.1,-0.0952034146663054,1100,179
orn,4,91,0.001,-0.13070912141766775,11000,469
orn,4,91,0.01,-0.12784483914496175,11000,469
orn,4,91,0.1,-0.12676905280525025,11000,469
orn,5,91,0.001,-0.2892169146357351,110000,855
orn,5,91,0.01,-0.2775134951302787,110000,855
orn,5,91,0.1,-0.2724725037956876,110000,855
orn,6,91,0.001,-0.5279622392465374,1100000,1193
orn,6,91,0.01,-0.5145804110133231,1100000,1193
orn,6,91,0.1,-0.5114761015727228,1100000,1193
orn,0,92,0.001,-2.088145737073227,1,1
orn,0,92,0.01,-2.088145742887222,1,1
orn,0,92,0.1,-2.0881458010431393,1,1
orn,1,92,0.001,-0.08974650505939293,11,10
orn,1,92,0.01,-0.08974672638749166,11,10
orn,1,92,0.1,-0.08974901390393511,11,10
orn,2,92,0.001,-0.09240587940843599,110,51
orn,2,92,0.01,-0.09227168488624597,110,51
orn,2,92,0.1,-0.09217231455733783,110,51
orn,3,92,0.001,-0.09910592534634641,1100,173
orn,3,92,0.01,-0.09850410795368818,1100,173
orn,3,92,0.1,-0.09841599311478721,1100,173
orn,4,92,0.001,-0.11951720573765778,11000,426
orn,4,92,0.01,-0.11738971115848307,11000,426
orn,4,92,0.1,-0.1167018658287786,11000,426
orn,5,92,0.001,-0.20516531515626568,110000,771
orn,5,92,0.01,-0.2012730946435954,110000,771
orn,5,92,0.1,-0.2014864828695266,110000,771
orn,6,92,0.001,-0.35512670471151425,1100000,1054
orn,6,92,0.01,-0.349761590435232,1100000,1054
orn,6,92,0.1,-0.35231245529398103,1100000,1054
orn,0,93,0.001,-2.113722693361127,1,1
orn,0,93,0.01,-2.1137227030462102,1,1
orn,0,93,0.1,-2.1137227999086328,1,1
orn,1,93,0.001,-0.08594989845768594,11,10
orn,1,93,0.01,-0.08595031769422083,11,10
orn,1,93,0.1,-0.08595454451003685,11,10
orn,2,93,0.001,-0.08813033064177828,110,51
orn,2,93,0.01,-0.08809618574281931,110,51
orn,2,93,0.1,-0.08835164178391673,110,51
orn,3,93,0.001,-0.09232996520477676,1100,191
orn,3,93,0.01,-0.0913069267133753,1100,191
orn,3,93,0.1,-0.09122091523289126,1100,191
orn,4,93,0.001,-0.12118072739602435,11000,493
orn,4,93,0.01,-0.11886570797169466,11000,493
orn,4,93,0.1,-0.11918950191690003,11000,493
orn,5,93,0.001,-0.23799523373982145,110000,893
orn,5,93,0.01,-0.22960845890655826,110000,893
orn,5,93,0.1,-0.2274511232427693,110000,893
orn,6,93,0.001,-0.49813658442568687,1100000,1258
orn,6,93,0.01,-0.4804513286649586,1100000,1258
orn,6,93,0.1,-0.47641419843859073,1100000,1258
orn,0,94,0.001,-2.356481356864139,1,1
orn,0,94,0.01,-2.3564813023656543,1,1
orn,0,94,0.1,-2.3564807574011253,1,1
orn,1,94,0.001,-0.08255026026902328,11,10
orn,1,94,0.01,-0.08255088094573117,11,10
orn,1,94,0.1,-0.08255714901562479,11,10
orn,2,94,0.001,-0.08894507930274265,110,49
orn,2,94,0.01,-0.08876852644776684,110,49
orn,2,94,0.1,-0.0890690654982912,110,49
orn,3,94,0.001,-0.10430863030157218,1100,171
orn,3,94,0.01,-0.10347974621684519,1100,171
orn,3,94,0.1,-0.10394228387883508,1100,171
orn,4,94,0.001,-0.19280045278829316,11000,386
orn,4,94,0.01,-0.19090858720062515,11000,386
orn,4,94,0.1,-0.19313163944614528,11000,386
orn,5,94,0.001,-0.27935234225638284,110000,621
orn,5,94,0.01,-0.2751728241236831,110000,621
orn,5,94,0.1,-0.2757784929581292,110000,621
orn,6,94,0.001,-0.5537667066244001,1100000,809
orn,6,94,0.01,-0.5426153792689344,1100000,809
orn,6,94,0.1,-0.5405960533533698,1100000,809
orn,0,95,0.001,-2.1548472829639542,1,1
orn,0,95,0.01,-2.1548472757292845,1,1
orn,0,95,0.1,-2.1548472034010926,1,1
orn,1,95,0.001,-0.08631070070459498,11,10
orn,1,95,0.01,-0.08631105166670158,11,10
orn,1,95,0.1,-0.08631458725660791,11,10
orn,2,95,0.001,-0.0875016236902019,110,50
orn,2,95,0.01,-0.0873836541960631,110,50
orn,2,95,0.1,-0.08732316491490319,110,50
orn,3,95,0.001,-0.10577064423000737,1100,172
orn,3,95,0.01,-0.10513718975308206,1100,172
orn,3,95,0.1,-0.10489101214159519,1100,172
orn,4,95,0.001,-0.127334146341065,11000,414
orn,4,95,0.01,-0.12517269705294384,11000,414
orn,4,95,0.1,-0.12528659811638046,11000,414
orn,5,95,0.001,-0.21347730477050056,110000,696
orn,5,95,0.01,-0.20963194522053488,110000,696
orn,5,95,0.1,-0.2093760658869721,110000,696
orn,6,95,0.001,-0.4145428561935602,1100000,917
orn,6,95,0.01,-0.40802785091814603,1100000,917
orn,6,95,0.1,-0.4135700810628451,1100000,917
orn,0,96,0.001,-2.2109749931031306,1,1
orn,0,96,0.01,-2.210974970025189,1,1
orn,0,96,0.1,-2.21097473925918,1,1
orn,1,96,0.001,-0.08096935239149482,11,10
orn,1,96,0.01,-0.08097015617114718,11,10
orn,1,96,0.1,-0.08097821911884814,11,10
orn,2,96,0.001,-0.08180609441243829,110,49
orn,2,96,0.01,-0.08174120187225432,110,49
orn,2,96,0.1,-0.08172773073674568,110,49
orn,3,96,0.001,-0.09094043651905097,1100,176
orn,3,96,0.01,-0.0904505036933041,1100,176
orn,3,96,0.1,-0.09055928470428046,1100,176
orn,4,96,0.001,-0.14733685337959215,11000,468
orn,4,96,0.01,-0.1456754062373328,11000,468
orn,4,96,0.1,-0.14594570177970237,11000,468
orn,5,96,0.001,-0.24857651067782596,110000,876
orn,5,96,0.01,-0.24507466975447806,110000,876
orn,5,96,0.1,-0.2459597112791411,110000,876
orn,6,96,0.001,-0.44769383573582633,1100000,1240
orn,6,96,0.01,-0.4424867613661953,1100000,1240
orn,6,96,0.1,-0.44491284275865095,1100000,1240
orn,0,97,0.001,-2.227057082183523,1,1
orn,0,97,0.01,-2.22705705490571,1,1
orn,0,97,0.1,-2.227056782144048,1,1
orn,1,97,0.001,-0.08104569074862353,11,10
orn,1,97,0.01,-0.08104644869543015,11,10
orn,1,97,0.1,-0.08105404255650887,11,10
orn,2,97,0.001,-0.08624176250162302,110,49
orn,2,97,0.01,-0.08620554186932745,110,49
orn,2,97,0.1,-0.08622176158438244,110,49
orn,3,97,0.001,-0.08883994788317887,1100,172
orn,3,97,0.01,-0.08839746539844104,1100,172
orn,3,97,0.1,-0.08861737188326106,1100,172
orn,4,97,0.001,-0.1591759108607276,11000,420
orn,4,97,0.01,-0.15713374154372142,11000,420
orn,4,97,0.1,-0.15676655854914795,11000,420
orn,5,97,0.001,-0.25345873244386735,110000,747
orn,5,97,0.01,-0.24921304126507998,110000,747
orn,5,97,0.1,-0.24864075720496429,110000,747
orn,6,97,0.001,-0.507555070027371,1100000,1019
orn,6,97,0.01,-0.5009800544369745,1100000,1019
orn,6,97,0.1,-0.5023640530479201,1100000,1019
orn,0,98,0.001,-2.0992296364643552,1,1
orn,0,98,0.01,-2.0992296442190987,1,1
orn,0,98,0.1,-2.0992297217821245,1,1
orn,1,98,0.001,-0.08614964423108457,11,10
orn,1,98,0.01,-0.08615008936729493,11,10
orn,1,98,0.1,-0.08615455022707966,11,10
orn,2,98,0.001,-0.08943205275067012,110,50
orn,2,98,0.01,-0.08942031024295659,110,50
orn,2,98,0.1,-0.08942812601106354,110,50
orn,3,98,0.001,-0.09205408998168506,1100,175
orn,3,98,0.01,-0.09146652981348105,1100,175
orn,3,98,0.1,-0.09126830639596034,1100,175
orn,4,98,0.001,-0.11412465414080229,11000,446
orn,4,98,0.01,-0.11159128352491492,11000,446
orn,4,98,0.1,-0.11053559549341793,11000,446
orn,5,98,0.001,-0.24006197837240645,110000,795
orn,5,98,0.01,-0.2285553468608261,110000,795
orn,5,98,0.1,-0.2224203821321304,110000,795
orn,6,98,0.001,-0.4490375201943351,1100000,1065
orn,6,98,0.01,-0.43744000951453393,1100000,1065
orn,6,98,0.1,-0.43778002403849026,1100000,1065
orn,0,99,0.001,-2.1123865030518116,1,1
orn,0,99,0.01,-2.1123865089722518,1,1
orn,0,99,0.1,-2.1123865681919387,1,1
orn,1,99,0.001,-0.0896774748282708,11,10
orn,1,99,0.01,-0.08967768526564748,11,10
orn,1,99,0.1,-0.08967982240664887,11,10
orn,2,99,0.001,-0.09152862708243978,110,48
orn,2,99,0.01,-0.09137344290607972,110,48
orn,2,99,0.1,-0.09124517934053901,110,48
orn,3,99,0.001,-0.10284539376934239,1100,179
orn,3,99,0.01,-0.102021599073381,1100,179
orn,3,99,0.1,-0.10155364013910852,1100,179
orn,4,99,0.001,-0.1289689173693059,11000,469
orn,4,99,0.01,-0.12637236340436084,11000,469
orn,4,99,0.1,-0.1255501871517625,11000,469
orn,5,99,0.001,-0.2960698381979811,110000,885
orn,5,99,0.01,-0.2903969371711242,110000,885
orn,5,99,0.1,-0.290095691205303,110000,885
orn,6,99,0.001,-0.5495927733672483,1100000,1252
orn,6,99,0.01,-0.5403989787926717,1100000,1252
orn,6,99,0.1,-0.5412936058748385,1100000,1252
orn,0,100,0.001,-2.250104245030688,1,1
orn,0,100,0.01,-2.250104213287724,1,1
orn,0,100,0.1,-2.250103895876604,1,1
orn,1,100,0.001,-0.08031175316673816,11,10
orn,1,100,0.01,-0.08031239738540584,11,10
orn,1,100,0.1,-0.08031886581675558,11,10
orn,2,100,0.001,-0.08456313189122237,110,47
orn,2,100,0.01,-0.08450336579443167,110,47
orn,2,100,0.1,-0.08447155040464671,110,47
orn,3,100,0.001,-0.09396272270435613,1100,161
orn,3,100,0.01,-0.09234000067819359,1100,161
orn,3,100,0.1,-0.0921411035762222,1100,161
orn,4,100,0.001,-0.1795080403022416,11000,381
orn,4,100,0.01,-0.17749499675338146,11000,381
orn,4,100,0.1,-0.17698597936311866,11000,381
orn,5,100,0.001,-0.2425229073339962,110000,651
orn,5,100,0.01,-0.23842941902115505,110000,651
orn,5,100,0.1,-0.2373839506318311,110000,651
orn,6,100,0.001,-0.43438506538110744,1100000,880
orn,6,100,0.01,-0.42796387016504445,1100000,880
orn,6,100,0.1,-0.426787613940561,1100000,880
pul,0,1,0.001,-2.2689986337600807,1,1
pul,0,1,0.01,-2.268998625544498,1,1
pul,0,1,0.1,-2.2689985433944173,1,1
pul,1,1,0.001,-0.07598324543923633,11,10
pul,1,1,0.01,-0.07594203365343596,11,10
pul,1,1,0.1,-0.07590324687530858,11,10
pul,2,1,0.001,-0.0772756019399853,110,50
pul,2,1,0.01,-0.07720362034434027,110,50
pul,2,1,0.1,-0.07716016330315796,110,50
pul,3,1,0.001,-0.08223248540429005,1100,173
pul,3,1,0.01,-0.08195277113618935,1100,173
pul,3,1,0.1,-0.08180501418042711,1100,173
pul,4,1,0.001,-0.09928688125187801,11000,423
pul,4,1,0.01,-0.09785956373505678,11000,423
pul,4,1,0.1,-0.09825076838917546,11000,423
pul,5,1,0.001,-0.18099852484169995,110000,755
pul,5,1,0.01,-0.17519425258576768,110000,755
pul,5,1,0.1,-0.17392823406013658,110000,755
pul,6,1,0.001,-0.44011021707907305,1100000,1065
pul,6,1,0.01,-0.4318627408380661,1100000,1065
pul,6,1,0.1,-0.4326792099662341,1100000,1065
pul,0,2,0.001,-2.2031290326745543,1,1
pul,0,2,0.01,-2.203129034354268,1,1
pul,0,2,0.1,-2.203129051156419,1,1
pul,1,2,0.001,-0.06496442839817947,11,10
pul,1,2,0.01,-0.06495735103457347,11,10
pul,1,2,0.1,-0.06495338606828603,11,10
pul,2,2,0.001,-0.06798138923631805,110,45
pul,2,2,0.01,-0.06793987938472813,110,45
pul,2,2,0.1,-0.06791611115126497,110,45
pul,3,2,0.001,-0.07113340737980878,1100,163
pul,3,2,0.01,-0.07089738779180316,1100,163
pul,3,2,0.1,-0.07079780103926149,1100,163
pul,4,2,0.001,-0.0870431955955569,11000,403
pul,4,2,0.01,-0.08599921912311208,11000,403
pul,4,2,0.1,-0.08600484269342654,11000,403
pul,5,2,0.001,-0.16086908951941303,110000,679
pul,5,2,0.01,-0.158453076244334,110000,679
pul,5,2,0.1,-0.15789223162388,110000,679
pul,6,2,0.001,-0.3203516378081744,1100000,933
pul,6,2,0.01,-0.31681583630847443,1100000,933
pul,6,2,0.1,-0.3182130984342812,1100000,933
pul,0,3,0.001,-2.19457111988546,1,1
pul,0,3,0.01,-2.194571122418045,1,1
pul,0,3,0.1,-2.194571147748794,1,1
pul,1,3,0.001,-0.06761425156697486,11,10
pul,1,3,0.01,-0.06758551612160466,11,10
pul,1,3,0.1,-0.06755957047152283,11,10
pul,2,3,0.001,-0.07054624950380813,110,47
pul,2,3,0.01,-0.07050649840103003,110,47
pul,2,3,0.1,-0.07048642665418173,110,47
pul,3,3,0.001,-0.07264465677639123,1100,166
pul,3,3,0.01,-0.07229020048259813,1100,166
pul,3,3,0.1,-0.07203394172583101,1100,166
pul,4,3,0.001,-0.0891086136685163,11000,398
pul,4,3,0.01,-0.08808833846369388,11000,398
pul,4,3,0.1,-0.0877249524780326,11000,398
pul,5,3,0.001,-0.15914103084592507,110000,668
pul,5,3,0.01,-0.1559504171753125,110000,668
pul,5,3,0.1,-0.15609146842402752,110000,668
pul,6,3,0.001,-0.35030044174134056,1100000,919
pul,6,3,0.01,-0.3434597429971557,1100000,919
pul,6,3,0.1,-0.3428761459024076,1100000,919
pul,0,4,0.001,-2.1776639494243324,1,1
pul,0,4,0.01,-2.1776639527786275,1,1
pul,0,4,0.1,-2.1776639863268072,1,1
pul,1,4,0.001,-0.06671474132676664,11,10
pul,1,4,0.01,-0.06671501702189804,11,10
pul,1,4,0.1,-0.06671777770793927,11,10
pul,2,4,0.001,-0.06941989184879296,110,46
pul,2,4,0.01,-0.06941277716509106,110,46
pul,2,4,0.1,-0.06942349752666102,110,46
pul,3,4,0.001,-0.0722294906146102,1100,164
pul,3,4,0.01,-0.07188528937366878,1100,164
pul,3,4,0.1,-0.07167904619574941,1100,164
pul,4,4,0.001,-0.09817041601039501,11000,411
pul,4,4,0.01,-0.09685087512370345,11000,411
pul,4,4,0.1,-0.09650126837089563,11000,411
pul,5,4,0.001,-0.15497111911529982,110000,718
pul,5,4,0.01,-0.1525159902439589,110000,718
pul,5,4,0.1,-0.15252726514308806,110000,718
pul,6,4,0.001,-0.3647306672638436,1100000,976
pul,6,4,0.01,-0.36169451811103687,1100000,976
pul,6,4,0.1,-0.36353966676726124,1100000,976
pul,0,5,0.001,-2.1755508350059567,1,1
pul,0,5,0.01,-2.175550839579575,1,1
pul,0,5,0.1,-2.1755508853206877,1,1
pul,1,5,0.001,-0.06489332028232374,11,10
pul,1,5,0.01,-0.06488623609184505,11,10
pul,1,5,0.1,-0.06488153008339737,11,10
pul,2,5,0.001,-0.06684947894665412,110,48
pul,2,5,0.01,-0.06680946965440214,110,48
pul,2,5,0.1,-0.06678933292585289,110,48
pul,3,5,0.001,-0.07086173241930863,1100,173
pul,3,5,0.01,-0.07053557808940215,1100,173
pul,3,5,0.1,-0.07036666122562876,1100,173
pul,4,5,0.001,-0.09723914106176638,11000,441
pul,4,5,0.01,-0.0957704663045297,11000,441
pul,4,5,0.1,-0.0956047940583972,11000,441
pul,5,5,0.001,-0.2098904245016021,110000,797
pul,5,5,0.01,-0.20422169200210094,110000,797
pul,5,5,0.1,-0.20214000196509985,110000,797
pul,6,5,0.001,-0.445310313309062,1100000,1086
pul,6,5,0.01,-0.4371916725968901,1100000,1086
pul,6,5,0.1,-0.4345799012099279,1100000,1086
pul,0,6,0.001,-2.2371939903393674,1,1
pul,0,6,0.01,-2.2371939859456296,1,1
pul,0,6,0.1,-2.2371939420135023,1,1
pul,1,6,0.001,-0.07318581130277889,11,10
pul,1,6,0.01,-0.07317850880999358,11,10
pul,1,6,0.1,-0.07317408492176698,11,10
pul,2,6,0.001,-0.0751968562845462,110,47
pul,2,6,0.01,-0.07515499238416327,110,47
pul,2,6,0.1,-0.07513028233091458,110,47
pul,3,6,0.001,-0.08147963008116262,1100,171
pul,3,6,0.01,-0.0811567472302453,1100,171
pul,3,6,0.1,-0.0809993229363612,1100,171
pul,4,6,0.001,-0.11272616203408857,11000,435
pul,4,6,0.01,-0.10719355434210677,11000,435
pul,4,6,0.1,-0.10330942990044405,11000,435
pul,5,6,0.001,-0.18885197138526594,110000,766
pul,5,6,0.01,-0.18187506376501988,110000,766
pul,5,6,0.1,-0.1781509865450392,110000,766
pul,6,6,0.001,-0.346236872681992,1100000,1051
pul,6,6,0.01,-0.33660984137774336,1100000,1051
pul,6,6,0.1,-0.33241773644211425,1100000,1051
pul,0,7,0.001,-2.248403648018959,1,1
pul,0,7,0.01,-2.248403643872642,1,1
pul,0,7,0.1,-2.248403602415167,1,1
pul,1,7,0.001,-0.07502324219448918,11,10
pul,1,7,0.01,-0.075023519240872,11,10
pul,1,7,0.1,-0.07502629492235692,11,10
pul,2,7,0.001,-0.07912423408719797,110,47
pul,2,7,0.01,-0.07908633932212653,110,47
pul,2,7,0.1,-0.0790634075459455,110,47
pul,3,7,0.001,-0.08208581519168319,1100,177
pul,3,7,0.01,-0.08161541773466224,1100,177
pul,3,7,0.1,-0.08128144442375372,1100,177
pul,4,7,0.001,-0.10478046806355167,11000,420
pul,4,7,0.01,-0.10324609671097183,11000,420
pul,4,7,0.1,-0.1026474516054397,11000,420
pul,5,7,0.001,-0.18150129874379015,110000,735
pul,5,7,0.01,-0.1786263415183108,110000,735
pul,5,7,0.1,-0.17880884567761463,110000,735
pul,6,7,0.001,-0.39276782073636735,1100000,1004
pul,6,7,0.01,-0.3880752407253165,1100000,1004
pul,6,7,0.1,-0.3883155018386816,1100000,1004
pul,0,8,0.001,-2.1676602266803875,1,1
pul,0,8,0.01,-2.167660230383864,1,1
pul,0,8,0.1,-2.1676602674243957,1,1
pul,1,8,0.001,-0.0803510408797135,11,10
pul,1,8,0.01,-0.08031675285165217,11,10
pul,1,8,0.1,-0.08028328262989884,11,10
pul,2,8,0.001,-0.08541575080361166,110,49
pul,2,8,0.01,-0.08533648596275123,110,49
pul,2,8,0.1,-0.08527532885574475,110,49
pul,3,8,0.001,-0.08861597925161904,1100,178
pul,3,8,0.01,-0.08802451724529722,1100,178
pul,3,8,0.1,-0.08766029741911073,1100,178
pul,4,8,0.001,-0.10641952697168755,11000,433
pul,4,8,0.01,-0.10477112837075815,11000,433
pul,4,8,0.1,-0.10401170125625217,11000,433
pul,5,8,0.001,-0.18308660471375934,110000,752
pul,5,8,0.01,-0.17979340048925296,110000,752
pul,5,8,0.1,-0.17921253704675627,110000,752
pul,6,8,0.001,-0.43259081897026286,1100000,1026
pul,6,8,0.01,-0.4235471282245592,1100000,1026
pul,6,8,0.1,-0.42048175660588494,1100000,1026
pul,0,9,0.001,-2.2686995636344505,1,1
pul,0,9,0.01,-2.2686995579267224,1,1
pul,0,9,0.1,-2.2686995008534083,1,1
pul,1,9,0.001,-0.058144943824810315,11,10
pul,1,9,0.01,-0.05814543034918031,11,10
pul,1,9,0.1,-0.05815030880737095,11,10
pul,2,9,0.001,-0.060710221315985996,110,48
pul,2,9,0.01,-0.0606996499292892,110,48
pul,2,9,0.1,-0.060711768017346686,110,48
pul,3,9,0.001,-0.06290846672433875,1100,166
pul,3,9,0.01,-0.06267614598212558,1100,166
pul,3,9,0.1,-0.06263948296167357,1100,166
pul,4,9,0.001,-0.07566077090891213,11000,414
pul,4,9,0.01,-0.0746749399462812,11000,414
pul,4,9,0.1,-0.07463274842268684,11000,414
pul,5,9,0.001,-0.12375651123074924,110000,740
pul,5,9,0.01,-0.12203973327387385,110000,740
pul,5,9,0.1,-0.12326870341620629,110000,740
pul,6,9,0.001,-0.29135092811016233,1100000,1035
pul,6,9,0.01,-0.28860560860216194,1100000,1035
pul,6,9,0.1,-0.2926119873322321,1100000,1035
pul,0,10,0.001,-2.297551198980879,1,1
pul,0,10,0.01,-2.2975511884798476,1,1
pul,0,10,0.1,-2.297551083474582,1,1
pul,1,10,0.001,-0.07827937116246012,11,10
pul,1,10,0.01,-0.07827250129737116,11,10
pul,1,10,0.1,-0.07826852101981253,11,10
pul,2,10,0.001,-0.08111234504733515,110,48
pul,2,10,0.01,-0.08108201546072717,110,48
pul,2,10,0.1,-0.0810787396773263,110,48
pul,3,10,0.001,-0.08574733665964211,1100,178
pul,3,10,0.01,-0.08537888944771681,1100,178
pul,3,10,0.1,-0.085352607733744,1100,178
pul,4,10,0.001,-0.10076594744757876,11000,454
pul,4,10,0.01,-0.09927568977346327,11000,454
pul,4,10,0.1,-0.09906613144316051,11000,454
pul,5,10,0.001,-0.22718581517201372,110000,839
pul,5,10,0.01,-0.2210200814026934,110000,839
pul,5,10,0.1,-0.21869084693828988,110000,839
pul,6,10,0.001,-0.4901728067216491,1100000,1206
pul,6,10,0.01,-0.48362169332275173,1100000,1206
pul,6,10,0.1,-0.48229679087365734,1100000,1206
pul,0,11,0.001,-2.2931013327022782,1,1
pul,0,11,0.01,-2.2931013229450716,1,1
pul,0,11,0.1,-2.293101225378707,1,1
pul,1,11,0.001,-0.07668337491308487,11,10
pul,1,11,0.01,-0.07667546246064555,11,10
pul,1,11,0.1,-0.07667035025670241,11,10
pul,2,11,0.001,-0.07850381762098511,110,46
pul,2,11,0.01,-0.07847719702318083,110,46
pul,2,11,0.1,-0.07846577221305774,110,46
pul,3,11,0.001,-0.0855026017738954,1100,172
pul,3,11,0.01,-0.08498657292047855,1100,172
pul,3,11,0.1,-0.08471393343046178,1100,172
pul,4,11,0.001,-0.11254020529609371,11000,450
pul,4,11,0.01,-0.11072562755921408,11000,450
pul,4,11,0.1,-0.10987433875734838,11000,450
pul,5,11,0.001,-0.20751644048182255,110000,803
pul,5,11,0.01,-0.20465795120617442,110000,803
pul,5,11,0.1,-0.20465140112612853,110000,803
pul,6,11,0.001,-0.4923696889265107,1100000,1068
pul,6,11,0.01,-0.48930251266203206,1100000,1068
pul,6,11,0.1,-0.4917981041260643,1100000,1068
pul,0,12,0.001,-2.29314653890157,1,1
pul,0,12,0.01,-2.2931465272484273,1,1
pul,0,12,0.1,-2.293146410722274,1,1
pul,1,12,0.001,-0.07069954790644246,11,10
pul,1,12,0.01,-0.07069995276284273,11,10
pul,1,12,0.1,-0.07070400414993683,11,10
pul,2,12,0.001,-0.07471903989087451,110,46
pul,2,12,0.01,-0.07471281593378619,110,46
pul,2,12,0.1,-0.07473068889358785,110,46
pul,3,12,0.001,-0.07810969398696181,1100,162
pul,3,12,0.01,-0.07784938224086667,1100,162
pul,3,12,0.1,-0.07772514682317615,1100,162
pul,4,12,0.001,-0.09205151945011407,11000,403
pul,4,12,0.01,-0.0909003606089895,11000,403
pul,4,12,0.1,-0.09078938255998455,11000,403
pul,5,12,0.001,-0.17250679010030867,110000,740
pul,5,12,0.01,-0.16942827403747554,110000,740
pul,5,12,0.1,-0.17025048301432835,110000,740
pul,6,12,0.001,-0.41652797051038176,1100000,1022
pul,6,12,0.01,-0.4100023085013759,1100000,1022
pul,6,12,0.1,-0.4090878804567294,1100000,1022
pul,0,13,0.001,-2.2566397281985755,1,1
pul,0,13,0.01,-2.256639722962351,1,1
pul,0,13,0.1,-2.256639670605275,1,1
pul,1,13,0.001,-0.06862857699153434,11,10
pul,1,13,0.01,-0.06861388524809162,11,10
pul,1,13,0.1,-0.06860198003295397,11,10
pul,2,13,0.001,-0.07085806346581693,110,49
pul,2,13,0.01,-0.070825800668125,110,49
pul,2,13,0.1,-0.07081756761193365,110,49
pul,3,13,0.001,-0.07591811836954618,1100,178
pul,3,13,0.01,-0.07555987206844107,1100,178
pul,3,13,0.1,-0.07539832780985929,1100,178
pul,4,13,0.001,-0.10116157279128914,11000,443
pul,4,13,0.01,-0.0992631943120032,11000,443
pul,4,13,0.1,-0.09873106319890336,11000,443
pul,5,13,0.001,-0.18805927121614982,110000,781
pul,5,13,0.01,-0.18492566845553682,110000,781
pul,5,13,0.1,-0.1851555663492792,110000,781
pul,6,13,0.001,-0.4825230978934506,1100000,1053
pul,6,13,0.01,-0.47247099689237443,1100000,1053
pul,6,13,0.1,-0.4686531840299608,1100000,1053
pul,0,14,0.001,-2.227094277553781,1,1
pul,0,14,0.01,-2.2270942745492306,1,1
pul,0,14,0.1,-2.2270942445098187,1,1
pul,1,14,0.001,-0.08656217914607263,11,10
pul,1,14,0.01,-0.08651748624569731,11,10
pul,1,14,0.1,-0.08647344291623327,11,10
pul,2,14,0.001,-0.09201248943440402,110,48
pul,2,14,0.01,-0.09191964824072096,110,48
pul,2,14,0.1,-0.09184925074980704,110,48
pul,3,14,0.001,-0.0979677345954438,1100,172
pul,3,14,0.01,-0.09732900497190833,1100,172
pul,3,14,0.1,-0.09696695622642665,1100,172
pul,4,14,0.001,-0.13176620673734554,11000,433
pul,4,14,0.01,-0.12960748256727228,11000,433
pul,4,14,0.1,-0.12901035388095763,11000,433
pul,5,14,0.001,-0.2729279712243563,110000,799
pul,5,14,0.01,-0.26934083986997626,110000,799
pul,5,14,0.1,-0.268380781031337,110000,799
pul,6,14,0.001,-0.5129630974439141,1100000,1120
pul,6,14,0.01,-0.5072575490676249,1100000,1120
pul,6,14,0.1,-0.5079938633431756,1100000,1120
pul,0,15,0.001,-2.193850111653001,1,1
pul,0,15,0.01,-2.1938501165997573,1,1
pul,0,15,0.1,-2.1938501660716745,1,1
pul,1,15,0.001,-0.06134680921990788,11,10
pul,1,15,0.01,-0.06134711769254136,11,10
pul,1,15,0.1,-0.061350206471148666,11,10
pul,2,15,0.001,-0.06381909749371423,110,47
pul,2,15,0.01,-0.06381379325523656,110,47
pul,2,15,0.1,-0.06382923386683156,110,47
pul,3,15,0.001,-0.06623836921615701,1100,169
pul,3,15,0.01,-0.06591181539949417,1100,169
pul,3,15,0.1,-0.06588156964295319,1100,169
pul,4,15,0.001,-0.0833532309603865,11000,420
pul,4,15,0.01,-0.08208921199782668,11000,420
pul,4,15,0.1,-0.08201511847606077,11000,420
pul,5,15,0.001,-0.16356255825828586,110000,757
pul,5,15,0.01,-0.15907311365776436,110000,757
pul,5,15,0.1,-0.15766216520397744,110000,757
pul,6,15,0.001,-0.4534923774385794,1100000,1072
pul,6,15,0.01,-0.4454088219028148,1100000,1072
pul,6,15,0.1,-0.4425089958471085,1100000,1072
pul,0,16,0.001,-2.225628028957151,1,1
pul,0,16,0.01,-2.2256280316268384,1,1
pul,0,16,0.1,-2.225628058328338,1,1
pul,1,16,0.001,-0.05520693635230102,11,10
pul,1,16,0.01,-0.05517978489840071,11,10
pul,1,16,0.1,-0.05515605983497092,11,10
pul,2,16,0.001,-0.061277659834960606,110,47
pul,2,16,0.01,-0.06121040131928032,110,47
pul,2,16,0.1,-0.0611630139242208,110,47
pul,3,16,0.001,-0.06316367360802075,1100,161
pul,3,16,0.01,-0.06284397120380776,1100,161
pul,3,16,0.1,-0.06262910810239429,1100,161
pul,4,16,0.001,-0.07973402574821517,11000,387
pul,4,16,0.01,-0.07848085528461839,11000,387
pul,4,16,0.1,-0.07779723998900276,11000,387
pul,5,16,0.001,-0.1486874835205405,110000,650
pul,5,16,0.01,-0.1465897439938281,110000,650
pul,5,16,0.1,-0.1464849779001347,110000,650
pul,6,16,0.001,-0.34934965808802126,1100000,867
pul,6,16,0.01,-0.345287265687302,1100000,867
pul,6,16,0.1,-0.34685231880401335,1100000,867
pul,0,17,0.001,-2.2382163326448876,1,1
pul,0,17,0.01,-2.2382163299416042,1,1
pul,0,17,0.1,-2.2382163029136075,1,1
pul,1,17,0.001,-0.06792266671786522,11,10
pul,1,17,0.01,-0.06792302001894297,11,10
pul,1,17,0.1,-0.06792656798618608,11,10
pul,2,17,0.001,-0.0699615546020186,110,46
pul,2,17,0.01,-0.06994759699029852,110,46
pul,2,17,0.1,-0.06995476459142878,110,46
pul,3,17,0.001,-0.07261520497530137,1100,159
pul,3,17,0.01,-0.07239733003899304,1100,159
pul,3,17,0.1,-0.07232444601709428,1100,159
pul,4,17,0.001,-0.08995405455399602,11000,386
pul,4,17,0.01,-0.08862594809776997,11000,386
pul,4,17,0.1,-0.08820686557725158,11000,386
pul,5,17,0.001,-0.15397378591529384,110000,704
pul,5,17,0.01,-0.1514853586037269,110000,704
pul,5,17,0.1,-0.1511382293850528,110000,704
pul,6,17,0.001,-0.3281613277395525,1100000,985
pul,6,17,0.01,-0.32328154234245726,1100000,985
pul,6,17,0.1,-0.3225405390346227,1100000,985
pul,0,18,0.001,-2.1940724231633295,1,1
pul,0,18,0.01,-2.1940724296591623,1,1
pul,0,18,0.1,-2.194072494621119,1,1
pul,1,18,0.001,-0.05521203165142312,11,10
pul,1,18,0.01,-0.055207030164013696,11,10
pul,1,18,0.1,-0.05520593631277028,11,10
pul,2,18,0.001,-0.05843608194549803,110,47
pul,2,18,0.01,-0.058412032550592415,110,47
pul,2,18,0.1,-0.058404456477608994,110,47
pul,3,18,0.001,-0.05898049056357694,1100,169
pul,3,18,0.01,-0.0587506815059683,1100,169
pul,3,18,0.1,-0.05868095233170957,1100,169
pul,4,18,0.001,-0.07267783963640677,11000,416
pul,4,18,0.01,-0.07178571971771629,11000,416
pul,4,18,0.1,-0.07157032819502052,11000,416
pul,5,18,0.001,-0.10933946857645602,110000,727
pul,5,18,0.01,-0.10779528212408337,110000,727
pul,5,18,0.1,-0.1084183405766005,110000,727
pul,6,18,0.001,-0.25394701338854053,1100000,987
pul,6,18,0.01,-0.2517813656492295,1100000,987
pul,6,18,0.1,-0.25527449556232423,1100000,987
pul,0,19,0.001,-2.2230745030323025,1,1
pul,0,19,0.01,-2.2230745035618362,1,1
pul,0,19,0.1,-2.22307450886211,1,1
pul,1,19,0.001,-0.06471628145517744,11,10
pul,1,19,0.01,-0.06471661620078635,11,10
pul,1,19,0.1,-0.06471996850486172,11,10
pul,2,19,0.001,-0.06874296273310103,110,46
pul,2,19,0.01,-0.06873564092758214,110,46
pul,2,19,0.1,-0.0687414194869096,110,46
pul,3,19,0.001,-0.07173871020373418,1100,166
pul,3,19,0.01,-0.07146421347045336,1100,166
pul,3,19,0.1,-0.07133597021286946,1100,166
pul,4,19,0.001,-0.10480006345086576,11000,396
pul,4,19,0.01,-0.09963326776809497,11000,396
pul,4,19,0.1,-0.09619410601371488,11000,396
pul,5,19,0.001,-0.16300968413548966,110000,703
pul,5,19,0.01,-0.1559131763653694,110000,703
pul,5,19,0.1,-0.15240112747292364,110000,703
pul,6,19,0.001,-0.3598935481071405,1100000,966
pul,6,19,0.01,-0.349713486226272,1100000,966
pul,6,19,0.1,-0.34651890830695886,1100000,966
pul,0,20,0.001,-2.236177909043332,1,1
pul,0,20,0.01,-2.2361779084142803,1,1
pul,0,20,0.1,-2.2361779021285297,1,1
pul,1,20,0.001,-0.06692826118472897,11,10
pul,1,20,0.01,-0.06688650172402937,11,10
pul,1,20,0.1,-0.06684748838597503,11,10
pul,2,20,0.001,-0.06973127538685868,110,50
pul,2,20,0.01,-0.06968537515671074,110,50
pul,2,20,0.1,-0.06966398405741873,110,50
pul,3,20,0.001,-0.0730728916839058,1100,175
pul,3,20,0.01,-0.07270277841852454,1100,175
pul,3,20,0.1,-0.07252519402598298,1100,175
pul,4,20,0.001,-0.10082322977723647,11000,427
pul,4,20,0.01,-0.09922774052853833,11000,427
pul,4,20,0.1,-0.09850246694574001,11000,427
pul,5,20,0.001,-0.2089542105113948,110000,770
pul,5,20,0.01,-0.20502527971160375,110000,770
pul,5,20,0.1,-0.20402569763814005,110000,770
pul,6,20,0.001,-0.44274540981628757,1100000,1071
pul,6,20,0.01,-0.43680622791201246,1100000,1071
pul,6,20,0.1,-0.43682106570740453,1100000,1071
pul,0,21,0.001,-2.2305992681023743,1,1
pul,0,21,0.01,-2.2305992694617522,1,1
pul,0,21,0.1,-2.2305992830599406,1,1
pul,1,21,0.001,-0.053184690409929514,11,10
pul,1,21,0.01,-0.05317854126907038,11,10
pul,1,21,0.1,-0.05317575868200912,11,10
pul,2,21,0.001,-0.05371217622101864,110,48
pul,2,21,0.01,-0.053662454514931575,110,48
pul,2,21,0.1,-0.05363450510596379,110,48
pul,3,21,0.001,-0.05697221428695961,1100,171
pul,3,21,0.01,-0.05666160349165776,1100,171
pul,3,21,0.1,-0.056458103728428424,1100,171
pul,4,21,0.001,-0.07362614819936662,11000,418
pul,4,21,0.01,-0.07269275335578548,11000,418
pul,4,21,0.1,-0.07268719116948269,11000,418
pul,5,21,0.001,-0.13651001397657592,110000,688
pul,5,21,0.01,-0.13491888837213564,110000,688
pul,5,21,0.1,-0.13558799198286714,110000,688
pul,6,21,0.001,-0.3647282030102178,1100000,905
pul,6,21,0.01,-0.3613007730922657,1100000,905
pul,6,21,0.1,-0.3609974311918577,1100000,905
pul,0,22,0.001,-2.2183804390012782,1,1
pul,0,22,0.01,-2.2183804398386506,1,1
pul,0,22,0.1,-2.218380448217232,1,1
pul,1,22,0.001,-0.0652272757386095,11,10
pul,1,22,0.01,-0.06521318970717392,11,10
pul,1,22,0.1,-0.06520160168272851,11,10
pul,2,22,0.001,-0.0673637051282299,110,49
pul,2,22,0.01,-0.06729992084603825,110,49
pul,2,22,0.1,-0.06725840658870856,110,49
pul,3,22,0.001,-0.07518226487560783,1100,183
pul,3,22,0.01,-0.07475115370786058,1100,183
pul,3,22,0.1,-0.07446396157455881,1100,183
pul,4,22,0.001,-0.09637902054845635,11000,468
pul,4,22,0.01,-0.0947002504858148,11000,468
pul,4,22,0.1,-0.09404223014569245,11000,468
pul,5,22,0.001,-0.1975649058483135,110000,842
pul,5,22,0.01,-0.19229964469952984,110000,842
pul,5,22,0.1,-0.19088950235969612,110000,842
pul,6,22,0.001,-0.43321584781179145,1100000,1140
pul,6,22,0.01,-0.4266625787840797,1100000,1140
pul,6,22,0.1,-0.42756740659469245,1100000,1140
pul,0,23,0.001,-2.2601201365449626,1,1
pul,0,23,0.01,-2.260120130518669,1,1
pul,0,23,0.1,-2.2601200702600943,1,1
pul,1,23,0.001,-0.06552046681213564,11,10
pul,1,23,0.01,-0.06552088434628625,11,10
pul,1,23,0.1,-0.0655250733301717,11,10
pul,2,23,0.001,-0.06799299554744627,110,45
pul,2,23,0.01,-0.06796646044521609,110,45
pul,2,23,0.1,-0.06796007435467574,110,45
pul,3,23,0.001,-0.07062123811902882,1100,167
pul,3,23,0.01,-0.07035228787194345,1100,167
pul,3,23,0.1,-0.07020898057073835,1100,167
pul,4,23,0.001,-0.08679332536858705,11000,419
pul,4,23,0.01,-0.08583226268015323,11000,419
pul,4,23,0.1,-0.08557216181602895,11000,419
pul,5,23,0.001,-0.1602656274298095,110000,750
pul,5,23,0.01,-0.15810345332487455,110000,750
pul,5,23,0.1,-0.15839536537276275,110000,750
pul,6,23,0.001,-0.3142710166215978,1100000,1029
pul,6,23,0.01,-0.31082258691464143,1100000,1029
pul,6,23,0.1,-0.31067792357924595,1100000,1029
pul,0,24,0.001,-2.1981647051840323,1,1
pul,0,24,0.01,-2.198164708334319,1,1
pul,0,24,0.1,-2.1981647398414754,1,1
pul,1,24,0.001,-0.06508220645933174,11,10
pul,1,24,0.01,-0.06508253788565334,11,10
pul,1,24,0.1,-0.06508585529013318,11,10
pul,2,24,0.001,-0.06644582864438171,110,45
pul,2,24,0.01,-0.06641929438689567,110,45
pul,2,24,0.1,-0.06641313097713503,110,45
pul,3,24,0.001,-0.07031248081463158,1100,169
pul,3,24,0.01,-0.07003310453228842,1100,169
pul,3,24,0.1,-0.06989131577935327,1100,169
pul,4,24,0.001,-0.08801171812813975,11000,422
pul,4,24,0.01,-0.08698466370216669,11000,422
pul,4,24,0.1,-0.08690389358083438,11000,422
pul,5,24,0.001,-0.15788062111420717,110000,758
pul,5,24,0.01,-0.1531389373516348,110000,758
pul,5,24,0.1,-0.1511171061448705,110000,758
pul,6,24,0.001,-0.3093232901520156,1100000,1054
pul,6,24,0.01,-0.30333814545272353,1100000,1054
pul,6,24,0.1,-0.3017570790204077,1100000,1054
pul,0,25,0.001,-2.2429332715201795,1,1
pul,0,25,0.01,-2.2429332663214256,1,1
pul,0,25,0.1,-2.242933214340074,1,1
pul,1,25,0.001,-0.07949055358155274,11,10
pul,1,25,0.01,-0.07947268023098165,11,10
pul,1,25,0.1,-0.079456833622449,11,10
pul,2,25,0.001,-0.08573502256569511,110,48
pul,2,25,0.01,-0.08566013531090187,110,48
pul,2,25,0.1,-0.08560384096879668,110,48
pul,3,25,0.001,-0.09412447305253696,1100,170
pul,3,25,0.01,-0.09366515676876538,1100,170
pul,3,25,0.1,-0.09334483855581412,1100,170
pul,4,25,0.001,-0.11950074074156922,11000,424
pul,4,25,0.01,-0.1171312360141243,11000,424
pul,4,25,0.1,-0.11558904540607194,11000,424
pul,5,25,0.001,-0.23100525496689353,110000,754
pul,5,25,0.01,-0.22629834159412932,110000,754
pul,5,25,0.1,-0.22427345890217804,110000,754
pul,6,25,0.001,-0.5044429294220274,1100000,1028
pul,6,25,0.01,-0.4971983504045446,1100000,1028
pul,6,25,0.1,-0.4959689336971108,1100000,1028
pul,0,26,0.001,-2.216091863279926,1,1
pul,0,26,0.01,-2.2160918641264886,1,1
pul,0,26,0.1,-2.216091872596453,1,1
pul,1,26,0.001,-0.06682257405530662,11,10
pul,1,26,0.01,-0.06681654824806675,11,10
pul,1,26,0.1,-0.06681356164365741,11,10
pul,2,26,0.001,-0.07040349739070066,110,48
pul,2,26,0.01,-0.07037593590888067,110,48
pul,2,26,0.1,-0.07036891457712176,110,48
pul,3,26,0.001,-0.0721798085831718,1100,169
pul,3,26,0.01,-0.07186738677388932,1100,169
pul,3,26,0.1,-0.0717077162982848,1100,169
pul,4,26,0.001,-0.08784404697548041,11000,439
pul,4,26,0.01,-0.08664087350756725,11000,439
pul,4,26,0.1,-0.08622987691799615,11000,439
pul,5,26,0.001,-0.1743692812404773,110000,790
pul,5,26,0.01,-0.17204649139995923,110000,790
pul,5,26,0.1,-0.17221022870592256,110000,790
pul,6,26,0.001,-0.3845862129447981,1100000,1130
pul,6,26,0.01,-0.3791083539872288,1100000,1130
pul,6,26,0.1,-0.3790554735612267,1100000,1130
pul,0,27,0.001,-2.2220441645521296,1,1
pul,0,27,0.01,-2.222044163985333,1,1
pul,0,27,0.1,-2.2220441583223445,1,1
pul,1,27,0.001,-0.07005917581085701,11,10
pul,1,27,0.01,-0.07004483676958521,11,10
pul,1,27,0.1,-0.07003324853531,11,10
pul,2,27,0.001,-0.0734807111662198,110,48
pul,2,27,0.01,-0.07344040528030855,110,48
pul,2,27,0.1,-0.0734217292849459,110,48
pul,3,27,0.001,-0.07802469876408118,1100,178
pul,3,27,0.01,-0.07757203919681209,1100,178
pul,3,27,0.1,-0.07728953690752423,1100,178
pul,4,27,0.001,-0.10560719791643956,11000,445
pul,4,27,0.01,-0.10386352721507963,11000,445
pul,4,27,0.1,-0.10319724067343264,11000,445
pul,5,27,0.001,-0.20130835969208036,110000,784
pul,5,27,0.01,-0.19803995446712297,110000,784
pul,5,27,0.1,-0.19796973135965187,110000,784
pul,6,27,0.001,-0.46579580017413047,1100000,1093
pul,6,27,0.01,-0.4613382379953122,1100000,1093
pul,6,27,0.1,-0.46205915835685796,1100000,1093
pul,0,28,0.001,-2.2513595608830874,1,1
pul,0,28,0.01,-2.2513595567952853,1,1
pul,0,28,0.1,-2.2513595159229136,1,1
pul,1,28,0.001,-0.07636288424656841,11,10
pul,1,28,0.01,-0.07634654126949877,11,10
pul,1,28,0.1,-0.07633220021152921,11,10
pul,2,28,0.001,-0.08122249243179996,110,48
pul,2,28,0.01,-0.0811260180986577,110,48
pul,2,28,0.1,-0.0810470197007943,110,48
pul,3,28,0.001,-0.08924448249682128,1100,172
pul,3,28,0.01,-0.08873883665084382,1100,172
pul,3,28,0.1,-0.08836890268303314,1100,172
pul,4,28,0.001,-0.11576157759049872,11000,428
pul,4,28,0.01,-0.11397757644234896,11000,428
pul,4,28,0.1,-0.11354408632892564,11000,428
pul,5,28,0.001,-0.22309874921665968,110000,770
pul,5,28,0.01,-0.21597408701646964,110000,770
pul,5,28,0.1,-0.21251353372048354,110000,770
pul,6,28,0.001,-0.41968930718399544,1100000,1053
pul,6,28,0.01,-0.410553939640309,1100000,1053
pul,6,28,0.1,-0.40710172551633794,1100000,1053
pul,0,29,0.001,-2.2656690466294553,1,1
pul,0,29,0.01,-2.265669042206832,1,1
pul,0,29,0.1,-2.2656689979858795,1,1
pul,1,29,0.001,-0.07121759331493294,11,10
pul,1,29,0.01,-0.07121785799704243,11,10
pul,1,29,0.1,-0.07122052933952785,11,10
pul,2,29,0.001,-0.07333844689574276,110,48
pul,2,29,0.01,-0.07326961941829595,110,48
pul,2,29,0.1,-0.07322098673479488,110,48
pul,3,29,0.001,-0.07729294080606193,1100,169
pul,3,29,0.01,-0.07681014907871835,1100,169
pul,3,29,0.1,-0.07653819720644249,1100,169
pul,4,29,0.001,-0.09815666662922465,11000,419
pul,4,29,0.01,-0.09666472139003422,11000,419
pul,4,29,0.1,-0.09598285916732181,11000,419
pul,5,29,0.001,-0.19401224307359582,110000,726
pul,5,29,0.01,-0.19127492363561527,110000,726
pul,5,29,0.1,-0.1911306469718529,110000,726
pul,6,29,0.001,-0.47603910044356545,1100000,1019
pul,6,29,0.01,-0.4686156033747336,1100000,1019
pul,6,29,0.1,-0.4657353263538289,1100000,1019
pul,0,30,0.001,-2.258639581933401,1,1
pul,0,30,0.01,-2.2586395783247672,1,1
pul,0,30,0.1,-2.25863954224392,1,1
pul,1,30,0.001,-0.06858136992695113,11,10
pul,1,30,0.01,-0.06854129391684802,11,10
pul,1,30,0.1,-0.06850387705422833,11,10
pul,2,30,0.001,-0.07358318194125943,110,50
pul,2,30,0.01,-0.07351850306451936,110,50
pul,2,30,0.1,-0.07348168607020501,110,50
pul,3,30,0.001,-0.07788139297275108,1100,173
pul,3,30,0.01,-0.07755289844095933,1100,173
pul,3,30,0.1,-0.0774544804707255,1100,173
pul,4,30,0.001,-0.0993246676051787,11000,422
pul,4,30,0.01,-0.09786912436815552,11000,422
pul,4,30,0.1,-0.09738552752735752,11000,422
pul,5,30,0.001,-0.18259194434751388,110000,731
pul,5,30,0.01,-0.17997086798115683,110000,731
pul,5,30,0.1,-0.1799887015774993,110000,731
pul,6,30,0.001,-0.4394179796201596,1100000,1003
pul,6,30,0.01,-0.43588057345727066,1100000,1003
pul,6,30,0.1,-0.43733204816438187,1100000,1003
pul,0,31,0.001,-2.1979318710757774,1,1
pul,0,31,0.01,-2.1979318733646904,1,1
pul,0,31,0.1,-2.1979318962586842,1,1
pul,1,31,0.001,-0.06970422865226666,11,10
pul,1,31,0.01,-0.0696900278899575,11,10
pul,1,31,0.1,-0.06967785883535023,11,10
pul,2,31,0.001,-0.07433144730143902,110,49
pul,2,31,0.01,-0.0742647154527815,110,49
pul,2,31,0.1,-0.07421880242511683,110,49
pul,3,31,0.001,-0.07717655149422217,1100,180
pul,3,31,0.01,-0.07675241097650788,1100,180
pul,3,31,0.1,-0.07653319852020746,1100,180
pul,4,31,0.001,-0.10324497000385496,11000,436
pul,4,31,0.01,-0.1016925733815196,11000,436
pul,4,31,0.1,-0.10119694720575856,11000,436
pul,5,31,0.001,-0.2016353182684544,110000,780
pul,5,31,0.01,-0.19868968114952423,110000,780
pul,5,31,0.1,-0.1988350495700727,110000,780
pul,6,31,0.001,-0.48079478718108043,1100000,1080
pul,6,31,0.01,-0.4777934982945642,1100000,1080
pul,6,31,0.1,-0.4791474727282914,1100000,1080
pul,0,32,0.001,-2.1786170280006645,1,1
pul,0,32,0.01,-2.1786170345713143,1,1
pul,0,32,0.1,-2.178617100281871,1,1
pul,1,32,0.001,-0.06003990574400724,11,10
pul,1,32,0.01,-0.06000990303167868,11,10
pul,1,32,0.1,-0.05998298112386298,11,10
pul,2,32,0.001,-0.06319025281176896,110,48
pul,2,32,0.01,-0.0631357212543986,110,48
pul,2,32,0.1,-0.06310217335640544,110,48
pul,3,32,0.001,-0.066187860538511,1100,169
pul,3,32,0.01,-0.06590758113464494,1100,169
pul,3,32,0.1,-0.06590094522924665,1100,169
pul,4,32,0.001,-0.08610057563034947,11000,435
pul,4,32,0.01,-0.08514158129646453,11000,435
pul,4,32,0.1,-0.08515214199997975,11000,435
pul,5,32,0.001,-0.15812589690113774,110000,756
pul,5,32,0.01,-0.15399912205203736,110000,756
pul,5,32,0.1,-0.15340970107576296,110000,756
pul,6,32,0.001,-0.35728363806619234,1100000,1047
pul,6,32,0.01,-0.3519232084567536,1100000,1047
pul,6,32,0.1,-0.3529034191053938,1100000,1047
pul,0,33,0.001,-2.2666964383789923,1,1
pul,0,33,0.01,-2.2666964319759364,1,1
pul,0,33,0.1,-2.2666963679504395,1,1
pul,1,33,0.001,-0.06893611227658623,11,10
pul,1,33,0.01,-0.06893649076467499,11,10
pul,1,33,0.1,-0.06894028051357087,11,10
pul,2,33,0.001,-0.069958409776797,110,47
pul,2,33,0.01,-0.06993532128374035,110,47
pul,2,33,0.1,-0.06992953158220762,110,47
pul,3,33,0.001,-0.07207009322409776,1100,168
pul,3,33,0.01,-0.07180897203559425,1100,168
pul,3,33,0.1,-0.07165118519691431,1100,168
pul,4,33,0.001,-0.0868725420577285,11000,406
pul,4,33,0.01,-0.0858228899269125,11000,406
pul,4,33,0.1,-0.08555328865086204,11000,406
pul,5,33,0.001,-0.13508541859032253,110000,711
pul,5,33,0.01,-0.13231353648417238,110000,711
pul,5,33,0.1,-0.13194402705378339,110000,711
pul,6,33,0.001,-0.3353835759839799,1100000,980
pul,6,33,0.01,-0.32984039484856853,1100000,980
pul,6,33,0.1,-0.3298806043514142,1100000,980
pul,0,34,0.001,-2.255077937701195,1,1
pul,0,34,0.01,-2.2550779335511466,1,1
pul,0,34,0.1,-2.2550778920559615,1,1
pul,1,34,0.001,-0.07732923053557587,11,10
pul,1,34,0.01,-0.07732950988574365,11,10
pul,1,34,0.1,-0.0773323065374431,11,10
pul,2,34,0.001,-0.08000022567881496,110,44
pul,2,34,0.01,-0.07999302818072888,110,44
pul,2,34,0.1,-0.08000179378260441,110,44
pul,3,34,0.001,-0.08423090419783576,1100,158
pul,3,34,0.01,-0.08383782020880275,1100,158
pul,3,34,0.1,-0.0835576444383007,1100,158
pul,4,34,0.001,-0.10338443165165656,11000,423
pul,4,34,0.01,-0.10181467667979353,11000,423
pul,4,34,0.1,-0.1011648401499809,11000,423
pul,5,34,0.001,-0.22662798654509736,110000,783
pul,5,34,0.01,-0.2234449135316847,110000,783
pul,5,34,0.1,-0.223007521350547,110000,783
pul,6,34,0.001,-0.4586238615285502,1100000,1117
pul,6,34,0.01,-0.45114968547321865,1100000,1117
pul,6,34,0.1,-0.44938821697490106,1100000,1117
pul,0,35,0.001,-2.282031315010009,1,1
pul,0,35,0.01,-2.2820313062548157,1,1
pul,0,35,0.1,-2.282031218707815,1,1
pul,1,35,0.001,-0.06766647835043653,11,10
pul,1,35,0.01,-0.06766689710997717,11,10
pul,1,35,0.1,-0.0676710873608061,11,10
pul,2,35,0.001,-0.0719901090225816,110,45
pul,2,35,0.01,-0.07198377058342452,110,45
pul,2,35,0.1,-0.07199672878871659,110,45
pul,3,35,0.001,-0.07389916527344148,1100,161
pul,3,35,0.01,-0.0736109738709897,1100,161
pul,3,35,0.1,-0.0734519338543094,1100,161
pul,4,35,0.001,-0.08630968406421184,11000,401
pul,4,35,0.01,-0.08517823946363023,11000,401
pul,4,35,0.1,-0.08496131402339828,11000,401
pul,5,35,0.001,-0.1470943177056253,110000,739
pul,5,35,0.01,-0.1444458265139356,110000,739
pul,5,35,0.1,-0.14428991170538324,110000,739
pul,6,35,0.001,-0.40650625429179954,1100000,1044
pul,6,35,0.01,-0.39328839401456095,1100000,1044
pul,6,35,0.1,-0.386433482502517,1100000,1044
pul,0,36,0.001,-2.2011377797435068,1,1
pul,0,36,0.01,-2.2011377822165143,1,1
pul,0,36,0.1,-2.201137806951355,1,1
pul,1,36,0.001,-0.06112716959522576,11,10
pul,1,36,0.01,-0.061120463161866125,11,10
pul,1,36,0.1,-0.06111700197728551,11,10
pul,2,36,0.001,-0.06317000771947297,110,47
pul,2,36,0.01,-0.06316367381333143,110,47
pul,2,36,0.1,-0.06317419182448167,110,47
pul,3,36,0.001,-0.06538400078251812,1100,164
pul,3,36,0.01,-0.06521325206514779,1100,164
pul,3,36,0.1,-0.06513594485196081,1100,164
pul,4,36,0.001,-0.08147024703397611,11000,387
pul,4,36,0.01,-0.08032147306300635,11000,387
pul,4,36,0.1,-0.07975451582209367,11000,387
pul,5,36,0.001,-0.16926514255016978,110000,669
pul,5,36,0.01,-0.16705256913168107,110000,669
pul,5,36,0.1,-0.16672257377037766,110000,669
pul,6,36,0.001,-0.34604601432177046,1100000,912
pul,6,36,0.01,-0.3384702279222416,1100000,912
pul,6,36,0.1,-0.33627217113170665,1100000,912
pul,0,37,0.001,-2.185988440588533,1,1
pul,0,37,0.01,-2.185988444320466,1,1
pul,0,37,0.1,-2.185988481644679,1,1
pul,1,37,0.001,-0.06041552529597285,11,10
pul,1,37,0.01,-0.06041584674266608,11,10
pul,1,37,0.1,-0.06041906410022745,11,10
pul,2,37,0.001,-0.06222050587596352,110,45
pul,2,37,0.01,-0.06218828816615981,110,45
pul,2,37,0.1,-0.0621712650483361,110,45
pul,3,37,0.001,-0.06445098751548009,1100,169
pul,3,37,0.01,-0.0641824045719243,1100,169
pul,3,37,0.1,-0.06402360102248997,1100,169
pul,4,37,0.001,-0.07447368050053504,11000,428
pul,4,37,0.01,-0.07334281998261441,11000,428
pul,4,37,0.1,-0.07314487861761615,11000,428
pul,5,37,0.001,-0.15157320680367653,110000,735
pul,5,37,0.01,-0.14901441347941316,110000,735
pul,5,37,0.1,-0.14895754892390503,110000,735
pul,6,37,0.001,-0.296286659080987,1100000,988
pul,6,37,0.01,-0.292474881476393,1100000,988
pul,6,37,0.1,-0.29541436238028296,1100000,988
pul,0,38,0.001,-2.2173559290416693,1,1
pul,0,38,0.01,-2.2173559323911536,1,1
pul,0,38,0.1,-2.217355965890267,1,1
pul,1,38,0.001,-0.06465884840338822,11,10
pul,1,38,0.01,-0.06465274477062777,11,10
pul,1,38,0.1,-0.06464907640865367,11,10
pul,2,38,0.001,-0.06578818257667328,110,49
pul,2,38,0.01,-0.06574673195793423,110,49
pul,2,38,0.1,-0.06572450785931117,110,49
pul,3,38,0.001,-0.06819441400259958,1100,177
pul,3,38,0.01,-0.0677579665601268,1100,177
pul,3,38,0.1,-0.06752250755273122,1100,177
pul,4,38,0.001,-0.08174172635863267,11000,449
pul,4,38,0.01,-0.08025570675081035,11000,449
pul,4,38,0.1,-0.08010371282164841,11000,449
pul,5,38,0.001,-0.1783101260025264,110000,807
pul,5,38,0.01,-0.17501470909228134,110000,807
pul,5,38,0.1,-0.17509076447752878,110000,807
pul,6,38,0.001,-0.38956650877895277,1100000,1143
pul,6,38,0.01,-0.3859217614469347,1100000,1143
pul,6,38,0.1,-0.38858349256886904,1100000,1143
pul,0,39,0.001,-2.2566204475668337,1,1
pul,0,39,0.01,-2.2566204426878054,1,1
pul,0,39,0.1,-2.2566203939027853,1,1
pul,1,39,0.001,-0.07270090272071576,11,10
pul,1,39,0.01,-0.07267058724966434,11,10
pul,1,39,0.1,-0.07264312595563002,11,10
pul,2,39,0.001,-0.07607301061861675,110,49
pul,2,39,0.01,-0.07603110044003394,110,49
pul,2,39,0.1,-0.07601314680319167,110,49
pul,3,39,0.001,-0.07953770489436036,1100,173
pul,3,39,0.01,-0.07916758988127125,1100,173
pul,3,39,0.1,-0.07900063568824882,1100,173
pul,4,39,0.001,-0.10417441047075922,11000,419
pul,4,39,0.01,-0.102550530177922,11000,419
pul,4,39,0.1,-0.10199247934694315,11000,419
pul,5,39,0.001,-0.1810474096677483,110000,736
pul,5,39,0.01,-0.1778010519641669,110000,736
pul,5,39,0.1,-0.1776265391475172,110000,736
pul,6,39,0.001,-0.43950231820309693,1100000,1019
pul,6,39,0.01,-0.43493671143257406,1100000,1019
pul,6,39,0.1,-0.4352784144303778,1100000,1019
pul,0,40,0.001,-2.1949279781534474,1,1
pul,0,40,0.01,-2.1949279783488715,1,1
pul,0,40,0.1,-2.1949279803093313,1,1
pul,1,40,0.001,-0.07924641346045311,11,10
pul,1,40,0.01,-0.0792465567292159,11,10
pul,1,40,0.1,-0.07924801025437442,11,10
pul,2,40,0.001,-0.0862989312726983,110,46
pul,2,40,0.01,-0.0862556721135899,110,46
pul,2,40,0.1,-0.08623147538368281,110,46
pul,3,40,0.001,-0.09095708190680632,1100,168
pul,3,40,0.01,-0.09050919207251137,1100,168
pul,3,40,0.1,-0.0903312715048444,1100,168
pul,4,40,0.001,-0.1269189854632492,11000,418
pul,4,40,0.01,-0.12515346985552667,11000,418
pul,4,40,0.1,-0.12491111006687841,11000,418
pul,5,40,0.001,-0.21350607136887093,110000,752
pul,5,40,0.01,-0.20975811793737242,110000,752
pul,5,40,0.1,-0.2094741124307968,110000,752
pul,6,40,0.001,-0.49772238672080327,1100000,1051
pul,6,40,0.01,-0.48808398487025983,1100000,1051
pul,6,40,0.1,-0.48537711631276986,1100000,1051
pul,0,41,0.001,-2.213163318932012,1,1
pul,0,41,0.01,-2.213163320295322,1,1
pul,0,41,0.1,-2.213163333933137,1,1
pul,1,41,0.001,-0.06525025258429384,11,10
pul,1,41,0.01,-0.06525056366401401,11,10
pul,1,41,0.1,-0.06525368065683092,11,10
pul,2,41,0.001,-0.07062549627217458,110,46
pul,2,41,0.01,-0.07057731480928911,110,46
pul,2,41,0.1,-0.07055240737049842,110,46
pul,3,41,0.001,-0.07499926043423202,1100,169
pul,3,41,0.01,-0.07474954752504183,1100,169
pul,3,41,0.1,-0.07481987705122312,1100,169
pul,4,41,0.001,-0.08817525930635538,11000,428
pul,4,41,0.01,-0.08675340349849237,11000,428
pul,4,41,0.1,-0.08640200475411215,11000,428
pul,5,41,0.001,-0.17228419307446838,110000,786
pul,5,41,0.01,-0.16928086464936468,110000,786
pul,5,41,0.1,-0.16935096231404537,110000,786
pul,6,41,0.001,-0.4782858453304562,1100000,1081
pul,6,41,0.01,-0.4743968866312228,1100000,1081
pul,6,41,0.1,-0.47509668771607316,1100000,1081
pul,0,42,0.001,-2.23078924228376,1,1
pul,0,42,0.01,-2.2307892397556617,1,1
pul,0,42,0.1,-2.230789214480608,1,1
pul,1,42,0.001,-0.07352836295392691,11,10
pul,1,42,0.01,-0.07352859049863357,11,10
pul,1,42,0.1,-0.07353087035488017,11,10
pul,2,42,0.001,-0.07804665495627255,110,45
pul,2,42,0.01,-0.07802808127659248,110,45
pul,2,42,0.1,-0.07803056136771136,110,45
pul,3,42,0.001,-0.0818908465308335,1100,164
pul,3,42,0.01,-0.08149314606563318,1100,164
pul,3,42,0.1,-0.08125451941690742,1100,164
pul,4,42,0.001,-0.10771869534581152,11000,422
pul,4,42,0.01,-0.1059095603717091,11000,422
pul,4,42,0.1,-0.10535307580272636,11000,422
pul,5,42,0.001,-0.21247055184781435,110000,758
pul,5,42,0.01,-0.20859965306361103,110000,758
pul,5,42,0.1,-0.20714758548918977,110000,758
pul,6,42,0.001,-0.5088060031547815,1100000,1052
pul,6,42,0.01,-0.5014180394915626,1100000,1052
pul,6,42,0.1,-0.5019529841839978,1100000,1052
pul,0,43,0.001,-2.2849012215787448,1,1
pul,0,43,0.01,-2.284901214087364,1,1
pul,0,43,0.1,-2.284901139178608,1,1
pul,1,43,0.001,-0.0681838774302785,11,10
pul,1,43,0.01,-0.06817691697859114,11,10
pul,1,43,0.1,-0.06817296649342545,11,10
pul,2,43,0.001,-0.07325148883633689,110,49
pul,2,43,0.01,-0.07320177105484561,110,49
pul,2,43,0.1,-0.07317952660724611,110,49
pul,3,43,0.001,-0.07642687515807749,1100,175
pul,3,43,0.01,-0.07610235730017478,1100,175
pul,3,43,0.1,-0.0759587102380687,1100,175
pul,4,43,0.001,-0.0901581102875174,11000,420
pul,4,43,0.01,-0.08865256755763541,11000,420
pul,4,43,0.1,-0.08818203664973395,11000,420
pul,5,43,0.001,-0.18438725017252802,110000,764
pul,5,43,0.01,-0.1798895953898902,110000,764
pul,5,43,0.1,-0.17923956916641956,110000,764
pul,6,43,0.001,-0.5093354045318763,1100000,1095
pul,6,43,0.01,-0.5022295616328823,1100000,1095
pul,6,43,0.1,-0.5004594569610301,1100000,1095
pul,0,44,0.001,-2.2364218872383206,1,1
pul,0,44,0.01,-2.236421885603586,1,1
pul,0,44,0.1,-2.2364218692610858,1,1
pul,1,44,0.001,-0.05731901269258524,11,10
pul,1,44,0.01,-0.05731224650703813,11,10
pul,1,44,0.1,-0.05730853482234877,11,10
pul,2,44,0.001,-0.05989340689530854,110,48
pul,2,44,0.01,-0.059853530922286464,110,48
pul,2,44,0.1,-0.05983538509665386,110,48
pul,3,44,0.001,-0.06166212618981386,1100,163
pul,3,44,0.01,-0.06134380893543038,1100,163
pul,3,44,0.1,-0.061162191835542216,1100,163
pul,4,44,0.001,-0.07604033222378963,11000,389
pul,4,44,0.01,-0.07496993394400857,11000,389
pul,4,44,0.1,-0.0745854335924326,11000,389
pul,5,44,0.001,-0.20666657755835835,110000,687
pul,5,44,0.01,-0.20388329356982568,110000,687
pul,5,44,0.1,-0.2040173540372327,110000,687
pul,6,44,0.001,-0.4094036928978193,1100000,954
pul,6,44,0.01,-0.40519576825604675,1100000,954
pul,6,44,0.1,-0.4093661520384265,1100000,954
pul,0,45,0.001,-2.2293890348800542,1,1
pul,0,45,0.01,-2.2293890323781294,1,1
pul,0,45,0.1,-2.2293890073648153,1,1
pul,1,45,0.001,-0.07079866557860684,11,10
pul,1,45,0.01,-0.0707726046600927,11,10
pul,1,45,0.1,-0.07074813599763566,11,10
pul,2,45,0.001,-0.07591458768146393,110,50
pul,2,45,0.01,-0.07582174803642999,110,50
pul,2,45,0.1,-0.0757494621959217,110,50
pul,3,45,0.001,-0.0817760671466353,1100,177
pul,3,45,0.01,-0.08116356968176161,1100,177
pul,3,45,0.1,-0.08088150248383465,1100,177
pul,4,45,0.001,-0.1051093524780476,11000,420
pul,4,45,0.01,-0.10338809811571692,11000,420
pul,4,45,0.1,-0.10329584172150856,11000,420
pul,5,45,0.001,-0.19883714753499626,110000,747
pul,5,45,0.01,-0.19556349670805204,110000,747
pul,5,45,0.1,-0.19515559986159103,110000,747
pul,6,45,0.001,-0.45722111701023627,1100000,1015
pul,6,45,0.01,-0.450356485293963,1100000,1015
pul,6,45,0.1,-0.449293411576747,1100000,1015
pul,0,46,0.001,-2.2065759095385418,1,1
pul,0,46,0.01,-2.206575912677941,1,1
pul,0,46,0.1,-2.2065759440764925,1,1
pul,1,46,0.001,-0.06757928964282162,11,10
pul,1,46,0.01,-0.06757960384772013,11,10
pul,1,46,0.1,-0.06758275219842567,11,10
pul,2,46,0.001,-0.07106791047638457,110,47
pul,2,46,0.01,-0.07104624567472648,110,47
pul,2,46,0.1,-0.07104359111412538,110,47
pul,3,46,0.001,-0.0741040283181733,1100,171
pul,3,46,0.01,-0.07370222169652035,1100,171
pul,3,46,0.1,-0.07352021391877059,1100,171
pul,4,46,0.001,-0.09373257958859002,11000,419
pul,4,46,0.01,-0.09228337722369195,11000,419
pul,4,46,0.1,-0.09204831881433848,11000,419
pul,5,46,0.001,-0.19539963478908592,110000,742
pul,5,46,0.01,-0.19325285633149347,110000,742
pul,5,46,0.1,-0.19410870359382343,110000,742
pul,6,46,0.001,-0.40601359190340286,1100000,1027
pul,6,46,0.01,-0.40159507425842184,1100000,1027
pul,6,46,0.1,-0.4013592076484123,1100000,1027
pul,0,47,0.001,-2.1960316862671077,1,1
pul,0,47,0.01,-2.196031689015963,1,1
pul,0,47,0.1,-2.196031716509565,1,1
pul,1,47,0.001,-0.06259814219253647,11,10
pul,1,47,0.01,-0.06259091401607388,11,10
pul,1,47,0.1,-0.06258607564761245,11,10
pul,2,47,0.001,-0.06645111166542556,110,49
pul,2,47,0.01,-0.06639063417382378,110,49
pul,2,47,0.1,-0.06635284522993208,110,49
pul,3,47,0.001,-0.06906919336417383,1100,171
pul,3,47,0.01,-0.0686478911121976,1100,171
pul,3,47,0.1,-0.06839555387143678,1100,171
pul,4,47,0.001,-0.087009476571929,11000,417
pul,4,47,0.01,-0.08554481484537187,11000,417
pul,4,47,0.1,-0.08508219017285051,11000,417
pul,5,47,0.001,-0.1766651765123046,110000,731
pul,5,47,0.01,-0.1737655846743812,110000,731
pul,5,47,0.1,-0.17330970976000065,110000,731
pul,6,47,0.001,-0.42350970845516606,1100000,987
pul,6,47,0.01,-0.4151087334322697,1100000,987
pul,6,47,0.1,-0.4140297451321997,1100000,987
pul,0,48,0.001,-2.2289646481639194,1,1
pul,0,48,0.01,-2.22896464522099,1,1
pul,0,48,0.1,-2.228964615797734,1,1
pul,1,48,0.001,-0.07579429177767809,11,10
pul,1,48,0.01,-0.07575892352132703,11,10
pul,1,48,0.1,-0.0757252491633211,11,10
pul,2,48,0.001,-0.07892909832421292,110,47
pul,2,48,0.01,-0.07886975082757317,110,47
pul,2,48,0.1,-0.07883545353467009,110,47
pul,3,48,0.001,-0.08366170926747778,1100,172
pul,3,48,0.01,-0.08326917529223773,1100,172
pul,3,48,0.1,-0.08301808661420634,1100,172
pul,4,48,0.001,-0.10919441763883533,11000,425
pul,4,48,0.01,-0.10698456724510677,11000,425
pul,4,48,0.1,-0.10576028684820825,11000,425
pul,5,48,0.001,-0.20555166822264534,110000,749
pul,5,48,0.01,-0.20145160416661548,110000,749
pul,5,48,0.1,-0.19994766946180698,110000,749
pul,6,48,0.001,-0.49617163597223063,1100000,1021
pul,6,48,0.01,-0.49121682208792516,1100000,1021
pul,6,48,0.1,-0.4921724289364826,1100000,1021
pul,0,49,0.001,-2.3035730896189466,1,1
pul,0,49,0.01,-2.3035730783088515,1,1
pul,0,49,0.1,-2.3035729652136703,1,1
pul,1,49,0.001,-0.07732752950324938,11,10
pul,1,49,0.01,-0.07731953044612778,11,10
pul,1,49,0.1,-0.0773139957740853,11,10
pul,2,49,0.001,-0.08212195532765618,110,48
pul,2,49,0.01,-0.08209440839327901,110,48
pul,2,49,0.1,-0.08208819315187547,110,48
pul,3,49,0.001,-0.08731947502365701,1100,169
pul,3,49,0.01,-0.08676018128139056,1100,169
pul,3,49,0.1,-0.0864428466856535,1100,169
pul,4,49,0.001,-0.1057168371166287,11000,424
pul,4,49,0.01,-0.10371125875004952,11000,424
pul,4,49,0.1,-0.102890659922768,11000,424
pul,5,49,0.001,-0.19103133848474324,110000,781
pul,5,49,0.01,-0.18429290130024528,110000,781
pul,5,49,0.1,-0.18140400626191944,110000,781
pul,6,49,0.001,-0.4460005466026237,1100000,1106
pul,6,49,0.01,-0.43418799953110987,1100000,1106
pul,6,49,0.1,-0.43114705746774745,1100000,1106
pul,0,50,0.001,-2.1956950180421715,1,1
pul,0,50,0.01,-2.1956950213304736,1,1
pul,0,50,0.1,-2.195695054218551,1,1
pul,1,50,0.001,-0.062154668371274015,11,10
pul,1,50,0.01,-0.06215500974342689,11,10
pul,1,50,0.1,-0.06215842643900597,11,10
pul,2,50,0.001,-0.06716148289585473,110,45
pul,2,50,0.01,-0.06713540369607134,110,45
pul,2,50,0.1,-0.06712061378163671,110,45
pul,3,50,0.001,-0.06987294865252751,1100,159
pul,3,50,0.01,-0.06961360813224891,1100,159
pul,3,50,0.1,-0.06944014271966988,1100,159
pul,4,50,0.001,-0.0819513869838443,11000,376
pul,4,50,0.01,-0.08062331130769225,11000,376
pul,4,50,0.1,-0.07977716791585229,11000,376
pul,5,50,0.001,-0.1635792181306959,110000,643
pul,5,50,0.01,-0.16097721834050177,110000,643
pul,5,50,0.1,-0.16013019965580724,110000,643
pul,6,50,0.001,-0.301011173452138,1100000,851
pul,6,50,0.01,-0.29608360805393774,1100000,851
pul,6,50,0.1,-0.29568900818365706,1100000,851
pul,0,51,0.001,-2.196789969481962,1,1
pul,0,51,0.01,-2.196789970148647,1,1
pul,0,51,0.1,-2.196789976821179,1,1
pul,1,51,0.001,-0.07009414542953199,11,10
pul,1,51,0.01,-0.07006073013869131,11,10
pul,1,51,0.1,-0.07002946814452056,11,10
pul,2,51,0.001,-0.07405256541218318,110,48
pul,2,51,0.01,-0.07399517516933282,110,48
pul,2,51,0.1,-0.07395972507868609,110,48
pul,3,51,0.001,-0.07744317398282438,1100,167
pul,3,51,0.01,-0.07696101153458738,1100,167
pul,3,51,0.1,-0.07662228934327012,1100,167
pul,4,51,0.001,-0.1146711815214386,11000,404
pul,4,51,0.01,-0.11337095411394814,11000,404
pul,4,51,0.1,-0.11285664263829297,11000,404
pul,5,51,0.001,-0.1748951543705683,110000,681
pul,5,51,0.01,-0.17218890421628033,110000,681
pul,5,51,0.1,-0.17249019620263725,110000,681
pul,6,51,0.001,-0.42429026280104504,1100000,932
pul,6,51,0.01,-0.4161767118516327,1100000,932
pul,6,51,0.1,-0.41499067820170127,1100000,932
pul,0,52,0.001,-2.2022567212253774,1,1
pul,0,52,0.01,-2.2022567229362244,1,1
pul,0,52,0.1,-2.202256740049565,1,1
pul,1,52,0.001,-0.06663059814043845,11,10
pul,1,52,0.01,-0.06662370240848325,11,10
pul,1,52,0.1,-0.06661952266568108,11,10
pul,2,52,0.001,-0.06864618877007132,110,48
pul,2,52,0.01,-0.06863145362433334,110,48
pul,2,52,0.1,-0.06863272916648308,110,48
pul,3,52,0.001,-0.07091817593342112,1100,174
pul,3,52,0.01,-0.0705404183157702,1100,174
pul,3,52,0.1,-0.07035705040258537,1100,174
pul,4,52,0.001,-0.0826449665760402,11000,436
pul,4,52,0.01,-0.08130127104179538,11000,436
pul,4,52,0.1,-0.08079675404498517,11000,436
pul,5,52,0.001,-0.17151795814618268,110000,759
pul,5,52,0.01,-0.16924353618018126,110000,759
pul,5,52,0.1,-0.17016669254910885,110000,759
pul,6,52,0.001,-0.3644107645881404,1100000,1006
pul,6,52,0.01,-0.35803475463855844,1100000,1006
pul,6,52,0.1,-0.35675592941324813,1100000,1006
pul,0,53,0.001,-2.2472493766405717,1,1
pul,0,53,0.01,-2.2472493728546565,1,1
pul,0,53,0.1,-2.2472493350007676,1,1
pul,1,53,0.001,-0.06977306042002367,11,10
pul,1,53,0.01,-0.06975800386350477,11,10
pul,1,53,0.1,-0.06974591481300971,11,10
pul,2,53,0.001,-0.07482974341028209,110,47
pul,2,53,0.01,-0.07480338348031652,110,47
pul,2,53,0.1,-0.07479157596767502,110,47
pul,3,53,0.001,-0.07742473675883088,1100,170
pul,3,53,0.01,-0.07706578346157347,1100,170
pul,3,53,0.1,-0.07685798203681045,1100,170
pul,4,53,0.001,-0.10669232152107261,11000,413
pul,4,53,0.01,-0.10529323057419557,11000,413
pul,4,53,0.1,-0.104676547850963,11000,413
pul,5,53,0.001,-0.1964671217494897,110000,738
pul,5,53,0.01,-0.1937486492732327,110000,738
pul,5,53,0.1,-0.19307485391850213,110000,738
pul,6,53,0.001,-0.44141836585105954,1100000,1034
pul,6,53,0.01,-0.43356011658155374,1100000,1034
pul,6,53,0.1,-0.4319813823352574,1100000,1034
pul,0,54,0.001,-2.193101554666683,1,1
pul,0,54,0.01,-2.193101557938977,1,1
pul,0,54,0.1,-2.193101590666939,1,1
pul,1,54,0.001,-0.06650409118444982,11,10
pul,1,54,0.01,-0.06648945314774549,11,10
pul,1,54,0.1,-0.06647769038911486,11,10
pul,2,54,0.001,-0.06775699812297406,110,48
pul,2,54,0.01,-0.06772507446893718,110,48
pul,2,54,0.1,-0.06771084558226585,110,48
pul,3,54,0.001,-0.07051509313662212,1100,165
pul,3,54,0.01,-0.07036494967751429,1100,165
pul,3,54,0.1,-0.07035812682353382,1100,165
pul,4,54,0.001,-0.08063242589263686,11000,400
pul,4,54,0.01,-0.07978683570297726,11000,400
pul,4,54,0.1,-0.0796072933448874,11000,400
pul,5,54,0.001,-0.14824088196496346,110000,667
pul,5,54,0.01,-0.14611169025341517,110000,667
pul,5,54,0.1,-0.1461585434966771,110000,667
pul,6,54,0.001,-0.31681114654738424,1100000,887
pul,6,54,0.01,-0.3126736105599783,1100000,887
pul,6,54,0.1,-0.3127316807132596,1100000,887
pul,0,55,0.001,-2.2178748529551506,1,1
pul,0,55,0.01,-2.2178748542585387,1,1
pul,0,55,0.1,-2.217874867297119,1,1
pul,1,55,0.001,-0.06758355382196499,11,10
pul,1,55,0.01,-0.06755602321339325,11,10
pul,1,55,0.1,-0.06753118033394716,11,10
pul,2,55,0.001,-0.06888451953563496,110,48
pul,2,55,0.01,-0.06885542759765702,110,48
pul,2,55,0.1,-0.06884863924301421,110,48
pul,3,55,0.001,-0.07182084313379777,1100,172
pul,3,55,0.01,-0.07153710674439699,1100,172
pul,3,55,0.1,-0.07137143103681665,1100,172
pul,4,55,0.001,-0.0885147070128537,11000,423
pul,4,55,0.01,-0.08725009085465874,11000,423
pul,4,55,0.1,-0.0867460604276995,11000,423
pul,5,55,0.001,-0.14719077978951547,110000,756
pul,5,55,0.01,-0.14250834582768285,110000,756
pul,5,55,0.1,-0.14043162914431734,110000,756
pul,6,55,0.001,-0.33541974913434475,1100000,1045
pul,6,55,0.01,-0.3302557512457652,1100000,1045
pul,6,55,0.1,-0.33107883089700174,1100000,1045
pul,0,56,0.001,-2.244802960139526,1,1
pul,0,56,0.01,-2.244802957684761,1,1
pul,0,56,0.1,-2.244802933142009,1,1
pul,1,56,0.001,-0.06913742274065278,11,10
pul,1,56,0.01,-0.06913775912686668,11,10
pul,1,56,0.1,-0.0691411258995533,11,10
pul,2,56,0.001,-0.07011116956013094,110,46
pul,2,56,0.01,-0.07010509935280906,110,46
pul,2,56,0.1,-0.07011796400180974,110,46
pul,3,56,0.001,-0.07269315941208104,1100,163
pul,3,56,0.01,-0.07246522453613713,1100,163
pul,3,56,0.1,-0.07237128105526143,1100,163
pul,4,56,0.001,-0.08467382307513281,11000,410
pul,4,56,0.01,-0.08344884163283796,11000,410
pul,4,56,0.1,-0.0830419715530189,11000,410
pul,5,56,0.001,-0.16499418968063007,110000,739
pul,5,56,0.01,-0.16257212730023504,110000,739
pul,5,56,0.1,-0.1631009698142813,110000,739
pul,6,56,0.001,-0.3636605447465011,1100000,1042
pul,6,56,0.01,-0.35853937519325957,1100000,1042
pul,6,56,0.1,-0.3586722355880708,1100000,1042
pul,0,57,0.001,-2.279204984258766,1,1
pul,0,57,0.01,-2.279204975526725,1,1
pul,0,57,0.1,-2.279204888212223,1,1
pul,1,57,0.001,-0.07877032414639472,11,10
pul,1,57,0.01,-0.07871916146735321,11,10
pul,1,57,0.1,-0.07866951205363136,11,10
pul,2,57,0.001,-0.08321921592248971,110,51
pul,2,57,0.01,-0.08309174826891148,110,51
pul,2,57,0.1,-0.08299783803742718,110,51
pul,3,57,0.001,-0.09048524608590205,1100,181
pul,3,57,0.01,-0.0898444749349511,1100,181
pul,3,57,0.1,-0.08945385508911723,1100,181
pul,4,57,0.001,-0.14005676458494792,11000,442
pul,4,57,0.01,-0.1334176476603614,11000,442
pul,4,57,0.1,-0.12898097578067905,11000,442
pul,5,57,0.001,-0.2653466429262497,110000,793
pul,5,57,0.01,-0.25585186522596626,110000,793
pul,5,57,0.1,-0.2507358412540473,110000,793
pul,6,57,0.001,-0.4733123070951156,1100000,1099
pul,6,57,0.01,-0.464153227813078,1100000,1099
pul,6,57,0.1,-0.46112499001581314,1100000,1099
pul,0,58,0.001,-2.1883289840287183,1,1
pul,0,58,0.01,-2.18832898973296,1,1
pul,0,58,0.1,-2.1883290467794203,1,1
pul,1,58,0.001,-0.06137531491941312,11,10
pul,1,58,0.01,-0.06137566908713517,11,10
pul,1,58,0.1,-0.06137921453248138,11,10
pul,2,58,0.001,-0.06512255395428328,110,47
pul,2,58,0.01,-0.06512453914995388,110,47
pul,2,58,0.1,-0.06514459054442581,110,47
pul,3,58,0.001,-0.06655933770611937,1100,173
pul,3,58,0.01,-0.06628296214851094,1100,173
pul,3,58,0.1,-0.06615953808715108,1100,173
pul,4,58,0.001,-0.08860532671465528,11000,423
pul,4,58,0.01,-0.08761998830899298,11000,423
pul,4,58,0.1,-0.08748790878158891,11000,423
pul,5,58,0.001,-0.1385096441457521,110000,777
pul,5,58,0.01,-0.1357356233627803,110000,777
pul,5,58,0.1,-0.13561704252471796,110000,777
pul,6,58,0.001,-0.39718896967147993,1100000,1119
pul,6,58,0.01,-0.3854731134222455,1100000,1119
pul,6,58,0.1,-0.3829698258146019,1100000,1119
pul,0,59,0.001,-2.21108112332503,1,1
pul,0,59,0.01,-2.2110811242870256,1,1
pul,0,59,0.1,-2.211081133912191,1,1
pul,1,59,0.001,-0.06637021077083144,11,10
pul,1,59,0.01,-0.06636278031198754,11,10
pul,1,59,0.1,-0.06635798550310412,11,10
pul,2,59,0.001,-0.06914793585004493,110,47
pul,2,59,0.01,-0.06911402412253725,110,47
pul,2,59,0.1,-0.0691008477544658,110,47
pul,3,59,0.001,-0.07289962739136127,1100,169
pul,3,59,0.01,-0.07257614933994633,1100,169
pul,3,59,0.1,-0.07240728538847768,1100,169
pul,4,59,0.001,-0.10401359752768886,11000,410
pul,4,59,0.01,-0.10266643982233752,11000,410
pul,4,59,0.1,-0.10223977290026891,11000,410
pul,5,59,0.001,-0.15892876313122536,110000,719
pul,5,59,0.01,-0.15588263153647608,110000,719
pul,5,59,0.1,-0.15497570467138763,110000,719
pul,6,59,0.001,-0.33859273407228696,1100000,980
pul,6,59,0.01,-0.3343244840167376,1100000,980
pul,6,59,0.1,-0.33373663326780423,1100000,980
pul,0,60,0.001,-2.242405344210675,1,1
pul,0,60,0.01,-2.242405340951555,1,1
pul,0,60,0.1,-2.2424053083660884,1,1
pul,1,60,0.001,-0.07556291435738456,11,10
pul,1,60,0.01,-0.07556315353588457,11,10
pul,1,60,0.1,-0.07556555061131222,11,10
pul,2,60,0.001,-0.07901846937824528,110,46
pul,2,60,0.01,-0.07892260757142379,110,46
pul,2,60,0.1,-0.07884551188598429,110,46
pul,3,60,0.001,-0.089264249089449,1100,172
pul,3,60,0.01,-0.08869510734399148,1100,172
pul,3,60,0.1,-0.08829387537359161,1100,172
pul,4,60,0.001,-0.13133321032970985,11000,425
pul,4,60,0.01,-0.12953683007884884,11000,425
pul,4,60,0.1,-0.12905922853476914,11000,425
pul,5,60,0.001,-0.272059504521754,110000,751
pul,5,60,0.01,-0.26896826462095486,110000,751
pul,5,60,0.1,-0.26868246311176425,110000,751
pul,6,60,0.001,-0.5003024282654538,1100000,1020
pul,6,60,0.01,-0.49210874144163674,1100000,1020
pul,6,60,0.1,-0.48929011841930126,1100000,1020
pul,0,61,0.001,-2.197548697032163,1,1
pul,0,61,0.01,-2.197548701308155,1,1
pul,0,61,0.1,-2.1975487440725594,1,1
pul,1,61,0.001,-0.05857385822891932,11,10
pul,1,61,0.01,-0.05856751894875902,11,10
pul,1,61,0.1,-0.058564280392030474,11,10
pul,2,61,0.001,-0.06246780780966599,110,47
pul,2,61,0.01,-0.06243762514172301,110,47
pul,2,61,0.1,-0.06242687749223924,110,47
pul,3,61,0.001,-0.06482166554463172,1100,171
pul,3,61,0.01,-0.06445324426106752,1100,171
pul,3,61,0.1,-0.06424040078143643,1100,171
pul,4,61,0.001,-0.07955299984842787,11000,435
pul,4,61,0.01,-0.07812158845268828,11000,435
pul,4,61,0.1,-0.07801450074892834,11000,435
pul,5,61,0.001,-0.16843590914251014,110000,774
pul,5,61,0.01,-0.16612928875958619,110000,774
pul,5,61,0.1,-0.1667937214447525,110000,774
pul,6,61,0.001,-0.3873862468515162,1100000,1055
pul,6,61,0.01,-0.3819834116483927,1100000,1055
pul,6,61,0.1,-0.38416066637444324,1100000,1055
pul,0,62,0.001,-2.20955065484098,1,1
pul,0,62,0.01,-2.209550655568859,1,1
pul,0,62,0.1,-2.2095506628528816,1,1
pul,1,62,0.001,-0.06486644869249739,11,10
pul,1,62,0.01,-0.06485902834595095,11,10
pul,1,62,0.1,-0.06485444981352759,11,10
pul,2,62,0.001,-0.06621692890816308,110,48
pul,2,62,0.01,-0.06620069644524383,110,48
pul,2,62,0.1,-0.06619848339876643,110,48
pul,3,62,0.001,-0.06742454115815225,1100,168
pul,3,62,0.01,-0.06716930764501504,1100,168
pul,3,62,0.1,-0.06705524938633349,1100,168
pul,4,62,0.001,-0.08838849021343122,11000,409
pul,4,62,0.01,-0.086994107829101,11000,409
pul,4,62,0.1,-0.08632578712877279,11000,409
pul,5,62,0.001,-0.18953936975485203,110000,714
pul,5,62,0.01,-0.18700275222816415,110000,714
pul,5,62,0.1,-0.18700925412026773,110000,714
pul,6,62,0.001,-0.38639758268733576,1100000,961
pul,6,62,0.01,-0.37830241164533823,1100000,961
pul,6,62,0.1,-0.37710775139618946,1100000,961
pul,0,63,0.001,-2.259821598126993,1,1
pul,0,63,0.01,-2.2598215915168254,1,1
pul,0,63,0.1,-2.259821525420609,1,1
pul,1,63,0.001,-0.07194865887798473,11,10
pul,1,63,0.01,-0.07194107427809475,11,10
pul,1,63,0.1,-0.07193620134904864,11,10
pul,2,63,0.001,-0.07714941957732153,110,48
pul,2,63,0.01,-0.07712327280662609,110,48
pul,2,63,0.1,-0.0771210039875556,110,48
pul,3,63,0.001,-0.0812220202728969,1100,172
pul,3,63,0.01,-0.08095068098471536,1100,172
pul,3,63,0.1,-0.08089303501757276,1100,172
pul,4,63,0.001,-0.10170842652837292,11000,413
pul,4,63,0.01,-0.10021819193206111,11000,413
pul,4,63,0.1,-0.09978299058114475,11000,413
pul,5,63,0.001,-0.1800799299304473,110000,720
pul,5,63,0.01,-0.1774361761296158,110000,720
pul,5,63,0.1,-0.17778012066730328,110000,720
pul,6,63,0.001,-0.42008556147292786,1100000,994
pul,6,63,0.01,-0.4136664400614332,1100000,994
pul,6,63,0.1,-0.4147249593204641,1100000,994
pul,0,64,0.001,-2.33717276456352,1,1
pul,0,64,0.01,-2.337172746473738,1,1
pul,0,64,0.1,-2.3371725655805085,1,1
pul,1,64,0.001,-0.07163894438005972,11,10
pul,1,64,0.01,-0.07160237460282681,11,10
pul,1,64,0.1,-0.07156971557257337,11,10
pul,2,64,0.001,-0.07500188641850188,110,49
pul,2,64,0.01,-0.0748990223055111,110,49
pul,2,64,0.1,-0.0748226635378976,110,49
pul,3,64,0.001,-0.07784710415682013,1100,172
pul,3,64,0.01,-0.0775974950161824,1100,172
pul,3,64,0.1,-0.07749466525063206,1100,172
pul,4,64,0.001,-0.09935205458918737,11000,418
pul,4,64,0.01,-0.09848120314932637,11000,418
pul,4,64,0.1,-0.0982555935849861,11000,418
pul,5,64,0.001,-0.16267862386232698,110000,750
pul,5,64,0.01,-0.15961983918658693,110000,750
pul,5,64,0.1,-0.15978112993601865,110000,750
pul,6,64,0.001,-0.3421523565410997,1100000,1082
pul,6,64,0.01,-0.3373199921590197,1100000,1082
pul,6,64,0.1,-0.3382047272248534,1100000,1082
pul,0,65,0.001,-2.2645675784131916,1,1
pul,0,65,0.01,-2.2645675723251597,1,1
pul,0,65,0.1,-2.2645675114497528,1,1
pul,1,65,0.001,-0.07172327865425306,11,10
pul,1,65,0.01,-0.07168824280134775,11,10
pul,1,65,0.1,-0.07165623007954626,11,10
pul,2,65,0.001,-0.08013568712134123,110,49
pul,2,65,0.01,-0.08004975429065725,110,49
pul,2,65,0.1,-0.07998247879684958,110,49
pul,3,65,0.001,-0.08432391397173218,1100,171
pul,3,65,0.01,-0.08393661980894228,1100,171
pul,3,65,0.1,-0.08371558492209205,1100,171
pul,4,65,0.001,-0.10212516406790946,11000,429
pul,4,65,0.01,-0.10076539257975281,11000,429
pul,4,65,0.1,-0.10046999196506276,11000,429
pul,5,65,0.001,-0.18849556435316034,110000,782
pul,5,65,0.01,-0.18493378691865525,110000,782
pul,5,65,0.1,-0.18543214285817491,110000,782
pul,6,65,0.001,-0.39669768692824603,1100000,1090
pul,6,65,0.01,-0.3901109004009622,1100000,1090
pul,6,65,0.1,-0.38931373182855405,1100000,1090
pul,0,66,0.001,-2.2939253369485932,1,1
pul,0,66,0.01,-2.293925327368766,1,1
pul,0,66,0.1,-2.293925231576306,1,1
pul,1,66,0.001,-0.07520905139066517,11,10
pul,1,66,0.01,-0.07515899507595306,11,10
pul,1,66,0.1,-0.0751117657700928,11,10
pul,2,66,0.001,-0.08079485028075058,110,47
pul,2,66,0.01,-0.08071713100196211,110,47
pul,2,66,0.1,-0.08065812082314186,110,47
pul,3,66,0.001,-0.08576327679141997,1100,172
pul,3,66,0.01,-0.08532420263874428,1100,172
pul,3,66,0.1,-0.08503467913417927,1100,172
pul,4,66,0.001,-0.11294762366736892,11000,434
pul,4,66,0.01,-0.1114439940238507,11000,434
pul,4,66,0.1,-0.1108533395569117,11000,434
pul,5,66,0.001,-0.20447273276672984,110000,786
pul,5,66,0.01,-0.2015324670529599,110000,786
pul,5,66,0.1,-0.20190506817857154,110000,786
pul,6,66,0.001,-0.42771543577029514,1100000,1118
pul,6,66,0.01,-0.4185512906764117,1100000,1118
pul,6,66,0.1,-0.41678549411713145,1100000,1118
pul,0,67,0.001,-2.2320884468585827,1,1
pul,0,67,0.01,-2.2320884449383502,1,1
pul,0,67,0.1,-2.2320884257416624,1,1
pul,1,67,0.001,-0.07145655243142038,11,10
pul,1,67,0.01,-0.0714236110441825,11,10
pul,1,67,0.1,-0.07139322971285625,11,10
pul,2,67,0.001,-0.0752145626114189,110,46
pul,2,67,0.01,-0.07512906007127663,110,46
pul,2,67,0.1,-0.07506253559594357,110,46
pul,3,67,0.001,-0.08029467770692714,1100,167
pul,3,67,0.01,-0.07992690130707582,1100,167
pul,3,67,0.1,-0.07971762879736954,1100,167
pul,4,67,0.001,-0.11408447633122414,11000,413
pul,4,67,0.01,-0.11265504805901905,11000,413
pul,4,67,0.1,-0.11250118491821111,11000,413
pul,5,67,0.001,-0.24054392648532255,110000,703
pul,5,67,0.01,-0.23765773488969702,110000,703
pul,5,67,0.1,-0.23727554548411453,110000,703
pul,6,67,0.001,-0.4484973242238906,1100000,936
pul,6,67,0.01,-0.44372257470552345,1100000,936
pul,6,67,0.1,-0.44384042854644395,1100000,936
pul,0,68,0.001,-2.181176610926041,1,1
pul,0,68,0.01,-2.181176614440422,1,1
pul,0,68,0.1,-2.181176649589457,1,1
pul,1,68,0.001,-0.07201262599511836,11,10
pul,1,68,0.01,-0.07198166497258678,11,10
pul,1,68,0.1,-0.07195225534008093,11,10
pul,2,68,0.001,-0.07469786893006955,110,48
pul,2,68,0.01,-0.0746376210394653,110,48
pul,2,68,0.1,-0.07460021495222104,110,48
pul,3,68,0.001,-0.07769257645187802,1100,171
pul,3,68,0.01,-0.07710067929153816,1100,171
pul,3,68,0.1,-0.07674708671492245,1100,171
pul,4,68,0.001,-0.09663984680548035,11000,427
pul,4,68,0.01,-0.09505934460853618,11000,427
pul,4,68,0.1,-0.09535305835023836,11000,427
pul,5,68,0.001,-0.17701059296516822,110000,763
pul,5,68,0.01,-0.174328486660103,110000,763
pul,5,68,0.1,-0.17487973184393332,110000,763
pul,6,68,0.001,-0.44397291254508925,1100000,1051
pul,6,68,0.01,-0.43805286702346485,1100000,1051
pul,6,68,0.1,-0.4383517427229556,1100000,1051
pul,0,69,0.001,-2.219886852648407,1,1
pul,0,69,0.01,-2.2198868494860076,1,1
pul,0,69,0.1,-2.2198868178678373,1,1
pul,1,69,0.001,-0.07678497987582918,11,10
pul,1,69,0.01,-0.0767425848206715,11,10
pul,1,69,0.1,-0.07670227566921685,11,10
pul,2,69,0.001,-0.08279991868724854,110,49
pul,2,69,0.01,-0.08270971469413098,110,49
pul,2,69,0.1,-0.08263897080098864,110,49
pul,3,69,0.001,-0.08723784306132808,1100,174
pul,3,69,0.01,-0.0867812128230984,1100,174
pul,3,69,0.1,-0.08643926453992183,1100,174
pul,4,69,0.001,-0.10667437335656327,11000,429
pul,4,69,0.01,-0.10498003015307646,11000,429
pul,4,69,0.1,-0.10407450090277488,11000,429
pul,5,69,0.001,-0.20115187480838423,110000,756
pul,5,69,0.01,-0.1979030265015123,110000,756
pul,5,69,0.1,-0.19711540063772554,110000,756
pul,6,69,0.001,-0.3880266073181988,1100000,1038
pul,6,69,0.01,-0.3821671313775181,1100000,1038
pul,6,69,0.1,-0.380769401189299,1100000,1038
pul,0,70,0.001,-2.190712301835738,1,1
pul,0,70,0.01,-2.1907123061997353,1,1
pul,0,70,0.1,-2.1907123498441754,1,1
pul,1,70,0.001,-0.06195962702354585,11,10
pul,1,70,0.01,-0.06195330923717278,11,10
pul,1,70,0.1,-0.061949913795665085,11,10
pul,2,70,0.001,-0.0638447150806137,110,48
pul,2,70,0.01,-0.06376993489502093,110,48
pul,2,70,0.1,-0.06371607281856474,110,48
pul,3,70,0.001,-0.06752774848245319,1100,172
pul,3,70,0.01,-0.06723478605362704,1100,172
pul,3,70,0.1,-0.06724450686279967,1100,172
pul,4,70,0.001,-0.08465148015383268,11000,431
pul,4,70,0.01,-0.08351307396774685,11000,431
pul,4,70,0.1,-0.08354967623084367,11000,431
pul,5,70,0.001,-0.1714566681906411,110000,754
pul,5,70,0.01,-0.16683756041068057,110000,754
pul,5,70,0.1,-0.16568419169385182,110000,754
pul,6,70,0.001,-0.36102508256240845,1100000,1029
pul,6,70,0.01,-0.3529787600771592,1100000,1029
pul,6,70,0.1,-0.3520380268849449,1100000,1029
pul,0,71,0.001,-2.2080704921387273,1,1
pul,0,71,0.01,-2.2080704920550396,1,1
pul,0,71,0.1,-2.208070491223534,1,1
pul,1,71,0.001,-0.07006644721998968,11,10
pul,1,71,0.01,-0.07006671082322884,11,10
pul,1,71,0.1,-0.070069351927606,11,10
pul,2,71,0.001,-0.0756347021381155,110,47
pul,2,71,0.01,-0.07561723941553648,110,47
pul,2,71,0.1,-0.07561626892543949,110,47
pul,3,71,0.001,-0.08128454239072569,1100,172
pul,3,71,0.01,-0.08095974777308908,1100,172
pul,3,71,0.1,-0.08077983228006548,1100,172
pul,4,71,0.001,-0.09842985495094357,11000,420
pul,4,71,0.01,-0.09683089322555384,11000,420
pul,4,71,0.1,-0.09687056838050319,11000,420
pul,5,71,0.001,-0.2578092060477369,110000,740
pul,5,71,0.01,-0.254365429551017,110000,740
pul,5,71,0.1,-0.254320133221923,110000,740
pul,6,71,0.001,-0.5420217155957959,1100000,1032
pul,6,71,0.01,-0.5311430129554241,1100000,1032
pul,6,71,0.1,-0.5274908505643,1100000,1032
pul,0,72,0.001,-2.1715433564171644,1,1
pul,0,72,0.01,-2.1715433607318384,1,1
pul,0,72,0.1,-2.1715434038838985,1,1
pul,1,72,0.001,-0.06863444266387711,11,10
pul,1,72,0.01,-0.06862675850675451,11,10
pul,1,72,0.1,-0.0686213357150367,11,10
pul,2,72,0.001,-0.0784283573506604,110,47
pul,2,72,0.01,-0.07838892304436278,110,47
pul,2,72,0.1,-0.0783652870899801,110,47
pul,3,72,0.001,-0.08119300272172111,1100,166
pul,3,72,0.01,-0.08087826486739683,1100,166
pul,3,72,0.1,-0.08069028990590181,1100,166
pul,4,72,0.001,-0.10581169180699937,11000,418
pul,4,72,0.01,-0.10452213760580632,11000,418
pul,4,72,0.1,-0.10426595354191803,11000,418
pul,5,72,0.001,-0.203439721483629,110000,710
pul,5,72,0.01,-0.2000405746098343,110000,710
pul,5,72,0.1,-0.1991366008156011,110000,710
pul,6,72,0.001,-0.47174996601729813,1100000,964
pul,6,72,0.01,-0.46335085235980944,1100000,964
pul,6,72,0.1,-0.4600237389287824,1100000,964
pul,0,73,0.001,-2.223165835975125,1,1
pul,0,73,0.01,-2.2231658365462663,1,1
pul,0,73,0.1,-2.2231658422623033,1,1
pul,1,73,0.001,-0.06237578698894095,11,10
pul,1,73,0.01,-0.062369263031408,11,10
pul,1,73,0.1,-0.06236539690760091,11,10
pul,2,73,0.001,-0.06345034864217919,110,48
pul,2,73,0.01,-0.06335987324336241,110,48
pul,2,73,0.1,-0.06329584564774692,110,48
pul,3,73,0.001,-0.06889683712377147,1100,182
pul,3,73,0.01,-0.06858555469655003,1100,182
pul,3,73,0.1,-0.06847253947927336,1100,182
pul,4,73,0.001,-0.08838675857913951,11000,433
pul,4,73,0.01,-0.08717890380298875,11000,433
pul,4,73,0.1,-0.08705036354022472,11000,433
pul,5,73,0.001,-0.16345230709474837,110000,775
pul,5,73,0.01,-0.16120680129923984,110000,775
pul,5,73,0.1,-0.16168557754815227,110000,775
pul,6,73,0.001,-0.3699657573216625,1100000,1065
pul,6,73,0.01,-0.3640681547606994,1100000,1065
pul,6,73,0.1,-0.3650820893300386,1100000,1065
pul,0,74,0.001,-2.1704044263421,1,1
pul,0,74,0.01,-2.17040443195771,1,1
pul,0,74,0.1,-2.1704044881184426,1,1
pul,1,74,0.001,-0.06647958834874924,11,10
pul,1,74,0.01,-0.06643840979895677,11,10
pul,1,74,0.1,-0.06639952860260469,11,10
pul,2,74,0.001,-0.06855401384631318,110,48
pul,2,74,0.01,-0.06848483885808314,110,48
pul,2,74,0.1,-0.06843306792601937,110,48
pul,3,74,0.001,-0.07104086144997594,1100,171
pul,3,74,0.01,-0.07063389137756194,1100,171
pul,3,74,0.1,-0.07036466514001546,1100,171
pul,4,74,0.001,-0.08807688095790053,11000,440
pul,4,74,0.01,-0.08686303137602137,11000,440
pul,4,74,0.1,-0.08654012795108051,11000,440
pul,5,74,0.001,-0.16822093276806518,110000,784
pul,5,74,0.01,-0.1661192829076592,110000,784
pul,5,74,0.1,-0.16812298617275467,110000,784
pul,6,74,0.001,-0.3746899278742372,1100000,1097
pul,6,74,0.01,-0.3711808438013022,1100000,1097
pul,6,74,0.1,-0.3737492569077987,1100000,1097
pul,0,75,0.001,-2.249265904438368,1,1
pul,0,75,0.01,-2.2492658998254065,1,1
pul,0,75,0.1,-2.249265853701341,1,1
pul,1,75,0.001,-0.07317089070040966,11,10
pul,1,75,0.01,-0.07317118368807285,11,10
pul,1,75,0.1,-0.0731741165270017,11,10
pul,2,75,0.001,-0.07895877220566412,110,45
pul,2,75,0.01,-0.07895062552903137,110,45
pul,2,75,0.1,-0.07895823864672144,110,45
pul,3,75,0.001,-0.08305407817217894,1100,162
pul,3,75,0.01,-0.08274705817175664,1100,162
pul,3,75,0.1,-0.08257015871567298,1100,162
pul,4,75,0.001,-0.1029432337850877,11000,411
pul,4,75,0.01,-0.10161345811218057,11000,411
pul,4,75,0.1,-0.10198229162170686,11000,411
pul,5,75,0.001,-0.19544892917491027,110000,751
pul,5,75,0.01,-0.19052436658197913,110000,751
pul,5,75,0.1,-0.19036378682837926,110000,751
pul,6,75,0.001,-0.4955050242974686,1100000,1075
pul,6,75,0.01,-0.4886222528226084,1100000,1075
pul,6,75,0.1,-0.48777919540532433,1100000,1075
pul,0,76,0.001,-2.212403873973548,1,1
pul,0,76,0.01,-2.2124038774179215,1,1
pul,0,76,0.1,-2.2124039118659296,1,1
pul,1,76,0.001,-0.05730745324742673,11,10
pul,1,76,0.01,-0.05728243335167539,11,10
pul,1,76,0.1,-0.05726108234727101,11,10
pul,2,76,0.001,-0.060463838310246674,110,47
pul,2,76,0.01,-0.06041341116849123,110,47
pul,2,76,0.1,-0.060382977800508233,110,47
pul,3,76,0.001,-0.062045294699299494,1100,167
pul,3,76,0.01,-0.06182771021515239,1100,167
pul,3,76,0.1,-0.06171633696692969,1100,167
pul,4,76,0.001,-0.07183613978207899,11000,385
pul,4,76,0.01,-0.07101239036616233,11000,385
pul,4,76,0.1,-0.07076956255346295,11000,385
pul,5,76,0.001,-0.12535328705588603,110000,649
pul,5,76,0.01,-0.12373161777676644,110000,649
pul,5,76,0.1,-0.12403663620919861,110000,649
pul,6,76,0.001,-0.40146967952724033,1100000,847
pul,6,76,0.01,-0.399268468441442,1100000,847
pul,6,76,0.1,-0.4006271302014142,1100000,847
pul,0,77,0.001,-2.2063606640583893,1,1
pul,0,77,0.01,-2.2063606645555387,1,1
pul,0,77,0.1,-2.206360669532769,1,1
pul,1,77,0.001,-0.07021907029051838,11,10
pul,1,77,0.01,-0.0702108359396842,11,10
pul,1,77,0.1,-0.07020505645268216,11,10
pul,2,77,0.001,-0.07678406651286718,110,46
pul,2,77,0.01,-0.07673297472142583,110,46
pul,2,77,0.1,-0.07669746410069044,110,46
pul,3,77,0.001,-0.08603620815928316,1100,169
pul,3,77,0.01,-0.08564642033603367,1100,169
pul,3,77,0.1,-0.08537544345810208,1100,169
pul,4,77,0.001,-0.1149943986238461,11000,408
pul,4,77,0.01,-0.11368917317438684,11000,408
pul,4,77,0.1,-0.11322948260041941,11000,408
pul,5,77,0.001,-0.1883458250249626,110000,684
pul,5,77,0.01,-0.18549692464003015,110000,684
pul,5,77,0.1,-0.18527512929155568,110000,684
pul,6,77,0.001,-0.4603050888634112,1100000,877
pul,6,77,0.01,-0.4521775716996906,1100000,877
pul,6,77,0.1,-0.4494663805369091,1100000,877
pul,0,78,0.001,-2.229995017462296,1,1
pul,0,78,0.01,-2.2299950182527413,1,1
pul,0,78,0.1,-2.2299950261616193,1,1
pul,1,78,0.001,-0.06775449897909415,11,10
pul,1,78,0.01,-0.06775481775667053,11,10
pul,1,78,0.1,-0.06775801110845048,11,10
pul,2,78,0.001,-0.06929546192801962,110,47
pul,2,78,0.01,-0.06922384843914949,110,47
pul,2,78,0.1,-0.06916924389966182,110,47
pul,3,78,0.001,-0.07846053380210238,1100,174
pul,3,78,0.01,-0.07815555901744894,1100,174
pul,3,78,0.1,-0.0780077623400046,1100,174
pul,4,78,0.001,-0.0985131805688264,11000,442
pul,4,78,0.01,-0.09710541528651312,11000,442
pul,4,78,0.1,-0.09686319147118491,11000,442
pul,5,78,0.001,-0.16965907361981972,110000,787
pul,5,78,0.01,-0.16743463247077037,110000,787
pul,5,78,0.1,-0.16841808634842045,110000,787
pul,6,78,0.001,-0.3925320099119909,1100000,1115
pul,6,78,0.01,-0.38755578438346133,1100000,1115
pul,6,78,0.1,-0.38836234116890656,1100000,1115
pul,0,79,0.001,-2.203820257338213,1,1
pul,0,79,0.01,-2.2038202601700156,1,1
pul,0,79,0.1,-2.2038202884923956,1,1
pul,1,79,0.001,-0.059216415314731055,11,10
pul,1,79,0.01,-0.059216818337283206,11,10
pul,1,79,0.1,-0.05922085088251787,11,10
pul,2,79,0.001,-0.06321802832963294,110,46
pul,2,79,0.01,-0.06320404583849723,110,46
pul,2,79,0.1,-0.06320377996298052,110,46
pul,3,79,0.001,-0.06623618939598112,1100,161
pul,3,79,0.01,-0.06601516951278628,1100,161
pul,3,79,0.1,-0.06589609267346262,1100,161
pul,4,79,0.001,-0.08297641325339711,11000,400
pul,4,79,0.01,-0.08205730156208839,11000,400
pul,4,79,0.1,-0.08189254484243462,11000,400
pul,5,79,0.001,-0.13753607606678597,110000,683
pul,5,79,0.01,-0.13532020256705707,110000,683
pul,5,79,0.1,-0.13553607871523327,110000,683
pul,6,79,0.001,-0.35037785097295665,1100000,931
pul,6,79,0.01,-0.34482013107438964,1100000,931
pul,6,79,0.1,-0.34449992840467586,1100000,931
pul,0,80,0.001,-2.1751648304398543,1,1
pul,0,80,0.01,-2.1751648382591684,1,1
pul,0,80,0.1,-2.175164916456195,1,1
pul,1,80,0.001,-0.05929574259526979,11,10
pul,1,80,0.01,-0.05929026448636188,11,10
pul,1,80,0.1,-0.05928813842162425,11,10
pul,2,80,0.001,-0.05969992791576441,110,48
pul,2,80,0.01,-0.059669502875061356,110,48
pul,2,80,0.1,-0.05965884181965153,110,48
pul,3,80,0.001,-0.06193060898846293,1100,170
pul,3,80,0.01,-0.061743801373887,1100,170
pul,3,80,0.1,-0.0618109269634044,1100,170
pul,4,80,0.001,-0.07354701518493835,11000,416
pul,4,80,0.01,-0.07258737878792206,11000,416
pul,4,80,0.1,-0.07241630140591492,11000,416
pul,5,80,0.001,-0.13196604238965207,110000,741
pul,5,80,0.01,-0.1283974952597658,110000,741
pul,5,80,0.1,-0.12789938171491666,110000,741
pul,6,80,0.001,-0.32520494032430075,1100000,1004
pul,6,80,0.01,-0.3181534906661103,1100000,1004
pul,6,80,0.1,-0.3182988072316068,1100000,1004
pul,0,81,0.001,-2.1867500517909284,1,1
pul,0,81,0.01,-2.1867500568304994,1,1
pul,0,81,0.1,-2.186750107230571,1,1
pul,1,81,0.001,-0.06919323096653912,11,10
pul,1,81,0.01,-0.06916750385110579,11,10
pul,1,81,0.1,-0.06914429079987215,11,10
pul,2,81,0.001,-0.07020910782497428,110,48
pul,2,81,0.01,-0.07013220573662204,110,48
pul,2,81,0.1,-0.07007800915005291,110,48
pul,3,81,0.001,-0.07496357875661648,1100,177
pul,3,81,0.01,-0.07467627710527219,1100,177
pul,3,81,0.1,-0.07452975654140659,1100,177
pul,4,81,0.001,-0.09521966157284013,11000,442
pul,4,81,0.01,-0.09414876295508029,11000,442
pul,4,81,0.1,-0.09435049540468066,11000,442
pul,5,81,0.001,-0.155816144774518,110000,788
pul,5,81,0.01,-0.15374839675246704,110000,788
pul,5,81,0.1,-0.15497335227114123,110000,788
pul,6,81,0.001,-0.3406416262129695,1100000,1093
pul,6,81,0.01,-0.3353187289653652,1100000,1093
pul,6,81,0.1,-0.3350701834147013,1100000,1093
pul,0,82,0.001,-2.25376769136276,1,1
pul,0,82,0.01,-2.253767688152683,1,1
pul,0,82,0.1,-2.2537676560560875,1,1
pul,1,82,0.001,-0.06614220907255058,11,10
pul,1,82,0.01,-0.06611851820017803,11,10
pul,1,82,0.1,-0.06609823665559347,11,10
pul,2,82,0.001,-0.06854323797976401,110,49
pul,2,82,0.01,-0.06849092265409969,110,49
pul,2,82,0.1,-0.06846084259553901,110,49
pul,3,82,0.001,-0.07076181445228347,1100,173
pul,3,82,0.01,-0.07048643717876535,1100,173
pul,3,82,0.1,-0.07032747049149593,1100,173
pul,4,82,0.001,-0.08165035506221283,11000,443
pul,4,82,0.01,-0.08065028439589486,11000,443
pul,4,82,0.1,-0.0803445936620806,11000,443
pul,5,82,0.001,-0.15642351841019864,110000,814
pul,5,82,0.01,-0.1540226127148898,110000,814
pul,5,82,0.1,-0.15413862019292526,110000,814
pul,6,82,0.001,-0.3646902095444485,1100000,1165
pul,6,82,0.01,-0.36005381340777626,1100000,1165
pul,6,82,0.1,-0.3595653811762487,1100000,1165
pul,0,83,0.001,-2.216851199236696,1,1
pul,0,83,0.01,-2.216851201293522,1,1
pul,0,83,0.1,-2.2168512218663694,1,1
pul,1,83,0.001,-0.059553436285580755,11,10
pul,1,83,0.01,-0.05955374328664897,11,10
pul,1,83,0.1,-0.059556823467492206,11,10
pul,2,83,0.001,-0.06067433568371431,110,47
pul,2,83,0.01,-0.060637045355414844,110,47
pul,2,83,0.1,-0.060618921202115865,110,47
pul,3,83,0.001,-0.06305785841768373,1100,175
pul,3,83,0.01,-0.0625912736202223,1100,175
pul,3,83,0.1,-0.06248800833331053,1100,175
pul,4,83,0.001,-0.08695312589724159,11000,445
pul,4,83,0.01,-0.08557783021266051,11000,445
pul,4,83,0.1,-0.08510814486930955,11000,445
pul,5,83,0.001,-0.16278326151113895,110000,751
pul,5,83,0.01,-0.15842838159224568,110000,751
pul,5,83,0.1,-0.15754683287031546,110000,751
pul,6,83,0.001,-0.3376666880843754,1100000,1011
pul,6,83,0.01,-0.33166502979163026,1100000,1011
pul,6,83,0.1,-0.33163563762844045,1100000,1011
pul,0,84,0.001,-2.213826233894337,1,1
pul,0,84,0.01,-2.2138262341801074,1,1
pul,0,84,0.1,-2.2138262370432034,1,1
pul,1,84,0.001,-0.07640560464952377,11,10
pul,1,84,0.01,-0.07639780032133771,11,10
pul,1,84,0.1,-0.0763915964958134,11,10
pul,2,84,0.001,-0.08290151757661479,110,48
pul,2,84,0.01,-0.08282630633440137,110,48
pul,2,84,0.1,-0.08277252112745201,110,48
pul,3,84,0.001,-0.09284289542302725,1100,172
pul,3,84,0.01,-0.09220671391009187,1100,172
pul,3,84,0.1,-0.09182714352089864,1100,172
pul,4,84,0.001,-0.12469089569123627,11000,447
pul,4,84,0.01,-0.12289816544926106,11000,447
pul,4,84,0.1,-0.12246869480922949,11000,447
pul,5,84,0.001,-0.2089609621145443,110000,822
pul,5,84,0.01,-0.20542437301861885,110000,822
pul,5,84,0.1,-0.20560258899194034,110000,822
pul,6,84,0.001,-0.4788257187608345,1100000,1119
pul,6,84,0.01,-0.46250337766792293,1100000,1119
pul,6,84,0.1,-0.4552099679360646,1100000,1119
pul,0,85,0.001,-2.1945909932602996,1,1
pul,0,85,0.01,-2.194590995907886,1,1
pul,0,85,0.1,-2.19459102238857,1,1
pul,1,85,0.001,-0.06622107344526779,11,10
pul,1,85,0.01,-0.0661928005627826,11,10
pul,1,85,0.1,-0.06616705644477042,11,10
pul,2,85,0.001,-0.06736126757734173,110,47
pul,2,85,0.01,-0.06732343896653027,110,47
pul,2,85,0.1,-0.06730503237654645,110,47
pul,3,85,0.001,-0.07007882358162908,1100,168
pul,3,85,0.01,-0.06981150490459782,1100,168
pul,3,85,0.1,-0.06968453748192563,1100,168
pul,4,85,0.001,-0.08818682151333548,11000,437
pul,4,85,0.01,-0.08683000308777516,11000,437
pul,4,85,0.1,-0.08651865422871804,11000,437
pul,5,85,0.001,-0.21369791203485158,110000,785
pul,5,85,0.01,-0.20817476105710242,110000,785
pul,5,85,0.1,-0.20609915966622935,110000,785
pul,6,85,0.001,-0.49062574903564726,1100000,1085
pul,6,85,0.01,-0.48261987186080757,1100000,1085
pul,6,85,0.1,-0.48041147576879484,1100000,1085
pul,0,86,0.001,-2.2775771140703513,1,1
pul,0,86,0.01,-2.277577106577943,1,1
pul,0,86,0.1,-2.277577031659762,1,1
pul,1,86,0.001,-0.07228215161353051,11,10
pul,1,86,0.01,-0.07227385137873898,11,10
pul,1,86,0.1,-0.07226825921392298,11,10
pul,2,86,0.001,-0.07673343759742293,110,47
pul,2,86,0.01,-0.07668376455591427,110,47
pul,2,86,0.1,-0.07665184885167417,110,47
pul,3,86,0.001,-0.08257311650901696,1100,168
pul,3,86,0.01,-0.0821823736665298,1100,168
pul,3,86,0.1,-0.08195138529365206,1100,168
pul,4,86,0.001,-0.10554127083467403,11000,426
pul,4,86,0.01,-0.10405896407583752,11000,426
pul,4,86,0.1,-0.10407690327804493,11000,426
pul,5,86,0.001,-0.21062876958715465,110000,747
pul,5,86,0.01,-0.20672854272599858,110000,747
pul,5,86,0.1,-0.20763131375429586,110000,747
pul,6,86,0.001,-0.5059130697759379,1100000,1011
pul,6,86,0.01,-0.49874222955163977,1100000,1011
pul,6,86,0.1,-0.4994558017126566,1100000,1011
pul,0,87,0.001,-2.21619881961211,1,1
pul,0,87,0.01,-2.216198819040636,1,1
pul,0,87,0.1,-2.2161988133316686,1,1
pul,1,87,0.001,-0.07226731505942063,11,10
pul,1,87,0.01,-0.07225903313926149,11,10
pul,1,87,0.1,-0.07225304183143699,11,10
pul,2,87,0.001,-0.07510137220158634,110,47
pul,2,87,0.01,-0.07506332204297043,110,47
pul,2,87,0.1,-0.0750439485654759,110,47
pul,3,87,0.001,-0.07956696794005944,1100,166
pul,3,87,0.01,-0.07921172216615766,1100,166
pul,3,87,0.1,-0.07900697284507371,1100,166
pul,4,87,0.001,-0.11337021482080392,11000,411
pul,4,87,0.01,-0.11177420222496709,11000,411
pul,4,87,0.1,-0.11133176890315058,11000,411
pul,5,87,0.001,-0.2324340008606522,110000,720
pul,5,87,0.01,-0.22921254541928932,110000,720
pul,5,87,0.1,-0.2292481627723356,110000,720
pul,6,87,0.001,-0.4789225960945886,1100000,983
pul,6,87,0.01,-0.47541431845933907,1100000,983
pul,6,87,0.1,-0.47831300560056345,1100000,983
pul,0,88,0.001,-2.239238197451341,1,1
pul,0,88,0.01,-2.2392381945284496,1,1
pul,0,88,0.1,-2.2392381653048155,1,1
pul,1,88,0.001,-0.07319142060825597,11,10
pul,1,88,0.01,-0.07319164978842577,11,10
pul,1,88,0.1,-0.07319394944639633,11,10
pul,2,88,0.001,-0.08283887731923371,110,47
pul,2,88,0.01,-0.08273262892345172,110,47
pul,2,88,0.1,-0.08264528122488939,110,47
pul,3,88,0.001,-0.08929696031262484,1100,182
pul,3,88,0.01,-0.08864575340173558,1100,182
pul,3,88,0.1,-0.0882520843360412,1100,182
pul,4,88,0.001,-0.12562839744870719,11000,455
pul,4,88,0.01,-0.12376731810969409,11000,455
pul,4,88,0.1,-0.1230800660672424,11000,455
pul,5,88,0.001,-0.2497131328882029,110000,800
pul,5,88,0.01,-0.24662899975019179,110000,800
pul,5,88,0.1,-0.24671583291062343,110000,800
pul,6,88,0.001,-0.5675217993126875,1100000,1094
pul,6,88,0.01,-0.5578719587397082,1100000,1094
pul,6,88,0.1,-0.554521157472501,1100000,1094
pul,0,89,0.001,-2.1826480015515934,1,1
pul,0,89,0.01,-2.182648006805857,1,1
pul,0,89,0.1,-2.1826480593527844,1,1
pul,1,89,0.001,-0.06541518195002707,11,10
pul,1,89,0.01,-0.06540909541759617,11,10
pul,1,89,0.1,-0.0654058318970661,11,10
pul,2,89,0.001,-0.06843220874410041,110,48
pul,2,89,0.01,-0.06841917790165085,110,48
pul,2,89,0.1,-0.06842357029881162,110,48
pul,3,89,0.001,-0.06982253716074462,1100,168
pul,3,89,0.01,-0.06959446873756746,1100,168
pul,3,89,0.1,-0.06948494580537036,1100,168
pul,4,89,0.001,-0.08341557822483488,11000,418
pul,4,89,0.01,-0.08243111633344384,11000,418
pul,4,89,0.1,-0.0824939277786659,11000,418
pul,5,89,0.001,-0.14684459612115855,110000,738
pul,5,89,0.01,-0.14409516448003018,110000,738
pul,5,89,0.1,-0.14456138950936762,110000,738
pul,6,89,0.001,-0.3787771724350385,1100000,1012
pul,6,89,0.01,-0.37403546563626094,1100000,1012
pul,6,89,0.1,-0.374764745678438,1100000,1012
pul,0,90,0.001,-2.2085520096940985,1,1
pul,0,90,0.01,-2.208552012810201,1,1
pul,0,90,0.1,-2.20855204397589,1,1
pul,1,90,0.001,-0.061784183139179265,11,10
pul,1,90,0.01,-0.06177753911310875,11,10
pul,1,90,0.1,-0.061773581216632824,11,10
pul,2,90,0.001,-0.0646740836289924,110,47
pul,2,90,0.01,-0.06461043231171584,110,47
pul,2,90,0.1,-0.0645622613490103,110,47
pul,3,90,0.001,-0.06752463802086772,1100,170
pul,3,90,0.01,-0.06721424677871961,1100,170
pul,3,90,0.1,-0.06707967994591281,1100,170
pul,4,90,0.001,-0.08735760815253472,11000,426
pul,4,90,0.01,-0.08617666002835331,11000,426
pul,4,90,0.1,-0.08584255529959096,11000,426
pul,5,90,0.001,-0.1427780787691312,110000,750
pul,5,90,0.01,-0.14039019788725984,110000,750
pul,5,90,0.1,-0.14015734311547076,110000,750
pul,6,90,0.001,-0.32311045022904505,1100000,1020
pul,6,90,0.01,-0.31705035284986266,1100000,1020
pul,6,90,0.1,-0.3186361535490577,1100000,1020
pul,0,91,0.001,-2.208716676455546,1,1
pul,0,91,0.01,-2.2087166781976286,1,1
pul,0,91,0.1,-2.2087166956235653,1,1
pul,1,91,0.001,-0.0716952713002299,11,10
pul,1,91,0.01,-0.07165751630940057,11,10
pul,1,91,0.1,-0.07162137062147994,11,10
pul,2,91,0.001,-0.07499012669176716,110,50
pul,2,91,0.01,-0.07488695568951517,110,50
pul,2,91,0.1,-0.07480555028082948,110,50
pul,3,91,0.001,-0.08226454046782007,1100,183
pul,3,91,0.01,-0.08173342514652106,1100,183
pul,3,91,0.1,-0.08145929533356148,1100,183
pul,4,91,0.001,-0.10686745577785663,11000,452
pul,4,91,0.01,-0.10466993187123899,11000,452
pul,4,91,0.1,-0.10387734389958724,11000,452
pul,5,91,0.001,-0.2245825774721335,110000,813
pul,5,91,0.01,-0.2211757676835553,110000,813
pul,5,91,0.1,-0.22053704935102109,110000,813
pul,6,91,0.001,-0.4581400421822884,1100000,1122
pul,6,91,0.01,-0.45357881273943396,1100000,1122
pul,6,91,0.1,-0.4530383132962621,1100000,1122
pul,0,92,0.001,-2.26721874573183,1,1
pul,0,92,0.01,-2.2672187390400262,1,1
pul,0,92,0.1,-2.2672186721268766,1,1
pul,1,92,0.001,-0.06520861734563707,11,10
pul,1,92,0.01,-0.06517386617778875,11,10
pul,1,92,0.1,-0.06514196891911558,11,10
pul,2,92,0.001,-0.06846903159591614,110,50
pul,2,92,0.01,-0.06839740821386923,110,50
pul,2,92,0.1,-0.0683484788921087,110,50
pul,3,92,0.001,-0.07178477140390828,1100,186
pul,3,92,0.01,-0.07124246137715949,1100,186
pul,3,92,0.1,-0.07111569919235894,1100,186
pul,4,92,0.001,-0.10815667248813982,11000,459
pul,4,92,0.01,-0.10634385974837769,11000,459
pul,4,92,0.1,-0.10576065587772374,11000,459
pul,5,92,0.001,-0.18715381703084796,110000,804
pul,5,92,0.01,-0.18414349528948906,110000,804
pul,5,92,0.1,-0.18386003204711995,110000,804
pul,6,92,0.001,-0.4029005313291077,1100000,1103
pul,6,92,0.01,-0.39727880767568585,1100000,1103
pul,6,92,0.1,-0.3983484385462456,1100000,1103
pul,0,93,0.001,-2.2297649406285758,1,1
pul,0,93,0.01,-2.229764938043245,1,1
pul,0,93,0.1,-2.229764912195645,1,1
pul,1,93,0.001,-0.07647902025672297,11,10
pul,1,93,0.01,-0.07643731509771631,11,10
pul,1,93,0.1,-0.07639754948609993,11,10
pul,2,93,0.001,-0.08091374215263047,110,48
pul,2,93,0.01,-0.08082766749025845,110,48
pul,2,93,0.1,-0.08076641316860633,110,48
pul,3,93,0.001,-0.0854247057489752,1100,175
pul,3,93,0.01,-0.0848743271593778,1100,175
pul,3,93,0.1,-0.08448701712307065,1100,175
pul,4,93,0.001,-0.1306725562551241,11000,440
pul,4,93,0.01,-0.12865355116739594,11000,440
pul,4,93,0.1,-0.1278612020624904,11000,440
pul,5,93,0.001,-0.2432090893048687,110000,780
pul,5,93,0.01,-0.23986281382694877,110000,780
pul,5,93,0.1,-0.24121436604781493,110000,780
pul,6,93,0.001,-0.5539208219109337,1100000,1069
pul,6,93,0.01,-0.5492968615641466,1100000,1069
pul,6,93,0.1,-0.5511544706230114,1100000,1069
pul,0,94,0.001,-2.278724758415553,1,1
pul,0,94,0.01,-2.2787247520810325,1,1
pul,0,94,0.1,-2.278724688740559,1,1
pul,1,94,0.001,-0.06508599504568743,11,10
pul,1,94,0.01,-0.0650795675853064,11,10
pul,1,94,0.1,-0.0650767533878909,11,10
pul,2,94,0.001,-0.07109057859878383,110,47
pul,2,94,0.01,-0.0710339314543985,110,47
pul,2,94,0.1,-0.07099790023796157,110,47
pul,3,94,0.001,-0.0755536281371411,1100,169
pul,3,94,0.01,-0.07521755407768607,1100,169
pul,3,94,0.1,-0.07504650277612836,1100,169
pul,4,94,0.001,-0.0943273934594904,11000,430
pul,4,94,0.01,-0.09250211683097297,11000,430
pul,4,94,0.1,-0.09220384308136126,11000,430
pul,5,94,0.001,-0.23939038079472597,110000,784
pul,5,94,0.01,-0.2361185627837477,110000,784
pul,5,94,0.1,-0.23590476871519764,110000,784
pul,6,94,0.001,-0.5456248208129343,1100000,1119
pul,6,94,0.01,-0.5398633825357723,1100000,1119
pul,6,94,0.1,-0.5386143512300086,1100000,1119
pul,0,95,0.001,-2.2324900725199175,1,1
pul,0,95,0.01,-2.232490070221649,1,1
pul,0,95,0.1,-2.2324900472440716,1,1
pul,1,95,0.001,-0.06859093527993286,11,10
pul,1,95,0.01,-0.06857635384218304,11,10
pul,1,95,0.1,-0.06856490461597585,11,10
pul,2,95,0.001,-0.07208849515742666,110,49
pul,2,95,0.01,-0.0720463407825336,110,49
pul,2,95,0.1,-0.07202215169876333,110,49
pul,3,95,0.001,-0.07635276617066425,1100,168
pul,3,95,0.01,-0.07608811837026255,1100,168
pul,3,95,0.1,-0.07597014046206105,1100,168
pul,4,95,0.001,-0.09066543514518902,11000,391
pul,4,95,0.01,-0.08963039614761707,11000,391
pul,4,95,0.1,-0.08942702030313489,11000,391
pul,5,95,0.001,-0.1561409847114806,110000,674
pul,5,95,0.01,-0.15370774886266125,110000,674
pul,5,95,0.1,-0.15387444140792783,110000,674
pul,6,95,0.001,-0.34443616980306235,1100000,918
pul,6,95,0.01,-0.33941801446101943,1100000,918
pul,6,95,0.1,-0.3384422444435113,1100000,918
pul,0,96,0.001,-2.217952349861516,1,1
pul,0,96,0.01,-2.217952349014118,1,1
pul,0,96,0.1,-2.2179523405456023,1,1
pul,1,96,0.001,-0.07244476937892966,11,10
pul,1,96,0.01,-0.07242083435200022,11,10
pul,1,96,0.1,-0.07239892714215172,11,10
pul,2,96,0.001,-0.07795296900643048,110,50
pul,2,96,0.01,-0.0778975314237732,110,50
pul,2,96,0.1,-0.07786855778050031,110,50
pul,3,96,0.001,-0.08312264347658382,1100,176
pul,3,96,0.01,-0.08253141584386403,1100,176
pul,3,96,0.1,-0.08215354398828287,1100,176
pul,4,96,0.001,-0.1044603522579778,11000,427
pul,4,96,0.01,-0.10293708399861315,11000,427
pul,4,96,0.1,-0.10257933342793342,11000,427
pul,5,96,0.001,-0.18617893936583554,110000,746
pul,5,96,0.01,-0.18327642809223213,110000,746
pul,5,96,0.1,-0.18390535732578248,110000,746
pul,6,96,0.001,-0.40626763639447916,1100000,1025
pul,6,96,0.01,-0.39906093251413755,1100000,1025
pul,6,96,0.1,-0.39762561407271696,1100000,1025
pul,0,97,0.001,-2.276361531848159,1,1
pul,0,97,0.01,-2.276361523045534,1,1
pul,0,97,0.1,-2.276361435024653,1,1
pul,1,97,0.001,-0.06836823266336767,11,10
pul,1,97,0.01,-0.06833772291767369,11,10
pul,1,97,0.1,-0.06830992870897742,11,10
pul,2,97,0.001,-0.07178077519401839,110,49
pul,2,97,0.01,-0.07169343917571627,110,49
pul,2,97,0.1,-0.07163169451292377,110,49
pul,3,97,0.001,-0.07439643305434608,1100,178
pul,3,97,0.01,-0.07389726674407808,1100,178
pul,3,97,0.1,-0.0735962310114488,1100,178
pul,4,97,0.001,-0.10034628053472146,11000,434
pul,4,97,0.01,-0.0989554679837869,11000,434
pul,4,97,0.1,-0.09843184896850239,11000,434
pul,5,97,0.001,-0.17268598741356334,110000,743
pul,5,97,0.01,-0.1704011603184046,110000,743
pul,5,97,0.1,-0.17031165461658626,110000,743
pul,6,97,0.001,-0.39833785940414584,1100000,996
pul,6,97,0.01,-0.3953369524043499,1100000,996
pul,6,97,0.1,-0.39649421148045555,1100000,996
pul,0,98,0.001,-2.245156536501227,1,1
pul,0,98,0.01,-2.2451565328654164,1,1
pul,0,98,0.1,-2.245156496512184,1,1
pul,1,98,0.001,-0.06585062705283243,11,10
pul,1,98,0.01,-0.06585087313764874,11,10
pul,1,98,0.1,-0.06585335906344096,11,10
pul,2,98,0.001,-0.06855714375577905,110,48
pul,2,98,0.01,-0.06846093689180156,110,48
pul,2,98,0.1,-0.06838921445292666,110,48
pul,3,98,0.001,-0.0737169758030283,1100,175
pul,3,98,0.01,-0.07330725336225807,1100,175
pul,3,98,0.1,-0.07306504046094231,1100,175
pul,4,98,0.001,-0.09044521558712153,11000,442
pul,4,98,0.01,-0.0889312769104881,11000,442
pul,4,98,0.1,-0.08831050222683468,11000,442
pul,5,98,0.001,-0.1646408308462305,110000,801
pul,5,98,0.01,-0.1618288834569097,110000,801
pul,5,98,0.1,-0.16153774161992696,110000,801
pul,6,98,0.001,-0.3936771666107334,1100000,1106
pul,6,98,0.01,-0.38945514627045846,1100000,1106
pul,6,98,0.1,-0.3890364554395888,1100000,1106
pul,0,99,0.001,-2.2308745271340293,1,1
pul,0,99,0.01,-2.2308745245978923,1,1
pul,0,99,0.1,-2.2308744992420024,1,1
pul,1,99,0.001,-0.07261632197950749,11,10
pul,1,99,0.01,-0.07257629903221871,11,10
pul,1,99,0.1,-0.07253809716674749,11,10
pul,2,99,0.001,-0.07583022455064695,110,50
pul,2,99,0.01,-0.07572108941350093,110,50
pul,2,99,0.1,-0.07563371302668843,110,50
pul,3,99,0.001,-0.08035094014667349,1100,183
pul,3,99,0.01,-0.07975365280565931,1100,183
pul,3,99,0.1,-0.0793352708392546,1100,183
pul,4,99,0.001,-0.11420227696701259,11000,434
pul,4,99,0.01,-0.11249737021314059,11000,434
pul,4,99,0.1,-0.11187403808887286,11000,434
pul,5,99,0.001,-0.2215802387238761,110000,756
pul,5,99,0.01,-0.21860127324598,110000,756
pul,5,99,0.1,-0.21925137219588964,110000,756
pul,6,99,0.001,-0.47074742500520467,1100000,1020
pul,6,99,0.01,-0.46630798167850984,1100000,1020
pul,6,99,0.1,-0.4668365632152687,1100000,1020
pul,0,100,0.001,-2.2285912603052513,1,1
pul,0,100,0.01,-2.228591258727705,1,1
pul,0,100,0.1,-2.2285912429572,1,1
pul,1,100,0.001,-0.06658822301705274,11,10
pul,1,100,0.01,-0.0665885526914522,11,10
pul,1,100,0.1,-0.0665918659546758,11,10
pul,2,100,0.001,-0.06914260526110434,110,48
pul,2,100,0.01,-0.06911103602852457,110,48
pul,2,100,0.1,-0.06909954021812519,110,48
pul,3,100,0.001,-0.0712102438922444,1100,158
pul,3,100,0.01,-0.0709904688439964,1100,158
pul,3,100,0.1,-0.07087281517757542,1100,158
pul,4,100,0.001,-0.079783755739333,11000,387
pul,4,100,0.01,-0.07875776612376037,11000,387
pul,4,100,0.1,-0.0785513837820141,11000,387
pul,5,100,0.001,-0.13646537296541594,110000,697
pul,5,100,0.01,-0.1337994611136811,110000,697
pul,5,100,0.1,-0.13338800688613506,110000,697
pul,6,100,0.001,-0.3629307572917021,1100000,979
pul,6,100,0.01,-0.35641968534414203,1100000,979
pul,6,100,0.1,-0.35385669285845417,1100000,979
