species,k,sim,smoother,log_likelihood,num_train_states,num_test_states
bird1,0,1,0.001,-1.7215429606065333,1,1
bird1,0,1,0.01,-1.7215430899217528,1,1
bird1,0,1,0.1,-1.7215443832490052,1,1
bird1,1,1,0.001,-0.7485186190975692,8,8
bird1,1,1,0.01,-0.7485220611657935,8,8
bird1,1,1,0.1,-0.7485573687432702,8,8
bird1,2,1,0.001,-0.7043696825383114,56,32
bird1,2,1,0.01,-0.703299609764218,56,32
bird1,2,1,0.1,-0.7025378537120461,56,32
bird1,3,1,0.001,-0.6878068977288598,392,63
bird1,3,1,0.01,-0.6869629694508605,392,63
bird1,3,1,0.1,-0.6867910374269922,392,63
bird1,4,1,0.001,-0.6945077291195627,2744,104
bird1,4,1,0.01,-0.6913334498125018,2744,104
bird1,4,1,0.1,-0.6895844522875682,2744,104
bird1,5,1,0.001,-0.705335511199333,19208,161
bird1,5,1,0.01,-0.6984530507202724,19208,161
bird1,5,1,0.1,-0.6943855270554442,19208,161
bird1,0,2,0.001,-1.7342312011280694,1,1
bird1,0,2,0.01,-1.7342312133592135,1,1
bird1,0,2,0.1,-1.7342313360293942,1,1
bird1,1,2,0.001,-0.7507184763110468,8,8
bird1,1,2,0.01,-0.7507205476899378,8,8
bird1,1,2,0.1,-0.7507426150456236,8,8
bird1,2,2,0.001,-0.7059850617374303,56,34
bird1,2,2,0.01,-0.7048512526763224,56,34
bird1,2,2,0.1,-0.7040573781318085,56,34
bird1,3,2,0.001,-0.6940227375363553,392,76
bird1,3,2,0.01,-0.6914842717771883,392,76
bird1,3,2,0.1,-0.6901173724217086,392,76
bird1,4,2,0.001,-0.696147427398168,2744,132
bird1,4,2,0.01,-0.6916488671771931,2744,132
bird1,4,2,0.1,-0.6896546305259265,2744,132
bird1,5,2,0.001,-0.7147319003851121,19208,191
bird1,5,2,0.01,-0.7041431020581145,19208,191
bird1,5,2,0.1,-0.6978443083184683,19208,191
bird1,0,3,0.001,-1.7463771348555885,1,1
bird1,0,3,0.01,-1.7463770532027512,1,1
bird1,0,3,0.1,-1.746376237212371,1,1
bird1,1,3,0.001,-0.7493470008771262,8,8
bird1,1,3,0.01,-0.7489588252308778,8,8
bird1,1,3,0.1,-0.748618808483227,8,8
bird1,2,3,0.001,-0.7006627457332606,56,34
bird1,2,3,0.01,-0.6998715327531048,56,34
bird1,2,3,0.1,-0.6993620739710651,56,34
bird1,3,3,0.001,-0.6924240319375778,392,70
bird1,3,3,0.01,-0.6882737090028673,392,70
bird1,3,3,0.1,-0.6851505643967803,392,70
bird1,4,3,0.001,-0.6913084279731118,2744,120
bird1,4,3,0.01,-0.6866546574038501,2744,120
bird1,4,3,0.1,-0.6837766675490616,2744,120
bird1,5,3,0.001,-0.7050555278633365,19208,174
bird1,5,3,0.01,-0.6971061717235504,19208,174
bird1,5,3,0.1,-0.6920430515700923,19208,174
bird1,0,4,0.001,-1.7302052211648744,1,1
bird1,0,4,0.01,-1.7302053425331156,1,1
bird1,0,4,0.1,-1.7302065563738684,1,1
bird1,1,4,0.001,-0.7594927085139449,8,8
bird1,1,4,0.01,-0.7592801053781784,8,8
bird1,1,4,0.1,-0.7590809018265073,8,8
bird1,2,4,0.001,-0.7139522380749074,56,34
bird1,2,4,0.01,-0.7115478777206257,56,34
bird1,2,4,0.1,-0.70958505005788,56,34
bird1,3,4,0.001,-0.7011929648029529,392,77
bird1,3,4,0.01,-0.6985243103101832,392,77
bird1,3,4,0.1,-0.696869924661447,392,77
bird1,4,4,0.001,-0.7063446511665556,2744,129
bird1,4,4,0.01,-0.7018061602414248,2744,129
bird1,4,4,0.1,-0.699404610585415,2744,129
bird1,5,4,0.001,-0.7110305447335995,19208,191
bird1,5,4,0.01,-0.7051633410779423,19208,191
bird1,5,4,0.1,-0.7026049016188198,19208,191
bird1,0,5,0.001,-1.7603092648798153,1,1
bird1,0,5,0.01,-1.7603091261926145,1,1
bird1,0,5,0.1,-1.760307739870896,1,1
bird1,1,5,0.001,-0.7620029177099897,8,8
bird1,1,5,0.01,-0.7615904646778405,8,8
bird1,1,5,0.1,-0.7611937263090988,8,8
bird1,2,5,0.001,-0.7199455614152043,56,35
bird1,2,5,0.01,-0.7171778828144542,56,35
bird1,2,5,0.1,-0.714847159639036,56,35
bird1,3,5,0.001,-0.7078892063452865,392,79
bird1,3,5,0.01,-0.7048545760388978,392,79
bird1,3,5,0.1,-0.7028855039973244,392,79
bird1,4,5,0.001,-0.7161082036995923,2744,143
bird1,4,5,0.01,-0.7105372934432099,2744,143
bird1,4,5,0.1,-0.7072707507779361,2744,143
bird1,5,5,0.001,-0.7487570618620062,19208,215
bird1,5,5,0.01,-0.7338114263998173,19208,215
bird1,5,5,0.1,-0.7239627732644822,19208,215
bird1,0,6,0.001,-1.7295962096227537,1,1
bird1,0,6,0.01,-1.7295962741700333,1,1
bird1,0,6,0.1,-1.729596919917632,1,1
bird1,1,6,0.001,-0.7503864650677052,8,8
bird1,1,6,0.01,-0.7503880230395795,8,8
bird1,1,6,0.1,-0.7504049669206939,8,8
bird1,2,6,0.001,-0.7036686137646772,56,34
bird1,2,6,0.01,-0.7019262985222096,56,34
bird1,2,6,0.1,-0.7005985181949922,56,34
bird1,3,6,0.001,-0.6887708391260542,392,72
bird1,3,6,0.01,-0.6867938209673013,392,72
bird1,3,6,0.1,-0.685834473768728,392,72
bird1,4,6,0.001,-0.7022968502691886,2744,123
bird1,4,6,0.01,-0.6957973625586322,2744,123
bird1,4,6,0.1,-0.6916067773483937,2744,123
bird1,5,6,0.001,-0.70201405846178,19208,177
bird1,5,6,0.01,-0.69610265651236,19208,177
bird1,5,6,0.1,-0.6933921064313381,19208,177
bird1,0,7,0.001,-1.7231929485386286,1,1
bird1,0,7,0.01,-1.723193024630727,1,1
bird1,0,7,0.1,-1.72319378581831,1,1
bird1,1,7,0.001,-0.7525489390298502,8,8
bird1,1,7,0.01,-0.752338047007606,8,8
bird1,1,7,0.1,-0.7521575907084573,8,8
bird1,2,7,0.001,-0.7123948351778421,56,33
bird1,2,7,0.01,-0.7101926282335121,56,33
bird1,2,7,0.1,-0.7083242118658614,56,33
bird1,3,7,0.001,-0.7020323130634837,392,73
bird1,3,7,0.01,-0.6988847628905022,392,73
bird1,3,7,0.1,-0.6966711793387621,392,73
bird1,4,7,0.001,-0.7075935159277909,2744,129
bird1,4,7,0.01,-0.7034713618229798,2744,129
bird1,4,7,0.1,-0.7011714472082512,2744,129
bird1,5,7,0.001,-0.716646304916611,19208,191
bird1,5,7,0.01,-0.709724566790577,19208,191
bird1,5,7,0.1,-0.7058766518790742,19208,191
bird1,0,8,0.001,-1.7451397998989153,1,1
bird1,0,8,0.01,-1.7451397363703307,1,1
bird1,0,8,0.1,-1.7451391015966404,1,1
bird1,1,8,0.001,-0.7455453392349759,8,8
bird1,1,8,0.01,-0.7453425850571201,8,8
bird1,1,8,0.1,-0.7451463827799885,8,8
bird1,2,8,0.001,-0.7003568027405837,56,37
bird1,2,8,0.01,-0.6982968107258251,56,37
bird1,2,8,0.1,-0.6967979907114573,56,37
bird1,3,8,0.001,-0.689913915062051,392,78
bird1,3,8,0.01,-0.6869443611586645,392,78
bird1,3,8,0.1,-0.6851128885856718,392,78
bird1,4,8,0.001,-0.6964779076219996,2744,129
bird1,4,8,0.01,-0.6907515191725044,2744,129
bird1,4,8,0.1,-0.6872372958007787,2744,129
bird1,5,8,0.001,-0.7034256308655381,19208,187
bird1,5,8,0.01,-0.6965832057705844,19208,187
bird1,5,8,0.1,-0.6928434576139646,19208,187
bird1,0,9,0.001,-1.7369199322763829,1,1
bird1,0,9,0.01,-1.7369199585418582,1,1
bird1,0,9,0.1,-1.736920221518706,1,1
bird1,1,9,0.001,-0.7526877408786108,8,8
bird1,1,9,0.01,-0.7526914592488637,8,8
bird1,1,9,0.1,-0.7527292061078875,8,8
bird1,2,9,0.001,-0.7082194234075314,56,32
bird1,2,9,0.01,-0.7073775475134995,56,32
bird1,2,9,0.1,-0.7068467537367261,56,32
bird1,3,9,0.001,-0.7011707587095183,392,71
bird1,3,9,0.01,-0.6981193223858614,392,71
bird1,3,9,0.1,-0.6962956558452881,392,71
bird1,4,9,0.001,-0.701586793805294,2744,121
bird1,4,9,0.01,-0.6976116605573388,2744,121
bird1,4,9,0.1,-0.6958587628771249,2744,121
bird1,5,9,0.001,-0.7174162854741294,19208,177
bird1,5,9,0.01,-0.7087900952149615,19208,177
bird1,5,9,0.1,-0.7040811835160344,19208,177
bird1,0,10,0.001,-1.7615214188325174,1,1
bird1,0,10,0.01,-1.7615212950221963,1,1
bird1,0,10,0.1,-1.7615200574976977,1,1
bird1,1,10,0.001,-0.7467866198663076,8,8
bird1,1,10,0.01,-0.7467864583374771,8,8
bird1,1,10,0.1,-0.7467874157918786,8,8
bird1,2,10,0.001,-0.7038114297205488,56,36
bird1,2,10,0.01,-0.7020962389783023,56,36
bird1,2,10,0.1,-0.7009335559567731,56,36
bird1,3,10,0.001,-0.6965455073455462,392,78
bird1,3,10,0.01,-0.6929594137471173,392,78
bird1,3,10,0.1,-0.6906364424518374,392,78
bird1,4,10,0.001,-0.7052088371694981,2744,129
bird1,4,10,0.01,-0.6986612538333681,2744,129
bird1,4,10,0.1,-0.6942250490853182,2744,129
bird1,5,10,0.001,-0.7240851474553857,19208,190
bird1,5,10,0.01,-0.7134043419064188,19208,190
bird1,5,10,0.1,-0.7064925089521279,19208,190
bird1,0,11,0.001,-1.7269229425654156,1,1
bird1,0,11,0.01,-1.7269230008725174,1,1
bird1,0,11,0.1,-1.7269235842304755,1,1
bird1,1,11,0.001,-0.7438794336696486,8,8
bird1,1,11,0.01,-0.7438834304760761,8,8
bird1,1,11,0.1,-0.7439242365916712,8,8
bird1,2,11,0.001,-0.6961114272079343,56,31
bird1,2,11,0.01,-0.6957103819197954,56,31
bird1,2,11,0.1,-0.6956295332334664,56,31
bird1,3,11,0.001,-0.6817573498252228,392,65
bird1,3,11,0.01,-0.6814018290391494,392,65
bird1,3,11,0.1,-0.68189632678661,392,65
bird1,4,11,0.001,-0.6857645326128335,2744,110
bird1,4,11,0.01,-0.682435392108534,2744,110
bird1,4,11,0.1,-0.6809799320851724,2744,110
bird1,5,11,0.001,-0.6956313555264821,19208,167
bird1,5,11,0.01,-0.6898134489642433,19208,167
bird1,5,11,0.1,-0.6870086400865468,19208,167
bird1,0,12,0.001,-1.7578007755352252,1,1
bird1,0,12,0.01,-1.7578006554122287,1,1
bird1,0,12,0.1,-1.7577994547207518,1,1
bird1,1,12,0.001,-0.7542155927551334,8,8
bird1,1,12,0.01,-0.7542168775759773,8,8
bird1,1,12,0.1,-0.7542313364859304,8,8
bird1,2,12,0.001,-0.7184737194359941,56,35
bird1,2,12,0.01,-0.7163330104823693,56,35
bird1,2,12,0.1,-0.7146459010870352,56,35
bird1,3,12,0.001,-0.7054000282903021,392,77
bird1,3,12,0.01,-0.7034836586649824,392,77
bird1,3,12,0.1,-0.7026744974715339,392,77
bird1,4,12,0.001,-0.7199261457245483,2744,132
bird1,4,12,0.01,-0.7127277145469443,2744,132
bird1,4,12,0.1,-0.7084448355492964,2744,132
bird1,5,12,0.001,-0.7370191419755159,19208,208
bird1,5,12,0.01,-0.7285078843352351,19208,208
bird1,5,12,0.1,-0.7247012236527891,19208,208
bird1,0,13,0.001,-1.7418027991840463,1,1
bird1,0,13,0.01,-1.7418027954856892,1,1
bird1,0,13,0.1,-1.741802758892195,1,1
bird1,1,13,0.001,-0.7460169973128755,8,8
bird1,1,13,0.01,-0.7458159364692923,8,8
bird1,1,13,0.1,-0.7456432884044124,8,8
bird1,2,13,0.001,-0.7038456973807152,56,36
bird1,2,13,0.01,-0.7021823503470441,56,36
bird1,2,13,0.1,-0.7008798984537994,56,36
bird1,3,13,0.001,-0.687351997899385,392,77
bird1,3,13,0.01,-0.6848327177133539,392,77
bird1,3,13,0.1,-0.6834578900727423,392,77
bird1,4,13,0.001,-0.6905817832293675,2744,128
bird1,4,13,0.01,-0.6873413344670111,2744,128
bird1,4,13,0.1,-0.6857547746152401,2744,128
bird1,5,13,0.001,-0.6952077634217768,19208,189
bird1,5,13,0.01,-0.6905281695022764,19208,189
bird1,5,13,0.1,-0.6887282568826867,19208,189
bird1,0,14,0.001,-1.7110134973779678,1,1
bird1,0,14,0.01,-1.7110136311805262,1,1
bird1,0,14,0.1,-1.7110149694058459,1,1
bird1,1,14,0.001,-0.7486545098358997,8,8
bird1,1,14,0.01,-0.7479855433891768,8,8
bird1,1,14,0.1,-0.7473493644379268,8,8
bird1,2,14,0.001,-0.7012659027096103,56,35
bird1,2,14,0.01,-0.7005937305109922,56,35
bird1,2,14,0.1,-0.7002029673874026,56,35
bird1,3,14,0.001,-0.6923596455491702,392,70
bird1,3,14,0.01,-0.6893218256960604,392,70
bird1,3,14,0.1,-0.6873713805098008,392,70
bird1,4,14,0.001,-0.6907366209490429,2744,116
bird1,4,14,0.01,-0.6876354463471487,2744,116
bird1,4,14,0.1,-0.6862598592065294,2744,116
bird1,5,14,0.001,-0.7088868177259343,19208,174
bird1,5,14,0.01,-0.70019793401556,19208,174
bird1,5,14,0.1,-0.6946246226860836,19208,174
bird1,0,15,0.001,-1.7295864400466754,1,1
bird1,0,15,0.01,-1.7295864806240298,1,1
bird1,0,15,0.1,-1.7295868867160138,1,1
bird1,1,15,0.001,-0.7529234846162621,8,8
bird1,1,15,0.01,-0.7525002137944788,8,8
bird1,1,15,0.1,-0.75210356770991,8,8
bird1,2,15,0.001,-0.7090031899307784,56,34
bird1,2,15,0.01,-0.7079366318652717,56,34
bird1,2,15,0.1,-0.7072682342253053,56,34
bird1,3,15,0.001,-0.6972521280555112,392,67
bird1,3,15,0.01,-0.6950521514357526,392,67
bird1,3,15,0.1,-0.6937944423028994,392,67
bird1,4,15,0.001,-0.693805054293776,2744,120
bird1,4,15,0.01,-0.6909303085982724,2744,120
bird1,4,15,0.1,-0.6901153987093844,2744,120
bird1,5,15,0.001,-0.7018628355867537,19208,180
bird1,5,15,0.01,-0.6964997427629128,19208,180
bird1,5,15,0.1,-0.6943950901009943,19208,180
bird1,0,16,0.001,-1.7410729384864263,1,1
bird1,0,16,0.01,-1.7410729009564476,1,1
bird1,0,16,0.1,-1.7410725261324353,1,1
bird1,1,16,0.001,-0.7503949398404103,8,8
bird1,1,16,0.01,-0.7501897427660101,8,8
bird1,1,16,0.1,-0.7500004085579367,8,8
bird1,2,16,0.001,-0.7097914640333637,56,37
bird1,2,16,0.01,-0.7081243194832028,56,37
bird1,2,16,0.1,-0.7069310214212221,56,37
bird1,3,16,0.001,-0.6993917212177411,392,79
bird1,3,16,0.01,-0.6972853537162235,392,79
bird1,3,16,0.1,-0.696306954525425,392,79
bird1,4,16,0.001,-0.707580016792974,2744,131
bird1,4,16,0.01,-0.7027381325441193,2744,131
bird1,4,16,0.1,-0.7001968203435972,2744,131
bird1,5,16,0.001,-0.7312625972322604,19208,191
bird1,5,16,0.01,-0.7203563402662715,19208,191
bird1,5,16,0.1,-0.7133837931550389,19208,191
bird1,0,17,0.001,-1.7362360262456347,1,1
bird1,0,17,0.01,-1.7362359994251644,1,1
bird1,0,17,0.1,-1.7362357317064143,1,1
bird1,1,17,0.001,-0.7439619837188535,8,8
bird1,1,17,0.01,-0.7431332493531132,8,8
bird1,1,17,0.1,-0.742333907844593,8,8
bird1,2,17,0.001,-0.7059584270464435,56,39
bird1,2,17,0.01,-0.7044792067889536,56,39
bird1,2,17,0.1,-0.7034113336030539,56,39
bird1,3,17,0.001,-0.6954804754388717,392,77
bird1,3,17,0.01,-0.6928824137447527,392,77
bird1,3,17,0.1,-0.6912729652120373,392,77
bird1,4,17,0.001,-0.7044507252909248,2744,128
bird1,4,17,0.01,-0.6983438326996566,2744,128
bird1,4,17,0.1,-0.6942447795492269,2744,128
bird1,5,17,0.001,-0.7355459767953226,19208,192
bird1,5,17,0.01,-0.720769689013911,19208,192
bird1,5,17,0.1,-0.7097964709322662,19208,192
bird1,0,18,0.001,-1.7466520532660008,1,1
bird1,0,18,0.01,-1.746651969409513,1,1
bird1,0,18,0.1,-1.7466511313417865,1,1
bird1,1,18,0.001,-0.7604423846296309,8,8
bird1,1,18,0.01,-0.7593987156463488,8,8
bird1,1,18,0.1,-0.7583750402534274,8,8
bird1,2,18,0.001,-0.7109878971097625,56,40
bird1,2,18,0.01,-0.7088604878832319,56,40
bird1,2,18,0.1,-0.7071881764703191,56,40
bird1,3,18,0.001,-0.700790309294574,392,86
bird1,3,18,0.01,-0.6979694223784881,392,86
bird1,3,18,0.1,-0.6963031429477873,392,86
bird1,4,18,0.001,-0.7072379742432744,2744,148
bird1,4,18,0.01,-0.7027747699954813,2744,148
bird1,4,18,0.1,-0.7004241323757187,2744,148
bird1,5,18,0.001,-0.7168886727079898,19208,221
bird1,5,18,0.01,-0.7090035004537242,19208,221
bird1,5,18,0.1,-0.7049925904476766,19208,221
bird1,0,19,0.001,-1.7343879822248385,1,1
bird1,0,19,0.01,-1.734387977629053,1,1
bird1,0,19,0.1,-1.7343879320826838,1,1
bird1,1,19,0.001,-0.7513673021030651,8,8
bird1,1,19,0.01,-0.7505243032369948,8,8
bird1,1,19,0.1,-0.7497242255314064,8,8
bird1,2,19,0.001,-0.7117351196338229,56,35
bird1,2,19,0.01,-0.7097651046145951,56,35
bird1,2,19,0.1,-0.7080541431842997,56,35
bird1,3,19,0.001,-0.6996815281594262,392,73
bird1,3,19,0.01,-0.696775061790776,392,73
bird1,3,19,0.1,-0.6947352882062783,392,73
bird1,4,19,0.001,-0.7046611266985723,2744,126
bird1,4,19,0.01,-0.700304466930202,2744,126
bird1,4,19,0.1,-0.6975035884768727,2744,126
bird1,5,19,0.001,-0.7130655446679607,19208,186
bird1,5,19,0.01,-0.7068925908508131,19208,186
bird1,5,19,0.1,-0.703361448541635,19208,186
bird1,0,20,0.001,-1.7797923822477468,1,1
bird1,0,20,0.01,-1.7797920919162178,1,1
bird1,0,20,0.1,-1.7797891894970217,1,1
bird1,1,20,0.001,-0.7593346342464238,8,8
bird1,1,20,0.01,-0.7585426075835532,8,8
bird1,1,20,0.1,-0.7577785525710273,8,8
bird1,2,20,0.001,-0.7170422924046017,56,39
bird1,2,20,0.01,-0.7152166066715181,56,39
bird1,2,20,0.1,-0.7138776788547766,56,39
bird1,3,20,0.001,-0.7049708207865385,392,84
bird1,3,20,0.01,-0.7016798374014013,392,84
bird1,3,20,0.1,-0.6997827849316384,392,84
bird1,4,20,0.001,-0.7119677137880637,2744,148
bird1,4,20,0.01,-0.7061012337896055,2744,148
bird1,4,20,0.1,-0.7034031931725901,2744,148
bird1,5,20,0.001,-0.7344626148585901,19208,227
bird1,5,20,0.01,-0.7223182712110894,19208,227
bird1,5,20,0.1,-0.7155409239911452,19208,227
bird1,0,21,0.001,-1.7399168667520604,1,1
bird1,0,21,0.01,-1.73991685966981,1,1
bird1,0,21,0.1,-1.7399167892451928,1,1
bird1,1,21,0.001,-0.7464328801016837,8,8
bird1,1,21,0.01,-0.7462230911091156,8,8
bird1,1,21,0.1,-0.7460480213180495,8,8
bird1,2,21,0.001,-0.697725698634957,56,33
bird1,2,21,0.01,-0.6966494597973303,56,33
bird1,2,21,0.1,-0.695937740268035,56,33
bird1,3,21,0.001,-0.6835369000993211,392,69
bird1,3,21,0.01,-0.6810881654582204,392,69
bird1,3,21,0.1,-0.6796069319054175,392,69
bird1,4,21,0.001,-0.6932733383454143,2744,121
bird1,4,21,0.01,-0.6877381713608931,2744,121
bird1,4,21,0.1,-0.6842755859737522,2744,121
bird1,5,21,0.001,-0.7008550877834223,19208,179
bird1,5,21,0.01,-0.693171488893631,19208,179
bird1,5,21,0.1,-0.688584965879585,19208,179
bird1,0,22,0.001,-1.764339978762921,1,1
bird1,0,22,0.01,-1.7643397726511116,1,1
bird1,0,22,0.1,-1.7643377123362025,1,1
bird1,1,22,0.001,-0.7440978372304924,8,8
bird1,1,22,0.01,-0.7441032773201659,8,8
bird1,1,22,0.1,-0.7441579518362075,8,8
bird1,2,22,0.001,-0.7005111148640875,56,32
bird1,2,22,0.01,-0.6992696008374802,56,32
bird1,2,22,0.1,-0.6983367279991206,56,32
bird1,3,22,0.001,-0.6895508826133517,392,71
bird1,3,22,0.01,-0.686828710594858,392,71
bird1,3,22,0.1,-0.6853244449264488,392,71
bird1,4,22,0.001,-0.6882133631348983,2744,123
bird1,4,22,0.01,-0.6840821887340025,2744,123
bird1,4,22,0.1,-0.6818714306866147,2744,123
bird1,5,22,0.001,-0.7039143286882577,19208,182
bird1,5,22,0.01,-0.6973088676222822,19208,182
bird1,5,22,0.1,-0.6936055533191287,19208,182
bird1,0,23,0.001,-1.7295808550308949,1,1
bird1,0,23,0.01,-1.7295809268793674,1,1
bird1,0,23,0.1,-1.7295816456183593,1,1
bird1,1,23,0.001,-0.7523409196479641,8,8
bird1,1,23,0.01,-0.7521286658597958,8,8
bird1,1,23,0.1,-0.751949629200003,8,8
bird1,2,23,0.001,-0.7053259182514654,56,33
bird1,2,23,0.01,-0.7042343463891467,56,33
bird1,2,23,0.1,-0.7034036604514506,56,33
bird1,3,23,0.001,-0.6927358163506476,392,73
bird1,3,23,0.01,-0.6902627719175229,392,73
bird1,3,23,0.1,-0.6886563850747212,392,73
bird1,4,23,0.001,-0.6978394026164646,2744,124
bird1,4,23,0.01,-0.6939093999356465,2744,124
bird1,4,23,0.1,-0.6917063944593989,2744,124
bird1,5,23,0.001,-0.7037751038080304,19208,179
bird1,5,23,0.01,-0.6987862207095367,19208,179
bird1,5,23,0.1,-0.6964511704125208,19208,179
bird1,0,24,0.001,-1.7277434978791295,1,1
bird1,0,24,0.01,-1.7277435917770654,1,1
bird1,0,24,0.1,-1.7277445309685961,1,1
bird1,1,24,0.001,-0.7493715091011548,8,8
bird1,1,24,0.01,-0.7491415859964802,8,8
bird1,1,24,0.1,-0.7489398596910969,8,8
bird1,2,24,0.001,-0.7013218975829357,56,34
bird1,2,24,0.01,-0.7008753021739801,56,34
bird1,2,24,0.1,-0.7007934916291715,56,34
bird1,3,24,0.001,-0.6896406078579771,392,73
bird1,3,24,0.01,-0.6877116757467621,392,73
bird1,3,24,0.1,-0.6867628232001941,392,73
bird1,4,24,0.001,-0.6970163846310331,2744,125
bird1,4,24,0.01,-0.6917183482313619,2744,125
bird1,4,24,0.1,-0.6887108679539556,2744,125
bird1,5,24,0.001,-0.7112158749115993,19208,186
bird1,5,24,0.01,-0.7019533201803161,19208,186
bird1,5,24,0.1,-0.6965062964730063,19208,186
bird1,0,25,0.001,-1.7429145159730088,1,1
bird1,0,25,0.01,-1.7429144289974108,1,1
bird1,0,25,0.1,-1.7429135598434309,1,1
bird1,1,25,0.001,-0.7516470142285843,8,8
bird1,1,25,0.01,-0.7502271484417868,8,8
bird1,1,25,0.1,-0.7488421993369152,8,8
bird1,2,25,0.001,-0.7125204187927181,56,40
bird1,2,25,0.01,-0.710428461804976,56,40
bird1,2,25,0.1,-0.7086764491795514,56,40
bird1,3,25,0.001,-0.6988330076279338,392,84
bird1,3,25,0.01,-0.6958367219376972,392,84
bird1,3,25,0.1,-0.6936552425219819,392,84
bird1,4,25,0.001,-0.6974038375811143,2744,137
bird1,4,25,0.01,-0.6946254455459859,2744,137
bird1,4,25,0.1,-0.6934707648539035,2744,137
bird1,5,25,0.001,-0.6999160943873879,19208,194
bird1,5,25,0.01,-0.6968815287772983,19208,194
bird1,5,25,0.1,-0.6963758798199465,19208,194
bird1,0,26,0.001,-1.7394164599695658,1,1
bird1,0,26,0.01,-1.7394164393648928,1,1
bird1,0,26,0.1,-1.7394162337257244,1,1
bird1,1,26,0.001,-0.7509433174875008,8,8
bird1,1,26,0.01,-0.7509468863934476,8,8
bird1,1,26,0.1,-0.7509831628250498,8,8
bird1,2,26,0.001,-0.7095902181096917,56,33
bird1,2,26,0.01,-0.7089431057448643,56,33
bird1,2,26,0.1,-0.7086160639577735,56,33
bird1,3,26,0.001,-0.7025302720100964,392,77
bird1,3,26,0.01,-0.6989123853242658,392,77
bird1,3,26,0.1,-0.696614128956992,392,77
bird1,4,26,0.001,-0.7033648420256212,2744,135
bird1,4,26,0.01,-0.6985062157901872,2744,135
bird1,4,26,0.1,-0.6960436964844724,2744,135
bird1,5,26,0.001,-0.7222850590073586,19208,198
bird1,5,26,0.01,-0.7127900831987322,19208,198
bird1,5,26,0.1,-0.7073156668583184,19208,198
bird1,0,27,0.001,-1.747733860437699,1,1
bird1,0,27,0.01,-1.7477338558832298,1,1
bird1,0,27,0.1,-1.7477338106703104,1,1
bird1,1,27,0.001,-0.7531525678869476,8,8
bird1,1,27,0.01,-0.7525343043547593,8,8
bird1,1,27,0.1,-0.7519222979606675,8,8
bird1,2,27,0.001,-0.7072685512899685,56,40
bird1,2,27,0.01,-0.7058192942978403,56,40
bird1,2,27,0.1,-0.7048871444833399,56,40
bird1,3,27,0.001,-0.6963336303706298,392,80
bird1,3,27,0.01,-0.694209897290968,392,80
bird1,3,27,0.1,-0.6931412453155452,392,80
bird1,4,27,0.001,-0.7033515365908565,2744,131
bird1,4,27,0.01,-0.6982953839715572,2744,131
bird1,4,27,0.1,-0.6956512653485633,2744,131
bird1,5,27,0.001,-0.7141891175457559,19208,194
bird1,5,27,0.01,-0.7068447263503519,19208,194
bird1,5,27,0.1,-0.7030369952481169,19208,194
bird1,0,28,0.001,-1.7167357231300462,1,1
bird1,0,28,0.01,-1.716735840801007,1,1
bird1,0,28,0.1,-1.7167370177222798,1,1
bird1,1,28,0.001,-0.7452603905569598,8,8
bird1,1,28,0.01,-0.7450489823140721,8,8
bird1,1,28,0.1,-0.7448694845125773,8,8
bird1,2,28,0.001,-0.699792141704669,56,34
bird1,2,28,0.01,-0.6991543596903907,56,34
bird1,2,28,0.1,-0.6988361798495178,56,34
bird1,3,28,0.001,-0.6889441675568837,392,69
bird1,3,28,0.01,-0.686458189786817,392,69
bird1,3,28,0.1,-0.6848730329495146,392,69
bird1,4,28,0.001,-0.6884488374119,2744,115
bird1,4,28,0.01,-0.6856950875381784,2744,115
bird1,4,28,0.1,-0.6844669637624166,2744,115
bird1,5,28,0.001,-0.6917709287660969,19208,173
bird1,5,28,0.01,-0.6890263180101537,19208,173
bird1,5,28,0.1,-0.6888669594406821,19208,173
bird1,0,29,0.001,-1.736790513656024,1,1
bird1,0,29,0.01,-1.7367905017589258,1,1
bird1,0,29,0.1,-1.7367903831772937,1,1
bird1,1,29,0.001,-0.7480343111148765,8,8
bird1,1,29,0.01,-0.7480387677352653,8,8
bird1,1,29,0.1,-0.7480835478055183,8,8
bird1,2,29,0.001,-0.701023953815782,56,29
bird1,2,29,0.01,-0.7008264362924793,56,29
bird1,2,29,0.1,-0.7009016604578012,56,29
bird1,3,29,0.001,-0.6926623791012197,392,60
bird1,3,29,0.01,-0.6901826270889766,392,60
bird1,3,29,0.1,-0.6887951692822124,392,60
bird1,4,29,0.001,-0.6896288937136205,2744,102
bird1,4,29,0.01,-0.6871537950552766,2744,102
bird1,4,29,0.1,-0.6866211437370856,2744,102
bird1,5,29,0.001,-0.6956238816984298,19208,155
bird1,5,29,0.01,-0.6910888976323258,19208,155
bird1,5,29,0.1,-0.6895448412819045,19208,155
bird1,0,30,0.001,-1.743624861818794,1,1
bird1,0,30,0.01,-1.7436248056243808,1,1
bird1,0,30,0.1,-1.7436242441347938,1,1
bird1,1,30,0.001,-0.7609072809962569,8,8
bird1,1,30,0.01,-0.7605048230626122,8,8
bird1,1,30,0.1,-0.7601139622610761,8,8
bird1,2,30,0.001,-0.7221019832225083,56,35
bird1,2,30,0.01,-0.7198391107480643,56,35
bird1,2,30,0.1,-0.7180135712490456,56,35
bird1,3,30,0.001,-0.7104934469717218,392,78
bird1,3,30,0.01,-0.7069045656123877,392,78
bird1,3,30,0.1,-0.704420894205365,392,78
bird1,4,30,0.001,-0.7190212683594129,2744,138
bird1,4,30,0.01,-0.7127470721457606,2744,138
bird1,4,30,0.1,-0.708917480576049,2744,138
bird1,5,30,0.001,-0.7304709960845556,19208,213
bird1,5,30,0.01,-0.7219272127595677,19208,213
bird1,5,30,0.1,-0.7169489720360142,19208,213
bird1,0,31,0.001,-1.7371411558812297,1,1
bird1,0,31,0.01,-1.737141168540672,1,1
bird1,0,31,0.1,-1.7371412954821646,1,1
bird1,1,31,0.001,-0.7551554304742399,8,8
bird1,1,31,0.01,-0.7551571268206064,8,8
bird1,1,31,0.1,-0.7551751335984244,8,8
bird1,2,31,0.001,-0.7177167469758226,56,34
bird1,2,31,0.01,-0.7151827668944236,56,34
bird1,2,31,0.1,-0.713049581379576,56,34
bird1,3,31,0.001,-0.7107859837658835,392,82
bird1,3,31,0.01,-0.7062802343875263,392,82
bird1,3,31,0.1,-0.7032536355124519,392,82
bird1,4,31,0.001,-0.7190717701351097,2744,139
bird1,4,31,0.01,-0.7125949492234289,2744,139
bird1,4,31,0.1,-0.7082505549419148,2744,139
bird1,5,31,0.001,-0.7377080272643641,19208,209
bird1,5,31,0.01,-0.7281844773721823,19208,209
bird1,5,31,0.1,-0.7221231587422617,19208,209
bird1,0,32,0.001,-1.7166633311889998,1,1
bird1,0,32,0.01,-1.7166634551092677,1,1
bird1,0,32,0.1,-1.7166646945121318,1,1
bird1,1,32,0.001,-0.7497943098370254,8,8
bird1,1,32,0.01,-0.7497977075744969,8,8
bird1,1,32,0.1,-0.7498323235896659,8,8
bird1,2,32,0.001,-0.703584234353244,56,32
bird1,2,32,0.01,-0.7029598987627506,56,32
bird1,2,32,0.1,-0.7026387715882768,56,32
bird1,3,32,0.001,-0.6869002728962202,392,63
bird1,3,32,0.01,-0.685849002199966,392,63
bird1,3,32,0.1,-0.6856001273567226,392,63
bird1,4,32,0.001,-0.6885135775003784,2744,107
bird1,4,32,0.01,-0.6875162885814311,2744,107
bird1,4,32,0.1,-0.6881043224726124,2744,107
bird1,5,32,0.001,-0.6950610411379768,19208,160
bird1,5,32,0.01,-0.6902529254931719,19208,160
bird1,5,32,0.1,-0.6886240172009334,19208,160
bird1,0,33,0.001,-1.7368678778599596,1,1
bird1,0,33,0.01,-1.7368679194448238,1,1
bird1,0,33,0.1,-1.736868335580784,1,1
bird1,1,33,0.001,-0.7513430537894805,8,8
bird1,1,33,0.01,-0.7513462135304287,8,8
bird1,1,33,0.1,-0.7513787382851688,8,8
bird1,2,33,0.001,-0.7078491670626358,56,32
bird1,2,33,0.01,-0.7056242379349439,56,32
bird1,2,33,0.1,-0.7037575724588623,56,32
bird1,3,33,0.001,-0.690474391654311,392,70
bird1,3,33,0.01,-0.6886911706212409,392,70
bird1,3,33,0.1,-0.6877623272913773,392,70
bird1,4,33,0.001,-0.6993981737549985,2744,115
bird1,4,33,0.01,-0.6935784270054504,2744,115
bird1,4,33,0.1,-0.6900472257214278,2744,115
bird1,5,33,0.001,-0.7055023597813923,19208,170
bird1,5,33,0.01,-0.6989508040511482,19208,170
bird1,5,33,0.1,-0.6953633659845723,19208,170
bird1,0,34,0.001,-1.7422030622429352,1,1
bird1,0,34,0.01,-1.7422029825927252,1,1
bird1,0,34,0.1,-1.7422021866233055,1,1
bird1,1,34,0.001,-0.7469679753155918,8,8
bird1,1,34,0.01,-0.7467619262061587,8,8
bird1,1,34,0.1,-0.7465828660357706,8,8
bird1,2,34,0.001,-0.7044040975613659,56,33
bird1,2,34,0.01,-0.7027123240132461,56,33
bird1,2,34,0.1,-0.7014587682124062,56,33
bird1,3,34,0.001,-0.6953687491080448,392,72
bird1,3,34,0.01,-0.6914053604798549,392,72
bird1,3,34,0.1,-0.6885674539208284,392,72
bird1,4,34,0.001,-0.7010314409905378,2744,119
bird1,4,34,0.01,-0.6964868489601528,2744,119
bird1,4,34,0.1,-0.6935243273990656,2744,119
bird1,5,34,0.001,-0.7050279358549592,19208,174
bird1,5,34,0.01,-0.700637864704998,19208,174
bird1,5,34,0.1,-0.6986613347431933,19208,174
bird1,0,35,0.001,-1.731959895870717,1,1
bird1,0,35,0.01,-1.7319599328837012,1,1
bird1,0,35,0.1,-1.7319603033470483,1,1
bird1,1,35,0.001,-0.751534678347465,8,8
bird1,1,35,0.01,-0.7513310190001555,8,8
bird1,1,35,0.1,-0.75114850447778,8,8
bird1,2,35,0.001,-0.7047851138010848,56,36
bird1,2,35,0.01,-0.7035451580595282,56,36
bird1,2,35,0.1,-0.7027421258027146,56,36
bird1,3,35,0.001,-0.6879983643293001,392,74
bird1,3,35,0.01,-0.6874296947649292,392,74
bird1,3,35,0.1,-0.6877541498276165,392,74
bird1,4,35,0.001,-0.6996159417077615,2744,120
bird1,4,35,0.01,-0.6948222144051942,2744,120
bird1,4,35,0.1,-0.6924374186417532,2744,120
bird1,5,35,0.001,-0.7156606437967399,19208,181
bird1,5,35,0.01,-0.7058170888108857,19208,181
bird1,5,35,0.1,-0.7002285768279402,19208,181
bird1,0,36,0.001,-1.734451513740546,1,1
bird1,0,36,0.01,-1.7344515244905083,1,1
bird1,0,36,0.1,-1.7344516323942016,1,1
bird1,1,36,0.001,-0.7552568990558174,8,8
bird1,1,36,0.01,-0.7546372882937525,8,8
bird1,1,36,0.1,-0.7540368535314182,8,8
bird1,2,36,0.001,-0.7106558057452815,56,38
bird1,2,36,0.01,-0.7087652130109995,56,38
bird1,2,36,0.1,-0.707360863907446,56,38
bird1,3,36,0.001,-0.697504122049525,392,75
bird1,3,36,0.01,-0.6957988191139086,392,75
bird1,3,36,0.1,-0.6949066357749333,392,75
bird1,4,36,0.001,-0.7080576215705163,2744,123
bird1,4,36,0.01,-0.7033919652552819,2744,123
bird1,4,36,0.1,-0.7005902541153264,2744,123
bird1,5,36,0.001,-0.725494023366256,19208,180
bird1,5,36,0.01,-0.7180661998038788,19208,180
bird1,5,36,0.1,-0.713436007252669,19208,180
bird1,0,37,0.001,-1.7555102947372283,1,1
bird1,0,37,0.01,-1.7555101103591972,1,1
bird1,0,37,0.1,-1.755508267360596,1,1
bird1,1,37,0.001,-0.745232628160109,8,8
bird1,1,37,0.01,-0.7452369414349885,8,8
bird1,1,37,0.1,-0.7452806770880519,8,8
bird1,2,37,0.001,-0.6995519805238954,56,32
bird1,2,37,0.01,-0.6985488145644656,56,32
bird1,2,37,0.1,-0.697899751039182,56,32
bird1,3,37,0.001,-0.6877646579656103,392,68
bird1,3,37,0.01,-0.6852929828286581,392,68
bird1,3,37,0.1,-0.6839515870448151,392,68
bird1,4,37,0.001,-0.685171159162775,2744,119
bird1,4,37,0.01,-0.6827392997134001,2744,119
bird1,4,37,0.1,-0.6825816925056467,2744,119
bird1,5,37,0.001,-0.7090927709365067,19208,181
bird1,5,37,0.01,-0.6997532009528176,19208,181
bird1,5,37,0.1,-0.6946189239869983,19208,181
bird1,0,38,0.001,-1.7460852523116412,1,1
bird1,0,38,0.01,-1.7460851757849238,1,1
bird1,0,38,0.1,-1.7460844110383384,1,1
bird1,1,38,0.001,-0.7540350529300082,8,8
bird1,1,38,0.01,-0.7535967211896984,8,8
bird1,1,38,0.1,-0.753157574406046,8,8
bird1,2,38,0.001,-0.7104451960675549,56,37
bird1,2,38,0.01,-0.7084509140365207,56,37
bird1,2,38,0.1,-0.7070037191398006,56,37
bird1,3,38,0.001,-0.7019711907114083,392,72
bird1,3,38,0.01,-0.6989915909281769,392,72
bird1,3,38,0.1,-0.6970108338165683,392,72
bird1,4,38,0.001,-0.7037447239278092,2744,116
bird1,4,38,0.01,-0.6980080795407198,2744,116
bird1,4,38,0.1,-0.694045137692075,2744,116
bird1,5,38,0.001,-0.724460777786408,19208,173
bird1,5,38,0.01,-0.713968521600617,19208,173
bird1,5,38,0.1,-0.7064782498727663,19208,173
bird1,0,39,0.001,-1.733579324792073,1,1
bird1,0,39,0.01,-1.733579387333282,1,1
bird1,0,39,0.1,-1.7335800130096113,1,1
bird1,1,39,0.001,-0.752602348898324,8,8
bird1,1,39,0.01,-0.7521900133758755,8,8
bird1,1,39,0.1,-0.751797247451683,8,8
bird1,2,39,0.001,-0.7135069212599225,56,37
bird1,2,39,0.01,-0.7109650768491889,56,37
bird1,2,39,0.1,-0.7088879941581782,56,37
bird1,3,39,0.001,-0.7030598014748141,392,73
bird1,3,39,0.01,-0.6986671631912504,392,73
bird1,3,39,0.1,-0.6953438590177173,392,73
bird1,4,39,0.001,-0.7176088573028199,2744,126
bird1,4,39,0.01,-0.7085522509395163,2744,126
bird1,4,39,0.1,-0.7020518616394672,2744,126
bird1,5,39,0.001,-0.7299343015264005,19208,190
bird1,5,39,0.01,-0.7177305835689811,19208,190
bird1,5,39,0.1,-0.7094641156702065,19208,190
bird1,0,40,0.001,-1.7491354320263708,1,1
bird1,0,40,0.01,-1.7491353678106278,1,1
bird1,0,40,0.1,-1.749134726118108,1,1
bird1,1,40,0.001,-0.7601487955985833,8,8
bird1,1,40,0.01,-0.7597278597371733,8,8
bird1,1,40,0.1,-0.7593141361255797,8,8
bird1,2,40,0.001,-0.722591165459903,56,36
bird1,2,40,0.01,-0.7191301754098239,56,36
bird1,2,40,0.1,-0.7162530936434165,56,36
bird1,3,40,0.001,-0.7110421707305102,392,81
bird1,3,40,0.01,-0.7068659223284635,392,81
bird1,3,40,0.1,-0.7041331680864632,392,81
bird1,4,40,0.001,-0.7183523173241348,2744,133
bird1,4,40,0.01,-0.7115114254537575,2744,133
bird1,4,40,0.1,-0.7071295307540726,2744,133
bird1,5,40,0.001,-0.7399268022491752,19208,200
bird1,5,40,0.01,-0.728023584255121,19208,200
bird1,5,40,0.1,-0.720257069665218,19208,200
bird1,0,41,0.001,-1.7551515105091937,1,1
bird1,0,41,0.01,-1.755151389765633,1,1
bird1,0,41,0.1,-1.7551501828980371,1,1
bird1,1,41,0.001,-0.7572529774601117,8,8
bird1,1,41,0.01,-0.7559387155808156,8,8
bird1,1,41,0.1,-0.7546667842241479,8,8
bird1,2,41,0.001,-0.7163572562846362,56,39
bird1,2,41,0.01,-0.7145504118627567,56,39
bird1,2,41,0.1,-0.7130703207968155,56,39
bird1,3,41,0.001,-0.7079969369737071,392,78
bird1,3,41,0.01,-0.7035578096508793,392,78
bird1,3,41,0.1,-0.7002277064489785,392,78
bird1,4,41,0.001,-0.7127306966554171,2744,132
bird1,4,41,0.01,-0.708181949562122,2744,132
bird1,4,41,0.1,-0.7054100457444228,2744,132
bird1,5,41,0.001,-0.7294749220651799,19208,201
bird1,5,41,0.01,-0.7199112788570896,19208,201
bird1,5,41,0.1,-0.7136387782635477,19208,201
bird1,0,42,0.001,-1.719769009655435,1,1
bird1,0,42,0.01,-1.719769098085105,1,1
bird1,0,42,0.1,-1.7197699826666621,1,1
bird1,1,42,0.001,-0.7447378213462059,8,8
bird1,1,42,0.01,-0.7445478241131835,8,8
bird1,1,42,0.1,-0.7444002440581396,8,8
bird1,2,42,0.001,-0.7060698488563574,56,32
bird1,2,42,0.01,-0.7048819469928117,56,32
bird1,2,42,0.1,-0.7039947909047285,56,32
bird1,3,42,0.001,-0.6923554776417188,392,68
bird1,3,42,0.01,-0.6903181077855922,392,68
bird1,3,42,0.1,-0.6890140234581336,392,68
bird1,4,42,0.001,-0.6930965848555071,2744,118
bird1,4,42,0.01,-0.6906406289849788,2744,118
bird1,4,42,0.1,-0.6896819815403161,2744,118
bird1,5,42,0.001,-0.7051779552167153,19208,184
bird1,5,42,0.01,-0.6993770986952178,19208,184
bird1,5,42,0.1,-0.6964711122503948,19208,184
bird1,0,43,0.001,-1.73623579789055,1,1
bird1,0,43,0.01,-1.736235786122258,1,1
bird1,0,43,0.1,-1.736235668871397,1,1
bird1,1,43,0.001,-0.7490658914852442,8,8
bird1,1,43,0.01,-0.7486420444349868,8,8
bird1,1,43,0.1,-0.7482550179782232,8,8
bird1,2,43,0.001,-0.706124485777563,56,34
bird1,2,43,0.01,-0.7048208363303968,56,34
bird1,2,43,0.1,-0.7038651369153299,56,34
bird1,3,43,0.001,-0.6955070675411527,392,71
bird1,3,43,0.01,-0.6932809468115838,392,71
bird1,3,43,0.1,-0.6919863621581895,392,71
bird1,4,43,0.001,-0.6989856843663617,2744,121
bird1,4,43,0.01,-0.6948964743336072,2744,121
bird1,4,43,0.1,-0.6930515284149554,2744,121
bird1,5,43,0.001,-0.7035559147118703,19208,174
bird1,5,43,0.01,-0.6979332692175024,19208,174
bird1,5,43,0.1,-0.6958949830505936,19208,174
bird1,0,44,0.001,-1.7546005701177185,1,1
bird1,0,44,0.01,-1.7546004937545356,1,1
bird1,0,44,0.1,-1.7545997306071168,1,1
bird1,1,44,0.001,-0.7494306606938603,8,8
bird1,1,44,0.01,-0.7492250063113787,8,8
bird1,1,44,0.1,-0.7490562285030768,8,8
bird1,2,44,0.001,-0.7051457330364083,56,35
bird1,2,44,0.01,-0.703427712130252,56,35
bird1,2,44,0.1,-0.7020504718102256,56,35
bird1,3,44,0.001,-0.6933205860568816,392,77
bird1,3,44,0.01,-0.6911770443429667,392,77
bird1,3,44,0.1,-0.690214137154596,392,77
bird1,4,44,0.001,-0.693117699580944,2744,130
bird1,4,44,0.01,-0.6886441610075338,2744,130
bird1,4,44,0.1,-0.6863908495847914,2744,130
bird1,5,44,0.001,-0.7056201269680278,19208,192
bird1,5,44,0.01,-0.6979431507015056,19208,192
bird1,5,44,0.1,-0.6940544269568744,19208,192
bird1,0,45,0.001,-1.7215296337365693,1,1
bird1,0,45,0.01,-1.7215296768192412,1,1
bird1,0,45,0.1,-1.7215301080073047,1,1
bird1,1,45,0.001,-0.7509143102931456,8,8
bird1,1,45,0.01,-0.750696711215054,8,8
bird1,1,45,0.1,-0.7505065029858103,8,8
bird1,2,45,0.001,-0.7071213666475084,56,34
bird1,2,45,0.01,-0.7057761880067922,56,34
bird1,2,45,0.1,-0.7047982412121717,56,34
bird1,3,45,0.001,-0.6886702973609092,392,74
bird1,3,45,0.01,-0.6873460124908545,392,74
bird1,3,45,0.1,-0.6870440882249418,392,74
bird1,4,45,0.001,-0.7059936177849369,2744,127
bird1,4,45,0.01,-0.6985754189097477,2744,127
bird1,4,45,0.1,-0.6939121547006065,2744,127
bird1,5,45,0.001,-0.716578505316439,19208,191
bird1,5,45,0.01,-0.7058215043078188,19208,191
bird1,5,45,0.1,-0.6991675839412838,19208,191
bird1,0,46,0.001,-1.7449488037721852,1,1
bird1,0,46,0.01,-1.7449487128842793,1,1
bird1,0,46,0.1,-1.7449478045647733,1,1
bird1,1,46,0.001,-0.7552900937633527,8,8
bird1,1,46,0.01,-0.755294111854379,8,8
bird1,1,46,0.1,-0.7553348278588323,8,8
bird1,2,46,0.001,-0.7117839007289514,56,32
bird1,2,46,0.01,-0.7101475574515106,56,32
bird1,2,46,0.1,-0.7088442125833678,56,32
bird1,3,46,0.001,-0.6994101101148046,392,73
bird1,3,46,0.01,-0.6960733319788828,392,73
bird1,3,46,0.1,-0.6939267096764528,392,73
bird1,4,46,0.001,-0.7035740192336168,2744,130
bird1,4,46,0.01,-0.6971245580970038,2744,130
bird1,4,46,0.1,-0.6930940437887497,2744,130
bird1,5,46,0.001,-0.7131286086434125,19208,200
bird1,5,46,0.01,-0.7042631215647802,19208,200
bird1,5,46,0.1,-0.6992104947752877,19208,200
bird1,0,47,0.001,-1.7356826122955007,1,1
bird1,0,47,0.01,-1.735682617260186,1,1
bird1,0,47,0.1,-1.7356826673060937,1,1
bird1,1,47,0.001,-0.7495351165515143,8,8
bird1,1,47,0.01,-0.7495383181265626,8,8
bird1,1,47,0.1,-0.7495709773420088,8,8
bird1,2,47,0.001,-0.7087333054160068,56,33
bird1,2,47,0.01,-0.7061865965981382,56,33
bird1,2,47,0.1,-0.7040707739761155,56,33
bird1,3,47,0.001,-0.6933601380138111,392,71
bird1,3,47,0.01,-0.6905232041717798,392,71
bird1,3,47,0.1,-0.6885100442857119,392,71
bird1,4,47,0.001,-0.6965733096951531,2744,120
bird1,4,47,0.01,-0.6927724584676672,2744,120
bird1,4,47,0.1,-0.690514855436267,2744,120
bird1,5,47,0.001,-0.7071743569615987,19208,182
bird1,5,47,0.01,-0.7014174619585624,19208,182
bird1,5,47,0.1,-0.6986414051204531,19208,182
bird1,0,48,0.001,-1.7271639094189417,1,1
bird1,0,48,0.01,-1.7271639506317646,1,1
bird1,0,48,0.1,-1.7271643630765823,1,1
bird1,1,48,0.001,-0.7561575840475381,8,8
bird1,1,48,0.01,-0.7559584662716552,8,8
bird1,1,48,0.1,-0.7557834317134043,8,8
bird1,2,48,0.001,-0.7083709515382292,56,35
bird1,2,48,0.01,-0.7073635379126813,56,35
bird1,2,48,0.1,-0.7067342974613142,56,35
bird1,3,48,0.001,-0.6974946977717164,392,73
bird1,3,48,0.01,-0.6958489098007857,392,73
bird1,3,48,0.1,-0.6951373406956337,392,73
bird1,4,48,0.001,-0.7063213521074235,2744,125
bird1,4,48,0.01,-0.7016289653379275,2744,125
bird1,4,48,0.1,-0.6993106919717458,2744,125
bird1,5,48,0.001,-0.7138090640849871,19208,193
bird1,5,48,0.01,-0.7071540333326268,19208,193
bird1,5,48,0.1,-0.7040406622698235,19208,193
bird1,0,49,0.001,-1.7243568621539904,1,1
bird1,0,49,0.01,-1.724356963120781,1,1
bird1,0,49,0.1,-1.7243579730177665,1,1
bird1,1,49,0.001,-0.7550149615063512,8,8
bird1,1,49,0.01,-0.7545580346849535,8,8
bird1,1,49,0.1,-0.7541196463337272,8,8
bird1,2,49,0.001,-0.7147999541815468,56,35
bird1,2,49,0.01,-0.7126705424608848,56,35
bird1,2,49,0.1,-0.7108655201266325,56,35
bird1,3,49,0.001,-0.6947158238746608,392,81
bird1,3,49,0.01,-0.6923330267853404,392,81
bird1,3,49,0.1,-0.6909871792766684,392,81
bird1,4,49,0.001,-0.6985867371980773,2744,139
bird1,4,49,0.01,-0.6944132594017297,2744,139
bird1,4,49,0.1,-0.6923209086908622,2744,139
bird1,5,49,0.001,-0.7128648813417617,19208,208
bird1,5,49,0.01,-0.7051820965785391,19208,208
bird1,5,49,0.1,-0.7011583031096928,19208,208
bird1,0,50,0.001,-1.7467425939789736,1,1
bird1,0,50,0.01,-1.7467425057420631,1,1
bird1,0,50,0.1,-1.7467416239338527,1,1
bird1,1,50,0.001,-0.7491526039560714,8,8
bird1,1,50,0.01,-0.7491551063956486,8,8
bird1,1,50,0.1,-0.7491816601892716,8,8
bird1,2,50,0.001,-0.7084658300703703,56,35
bird1,2,50,0.01,-0.7067972003857412,56,35
bird1,2,50,0.1,-0.7055499962379478,56,35
bird1,3,50,0.001,-0.6986577554083316,392,77
bird1,3,50,0.01,-0.6958627367829587,392,77
bird1,3,50,0.1,-0.6940433934463676,392,77
bird1,4,50,0.001,-0.70348719608558,2744,135
bird1,4,50,0.01,-0.6993067002787279,2744,135
bird1,4,50,0.1,-0.696994925693128,2744,135
bird1,5,50,0.001,-0.7173209619460529,19208,197
bird1,5,50,0.01,-0.7092904728902915,19208,197
bird1,5,50,0.1,-0.704696640049316,19208,197
bird1,0,51,0.001,-1.7268496063939058,1,1
bird1,0,51,0.01,-1.7268496776079674,1,1
bird1,0,51,0.1,-1.7268503900108858,1,1
bird1,1,51,0.001,-0.7580678595363427,8,8
bird1,1,51,0.01,-0.7576423399275627,8,8
bird1,1,51,0.1,-0.7572489330682864,8,8
bird1,2,51,0.001,-0.7117688943873792,56,32
bird1,2,51,0.01,-0.7109082456319252,56,32
bird1,2,51,0.1,-0.710380677531806,56,32
bird1,3,51,0.001,-0.7047661548279869,392,67
bird1,3,51,0.01,-0.7013885131870978,392,67
bird1,3,51,0.1,-0.699069880404773,392,67
bird1,4,51,0.001,-0.7101390427412538,2744,119
bird1,4,51,0.01,-0.705542451745722,2744,119
bird1,4,51,0.1,-0.7030174896289085,2744,119
bird1,5,51,0.001,-0.727255636866106,19208,184
bird1,5,51,0.01,-0.7180579827176315,19208,184
bird1,5,51,0.1,-0.7122417788354202,19208,184
bird1,0,52,0.001,-1.7519627172387449,1,1
bird1,0,52,0.01,-1.7519625832797199,1,1
bird1,0,52,0.1,-1.751961244299565,1,1
bird1,1,52,0.001,-0.7516130378032296,8,8
bird1,1,52,0.01,-0.7514144806302973,8,8
bird1,1,52,0.1,-0.7512547764691148,8,8
bird1,2,52,0.001,-0.7047377759228273,56,33
bird1,2,52,0.01,-0.7033114151735254,56,33
bird1,2,52,0.1,-0.702345081476053,56,33
bird1,3,52,0.001,-0.69175735728339,392,72
bird1,3,52,0.01,-0.689671557145296,392,72
bird1,3,52,0.1,-0.6886091701338471,392,72
bird1,4,52,0.001,-0.6945433678100968,2744,125
bird1,4,52,0.01,-0.6897817966464683,2744,125
bird1,4,52,0.1,-0.6872861587483504,2744,125
bird1,5,52,0.001,-0.7045804727272816,19208,192
bird1,5,52,0.01,-0.6971642099440434,19208,192
bird1,5,52,0.1,-0.6935384020290465,19208,192
bird1,0,53,0.001,-1.7518532442937678,1,1
bird1,0,53,0.01,-1.7518531426591502,1,1
bird1,0,53,0.1,-1.7518521268744451,1,1
bird1,1,53,0.001,-0.7452358534502361,8,8
bird1,1,53,0.01,-0.7450270391472374,8,8
bird1,1,53,0.1,-0.7448361184572817,8,8
bird1,2,53,0.001,-0.7015087412934682,56,37
bird1,2,53,0.01,-0.7004582973946222,56,37
bird1,2,53,0.1,-0.6998473368322362,56,37
bird1,3,53,0.001,-0.6886071367071694,392,74
bird1,3,53,0.01,-0.6862077711073774,392,74
bird1,3,53,0.1,-0.6848475624495666,392,74
bird1,4,53,0.001,-0.6956727111322929,2744,122
bird1,4,53,0.01,-0.6897476036196146,2744,122
bird1,4,53,0.1,-0.6860287076389588,2744,122
bird1,5,53,0.001,-0.7024343858485194,19208,183
bird1,5,53,0.01,-0.6948846830114809,19208,183
bird1,5,53,0.1,-0.6906263674707732,19208,183
bird1,0,54,0.001,-1.7520461736227162,1,1
bird1,0,54,0.01,-1.7520461367380797,1,1
bird1,0,54,0.1,-1.7520457682844623,1,1
bird1,1,54,0.001,-0.750301774129291,8,8
bird1,1,54,0.01,-0.7503039055435431,8,8
bird1,1,54,0.1,-0.7503263076611268,8,8
bird1,2,54,0.001,-0.7031765024844538,56,34
bird1,2,54,0.01,-0.7019153548145171,56,34
bird1,2,54,0.1,-0.7010825386134204,56,34
bird1,3,54,0.001,-0.6954022787783566,392,75
bird1,3,54,0.01,-0.6921366657325031,392,75
bird1,3,54,0.1,-0.6900572457394897,392,75
bird1,4,54,0.001,-0.6993384642227528,2744,128
bird1,4,54,0.01,-0.6944322302424093,2744,128
bird1,4,54,0.1,-0.6917873108273733,2744,128
bird1,5,54,0.001,-0.7098735171675975,19208,190
bird1,5,54,0.01,-0.702871793350407,19208,190
bird1,5,54,0.1,-0.6990355383555087,19208,190
bird1,0,55,0.001,-1.7353609116748865,1,1
bird1,0,55,0.01,-1.7353609787465951,1,1
bird1,0,55,0.1,-1.7353616496992568,1,1
bird1,1,55,0.001,-0.757822413163186,8,8
bird1,1,55,0.01,-0.7578231985261416,8,8
bird1,1,55,0.1,-0.7578325142588145,8,8
bird1,2,55,0.001,-0.7098176254127453,56,36
bird1,2,55,0.01,-0.7076897913049189,56,36
bird1,2,55,0.1,-0.706033655809118,56,36
bird1,3,55,0.001,-0.6994688596925015,392,75
bird1,3,55,0.01,-0.6948515177840386,392,75
bird1,3,55,0.1,-0.6915902667383724,392,75
bird1,4,55,0.001,-0.7070371558511178,2744,133
bird1,4,55,0.01,-0.7009541446576218,2744,133
bird1,4,55,0.1,-0.697237820697902,2744,133
bird1,5,55,0.001,-0.7180211718207807,19208,202
bird1,5,55,0.01,-0.708814892181419,19208,202
bird1,5,55,0.1,-0.7030496683262405,19208,202
bird1,0,56,0.001,-1.7556537193022885,1,1
bird1,0,56,0.01,-1.7556536063401043,1,1
bird1,0,56,0.1,-1.7556524772841788,1,1
bird1,1,56,0.001,-0.7542491014918149,8,8
bird1,1,56,0.01,-0.75425042465667,8,8
bird1,1,56,0.1,-0.7542648281059722,8,8
bird1,2,56,0.001,-0.7072366297255864,56,35
bird1,2,56,0.01,-0.7059108117209671,56,35
bird1,2,56,0.1,-0.7050534458848651,56,35
bird1,3,56,0.001,-0.6968669215876854,392,79
bird1,3,56,0.01,-0.6941262019741412,392,79
bird1,3,56,0.1,-0.6925943502508699,392,79
bird1,4,56,0.001,-0.7069205097740636,2744,134
bird1,4,56,0.01,-0.7017074007730735,2744,134
bird1,4,56,0.1,-0.6988387909343927,2744,134
bird1,5,56,0.001,-0.7279312153320121,19208,203
bird1,5,56,0.01,-0.7167384590635799,19208,203
bird1,5,56,0.1,-0.7099634972692361,19208,203
bird1,0,57,0.001,-1.735952858643612,1,1
bird1,0,57,0.01,-1.7359528789451057,1,1
bird1,0,57,0.1,-1.73595308230111,1,1
bird1,1,57,0.001,-0.7500041349457676,8,8
bird1,1,57,0.01,-0.7495748832860677,8,8
bird1,1,57,0.1,-0.7491837989249374,8,8
bird1,2,57,0.001,-0.7037158404499873,56,33
bird1,2,57,0.01,-0.7019388207699054,56,33
bird1,2,57,0.1,-0.7004670944972557,56,33
bird1,3,57,0.001,-0.6889055527222587,392,71
bird1,3,57,0.01,-0.6871203635924045,392,71
bird1,3,57,0.1,-0.6862099578346665,392,71
bird1,4,57,0.001,-0.6916256527142912,2744,120
bird1,4,57,0.01,-0.6879191965949827,2744,120
bird1,4,57,0.1,-0.685980693899388,2744,120
bird1,5,57,0.001,-0.7004079318882396,19208,181
bird1,5,57,0.01,-0.693886609484611,19208,181
bird1,5,57,0.1,-0.690488689351912,19208,181
bird1,0,58,0.001,-1.742653693707814,1,1
bird1,0,58,0.01,-1.742653672795304,1,1
bird1,0,58,0.1,-1.7426534640519264,1,1
bird1,1,58,0.001,-0.7464552464941793,8,8
bird1,1,58,0.01,-0.746457316565604,8,8
bird1,1,58,0.1,-0.7464791849329724,8,8
bird1,2,58,0.001,-0.7034790891932541,56,35
bird1,2,58,0.01,-0.7023693761238754,56,35
bird1,2,58,0.1,-0.7015858169924892,56,35
bird1,3,58,0.001,-0.6838035747674038,392,76
bird1,3,58,0.01,-0.6827743764631354,392,76
bird1,3,58,0.1,-0.6830557632367247,392,76
bird1,4,58,0.001,-0.701194926331851,2744,127
bird1,4,58,0.01,-0.6932208647999755,2744,127
bird1,4,58,0.1,-0.6888180680377209,2744,127
bird1,5,58,0.001,-0.7041111350484899,19208,182
bird1,5,58,0.01,-0.6966331450332578,19208,182
bird1,5,58,0.1,-0.6935400134257731,19208,182
bird1,0,59,0.001,-1.7324511628357286,1,1
bird1,0,59,0.01,-1.732451170341082,1,1
bird1,0,59,0.1,-1.7324512458254686,1,1
bird1,1,59,0.001,-0.7597618262079147,8,8
bird1,1,59,0.01,-0.7591778053932678,8,8
bird1,1,59,0.1,-0.7586233699902631,8,8
bird1,2,59,0.001,-0.7148686959751945,56,36
bird1,2,59,0.01,-0.7128653769676359,56,36
bird1,2,59,0.1,-0.7112118254311497,56,36
bird1,3,59,0.001,-0.7002457899375762,392,80
bird1,3,59,0.01,-0.6980153451494246,392,80
bird1,3,59,0.1,-0.6966822026284135,392,80
bird1,4,59,0.001,-0.7033190346054391,2744,138
bird1,4,59,0.01,-0.6997753660580478,2744,138
bird1,4,59,0.1,-0.697907556664284,2744,138
bird1,5,59,0.001,-0.7126432399730426,19208,199
bird1,5,59,0.01,-0.7065520419302683,19208,199
bird1,5,59,0.1,-0.7030289952569694,19208,199
bird1,0,60,0.001,-1.7695394826243183,1,1
bird1,0,60,0.01,-1.7695392170386508,1,1
bird1,0,60,0.1,-1.7695365621144399,1,1
bird1,1,60,0.001,-0.7448961816481482,8,8
bird1,1,60,0.01,-0.7447053019530817,8,8
bird1,1,60,0.1,-0.7445545219524489,8,8
bird1,2,60,0.001,-0.706078308123359,56,36
bird1,2,60,0.01,-0.704280678877382,56,36
bird1,2,60,0.1,-0.7028998884493122,56,36
bird1,3,60,0.001,-0.6956348195479148,392,77
bird1,3,60,0.01,-0.6932065035866304,392,77
bird1,3,60,0.1,-0.6919475499251574,392,77
bird1,4,60,0.001,-0.699501707541903,2744,131
bird1,4,60,0.01,-0.6948801670324037,2744,131
bird1,4,60,0.1,-0.6924049443000228,2744,131
bird1,5,60,0.001,-0.7089854299427456,19208,195
bird1,5,60,0.01,-0.7029153184968995,19208,195
bird1,5,60,0.1,-0.7001872989445408,19208,195
bird1,0,61,0.001,-1.7258198661640451,1,1
bird1,0,61,0.01,-1.725819915365952,1,1
bird1,0,61,0.1,-1.7258204077181478,1,1
bird1,1,61,0.001,-0.7547881010747295,8,8
bird1,1,61,0.01,-0.7543785223863845,8,8
bird1,1,61,0.1,-0.7539595293001062,8,8
bird1,2,61,0.001,-0.7112634472428832,56,38
bird1,2,61,0.01,-0.7096196990094179,56,38
bird1,2,61,0.1,-0.708469544474705,56,38
bird1,3,61,0.001,-0.7007832195955636,392,82
bird1,3,61,0.01,-0.6972168031104602,392,82
bird1,3,61,0.1,-0.6952195523853347,392,82
bird1,4,61,0.001,-0.7072844717810345,2744,136
bird1,4,61,0.01,-0.7018737917971801,2744,136
bird1,4,61,0.1,-0.6990179041806596,2744,136
bird1,5,61,0.001,-0.7214897859676926,19208,201
bird1,5,61,0.01,-0.7133974694188098,19208,201
bird1,5,61,0.1,-0.7093250802220387,19208,201
bird1,0,62,0.001,-1.7307751089628016,1,1
bird1,0,62,0.01,-1.7307751487848761,1,1
bird1,0,62,0.1,-1.7307755473254374,1,1
bird1,1,62,0.001,-0.7452639458134037,8,8
bird1,1,62,0.01,-0.7452680067560912,8,8
bird1,1,62,0.1,-0.7453088092867646,8,8
bird1,2,62,0.001,-0.7013664244394531,56,32
bird1,2,62,0.01,-0.7004744095943931,56,32
bird1,2,62,0.1,-0.6998783240477937,56,32
bird1,3,62,0.001,-0.6875809623158682,392,74
bird1,3,62,0.01,-0.6862534821159094,392,74
bird1,3,62,0.1,-0.685897060510338,392,74
bird1,4,62,0.001,-0.6872489107928422,2744,122
bird1,4,62,0.01,-0.684999662789266,2744,122
bird1,4,62,0.1,-0.6847459795775225,2744,122
bird1,5,62,0.001,-0.6999296306317094,19208,186
bird1,5,62,0.01,-0.6933527087365716,19208,186
bird1,5,62,0.1,-0.6906792108455574,19208,186
bird1,0,63,0.001,-1.7282952116364179,1,1
bird1,0,63,0.01,-1.7282952365156998,1,1
bird1,0,63,0.1,-1.7282954856533093,1,1
bird1,1,63,0.001,-0.758560731258225,8,8
bird1,1,63,0.01,-0.7574810202493316,8,8
bird1,1,63,0.1,-0.756426891178455,8,8
bird1,2,63,0.001,-0.7152685326899614,56,36
bird1,2,63,0.01,-0.7137249465760951,56,36
bird1,2,63,0.1,-0.7125395749833192,56,36
bird1,3,63,0.001,-0.708414263772987,392,78
bird1,3,63,0.01,-0.7042706026782152,392,78
bird1,3,63,0.1,-0.7011612543717308,392,78
bird1,4,63,0.001,-0.7202345168790264,2744,134
bird1,4,63,0.01,-0.7126313430062112,2744,134
bird1,4,63,0.1,-0.7072067965597503,2744,134
bird1,5,63,0.001,-0.7314518369148276,19208,196
bird1,5,63,0.01,-0.7225713378792217,19208,196
bird1,5,63,0.1,-0.7166157222871183,19208,196
bird1,0,64,0.001,-1.740417699612008,1,1
bird1,0,64,0.01,-1.7404177197992352,1,1
bird1,0,64,0.1,-1.7404179219796,1,1
bird1,1,64,0.001,-0.7567521527782597,8,8
bird1,1,64,0.01,-0.756543181263396,8,8
bird1,1,64,0.1,-0.7563481787917963,8,8
bird1,2,64,0.001,-0.7104099203498665,56,35
bird1,2,64,0.01,-0.7089153286407897,56,35
bird1,2,64,0.1,-0.7078205439527528,56,35
bird1,3,64,0.001,-0.6972661789671586,392,74
bird1,3,64,0.01,-0.6946445021019051,392,74
bird1,3,64,0.1,-0.6931058969356482,392,74
bird1,4,64,0.001,-0.7021346925839401,2744,123
bird1,4,64,0.01,-0.6981132519845551,2744,123
bird1,4,64,0.1,-0.6961111944571045,2744,123
bird1,5,64,0.001,-0.7059600339386272,19208,178
bird1,5,64,0.01,-0.7003769382288808,19208,178
bird1,5,64,0.1,-0.6977223882778831,19208,178
bird1,0,65,0.001,-1.746251286378694,1,1
bird1,0,65,0.01,-1.7462511733115416,1,1
bird1,0,65,0.1,-1.7462500432578136,1,1
bird1,1,65,0.001,-0.7549776755402443,8,8
bird1,1,65,0.01,-0.7549770002620553,8,8
bird1,1,65,0.1,-0.7549728699772785,8,8
bird1,2,65,0.001,-0.7193849717781126,56,36
bird1,2,65,0.01,-0.7160565689353509,56,36
bird1,2,65,0.1,-0.7132652076404487,56,36
bird1,3,65,0.001,-0.7143094138157037,392,77
bird1,3,65,0.01,-0.707878354542038,392,77
bird1,3,65,0.1,-0.7028238416199543,392,77
bird1,4,65,0.001,-0.7177081615359268,2744,137
bird1,4,65,0.01,-0.7116515069178498,2744,137
bird1,4,65,0.1,-0.7079301078670226,2744,137
bird1,5,65,0.001,-0.7483831185778738,19208,207
bird1,5,65,0.01,-0.7339770218184424,19208,207
bird1,5,65,0.1,-0.7245478932739408,19208,207
bird1,0,66,0.001,-1.7267641149851864,1,1
bird1,0,66,0.01,-1.726764239581793,1,1
bird1,0,66,0.1,-1.7267654857288615,1,1
bird1,1,66,0.001,-0.7554034695946713,8,8
bird1,1,66,0.01,-0.7554055108082863,8,8
bird1,1,66,0.1,-0.7554269375794556,8,8
bird1,2,66,0.001,-0.711063867880531,56,33
bird1,2,66,0.01,-0.7097759516917701,56,33
bird1,2,66,0.1,-0.708870678308078,56,33
bird1,3,66,0.001,-0.7034145427319215,392,70
bird1,3,66,0.01,-0.7000739511745105,392,70
bird1,3,66,0.1,-0.6977671316813487,392,70
bird1,4,66,0.001,-0.7063715790905774,2744,124
bird1,4,66,0.01,-0.7020301275193561,2744,124
bird1,4,66,0.1,-0.6994453925762784,2744,124
bird1,5,66,0.001,-0.7154737930685383,19208,191
bird1,5,66,0.01,-0.7071445007918,19208,191
bird1,5,66,0.1,-0.7021827066496992,19208,191
bird1,0,67,0.001,-1.7205992618941812,1,1
bird1,0,67,0.01,-1.7205993755360949,1,1
bird1,0,67,0.1,-1.7206005121736436,1,1
bird1,1,67,0.001,-0.7570107081508677,8,8
bird1,1,67,0.01,-0.7570113587775988,8,8
bird1,1,67,0.1,-0.7570196086381874,8,8
bird1,2,67,0.001,-0.7147758619473193,56,34
bird1,2,67,0.01,-0.7134659217583663,56,34
bird1,2,67,0.1,-0.7125974171273175,56,34
bird1,3,67,0.001,-0.701700351259469,392,73
bird1,3,67,0.01,-0.6994520713510065,392,73
bird1,3,67,0.1,-0.6982235845745712,392,73
bird1,4,67,0.001,-0.7102176058285828,2744,130
bird1,4,67,0.01,-0.704378877018889,2744,130
bird1,4,67,0.1,-0.7010263550864752,2744,130
bird1,5,67,0.001,-0.7230192665434879,19208,201
bird1,5,67,0.01,-0.7128675660838564,19208,201
bird1,5,67,0.1,-0.7071884836609083,19208,201
bird1,0,68,0.001,-1.7180186077651352,1,1
bird1,0,68,0.01,-1.7180187107831908,1,1
bird1,0,68,0.1,-1.718019741197193,1,1
bird1,1,68,0.001,-0.7521050328862489,8,8
bird1,1,68,0.01,-0.7521080968128655,8,8
bird1,1,68,0.1,-0.7521393134694605,8,8
bird1,2,68,0.001,-0.7095500896174597,56,32
bird1,2,68,0.01,-0.7077028052501395,56,32
bird1,2,68,0.1,-0.7061856071256507,56,32
bird1,3,68,0.001,-0.6930300640104095,392,73
bird1,3,68,0.01,-0.6914315003478795,392,73
bird1,3,68,0.1,-0.6908178670943319,392,73
bird1,4,68,0.001,-0.6992470738474149,2744,126
bird1,4,68,0.01,-0.6949280793519994,2744,126
bird1,4,68,0.1,-0.692726013370253,2744,126
bird1,5,68,0.001,-0.705161058429573,19208,185
bird1,5,68,0.01,-0.6991684281452402,19208,185
bird1,5,68,0.1,-0.6964675508308532,19208,185
bird1,0,69,0.001,-1.7376884099304755,1,1
bird1,0,69,0.01,-1.7376884616136163,1,1
bird1,0,69,0.1,-1.737688978721926,1,1
bird1,1,69,0.001,-0.7478526225127687,8,8
bird1,1,69,0.01,-0.7478532407673887,8,8
bird1,1,69,0.1,-0.7478610171615795,8,8
bird1,2,69,0.001,-0.7004704018581928,56,35
bird1,2,69,0.01,-0.6986665073451951,56,35
bird1,2,69,0.1,-0.6973436048054414,56,35
bird1,3,69,0.001,-0.6873020664385655,392,73
bird1,3,69,0.01,-0.6842575900730283,392,73
bird1,3,69,0.1,-0.6821327217081785,392,73
bird1,4,69,0.001,-0.6863625212477014,2744,118
bird1,4,69,0.01,-0.6832674759393256,2744,118
bird1,4,69,0.1,-0.681689926596788,2744,118
bird1,5,69,0.001,-0.695342532019986,19208,170
bird1,5,69,0.01,-0.6898290487760234,19208,170
bird1,5,69,0.1,-0.6866874565394337,19208,170
bird1,0,70,0.001,-1.7464450342343256,1,1
bird1,0,70,0.01,-1.746444991609822,1,1
bird1,0,70,0.1,-1.746444565811656,1,1
bird1,1,70,0.001,-0.7487382047696544,8,8
bird1,1,70,0.01,-0.7487432307681094,8,8
bird1,1,70,0.1,-0.748793649608651,8,8
bird1,2,70,0.001,-0.7011627460118722,56,31
bird1,2,70,0.01,-0.7003316282826195,56,31
bird1,2,70,0.1,-0.6997639980617394,56,31
bird1,3,70,0.001,-0.6870670940281368,392,73
bird1,3,70,0.01,-0.6852090654039176,392,73
bird1,3,70,0.1,-0.684661298868434,392,73
bird1,4,70,0.001,-0.6929074697236847,2744,128
bird1,4,70,0.01,-0.6890099871865325,2744,128
bird1,4,70,0.1,-0.6874877666291598,2744,128
bird1,5,70,0.001,-0.7056309120076153,19208,189
bird1,5,70,0.01,-0.6983305914915521,19208,189
bird1,5,70,0.1,-0.6947807972249799,19208,189
bird1,0,71,0.001,-1.7401525245383413,1,1
bird1,0,71,0.01,-1.7401524628446636,1,1
bird1,0,71,0.1,-1.740151846413483,1,1
bird1,1,71,0.001,-0.7534509665372358,8,8
bird1,1,71,0.01,-0.7523827018842513,8,8
bird1,1,71,0.1,-0.751329633125829,8,8
bird1,2,71,0.001,-0.7103246399898248,56,37
bird1,2,71,0.01,-0.707932914712947,56,37
bird1,2,71,0.1,-0.7061114419279735,56,37
bird1,3,71,0.001,-0.6958380398941649,392,75
bird1,3,71,0.01,-0.6927101650404321,392,75
bird1,3,71,0.1,-0.6906814218086001,392,75
bird1,4,71,0.001,-0.7003233109053238,2744,120
bird1,4,71,0.01,-0.6952446012113682,2744,120
bird1,4,71,0.1,-0.6921610944298572,2744,120
bird1,5,71,0.001,-0.7122974504425632,19208,175
bird1,5,71,0.01,-0.70410412649304,19208,175
bird1,5,71,0.1,-0.6990494272002947,19208,175
bird1,0,72,0.001,-1.7228922846791688,1,1
bird1,0,72,0.01,-1.7228923623785315,1,1
bird1,0,72,0.1,-1.7228931396387182,1,1
bird1,1,72,0.001,-0.7550768358711892,8,8
bird1,1,72,0.01,-0.754869875456918,8,8
bird1,1,72,0.1,-0.7546784939528332,8,8
bird1,2,72,0.001,-0.7098179115296048,56,33
bird1,2,72,0.01,-0.7087712082680238,56,33
bird1,2,72,0.1,-0.7080806486288906,56,33
bird1,3,72,0.001,-0.6999667420468461,392,71
bird1,3,72,0.01,-0.6973882009013987,392,71
bird1,3,72,0.1,-0.6959116730702828,392,71
bird1,4,72,0.001,-0.7007221444905769,2744,123
bird1,4,72,0.01,-0.69790695652294,2744,123
bird1,4,72,0.1,-0.697006122796494,2744,123
bird1,5,72,0.001,-0.7111740539387259,19208,182
bird1,5,72,0.01,-0.7043260448812232,19208,182
bird1,5,72,0.1,-0.7011548106836902,19208,182
bird1,0,73,0.001,-1.7245690549026462,1,1
bird1,0,73,0.01,-1.7245691090220487,1,1
bird1,0,73,0.1,-1.7245696505399608,1,1
bird1,1,73,0.001,-0.7507045926561134,8,8
bird1,1,73,0.01,-0.7505018022948781,8,8
bird1,1,73,0.1,-0.7503367588105829,8,8
bird1,2,73,0.001,-0.7060426582420951,56,33
bird1,2,73,0.01,-0.7041428173397684,56,33
bird1,2,73,0.1,-0.7026113264865256,56,33
bird1,3,73,0.001,-0.6905056818453699,392,68
bird1,3,73,0.01,-0.687907014031586,392,68
bird1,3,73,0.1,-0.6861572646842943,392,68
bird1,4,73,0.001,-0.6935415966727506,2744,115
bird1,4,73,0.01,-0.6897607906505819,2744,115
bird1,4,73,0.1,-0.6874417230808835,2744,115
bird1,5,73,0.001,-0.6996147459741606,19208,169
bird1,5,73,0.01,-0.6946054060157512,19208,169
bird1,5,73,0.1,-0.6923130995000887,19208,169
bird1,0,74,0.001,-1.7277548855035987,1,1
bird1,0,74,0.01,-1.7277549559668761,1,1
bird1,0,74,0.1,-1.727755660872652,1,1
bird1,1,74,0.001,-0.7521138839486847,8,8
bird1,1,74,0.01,-0.7514919892512489,8,8
bird1,1,74,0.1,-0.7508971497511098,8,8
bird1,2,74,0.001,-0.7040591290852479,56,35
bird1,2,74,0.01,-0.7025892696005045,56,35
bird1,2,74,0.1,-0.7015317177003195,56,35
bird1,3,74,0.001,-0.6853525629492956,392,75
bird1,3,74,0.01,-0.6843412864839896,392,75
bird1,3,74,0.1,-0.684263866332679,392,75
bird1,4,74,0.001,-0.688215795134256,2744,123
bird1,4,74,0.01,-0.6843068996295154,2744,123
bird1,4,74,0.1,-0.682645186089437,2744,123
bird1,5,74,0.001,-0.6962417994209469,19208,180
bird1,5,74,0.01,-0.6903488769081337,19208,180
bird1,5,74,0.1,-0.6879262367888989,19208,180
bird1,0,75,0.001,-1.7374773909984815,1,1
bird1,0,75,0.01,-1.7374774182638155,1,1
bird1,0,75,0.1,-1.7374776912489347,1,1
bird1,1,75,0.001,-0.7514483377542736,8,8
bird1,1,75,0.01,-0.7512434346486625,8,8
bird1,1,75,0.1,-0.7510637051626826,8,8
bird1,2,75,0.001,-0.7157513250540226,56,34
bird1,2,75,0.01,-0.7136078369033284,56,34
bird1,2,75,0.1,-0.7118190264213778,56,34
bird1,3,75,0.001,-0.700551287282357,392,78
bird1,3,75,0.01,-0.6975053199719843,392,78
bird1,3,75,0.1,-0.6955396636608473,392,78
bird1,4,75,0.001,-0.7125323275456367,2744,137
bird1,4,75,0.01,-0.7069123787832932,2744,137
bird1,4,75,0.1,-0.703359760671201,2744,137
bird1,5,75,0.001,-0.7331146600621017,19208,207
bird1,5,75,0.01,-0.7215915538531913,19208,207
bird1,5,75,0.1,-0.7138985720120506,19208,207
bird1,0,76,0.001,-1.7320044666912136,1,1
bird1,0,76,0.01,-1.7320045318771156,1,1
bird1,0,76,0.1,-1.7320051839912824,1,1
bird1,1,76,0.001,-0.7533642239441537,8,8
bird1,1,76,0.01,-0.7533687328514177,8,8
bird1,1,76,0.1,-0.7534143030333635,8,8
bird1,2,76,0.001,-0.7093329770490248,56,30
bird1,2,76,0.01,-0.7080294086923048,56,30
bird1,2,76,0.1,-0.7070054295341546,56,30
bird1,3,76,0.001,-0.6957348180836457,392,67
bird1,3,76,0.01,-0.6948986873021554,392,67
bird1,3,76,0.1,-0.6948217936115616,392,67
bird1,4,76,0.001,-0.7091116522124817,2744,114
bird1,4,76,0.01,-0.7026936698733561,2744,114
bird1,4,76,0.1,-0.6986004040979955,2744,114
bird1,5,76,0.001,-0.7119725746539858,19208,174
bird1,5,76,0.01,-0.705343337465006,19208,174
bird1,5,76,0.1,-0.7017887656483004,19208,174
bird1,0,77,0.001,-1.7298040147207374,1,1
bird1,0,77,0.01,-1.7298040959539698,1,1
bird1,0,77,0.1,-1.7298049085319964,1,1
bird1,1,77,0.001,-0.7535615611735469,8,8
bird1,1,77,0.01,-0.7535634059809235,8,8
bird1,1,77,0.1,-0.7535828025483551,8,8
bird1,2,77,0.001,-0.713662448872183,56,31
bird1,2,77,0.01,-0.7124518330432258,56,31
bird1,2,77,0.1,-0.7115714150516386,56,31
bird1,3,77,0.001,-0.6988113311864362,392,73
bird1,3,77,0.01,-0.6961684775485558,392,73
bird1,3,77,0.1,-0.6948001233467865,392,73
bird1,4,77,0.001,-0.7016593066716582,2744,128
bird1,4,77,0.01,-0.6983486554299986,2744,128
bird1,4,77,0.1,-0.6972349312016154,2744,128
bird1,5,77,0.001,-0.7116981743819246,19208,194
bird1,5,77,0.01,-0.7047188071787319,19208,194
bird1,5,77,0.1,-0.7016294401867174,19208,194
bird1,0,78,0.001,-1.732942721161043,1,1
bird1,0,78,0.01,-1.7329427102903743,1,1
bird1,0,78,0.1,-1.7329426020257659,1,1
bird1,1,78,0.001,-0.7497153005635415,8,8
bird1,1,78,0.01,-0.7494901061029042,8,8
bird1,1,78,0.1,-0.7492671339842604,8,8
bird1,2,78,0.001,-0.7044404527808038,56,38
bird1,2,78,0.01,-0.7021460411739244,56,38
bird1,2,78,0.1,-0.7003784809465082,56,38
bird1,3,78,0.001,-0.6905699744469885,392,75
bird1,3,78,0.01,-0.6870314922140859,392,75
bird1,3,78,0.1,-0.6846816908530727,392,75
bird1,4,78,0.001,-0.6951699737137267,2744,122
bird1,4,78,0.01,-0.6905024166929836,2744,122
bird1,4,78,0.1,-0.6873919830707693,2744,122
bird1,5,78,0.001,-0.7057382977767895,19208,173
bird1,5,78,0.01,-0.7009261597675318,19208,173
bird1,5,78,0.1,-0.6983299435806746,19208,173
bird1,0,79,0.001,-1.7322585395007581,1,1
bird1,0,79,0.01,-1.7322586088902554,1,1
bird1,0,79,0.1,-1.7322593030467566,1,1
bird1,1,79,0.001,-0.7534949388162796,8,8
bird1,1,79,0.01,-0.7530787243051369,8,8
bird1,1,79,0.1,-0.7526997065791395,8,8
bird1,2,79,0.001,-0.7084748780994342,56,32
bird1,2,79,0.01,-0.7069762880811603,56,32
bird1,2,79,0.1,-0.7058180974469048,56,32
bird1,3,79,0.001,-0.6976726623369652,392,65
bird1,3,79,0.01,-0.6957022685204772,392,65
bird1,3,79,0.1,-0.6945645829791047,392,65
bird1,4,79,0.001,-0.6968113615460637,2744,113
bird1,4,79,0.01,-0.6941592958331974,2744,113
bird1,4,79,0.1,-0.6932602372268847,2744,113
bird1,5,79,0.001,-0.7045534670084613,19208,170
bird1,5,79,0.01,-0.6989766926581814,19208,170
bird1,5,79,0.1,-0.6965694045071439,19208,170
bird1,0,80,0.001,-1.7477036192174091,1,1
bird1,0,80,0.01,-1.7477035163354275,1,1
bird1,0,80,0.1,-1.747702488077232,1,1
bird1,1,80,0.001,-0.7536015158389036,8,8
bird1,1,80,0.01,-0.7534008488689704,8,8
bird1,1,80,0.1,-0.7531977935893054,8,8
bird1,2,80,0.001,-0.7101491748024577,56,37
bird1,2,80,0.01,-0.7079387975830714,56,37
bird1,2,80,0.1,-0.7063657270579151,56,37
bird1,3,80,0.001,-0.7002518624890929,392,77
bird1,3,80,0.01,-0.6964999509616451,392,77
bird1,3,80,0.1,-0.6941020722663009,392,77
bird1,4,80,0.001,-0.7119511886119059,2744,133
bird1,4,80,0.01,-0.7043760810011205,2744,133
bird1,4,80,0.1,-0.6993485711220068,2744,133
bird1,5,80,0.001,-0.7323718749779909,19208,205
bird1,5,80,0.01,-0.7223055814072612,19208,205
bird1,5,80,0.1,-0.7161653790044396,19208,205
bird1,0,81,0.001,-1.7455400631998748,1,1
bird1,0,81,0.01,-1.7455399740705615,1,1
bird1,0,81,0.1,-1.745539083314104,1,1
bird1,1,81,0.001,-0.7475098397080466,8,8
bird1,1,81,0.01,-0.7470857804019468,8,8
bird1,1,81,0.1,-0.7466991856838944,8,8
bird1,2,81,0.001,-0.7031211991560776,56,32
bird1,2,81,0.01,-0.7026996992779407,56,32
bird1,2,81,0.1,-0.7025359463223317,56,32
bird1,3,81,0.001,-0.6873213052564013,392,71
bird1,3,81,0.01,-0.6853617942450139,392,71
bird1,3,81,0.1,-0.6845851808527572,392,71
bird1,4,81,0.001,-0.6930967356910781,2744,122
bird1,4,81,0.01,-0.6882742435039448,2744,122
bird1,4,81,0.1,-0.6856569094475712,2744,122
bird1,5,81,0.001,-0.7065641554335388,19208,191
bird1,5,81,0.01,-0.699415523851946,19208,191
bird1,5,81,0.1,-0.6958345197652126,19208,191
bird1,0,82,0.001,-1.7357468760527577,1,1
bird1,0,82,0.01,-1.7357469191307409,1,1
bird1,0,82,0.1,-1.735747350191204,1,1
bird1,1,82,0.001,-0.7486655555980073,8,8
bird1,1,82,0.01,-0.7486673851558361,8,8
bird1,1,82,0.1,-0.7486868201415041,8,8
bird1,2,82,0.001,-0.7037909970788168,56,34
bird1,2,82,0.01,-0.7019491311800214,56,34
bird1,2,82,0.1,-0.7005915748858759,56,34
bird1,3,82,0.001,-0.6959208597675098,392,68
bird1,3,82,0.01,-0.693320067457279,392,68
bird1,3,82,0.1,-0.6917458478996978,392,68
bird1,4,82,0.001,-0.6987190136188254,2744,112
bird1,4,82,0.01,-0.6940245967857409,2744,112
bird1,4,82,0.1,-0.6910472536609101,2744,112
bird1,5,82,0.001,-0.7093572603286904,19208,173
bird1,5,82,0.01,-0.7008278705100667,19208,173
bird1,5,82,0.1,-0.6952874389501092,19208,173
bird1,0,83,0.001,-1.7333982446316083,1,1
bird1,0,83,0.01,-1.7333982763752196,1,1
bird1,0,83,0.1,-1.7333985941273642,1,1
bird1,1,83,0.001,-0.7557810127177317,8,8
bird1,1,83,0.01,-0.7555850806513168,8,8
bird1,1,83,0.1,-0.7554157855137785,8,8
bird1,2,83,0.001,-0.7111102096635211,56,35
bird1,2,83,0.01,-0.7094885527016004,56,35
bird1,2,83,0.1,-0.7082213032601447,56,35
bird1,3,83,0.001,-0.7017814144792145,392,76
bird1,3,83,0.01,-0.6978686371720868,392,76
bird1,3,83,0.1,-0.6953969569379088,392,76
bird1,4,83,0.001,-0.7062009957795966,2744,127
bird1,4,83,0.01,-0.7002670009191878,2744,127
bird1,4,83,0.1,-0.6968362523168111,2744,127
bird1,5,83,0.001,-0.7219629181707689,19208,195
bird1,5,83,0.01,-0.7111025451215407,19208,195
bird1,5,83,0.1,-0.7044755411639843,19208,195
bird1,0,84,0.001,-1.7381947280518404,1,1
bird1,0,84,0.01,-1.738194715406398,1,1
bird1,0,84,0.1,-1.738194589361379,1,1
bird1,1,84,0.001,-0.7520025287906859,8,8
bird1,1,84,0.01,-0.7520054139940485,8,8
bird1,1,84,0.1,-0.7520351672207423,8,8
bird1,2,84,0.001,-0.7139082668238764,56,32
bird1,2,84,0.01,-0.712111054505118,56,32
bird1,2,84,0.1,-0.7106852155772745,56,32
bird1,3,84,0.001,-0.6995846411262645,392,73
bird1,3,84,0.01,-0.6967647153760169,392,73
bird1,3,84,0.1,-0.6951379371924579,392,73
bird1,4,84,0.001,-0.7097011059551589,2744,125
bird1,4,84,0.01,-0.7027827854271527,2744,125
bird1,4,84,0.1,-0.6985258298838289,2744,125
bird1,5,84,0.001,-0.7171239627134588,19208,191
bird1,5,84,0.01,-0.7095241690489948,19208,191
bird1,5,84,0.1,-0.7054181559653238,19208,191
bird1,0,85,0.001,-1.726457200067395,1,1
bird1,0,85,0.01,-1.7264573091984334,1,1
bird1,0,85,0.1,-1.7264584007013875,1,1
bird1,1,85,0.001,-0.7509874800027251,8,8
bird1,1,85,0.01,-0.7507855217902275,8,8
bird1,1,85,0.1,-0.7506111160078348,8,8
bird1,2,85,0.001,-0.7025961618661376,56,32
bird1,2,85,0.01,-0.7015684669291277,56,32
bird1,2,85,0.1,-0.700900462044795,56,32
bird1,3,85,0.001,-0.6892622560598114,392,68
bird1,3,85,0.01,-0.6864912388518376,392,68
bird1,3,85,0.1,-0.6846939191549147,392,68
bird1,4,85,0.001,-0.6939412731666678,2744,114
bird1,4,85,0.01,-0.6886414814478694,2744,114
bird1,4,85,0.1,-0.6852222253099113,2744,114
bird1,5,85,0.001,-0.7055119126002332,19208,178
bird1,5,85,0.01,-0.6977498920288446,19208,178
bird1,5,85,0.1,-0.6931589103402664,19208,178
bird1,0,86,0.001,-1.7318255411026349,1,1
bird1,0,86,0.01,-1.7318255790052652,1,1
bird1,0,86,0.1,-1.7318259583638713,1,1
bird1,1,86,0.001,-0.7541486435172086,8,8
bird1,1,86,0.01,-0.7537351520163454,8,8
bird1,1,86,0.1,-0.7533435531783458,8,8
bird1,2,86,0.001,-0.7098676157801055,56,38
bird1,2,86,0.01,-0.7090530064683361,56,38
bird1,2,86,0.1,-0.7086910114869861,56,38
bird1,3,86,0.001,-0.6998862459576649,392,75
bird1,3,86,0.01,-0.6984154667528568,392,75
bird1,3,86,0.1,-0.6978351115811448,392,75
bird1,4,86,0.001,-0.6976491417125631,2744,123
bird1,4,86,0.01,-0.6960027694247674,2744,123
bird1,4,86,0.1,-0.6962098073113931,2744,123
bird1,5,86,0.001,-0.7108361057039974,19208,185
bird1,5,86,0.01,-0.7049272740462416,19208,185
bird1,5,86,0.1,-0.702538102874208,19208,185
bird1,0,87,0.001,-1.7441374475771703,1,1
bird1,0,87,0.01,-1.7441373464118395,1,1
bird1,0,87,0.1,-1.7441363353722936,1,1
bird1,1,87,0.001,-0.7473511047598664,8,8
bird1,1,87,0.01,-0.7462850138214617,8,8
bird1,1,87,0.1,-0.7452551566799704,8,8
bird1,2,87,0.001,-0.7039721886986114,56,36
bird1,2,87,0.01,-0.7017743143594923,56,36
bird1,2,87,0.1,-0.6999480249294143,56,36
bird1,3,87,0.001,-0.6926083368124688,392,73
bird1,3,87,0.01,-0.689914510812965,392,73
bird1,3,87,0.1,-0.6880883845808098,392,73
bird1,4,87,0.001,-0.6855643258459329,2744,121
bird1,4,87,0.01,-0.6837975191269383,2744,121
bird1,4,87,0.1,-0.6834905260298932,2744,121
bird1,5,87,0.001,-0.6901054215986168,19208,171
bird1,5,87,0.01,-0.6868378138248322,19208,171
bird1,5,87,0.1,-0.6859491023997403,19208,171
bird1,0,88,0.001,-1.7503645157127972,1,1
bird1,0,88,0.01,-1.7503644568353773,1,1
bird1,0,88,0.1,-1.7503638684966283,1,1
bird1,1,88,0.001,-0.7566779125775311,8,8
bird1,1,88,0.01,-0.7566804273134405,8,8
bird1,1,88,0.1,-0.7567059613821738,8,8
bird1,2,88,0.001,-0.7119556887819634,56,32
bird1,2,88,0.01,-0.7104710494233981,56,32
bird1,2,88,0.1,-0.7093640706889888,56,32
bird1,3,88,0.001,-0.6986357394939764,392,74
bird1,3,88,0.01,-0.6945198411251284,392,74
bird1,3,88,0.1,-0.6919780429538984,392,74
bird1,4,88,0.001,-0.6984490384888216,2744,124
bird1,4,88,0.01,-0.6933442300642658,2744,124
bird1,4,88,0.1,-0.6908479785356741,2744,124
bird1,5,88,0.001,-0.7092895351421182,19208,185
bird1,5,88,0.01,-0.7014126675671113,19208,185
bird1,5,88,0.1,-0.6974641979791324,19208,185
bird1,0,89,0.001,-1.7150284506574525,1,1
bird1,0,89,0.01,-1.7150285279948285,1,1
bird1,0,89,0.1,-1.7150293016650997,1,1
bird1,1,89,0.001,-0.7475420049754163,8,8
bird1,1,89,0.01,-0.7473210539294192,8,8
bird1,1,89,0.1,-0.7471374412600953,8,8
bird1,2,89,0.001,-0.7054268362457635,56,32
bird1,2,89,0.01,-0.7047495213537269,56,32
bird1,2,89,0.1,-0.7043557032949229,56,32
bird1,3,89,0.001,-0.689110127264729,392,66
bird1,3,89,0.01,-0.6882014848038501,392,66
bird1,3,89,0.1,-0.6879860852919747,392,66
bird1,4,89,0.001,-0.689048480819434,2744,108
bird1,4,89,0.01,-0.6871672558566285,2744,108
bird1,4,89,0.1,-0.6867595666531305,2744,108
bird1,5,89,0.001,-0.6959692484239858,19208,160
bird1,5,89,0.01,-0.6920015834072978,19208,160
bird1,5,89,0.1,-0.690673116569882,19208,160
bird1,0,90,0.001,-1.7374080140109052,1,1
bird1,0,90,0.01,-1.7374080746434655,1,1
bird1,0,90,0.1,-1.7374086812157312,1,1
bird1,1,90,0.001,-0.7569865347886535,8,8
bird1,1,90,0.01,-0.7557231611343722,8,8
bird1,1,90,0.1,-0.7544762194641177,8,8
bird1,2,90,0.001,-0.7083549522104693,56,36
bird1,2,90,0.01,-0.706219175765388,56,36
bird1,2,90,0.1,-0.7045589856063572,56,36
bird1,3,90,0.001,-0.6998294175463263,392,74
bird1,3,90,0.01,-0.6965045245665679,392,74
bird1,3,90,0.1,-0.6940871298592612,392,74
bird1,4,90,0.001,-0.702792249337401,2744,128
bird1,4,90,0.01,-0.698938989280676,2744,128
bird1,4,90,0.1,-0.696626986040199,2744,128
bird1,5,90,0.001,-0.7154976510296764,19208,191
bird1,5,90,0.01,-0.7082085999908053,19208,191
bird1,5,90,0.1,-0.7038057416560624,19208,191
bird1,0,91,0.001,-1.7328956596384575,1,1
bird1,0,91,0.01,-1.7328956295971032,1,1
bird1,0,91,0.1,-1.732895329663304,1,1
bird1,1,91,0.001,-0.7530029916821699,8,8
bird1,1,91,0.01,-0.7526058802226413,8,8
bird1,1,91,0.1,-0.7522369555560849,8,8
bird1,2,91,0.001,-0.7137062863131375,56,35
bird1,2,91,0.01,-0.7110455419693326,56,35
bird1,2,91,0.1,-0.7088261759604821,56,35
bird1,3,91,0.001,-0.7001791518007912,392,76
bird1,3,91,0.01,-0.6964374207838306,392,76
bird1,3,91,0.1,-0.6940095761098668,392,76
bird1,4,91,0.001,-0.7022903786703274,2744,130
bird1,4,91,0.01,-0.6971698827036611,2744,130
bird1,4,91,0.1,-0.6942572252607703,2744,130
bird1,5,91,0.001,-0.7132317550757591,19208,201
bird1,5,91,0.01,-0.7069063715924044,19208,201
bird1,5,91,0.1,-0.7040721562840065,19208,201
bird1,0,92,0.001,-1.7344501621744333,1,1
bird1,0,92,0.01,-1.7344501510035593,1,1
bird1,0,92,0.1,-1.7344500397361566,1,1
bird1,1,92,0.001,-0.7472803726313512,8,8
bird1,1,92,0.01,-0.7470664030701031,8,8
bird1,1,92,0.1,-0.7469006493161017,8,8
bird1,2,92,0.001,-0.7025562778071602,56,31
bird1,2,92,0.01,-0.7025860389518416,56,31
bird1,2,92,0.1,-0.7028823965798429,56,31
bird1,3,92,0.001,-0.6919795246113875,392,65
bird1,3,92,0.01,-0.6890334189091326,392,65
bird1,3,92,0.1,-0.6873385562666038,392,65
bird1,4,92,0.001,-0.6894666877278565,2744,112
bird1,4,92,0.01,-0.6874757137841347,2744,112
bird1,4,92,0.1,-0.6875262212353295,2744,112
bird1,5,92,0.001,-0.708982704801014,19208,170
bird1,5,92,0.01,-0.7000461471495801,19208,170
bird1,5,92,0.1,-0.6948683319738028,19208,170
bird1,0,93,0.001,-1.730606203039614,1,1
bird1,0,93,0.01,-1.7306062580514383,1,1
bird1,0,93,0.1,-1.7306068084410269,1,1
bird1,1,93,0.001,-0.755500723148586,8,8
bird1,1,93,0.01,-0.7555030240967773,8,8
bird1,1,93,0.1,-0.7555269799306017,8,8
bird1,2,93,0.001,-0.7101334999946557,56,31
bird1,2,93,0.01,-0.7086055577398847,56,31
bird1,2,93,0.1,-0.7074745394880355,56,31
bird1,3,93,0.001,-0.6958611006941389,392,68
bird1,3,93,0.01,-0.693635694095531,392,68
bird1,3,93,0.1,-0.69235024100746,392,68
bird1,4,93,0.001,-0.6944063509859149,2744,120
bird1,4,93,0.01,-0.6921824251697315,2744,120
bird1,4,93,0.1,-0.6916092340618087,2744,120
bird1,5,93,0.001,-0.7042821935548034,19208,186
bird1,5,93,0.01,-0.6983103368170432,19208,186
bird1,5,93,0.1,-0.6952159421971363,19208,186
bird1,0,94,0.001,-1.7490457083173045,1,1
bird1,0,94,0.01,-1.7490456912442875,1,1
bird1,0,94,0.1,-1.7490455208644546,1,1
bird1,1,94,0.001,-0.7474216060744041,8,8
bird1,1,94,0.01,-0.7470182118270104,8,8
bird1,1,94,0.1,-0.7466571451757775,8,8
bird1,2,94,0.001,-0.7050591502190263,56,33
bird1,2,94,0.01,-0.703818596764439,56,33
bird1,2,94,0.1,-0.702875206845047,56,33
bird1,3,94,0.001,-0.6947429321621909,392,69
bird1,3,94,0.01,-0.6919698519065984,392,69
bird1,3,94,0.1,-0.6901116521897485,392,69
bird1,4,94,0.001,-0.6914999306308938,2744,121
bird1,4,94,0.01,-0.6889398676231979,2744,121
bird1,4,94,0.1,-0.6880905377956883,2744,121
bird1,5,94,0.001,-0.7069083690277493,19208,183
bird1,5,94,0.01,-0.6987542340666195,19208,183
bird1,5,94,0.1,-0.6944518459406794,19208,183
bird1,0,95,0.001,-1.726689753561894,1,1
bird1,0,95,0.01,-1.7266898516949338,1,1
bird1,0,95,0.1,-1.7266908332615127,1,1
bird1,1,95,0.001,-0.7482702274120995,8,8
bird1,1,95,0.01,-0.7480586534369318,8,8
bird1,1,95,0.1,-0.7478680920001051,8,8
bird1,2,95,0.001,-0.707988819120197,56,36
bird1,2,95,0.01,-0.7055744406942416,56,36
bird1,2,95,0.1,-0.7035490236595046,56,36
bird1,3,95,0.001,-0.6955895936041947,392,71
bird1,3,95,0.01,-0.6928651477250839,392,71
bird1,3,95,0.1,-0.6907905192439338,392,71
bird1,4,95,0.001,-0.7056712124592214,2744,114
bird1,4,95,0.01,-0.7003041334723842,2744,114
bird1,4,95,0.1,-0.6965428693342476,2744,114
bird1,5,95,0.001,-0.7101182487890113,19208,165
bird1,5,95,0.01,-0.7038549652935657,19208,165
bird1,5,95,0.1,-0.7000734989846193,19208,165
bird1,0,96,0.001,-1.7533740458561429,1,1
bird1,0,96,0.01,-1.7533738730402104,1,1
bird1,0,96,0.1,-1.7533721456044704,1,1
bird1,1,96,0.001,-0.7472813734707383,8,8
bird1,1,96,0.01,-0.7470660759364108,8,8
bird1,1,96,0.1,-0.7468887778932791,8,8
bird1,2,96,0.001,-0.7004023067030329,56,34
bird1,2,96,0.01,-0.6992967946519458,56,34
bird1,2,96,0.1,-0.6985834337605409,56,34
bird1,3,96,0.001,-0.6947103373810437,392,69
bird1,3,96,0.01,-0.6910094459734339,392,69
bird1,3,96,0.1,-0.688458407061508,392,69
bird1,4,96,0.001,-0.6951628575157536,2744,120
bird1,4,96,0.01,-0.6911756599088393,2744,120
bird1,4,96,0.1,-0.6892221102118138,2744,120
bird1,5,96,0.001,-0.696170322218752,19208,176
bird1,5,96,0.01,-0.6915505930521323,19208,176
bird1,5,96,0.1,-0.689844264748698,19208,176
bird1,0,97,0.001,-1.7453250815503143,1,1
bird1,0,97,0.01,-1.7453250367791964,1,1
bird1,0,97,0.1,-1.7453245895236444,1,1
bird1,1,97,0.001,-0.7484241292853273,8,8
bird1,1,97,0.01,-0.748211739602186,8,8
bird1,1,97,0.1,-0.7480405950380385,8,8
bird1,2,97,0.001,-0.7031057128480248,56,31
bird1,2,97,0.01,-0.7026841647692201,56,31
bird1,2,97,0.1,-0.702569606400001,56,31
bird1,3,97,0.001,-0.6862202283497452,392,64
bird1,3,97,0.01,-0.685367597077238,392,64
bird1,3,97,0.1,-0.6853421020267028,392,64
bird1,4,97,0.001,-0.6812679359904925,2744,109
bird1,4,97,0.01,-0.679263054270974,2744,109
bird1,4,97,0.1,-0.6790636447829597,2744,109
bird1,5,97,0.001,-0.6872215999803937,19208,167
bird1,5,97,0.01,-0.6832169908310849,19208,167
bird1,5,97,0.1,-0.6823458423542444,19208,167
bird1,0,98,0.001,-1.7356855276344518,1,1
bird1,0,98,0.01,-1.7356855223257408,1,1
bird1,0,98,0.1,-1.7356854696265294,1,1
bird1,1,98,0.001,-0.7532168838166777,8,8
bird1,1,98,0.01,-0.7532212330593305,8,8
bird1,1,98,0.1,-0.7532649353343196,8,8
bird1,2,98,0.001,-0.717893679833011,56,33
bird1,2,98,0.01,-0.7156741086999407,56,33
bird1,2,98,0.1,-0.7137995201257346,56,33
bird1,3,98,0.001,-0.7077447526199054,392,75
bird1,3,98,0.01,-0.7038964069440392,392,75
bird1,3,98,0.1,-0.7013124522520232,392,75
bird1,4,98,0.001,-0.7206784606811045,2744,130
bird1,4,98,0.01,-0.711739911446765,2744,130
bird1,4,98,0.1,-0.7054230203221536,2744,130
bird1,5,98,0.001,-0.7338678260307977,19208,201
bird1,5,98,0.01,-0.7231634451549475,19208,201
bird1,5,98,0.1,-0.7164359625181763,19208,201
bird1,0,99,0.001,-1.7570637472799546,1,1
bird1,0,99,0.01,-1.757063579142947,1,1
bird1,0,99,0.1,-1.7570618984265076,1,1
bird1,1,99,0.001,-0.7598431846454818,8,8
bird1,1,99,0.01,-0.7594305239711141,8,8
bird1,1,99,0.1,-0.7590142730497671,8,8
bird1,2,99,0.001,-0.7193268484868248,56,37
bird1,2,99,0.01,-0.7170211001596669,56,37
bird1,2,99,0.1,-0.7152454451243081,56,37
bird1,3,99,0.001,-0.7184082510649538,392,86
bird1,3,99,0.01,-0.7125449507236835,392,86
bird1,3,99,0.1,-0.708367889965178,392,86
bird1,4,99,0.001,-0.7249188554988536,2744,153
bird1,4,99,0.01,-0.7173282017180643,2744,153
bird1,4,99,0.1,-0.7125063751320034,2744,153
bird1,5,99,0.001,-0.7452628890667174,19208,233
bird1,5,99,0.01,-0.7324394226731281,19208,233
bird1,5,99,0.1,-0.7242227191851041,19208,233
bird1,0,100,0.001,-1.715061119567809,1,1
bird1,0,100,0.01,-1.715061231553597,1,1
bird1,0,100,0.1,-1.7150623516392514,1,1
bird1,1,100,0.001,-0.754109346651627,8,8
bird1,1,100,0.01,-0.7541117574534324,8,8
bird1,1,100,0.1,-0.7541365352836136,8,8
bird1,2,100,0.001,-0.7133226344806054,56,34
bird1,2,100,0.01,-0.7116581419546669,56,34
bird1,2,100,0.1,-0.7103176234253117,56,34
bird1,3,100,0.001,-0.6998280920258024,392,78
bird1,3,100,0.01,-0.6964687567017975,392,78
bird1,3,100,0.1,-0.6944689268086437,392,78
bird1,4,100,0.001,-0.7067839586393404,2744,139
bird1,4,100,0.01,-0.7006665853941924,2744,139
bird1,4,100,0.1,-0.6969596990649332,2744,139
bird1,5,100,0.001,-0.7192645004028668,19208,209
bird1,5,100,0.01,-0.7106525805418848,19208,209
bird1,5,100,0.1,-0.7057995057412926,19208,209
bird2,0,1,0.001,-1.7676252437021256,1,1
bird2,0,1,0.01,-1.76762526361412,1,1
bird2,0,1,0.1,-1.7676254630142458,1,1
bird2,1,1,0.001,-0.7706227461893144,7,7
bird2,1,1,0.01,-0.7689125758482525,7,7
bird2,1,1,0.1,-0.7671544809316758,7,7
bird2,2,1,0.001,-0.723174533469735,42,31
bird2,2,1,0.01,-0.713084688559522,42,31
bird2,2,1,0.1,-0.7044108721130161,42,31
bird2,3,1,0.001,-0.7193828947509322,252,75
bird2,3,1,0.01,-0.7031978501082476,252,75
bird2,3,1,0.1,-0.6900489656886147,252,75
bird2,4,1,0.001,-0.7486228445493056,1512,136
bird2,4,1,0.01,-0.7221311413863268,1512,136
bird2,4,1,0.1,-0.701912477312608,1512,136
bird2,5,1,0.001,-0.7839494344777712,9072,202
bird2,5,1,0.01,-0.7484974375602478,9072,202
bird2,5,1,0.1,-0.7215757929973737,9072,202
bird2,0,2,0.001,-1.7575670323324595,1,1
bird2,0,2,0.01,-1.757567101790385,1,1
bird2,0,2,0.1,-1.7575677966326297,1,1
bird2,1,2,0.001,-0.7299176580185986,7,7
bird2,1,2,0.01,-0.7299269029016795,7,7
bird2,1,2,0.1,-0.7300207635210382,7,7
bird2,2,2,0.001,-0.6575208416542292,42,25
bird2,2,2,0.01,-0.6564886683093002,42,25
bird2,2,2,0.1,-0.6559547091927388,42,25
bird2,3,2,0.001,-0.6513908069236852,252,56
bird2,3,2,0.01,-0.6456601406927083,252,56
bird2,3,2,0.1,-0.6418582141933683,252,56
bird2,4,2,0.001,-0.6575321496907789,1512,98
bird2,4,2,0.01,-0.6482932813677706,1512,98
bird2,4,2,0.1,-0.6430422272362863,1512,98
bird2,5,2,0.001,-0.6884383137460471,9072,147
bird2,5,2,0.01,-0.6709132750613642,9072,147
bird2,5,2,0.1,-0.6605228167898727,9072,147
bird2,0,3,0.001,-1.7608614714921507,1,1
bird2,0,3,0.01,-1.7608615279880162,1,1
bird2,0,3,0.1,-1.7608620932141057,1,1
bird2,1,3,0.001,-0.7234397734813452,7,7
bird2,1,3,0.01,-0.7229234972999127,7,7
bird2,1,3,0.1,-0.7224946245680065,7,7
bird2,2,3,0.001,-0.6522686914387248,42,24
bird2,2,3,0.01,-0.6506668018683176,42,24
bird2,2,3,0.1,-0.6495708040106566,42,24
bird2,3,3,0.001,-0.6395901000891395,252,53
bird2,3,3,0.01,-0.6361350007019055,252,53
bird2,3,3,0.1,-0.6341571471747477,252,53
bird2,4,3,0.001,-0.6355056914302087,1512,90
bird2,4,3,0.01,-0.6319525807989994,1512,90
bird2,4,3,0.1,-0.631633114108746,1512,90
bird2,5,3,0.001,-0.6853070740104092,9072,137
bird2,5,3,0.01,-0.6641764537700441,9072,137
bird2,5,3,0.1,-0.6505611239691903,9072,137
bird2,0,4,0.001,-1.7769620477296146,1,1
bird2,0,4,0.01,-1.776962035188636,1,1
bird2,0,4,0.1,-1.776961910076347,1,1
bird2,1,4,0.001,-0.7556597040102634,7,7
bird2,1,4,0.01,-0.7551154753741142,7,7
bird2,1,4,0.1,-0.7545635105465472,7,7
bird2,2,4,0.001,-0.700688674893609,42,32
bird2,2,4,0.01,-0.6933890644362217,42,32
bird2,2,4,0.1,-0.6872193441128398,42,32
bird2,3,4,0.001,-0.7188891163219259,252,73
bird2,3,4,0.01,-0.7004895586833325,252,73
bird2,3,4,0.1,-0.6849942204280984,252,73
bird2,4,4,0.001,-0.7156150892895862,1512,128
bird2,4,4,0.01,-0.6977423078974865,1512,128
bird2,4,4,0.1,-0.6846949703582793,1512,128
bird2,5,4,0.001,-0.7512183359159083,9072,192
bird2,5,4,0.01,-0.723502298158102,9072,192
bird2,5,4,0.1,-0.7045445759701283,9072,192
bird2,0,5,0.001,-1.7680911674748798,1,1
bird2,0,5,0.01,-1.768091198258206,1,1
bird2,0,5,0.1,-1.7680915063666307,1,1
bird2,1,5,0.001,-0.7330445875347691,7,7
bird2,1,5,0.01,-0.7325200486959584,7,7
bird2,1,5,0.1,-0.7320849049623561,7,7
bird2,2,5,0.001,-0.6796754773601948,42,23
bird2,2,5,0.01,-0.6757734783462955,42,23
bird2,2,5,0.1,-0.6722993589608334,42,23
bird2,3,5,0.001,-0.6732461145206947,252,55
bird2,3,5,0.01,-0.6666351654235918,252,55
bird2,3,5,0.1,-0.6616141323314719,252,55
bird2,4,5,0.001,-0.6802211494070077,1512,101
bird2,4,5,0.01,-0.6696542323379681,1512,101
bird2,4,5,0.1,-0.6624432841216435,1512,101
bird2,5,5,0.001,-0.7054969095486462,9072,155
bird2,5,5,0.01,-0.6875939101059702,9072,155
bird2,5,5,0.1,-0.6758743197613513,9072,155
bird2,0,6,0.001,-1.7625124917890975,1,1
bird2,0,6,0.01,-1.7625125438689757,1,1
bird2,0,6,0.1,-1.762513064931025,1,1
bird2,1,6,0.001,-0.7345671569802624,7,7
bird2,1,6,0.01,-0.7345723462151764,7,7
bird2,1,6,0.1,-0.7346264622685076,7,7
bird2,2,6,0.001,-0.6699825715553618,42,25
bird2,2,6,0.01,-0.6655147745407755,42,25
bird2,2,6,0.1,-0.6618311859819787,42,25
bird2,3,6,0.001,-0.6722406833955094,252,59
bird2,3,6,0.01,-0.6630974908660938,252,59
bird2,3,6,0.1,-0.6557960732195546,252,59
bird2,4,6,0.001,-0.6885705508634166,1512,101
bird2,4,6,0.01,-0.6726467840713309,1512,101
bird2,4,6,0.1,-0.660282284370145,1512,101
bird2,5,6,0.001,-0.7313240538725352,9072,148
bird2,5,6,0.01,-0.7034043390614653,9072,148
bird2,5,6,0.1,-0.6816603774207058,9072,148
bird2,0,7,0.001,-1.7772324113824258,1,1
bird2,0,7,0.01,-1.7772323877869456,1,1
bird2,0,7,0.1,-1.7772321521420837,1,1
bird2,1,7,0.001,-0.7332418538383031,7,7
bird2,1,7,0.01,-0.7332474644290545,7,7
bird2,1,7,0.1,-0.7333054848200451,7,7
bird2,2,7,0.001,-0.6773625547234464,42,23
bird2,2,7,0.01,-0.6697846149886006,42,23
bird2,2,7,0.1,-0.6630358227642498,42,23
bird2,3,7,0.001,-0.6666902382229736,252,60
bird2,3,7,0.01,-0.6578085245208943,252,60
bird2,3,7,0.1,-0.6504532513128558,252,60
bird2,4,7,0.001,-0.6997043425516634,1512,104
bird2,4,7,0.01,-0.6789978754915497,1512,104
bird2,4,7,0.1,-0.6622415562751414,1512,104
bird2,5,7,0.001,-0.7062851786791506,9072,154
bird2,5,7,0.01,-0.6867067025772513,9072,154
bird2,5,7,0.1,-0.6722015730869658,9072,154
bird2,0,8,0.001,-1.7766307735850928,1,1
bird2,0,8,0.01,-1.77663075893638,1,1
bird2,0,8,0.1,-1.776630612744095,1,1
bird2,1,8,0.001,-0.7124062550688994,7,7
bird2,1,8,0.01,-0.7124184916606461,7,7
bird2,1,8,0.1,-0.7125411589176404,7,7
bird2,2,8,0.001,-0.639207178491389,42,21
bird2,2,8,0.01,-0.6386525913398495,42,21
bird2,2,8,0.1,-0.6385453280162927,42,21
bird2,3,8,0.001,-0.6305365680773152,252,45
bird2,3,8,0.01,-0.6286967554844423,252,45
bird2,3,8,0.1,-0.6280981708119292,252,45
bird2,4,8,0.001,-0.6611468078938847,1512,82
bird2,4,8,0.01,-0.6471187423496194,1512,82
bird2,4,8,0.1,-0.6368730544950056,1512,82
bird2,5,8,0.001,-0.6744477545340735,9072,127
bird2,5,8,0.01,-0.6562815991331573,9072,127
bird2,5,8,0.1,-0.6449512125489278,9072,127
bird2,0,9,0.001,-1.7690749409516664,1,1
bird2,0,9,0.01,-1.7690749535116863,1,1
bird2,0,9,0.1,-1.7690750794007437,1,1
bird2,1,9,0.001,-0.7410708546320552,7,7
bird2,1,9,0.01,-0.7383089042805016,7,7
bird2,1,9,0.1,-0.7355210408652655,7,7
bird2,2,9,0.001,-0.6788201669399655,42,27
bird2,2,9,0.01,-0.6731071822472153,42,27
bird2,2,9,0.1,-0.6683424018709475,42,27
bird2,3,9,0.001,-0.6823272832182796,252,65
bird2,3,9,0.01,-0.6680343253215423,252,65
bird2,3,9,0.1,-0.6567379420572405,252,65
bird2,4,9,0.001,-0.681467675919697,1512,113
bird2,4,9,0.01,-0.6653460271253219,1512,113
bird2,4,9,0.1,-0.6534361541138284,1512,113
bird2,5,9,0.001,-0.7034618327592768,9072,160
bird2,5,9,0.01,-0.6821747643135054,9072,160
bird2,5,9,0.1,-0.666950064500951,9072,160
bird2,0,10,0.001,-1.766013261448213,1,1
bird2,0,10,0.01,-1.7660132864987819,1,1
bird2,0,10,0.1,-1.766013537292664,1,1
bird2,1,10,0.001,-0.7279253982879696,7,7
bird2,1,10,0.01,-0.7268772092801643,7,7
bird2,1,10,0.1,-0.7259011019097144,7,7
bird2,2,10,0.001,-0.6562163936471008,42,24
bird2,2,10,0.01,-0.6518624288346535,42,24
bird2,2,10,0.1,-0.6483789630871662,42,24
bird2,3,10,0.001,-0.6455137896776555,252,55
bird2,3,10,0.01,-0.6371968132415313,252,55
bird2,3,10,0.1,-0.6312853903180359,252,55
bird2,4,10,0.001,-0.6561624885688184,1512,98
bird2,4,10,0.01,-0.6398986551115373,1512,98
bird2,4,10,0.1,-0.6285235867546235,1512,98
bird2,5,10,0.001,-0.6827364477601983,9072,144
bird2,5,10,0.01,-0.6575308546603202,9072,144
bird2,5,10,0.1,-0.6398596140730274,9072,144
bird2,0,11,0.001,-1.7734005949778144,1,1
bird2,0,11,0.01,-1.7734005911972173,1,1
bird2,0,11,0.1,-1.7734005536826196,1,1
bird2,1,11,0.001,-0.7546150992943705,7,7
bird2,1,11,0.01,-0.7540456958878072,7,7
bird2,1,11,0.1,-0.7534899991489833,7,7
bird2,2,11,0.001,-0.6817747424346168,42,27
bird2,2,11,0.01,-0.6770500582767305,42,27
bird2,2,11,0.1,-0.6733007307510794,42,27
bird2,3,11,0.001,-0.6848619511087549,252,64
bird2,3,11,0.01,-0.6738126739398032,252,64
bird2,3,11,0.1,-0.6648813983024038,252,64
bird2,4,11,0.001,-0.7030456671517996,1512,110
bird2,4,11,0.01,-0.6826092478435065,1512,110
bird2,4,11,0.1,-0.6662465417169308,1512,110
bird2,5,11,0.001,-0.7397367530402027,9072,163
bird2,5,11,0.01,-0.7079563049128299,9072,163
bird2,5,11,0.1,-0.6832399730107028,9072,163
bird2,0,12,0.001,-1.768983758422834,1,1
bird2,0,12,0.01,-1.768983777739004,1,1
bird2,0,12,0.1,-1.7689839711914943,1,1
bird2,1,12,0.001,-0.7378081498833272,7,7
bird2,1,12,0.01,-0.7372928115968314,7,7
bird2,1,12,0.1,-0.7367812085553711,7,7
bird2,2,12,0.001,-0.6769397071166882,42,27
bird2,2,12,0.01,-0.67378088958008,42,27
bird2,2,12,0.1,-0.6714523953133518,42,27
bird2,3,12,0.001,-0.679349319541016,252,63
bird2,3,12,0.01,-0.6684623830298895,252,63
bird2,3,12,0.1,-0.6603435395702256,252,63
bird2,4,12,0.001,-0.7004261057837937,1512,113
bird2,4,12,0.01,-0.6810686958528286,1512,113
bird2,4,12,0.1,-0.6667573282328882,1512,113
bird2,5,12,0.001,-0.7169102958731849,9072,167
bird2,5,12,0.01,-0.6968165971147917,9072,167
bird2,5,12,0.1,-0.6833398178564667,9072,167
bird2,0,13,0.001,-1.7762790202715664,1,1
bird2,0,13,0.01,-1.776279008019669,1,1
bird2,0,13,0.1,-1.7762788857996663,1,1
bird2,1,13,0.001,-0.728940858249145,7,7
bird2,1,13,0.01,-0.7289503058751114,7,7
bird2,1,13,0.1,-0.7290464595380554,7,7
bird2,2,13,0.001,-0.647358719303902,42,22
bird2,2,13,0.01,-0.6468359849679152,42,22
bird2,2,13,0.1,-0.6467818694646468,42,22
bird2,3,13,0.001,-0.6493816933666823,252,50
bird2,3,13,0.01,-0.6439036838739243,252,50
bird2,3,13,0.1,-0.6400673908097945,252,50
bird2,4,13,0.001,-0.6710974078849902,1512,92
bird2,4,13,0.01,-0.6542868830356208,1512,92
bird2,4,13,0.1,-0.6413064920185817,1512,92
bird2,5,13,0.001,-0.6851216387350415,9072,138
bird2,5,13,0.01,-0.6632689171625845,9072,138
bird2,5,13,0.1,-0.6476203725992766,9072,138
bird2,0,14,0.001,-1.7783770860488237,1,1
bird2,0,14,0.01,-1.7783770589023522,1,1
bird2,0,14,0.1,-1.7783767877477126,1,1
bird2,1,14,0.001,-0.7349092028778333,7,7
bird2,1,14,0.01,-0.7338110476631527,7,7
bird2,1,14,0.1,-0.7327760723321938,7,7
bird2,2,14,0.001,-0.667365195160379,42,24
bird2,2,14,0.01,-0.6627710347031553,42,24
bird2,2,14,0.1,-0.6588429499717627,42,24
bird2,3,14,0.001,-0.666052541162417,252,57
bird2,3,14,0.01,-0.6585101431793983,252,57
bird2,3,14,0.1,-0.6525964592995601,252,57
bird2,4,14,0.001,-0.6845683642140238,1512,105
bird2,4,14,0.01,-0.6709207146473599,1512,105
bird2,4,14,0.1,-0.6608285407888401,1512,105
bird2,5,14,0.001,-0.7225465538393043,9072,155
bird2,5,14,0.01,-0.699150950766876,9072,155
bird2,5,14,0.1,-0.6821384432293126,9072,155
bird2,0,15,0.001,-1.7669677860153017,1,1
bird2,0,15,0.01,-1.766967814988394,1,1
bird2,0,15,0.1,-1.766968104992664,1,1
bird2,1,15,0.001,-0.7516713253831385,7,7
bird2,1,15,0.01,-0.7511167159831853,7,7
bird2,1,15,0.1,-0.7505726476608763,7,7
bird2,2,15,0.001,-0.6976974984634611,42,27
bird2,2,15,0.01,-0.690147810973493,42,27
bird2,2,15,0.1,-0.6835221703792898,42,27
bird2,3,15,0.001,-0.7061355551751126,252,70
bird2,3,15,0.01,-0.6908785175570156,252,70
bird2,3,15,0.1,-0.6777899568625254,252,70
bird2,4,15,0.001,-0.7110120436617772,1512,121
bird2,4,15,0.01,-0.6923318083397375,1512,121
bird2,4,15,0.1,-0.6775096654830177,1512,121
bird2,5,15,0.001,-0.7577070706849811,9072,179
bird2,5,15,0.01,-0.724375082028143,9072,179
bird2,5,15,0.1,-0.6984004554337881,9072,179
bird2,0,16,0.001,-1.7777068281901935,1,1
bird2,0,16,0.01,-1.7777068012858035,1,1
bird2,0,16,0.1,-1.7777065325454144,1,1
bird2,1,16,0.001,-0.733590991828128,7,7
bird2,1,16,0.01,-0.7335947628505808,7,7
bird2,1,16,0.1,-0.733636197507537,7,7
bird2,2,16,0.001,-0.6664885279257697,42,25
bird2,2,16,0.01,-0.662856561186764,42,25
bird2,2,16,0.1,-0.6602805576796865,42,25
bird2,3,16,0.001,-0.6519920408860557,252,53
bird2,3,16,0.01,-0.6474209036915181,252,53
bird2,3,16,0.1,-0.6448745160551985,252,53
bird2,4,16,0.001,-0.6773957822004403,1512,92
bird2,4,16,0.01,-0.6628636092412281,1512,92
bird2,4,16,0.1,-0.6525372366897817,1512,92
bird2,5,16,0.001,-0.6986117568849018,9072,142
bird2,5,16,0.01,-0.678918353368876,9072,142
bird2,5,16,0.1,-0.6666718805262088,9072,142
bird2,0,17,0.001,-1.756222564740575,1,1
bird2,0,17,0.01,-1.7562226433709214,1,1
bird2,0,17,0.1,-1.756223429911249,1,1
bird2,1,17,0.001,-0.7353655172305418,7,7
bird2,1,17,0.01,-0.7353714292853213,7,7
bird2,1,17,0.1,-0.7354327331554467,7,7
bird2,2,17,0.001,-0.6808611734402197,42,24
bird2,2,17,0.01,-0.6759837613091864,42,24
bird2,2,17,0.1,-0.6719282590378689,42,24
bird2,3,17,0.001,-0.6740252014879003,252,55
bird2,3,17,0.01,-0.6667239828272451,252,55
bird2,3,17,0.1,-0.661027992083731,252,55
bird2,4,17,0.001,-0.6737406166313303,1512,90
bird2,4,17,0.01,-0.6651077402044862,1512,90
bird2,4,17,0.1,-0.6595203062442715,1512,90
bird2,5,17,0.001,-0.7078299851954633,9072,135
bird2,5,17,0.01,-0.6863475543816914,9072,135
bird2,5,17,0.1,-0.6710309128564365,9072,135
bird2,0,18,0.001,-1.7691353734697106,1,1
bird2,0,18,0.01,-1.7691353966136596,1,1
bird2,0,18,0.1,-1.7691356283287711,1,1
bird2,1,18,0.001,-0.7479575358551968,7,7
bird2,1,18,0.01,-0.7479592618996725,7,7
bird2,1,18,0.1,-0.7479794106716705,7,7
bird2,2,18,0.001,-0.6836616726322914,42,26
bird2,2,18,0.01,-0.677414847145531,42,26
bird2,2,18,0.1,-0.6724583907515017,42,26
bird2,3,18,0.001,-0.6837589111552854,252,63
bird2,3,18,0.01,-0.6744604461199433,252,63
bird2,3,18,0.1,-0.667134945168991,252,63
bird2,4,18,0.001,-0.6931987982389722,1512,111
bird2,4,18,0.01,-0.6776324805104161,1512,111
bird2,4,18,0.1,-0.6659977668144709,1512,111
bird2,5,18,0.001,-0.729326519777612,9072,162
bird2,5,18,0.01,-0.7027443034541938,9072,162
bird2,5,18,0.1,-0.6827955854781776,9072,162
bird2,0,19,0.001,-1.778384126281585,1,1
bird2,0,19,0.01,-1.778384110525895,1,1
bird2,0,19,0.1,-1.7783839532593781,1,1
bird2,1,19,0.001,-0.7428652278339164,7,7
bird2,1,19,0.01,-0.7422995626802968,7,7
bird2,1,19,0.1,-0.7418029901161176,7,7
bird2,2,19,0.001,-0.6803780681866155,42,23
bird2,2,19,0.01,-0.6755689983333373,42,23
bird2,2,19,0.1,-0.6713396617717808,42,23
bird2,3,19,0.001,-0.6745689651961947,252,58
bird2,3,19,0.01,-0.6674017860333588,252,58
bird2,3,19,0.1,-0.6619230920926575,252,58
bird2,4,19,0.001,-0.6892324756962842,1512,102
bird2,4,19,0.01,-0.6751219858080407,1512,102
bird2,4,19,0.1,-0.6644747789580897,1512,102
bird2,5,19,0.001,-0.7280990433155292,9072,156
bird2,5,19,0.01,-0.6999298607831576,9072,156
bird2,5,19,0.1,-0.6789384589101358,9072,156
bird2,0,20,0.001,-1.7702733990809647,1,1
bird2,0,20,0.01,-1.770273413102703,1,1
bird2,0,20,0.1,-1.770273553601305,1,1
bird2,1,20,0.001,-0.7343773272474527,7,7
bird2,1,20,0.01,-0.7338269056324919,7,7
bird2,1,20,0.1,-0.7333637669929335,7,7
bird2,2,20,0.001,-0.6672182412625008,42,23
bird2,2,20,0.01,-0.6649273902772546,42,23
bird2,2,20,0.1,-0.6631723588107594,42,23
bird2,3,20,0.001,-0.6555707620495331,252,52
bird2,3,20,0.01,-0.6525214422067518,252,52
bird2,3,20,0.1,-0.6507231051512848,252,52
bird2,4,20,0.001,-0.6657275143634718,1512,89
bird2,4,20,0.01,-0.6570301322055639,1512,89
bird2,4,20,0.1,-0.6519278006765907,1512,89
bird2,5,20,0.001,-0.7046321423229069,9072,137
bird2,5,20,0.01,-0.684051407964983,9072,137
bird2,5,20,0.1,-0.6702851967928504,9072,137
bird2,0,21,0.001,-1.7685373382715373,1,1
bird2,0,21,0.01,-1.7685373607741188,1,1
bird2,0,21,0.1,-1.7685375860750878,1,1
bird2,1,21,0.001,-0.7359856946303178,7,7
bird2,1,21,0.01,-0.7348733078404224,7,7
bird2,1,21,0.1,-0.7338252904817308,7,7
bird2,2,21,0.001,-0.6669305880594086,42,26
bird2,2,21,0.01,-0.6652216947252543,42,26
bird2,2,21,0.1,-0.6641408889087436,42,26
bird2,3,21,0.001,-0.6638309387267676,252,57
bird2,3,21,0.01,-0.65751403026647,252,57
bird2,3,21,0.1,-0.6531510997888295,252,57
bird2,4,21,0.001,-0.6765572486818875,1512,99
bird2,4,21,0.01,-0.6620126315039327,1512,99
bird2,4,21,0.1,-0.6515718733637308,1512,99
bird2,5,21,0.001,-0.7114012961411929,9072,150
bird2,5,21,0.01,-0.6873684367017241,9072,150
bird2,5,21,0.1,-0.6701802830568734,9072,150
bird2,0,22,0.001,-1.7669087662150014,1,1
bird2,0,22,0.01,-1.7669087865982924,1,1
bird2,0,22,0.1,-1.7669089907243372,1,1
bird2,1,22,0.001,-0.7178285496111083,7,7
bird2,1,22,0.01,-0.7178352771454667,7,7
bird2,1,22,0.1,-0.7179057422004664,7,7
bird2,2,22,0.001,-0.6425355929679796,42,23
bird2,2,22,0.01,-0.6414894918721548,42,23
bird2,2,22,0.1,-0.6410914166199345,42,23
bird2,3,22,0.001,-0.6341054894795051,252,52
bird2,3,22,0.01,-0.6281019887786564,252,52
bird2,3,22,0.1,-0.6240843147582754,252,52
bird2,4,22,0.001,-0.6513850003237326,1512,95
bird2,4,22,0.01,-0.6376390701557101,1512,95
bird2,4,22,0.1,-0.628101112981347,1512,95
bird2,5,22,0.001,-0.6595009692191929,9072,141
bird2,5,22,0.01,-0.6452858564303162,9072,141
bird2,5,22,0.1,-0.6374250635298269,9072,141
bird2,0,23,0.001,-1.7656622568987572,1,1
bird2,0,23,0.01,-1.7656623015937842,1,1
bird2,0,23,0.1,-1.7656627488031693,1,1
bird2,1,23,0.001,-0.73928286250714,7,7
bird2,1,23,0.01,-0.7381856956483642,7,7
bird2,1,23,0.1,-0.7371462498050342,7,7
bird2,2,23,0.001,-0.6677965668969658,42,26
bird2,2,23,0.01,-0.6661194992710301,42,26
bird2,2,23,0.1,-0.6649826857259821,42,26
bird2,3,23,0.001,-0.661427213791188,252,56
bird2,3,23,0.01,-0.6559277228731922,252,56
bird2,3,23,0.1,-0.6523357197797574,252,56
bird2,4,23,0.001,-0.6737549651327839,1512,98
bird2,4,23,0.01,-0.658736281382287,1512,98
bird2,4,23,0.1,-0.6481915482831567,1512,98
bird2,5,23,0.001,-0.6917574323346312,9072,148
bird2,5,23,0.01,-0.670214588865112,9072,148
bird2,5,23,0.1,-0.6560671094747808,9072,148
bird2,0,24,0.001,-1.7649700753838042,1,1
bird2,0,24,0.01,-1.7649701175348487,1,1
bird2,0,24,0.1,-1.7649705393134762,1,1
bird2,1,24,0.001,-0.7597071366846366,7,7
bird2,1,24,0.01,-0.7586241013367905,7,7
bird2,1,24,0.1,-0.7575627318088101,7,7
bird2,2,24,0.001,-0.6999992885443739,42,27
bird2,2,24,0.01,-0.6921421952404405,42,27
bird2,2,24,0.1,-0.6853407392127367,42,27
bird2,3,24,0.001,-0.7085863255170035,252,65
bird2,3,24,0.01,-0.6964084640534611,252,65
bird2,3,24,0.1,-0.6864005095742013,252,65
bird2,4,24,0.001,-0.7270370524927223,1512,117
bird2,4,24,0.01,-0.7076692674966834,1512,117
bird2,4,24,0.1,-0.6924464847107266,1512,117
bird2,5,24,0.001,-0.7490798872343757,9072,182
bird2,5,24,0.01,-0.7247443187992777,9072,182
bird2,5,24,0.1,-0.7073004401870292,9072,182
bird2,0,25,0.001,-1.7721985824570026,1,1
bird2,0,25,0.01,-1.7721985886207496,1,1
bird2,0,25,0.1,-1.7721986505434537,1,1
bird2,1,25,0.001,-0.7142067569761601,7,7
bird2,1,25,0.01,-0.7142194071613954,7,7
bird2,1,25,0.1,-0.7143463596166271,7,7
bird2,2,25,0.001,-0.6433982632360572,42,20
bird2,2,25,0.01,-0.6422669034372984,42,20
bird2,2,25,0.1,-0.6415031795908716,42,20
bird2,3,25,0.001,-0.6351275046893915,252,48
bird2,3,25,0.01,-0.6314152486773267,252,48
bird2,3,25,0.1,-0.6290397608570388,252,48
bird2,4,25,0.001,-0.6368908131046475,1512,87
bird2,4,25,0.01,-0.6295305042516866,1512,87
bird2,4,25,0.1,-0.6253862805733906,1512,87
bird2,5,25,0.001,-0.6745238447144738,9072,132
bird2,5,25,0.01,-0.6539723588600617,9072,132
bird2,5,25,0.1,-0.6404670590503376,9072,132
bird2,0,26,0.001,-1.780386484073977,1,1
bird2,0,26,0.01,-1.7803864571333825,1,1
bird2,0,26,0.1,-1.7803861880286393,1,1
bird2,1,26,0.001,-0.7332144658433926,7,7
bird2,1,26,0.01,-0.7326641603891397,7,7
bird2,1,26,0.1,-0.7321819456408459,7,7
bird2,2,26,0.001,-0.6728315793761932,42,26
bird2,2,26,0.01,-0.6693804872578432,42,26
bird2,2,26,0.1,-0.666541299275085,42,26
bird2,3,26,0.001,-0.6697896684245257,252,60
bird2,3,26,0.01,-0.6629773099656178,252,60
bird2,3,26,0.1,-0.6579395006541293,252,60
bird2,4,26,0.001,-0.6763296214874693,1512,101
bird2,4,26,0.01,-0.6643251645966092,1512,101
bird2,4,26,0.1,-0.6565550574892878,1512,101
bird2,5,26,0.001,-0.7161351700427838,9072,149
bird2,5,26,0.01,-0.691501966974861,9072,149
bird2,5,26,0.1,-0.6741779978129459,9072,149
bird2,0,27,0.001,-1.781931922000086,1,1
bird2,0,27,0.01,-1.7819318799172288,1,1
bird2,0,27,0.1,-1.7819314594065656,1,1
bird2,1,27,0.001,-0.7185898766675269,7,7
bird2,1,27,0.01,-0.7180537708456851,7,7
bird2,1,27,0.1,-0.7176065824479899,7,7
bird2,2,27,0.001,-0.6561456995224975,42,25
bird2,2,27,0.01,-0.6521722138821352,42,25
bird2,2,27,0.1,-0.6488109981785114,42,25
bird2,3,27,0.001,-0.6577243359364235,252,58
bird2,3,27,0.01,-0.6490337081146418,252,58
bird2,3,27,0.1,-0.6419860581255827,252,58
bird2,4,27,0.001,-0.6548068625948887,1512,104
bird2,4,27,0.01,-0.6435414517134455,1512,104
bird2,4,27,0.1,-0.6356195398294942,1512,104
bird2,5,27,0.001,-0.6870730229918465,9072,150
bird2,5,27,0.01,-0.6663946822076517,9072,150
bird2,5,27,0.1,-0.65208095285243,9072,150
bird2,0,28,0.001,-1.7606443037432,1,1
bird2,0,28,0.01,-1.7606443666107852,1,1
bird2,0,28,0.1,-1.760644995538905,1,1
bird2,1,28,0.001,-0.7270823434232623,7,7
bird2,1,28,0.01,-0.7265400622291416,7,7
bird2,1,28,0.1,-0.7260825134605572,7,7
bird2,2,28,0.001,-0.6563316471036972,42,24
bird2,2,28,0.01,-0.6552205205513486,42,24
bird2,2,28,0.1,-0.6545521587424544,42,24
bird2,3,28,0.001,-0.6576635317269043,252,50
bird2,3,28,0.01,-0.6508307668943965,252,50
bird2,3,28,0.1,-0.6457284664684252,252,50
bird2,4,28,0.001,-0.6568199558722736,1512,86
bird2,4,28,0.01,-0.6480381795833678,1512,86
bird2,4,28,0.1,-0.6421113042732575,1512,86
bird2,5,28,0.001,-0.7008597862987103,9072,129
bird2,5,28,0.01,-0.678581667667027,9072,129
bird2,5,28,0.1,-0.6619910623180474,9072,129
bird2,0,29,0.001,-1.771363493228841,1,1
bird2,0,29,0.01,-1.7713635018849563,1,1
bird2,0,29,0.1,-1.7713635887327357,1,1
bird2,1,29,0.001,-0.7474005796416009,7,7
bird2,1,29,0.01,-0.7468467198247883,7,7
bird2,1,29,0.1,-0.7463048614988446,7,7
bird2,2,29,0.001,-0.6886914410678942,42,26
bird2,2,29,0.01,-0.6823626730741834,42,26
bird2,2,29,0.1,-0.6770296575893153,42,26
bird2,3,29,0.001,-0.6845022987271604,252,62
bird2,3,29,0.01,-0.6745080866127635,252,62
bird2,3,29,0.1,-0.666438944665491,252,62
bird2,4,29,0.001,-0.6842430561310823,1512,108
bird2,4,29,0.01,-0.6735744950785396,1512,108
bird2,4,29,0.1,-0.6669928053530084,1512,108
bird2,5,29,0.001,-0.7151045874525312,9072,164
bird2,5,29,0.01,-0.6932560870698323,9072,164
bird2,5,29,0.1,-0.6788473103282362,9072,164
bird2,0,30,0.001,-1.7640476116794381,1,1
bird2,0,30,0.01,-1.7640476609965958,1,1
bird2,0,30,0.1,-1.764048154432909,1,1
bird2,1,30,0.001,-0.7450961603769861,7,7
bird2,1,30,0.01,-0.744573545983021,7,7
bird2,1,30,0.1,-0.7441100868601361,7,7
bird2,2,30,0.001,-0.6850892827421358,42,25
bird2,2,30,0.01,-0.681855275535729,42,25
bird2,2,30,0.1,-0.6794748040526619,42,25
bird2,3,30,0.001,-0.6834609577355049,252,54
bird2,3,30,0.01,-0.6764452892805053,252,54
bird2,3,30,0.1,-0.6715370743608384,252,54
bird2,4,30,0.001,-0.7112359391971314,1512,95
bird2,4,30,0.01,-0.6919572329810469,1512,95
bird2,4,30,0.1,-0.677399808194742,1512,95
bird2,5,30,0.001,-0.7438503107402943,9072,151
bird2,5,30,0.01,-0.7181752442529098,9072,151
bird2,5,30,0.1,-0.7001499645638289,9072,151
bird2,0,31,0.001,-1.767011059032283,1,1
bird2,0,31,0.01,-1.767011085903662,1,1
bird2,0,31,0.1,-1.7670113548994995,1,1
bird2,1,31,0.001,-0.7193422265017984,7,7
bird2,1,31,0.01,-0.7193536239481353,7,7
bird2,1,31,0.1,-0.7194687698656022,7,7
bird2,2,31,0.001,-0.648583427695181,42,22
bird2,2,31,0.01,-0.6475039510622813,42,22
bird2,2,31,0.1,-0.646880528662092,42,22
bird2,3,31,0.001,-0.6364207469607325,252,48
bird2,3,31,0.01,-0.6340871595628486,252,48
bird2,3,31,0.1,-0.6329800158703736,252,48
bird2,4,31,0.001,-0.6508295098680671,1512,84
bird2,4,31,0.01,-0.6390974958647512,1512,84
bird2,4,31,0.1,-0.6309564974476715,1512,84
bird2,5,31,0.001,-0.6996661460343543,9072,132
bird2,5,31,0.01,-0.6748129006633466,9072,132
bird2,5,31,0.1,-0.655973040748308,9072,132
bird2,0,32,0.001,-1.797818197181127,1,1
bird2,0,32,0.01,-1.7978180777457962,1,1
bird2,0,32,0.1,-1.7978168837561048,1,1
bird2,1,32,0.001,-0.7282534816048783,7,7
bird2,1,32,0.01,-0.7282590199682478,7,7
bird2,1,32,0.1,-0.7283175108436613,7,7
bird2,2,32,0.001,-0.6586176524422842,42,25
bird2,2,32,0.01,-0.6544010063172172,42,25
bird2,2,32,0.1,-0.6509008197450106,42,25
bird2,3,32,0.001,-0.6506528161484274,252,57
bird2,3,32,0.01,-0.6440752965445667,252,57
bird2,3,32,0.1,-0.6391539698960165,252,57
bird2,4,32,0.001,-0.6545741210543345,1512,101
bird2,4,32,0.01,-0.6446001777333757,1512,101
bird2,4,32,0.1,-0.6380750029291424,1512,101
bird2,5,32,0.001,-0.6909504220594693,9072,146
bird2,5,32,0.01,-0.6714097243035427,9072,146
bird2,5,32,0.1,-0.6578565999169729,9072,146
bird2,0,33,0.001,-1.7747579982093877,1,1
bird2,0,33,0.01,-1.7747579838231917,1,1
bird2,0,33,0.1,-1.774757840267052,1,1
bird2,1,33,0.001,-0.7193406362288247,7,7
bird2,1,33,0.01,-0.7193498171710707,7,7
bird2,1,33,0.1,-0.7194432162683415,7,7
bird2,2,33,0.001,-0.6456713864973462,42,26
bird2,2,33,0.01,-0.6440096805103771,42,26
bird2,2,33,0.1,-0.6428963368598185,42,26
bird2,3,33,0.001,-0.6344811288470104,252,53
bird2,3,33,0.01,-0.6314815632800159,252,53
bird2,3,33,0.1,-0.6298004104944168,252,53
bird2,4,33,0.001,-0.6325708428359467,1512,92
bird2,4,33,0.01,-0.6267178396101611,1512,92
bird2,4,33,0.1,-0.6237136267112667,1512,92
bird2,5,33,0.001,-0.6577052378171662,9072,135
bird2,5,33,0.01,-0.6445786306969343,9072,135
bird2,5,33,0.1,-0.63651826542596,9072,135
bird2,0,34,0.001,-1.7739910299559225,1,1
bird2,0,34,0.01,-1.7739910235776335,1,1
bird2,0,34,0.1,-1.773990960092664,1,1
bird2,1,34,0.001,-0.7362102855846068,7,7
bird2,1,34,0.01,-0.7345543662891589,7,7
bird2,1,34,0.1,-0.7329816644051238,7,7
bird2,2,34,0.001,-0.6635109408583415,42,21
bird2,2,34,0.01,-0.6600403080948273,42,21
bird2,2,34,0.1,-0.657070018896924,42,21
bird2,3,34,0.001,-0.6639802809129669,252,50
bird2,3,34,0.01,-0.6551665769405225,252,50
bird2,3,34,0.1,-0.6482386919577119,252,50
bird2,4,34,0.001,-0.6650821391693864,1512,92
bird2,4,34,0.01,-0.6542305298638613,1512,92
bird2,4,34,0.1,-0.6464654060335371,1512,92
bird2,5,34,0.001,-0.7053216159041039,9072,141
bird2,5,34,0.01,-0.6839416704936591,9072,141
bird2,5,34,0.1,-0.6683789630789684,9072,141
bird2,0,35,0.001,-1.7709960971251208,1,1
bird2,0,35,0.01,-1.770996104504109,1,1
bird2,0,35,0.1,-1.7709961785943116,1,1
bird2,1,35,0.001,-0.7227826436929358,7,7
bird2,1,35,0.01,-0.7227873774187117,7,7
bird2,1,35,0.1,-0.7228381949040187,7,7
bird2,2,35,0.001,-0.6540332880688896,42,24
bird2,2,35,0.01,-0.6508570625411411,42,24
bird2,2,35,0.1,-0.6484347537545421,42,24
bird2,3,35,0.001,-0.6572587275774943,252,59
bird2,3,35,0.01,-0.6485961493275397,252,59
bird2,3,35,0.1,-0.6419784113600272,252,59
bird2,4,35,0.001,-0.6673864588510208,1512,105
bird2,4,35,0.01,-0.6529347772094874,1512,105
bird2,4,35,0.1,-0.642367578866617,1512,105
bird2,5,35,0.001,-0.7036325335950376,9072,158
bird2,5,35,0.01,-0.6779949196255768,9072,158
bird2,5,35,0.1,-0.6596071276202027,9072,158
bird2,0,36,0.001,-1.772209091420481,1,1
bird2,0,36,0.01,-1.77220910016484,1,1
bird2,0,36,0.1,-1.7722091878972575,1,1
bird2,1,36,0.001,-0.7454593488972369,7,7
bird2,1,36,0.01,-0.7454635692185029,7,7
bird2,1,36,0.1,-0.7455086133700644,7,7
bird2,2,36,0.001,-0.6749276800692267,42,26
bird2,2,36,0.01,-0.6738675253780873,42,26
bird2,2,36,0.1,-0.6734159009296712,42,26
bird2,3,36,0.001,-0.676963927836556,252,58
bird2,3,36,0.01,-0.6704399963105604,252,58
bird2,3,36,0.1,-0.6660357763847948,252,58
bird2,4,36,0.001,-0.685117287432291,1512,105
bird2,4,36,0.01,-0.671573340911771,1512,105
bird2,4,36,0.1,-0.6622900493387398,1512,105
bird2,5,36,0.001,-0.711426335772897,9072,163
bird2,5,36,0.01,-0.6884665265720973,9072,163
bird2,5,36,0.1,-0.6730770718984442,9072,163
bird2,0,37,0.001,-1.7822592212540498,1,1
bird2,0,37,0.01,-1.7822591829385719,1,1
bird2,0,37,0.1,-1.7822588000968083,1,1
bird2,1,37,0.001,-0.7104662150695864,7,7
bird2,1,37,0.01,-0.7104747493240384,7,7
bird2,1,37,0.1,-0.710562534704004,7,7
bird2,2,37,0.001,-0.6494691051529987,42,24
bird2,2,37,0.01,-0.6466680094853654,42,24
bird2,2,37,0.1,-0.6444092592689585,42,24
bird2,3,37,0.001,-0.6436192688854762,252,53
bird2,3,37,0.01,-0.6381967232895478,252,53
bird2,3,37,0.1,-0.6342307464858133,252,53
bird2,4,37,0.001,-0.6423360832185581,1512,91
bird2,4,37,0.01,-0.6331648875557825,1512,91
bird2,4,37,0.1,-0.6270592115347973,1512,91
bird2,5,37,0.001,-0.6774638165223413,9072,137
bird2,5,37,0.01,-0.6573341957836178,9072,137
bird2,5,37,0.1,-0.6429587905758135,9072,137
bird2,0,38,0.001,-1.769565012588643,1,1
bird2,0,38,0.01,-1.7695650336939035,1,1
bird2,0,38,0.1,-1.7695652450277461,1,1
bird2,1,38,0.001,-0.7371641030847871,7,7
bird2,1,38,0.01,-0.7371698636318544,7,7
bird2,1,38,0.1,-0.7372302588397609,7,7
bird2,2,38,0.001,-0.6757604098635892,42,24
bird2,2,38,0.01,-0.6724250628730833,42,24
bird2,2,38,0.1,-0.6695703552833312,42,24
bird2,3,38,0.001,-0.6641263496499372,252,60
bird2,3,38,0.01,-0.6581776239107897,252,60
bird2,3,38,0.1,-0.6539250450413205,252,60
bird2,4,38,0.001,-0.6832181598690104,1512,108
bird2,4,38,0.01,-0.6668246452498285,1512,108
bird2,4,38,0.1,-0.654462576575245,1512,108
bird2,5,38,0.001,-0.7122749226258834,9072,166
bird2,5,38,0.01,-0.6875051146554145,9072,166
bird2,5,38,0.1,-0.6693819810446721,9072,166
bird2,0,39,0.001,-1.7647433787513118,1,1
bird2,0,39,0.01,-1.7647434153132735,1,1
bird2,0,39,0.1,-1.7647437812090077,1,1
bird2,1,39,0.001,-0.7489259934172013,7,7
bird2,1,39,0.01,-0.7473090216813133,7,7
bird2,1,39,0.1,-0.7456893426998655,7,7
bird2,2,39,0.001,-0.6868188915049233,42,29
bird2,2,39,0.01,-0.6846518808421928,42,29
bird2,2,39,0.1,-0.6832822323002349,42,29
bird2,3,39,0.001,-0.6889140920731123,252,66
bird2,3,39,0.01,-0.6775283001359358,252,66
bird2,3,39,0.1,-0.6689236833875051,252,66
bird2,4,39,0.001,-0.7029850597680846,1512,115
bird2,4,39,0.01,-0.6820421800307407,1512,115
bird2,4,39,0.1,-0.6663444240451798,1512,115
bird2,5,39,0.001,-0.725113142669791,9072,165
bird2,5,39,0.01,-0.6998663622341155,9072,165
bird2,5,39,0.1,-0.6818416431227158,9072,165
bird2,0,40,0.001,-1.7836256704768214,1,1
bird2,0,40,0.01,-1.783625622794525,1,1
bird2,0,40,0.1,-1.7836251463006811,1,1
bird2,1,40,0.001,-0.7521805926572444,7,7
bird2,1,40,0.01,-0.7521886204030158,7,7
bird2,1,40,0.1,-0.7522704828755469,7,7
bird2,2,40,0.001,-0.6756601116418017,42,24
bird2,2,40,0.01,-0.6735330919592641,42,24
bird2,2,40,0.1,-0.6719020487406059,42,24
bird2,3,40,0.001,-0.6847731302866292,252,57
bird2,3,40,0.01,-0.6766586467401761,252,57
bird2,3,40,0.1,-0.670309763221034,252,57
bird2,4,40,0.001,-0.7157516617691861,1512,106
bird2,4,40,0.01,-0.6943823239837901,1512,106
bird2,4,40,0.1,-0.6775342771523262,1512,106
bird2,5,40,0.001,-0.7527364221734969,9072,168
bird2,5,40,0.01,-0.7227514155682147,9072,168
bird2,5,40,0.1,-0.7000601851415063,9072,168
bird2,0,41,0.001,-1.7777064288195288,1,1
bird2,0,41,0.01,-1.7777063934473827,1,1
bird2,0,41,0.1,-1.7777060400541602,1,1
bird2,1,41,0.001,-0.7562382815167038,7,7
bird2,1,41,0.01,-0.7535945093059063,7,7
bird2,1,41,0.1,-0.7508610097992191,7,7
bird2,2,41,0.001,-0.6963269920125821,42,29
bird2,2,41,0.01,-0.685939731682728,42,29
bird2,2,41,0.1,-0.6769323375778659,42,29
bird2,3,41,0.001,-0.697104999848962,252,69
bird2,3,41,0.01,-0.6786592585723202,252,69
bird2,3,41,0.1,-0.6633088206170696,252,69
bird2,4,41,0.001,-0.696749275071999,1512,124
bird2,4,41,0.01,-0.6762119016366827,1512,124
bird2,4,41,0.1,-0.6603467332692567,1512,124
bird2,5,41,0.001,-0.7309436818129563,9072,183
bird2,5,41,0.01,-0.7007024405152535,9072,183
bird2,5,41,0.1,-0.6774887399910002,9072,183
bird2,0,42,0.001,-1.7730766275302268,1,1
bird2,0,42,0.01,-1.7730766264287796,1,1
bird2,0,42,0.1,-1.773076615715258,1,1
bird2,1,42,0.001,-0.7603536214472801,7,7
bird2,1,42,0.01,-0.7577308227864279,7,7
bird2,1,42,0.1,-0.7550036798342241,7,7
bird2,2,42,0.001,-0.7158517188317071,42,30
bird2,2,42,0.01,-0.7066796609061631,42,30
bird2,2,42,0.1,-0.6987941199580315,42,30
bird2,3,42,0.001,-0.7196866916749658,252,71
bird2,3,42,0.01,-0.7020815210761251,252,71
bird2,3,42,0.1,-0.688287267184963,252,71
bird2,4,42,0.001,-0.7128103829882049,1512,130
bird2,4,42,0.01,-0.6957293289999159,1512,130
bird2,4,42,0.1,-0.6843315449818795,1512,130
bird2,5,42,0.001,-0.7340832543651513,9072,188
bird2,5,42,0.01,-0.7143443807584482,9072,188
bird2,5,42,0.1,-0.7021188956181627,9072,188
bird2,0,43,0.001,-1.7652964376661422,1,1
bird2,0,43,0.01,-1.7652964710858334,1,1
bird2,0,43,0.1,-1.7652968055560951,1,1
bird2,1,43,0.001,-0.7504356195093415,7,7
bird2,1,43,0.01,-0.7487658252651173,7,7
bird2,1,43,0.1,-0.7470490040400649,7,7
bird2,2,43,0.001,-0.6870266574025541,42,25
bird2,2,43,0.01,-0.6783737791746475,42,25
bird2,2,43,0.1,-0.6708651076429518,42,25
bird2,3,43,0.001,-0.6795363002745145,252,63
bird2,3,43,0.01,-0.6650604517676845,252,63
bird2,3,43,0.1,-0.6532529326927534,252,63
bird2,4,43,0.001,-0.6788656569779195,1512,113
bird2,4,43,0.01,-0.6615845701558508,1512,113
bird2,4,43,0.1,-0.6482303471826045,1512,113
bird2,5,43,0.001,-0.6951856936215277,9072,169
bird2,5,43,0.01,-0.6731488834651808,9072,169
bird2,5,43,0.1,-0.6566941621641285,9072,169
bird2,0,44,0.001,-1.7702993459624963,1,1
bird2,0,44,0.01,-1.7702993607720485,1,1
bird2,0,44,0.1,-1.7702995091562324,1,1
bird2,1,44,0.001,-0.7292181464583718,7,7
bird2,1,44,0.01,-0.7286962372725084,7,7
bird2,1,44,0.1,-0.7282381881526042,7,7
bird2,2,44,0.001,-0.6759744701034783,42,23
bird2,2,44,0.01,-0.6704791431970194,42,23
bird2,2,44,0.1,-0.6656864276609008,42,23
bird2,3,44,0.001,-0.6760188784063615,252,57
bird2,3,44,0.01,-0.6646799335012576,252,57
bird2,3,44,0.1,-0.6553391426556541,252,57
bird2,4,44,0.001,-0.6848732173580417,1512,97
bird2,4,44,0.01,-0.6706161265877596,1512,97
bird2,4,44,0.1,-0.6592839959228738,1512,97
bird2,5,44,0.001,-0.7097563930378542,9072,143
bird2,5,44,0.01,-0.6880210983015519,9072,143
bird2,5,44,0.1,-0.6714018469174672,9072,143
bird2,0,45,0.001,-1.7588366278424732,1,1
bird2,0,45,0.01,-1.758836692526389,1,1
bird2,0,45,0.1,-1.7588373396198038,1,1
bird2,1,45,0.001,-0.7447604228515327,7,7
bird2,1,45,0.01,-0.7436658596714691,7,7
bird2,1,45,0.1,-0.7426508514376152,7,7
bird2,2,45,0.001,-0.6821899477543341,42,28
bird2,2,45,0.01,-0.6799022686484639,42,28
bird2,2,45,0.1,-0.6780752303257125,42,28
bird2,3,45,0.001,-0.6778458160957097,252,62
bird2,3,45,0.01,-0.6703472470858084,252,62
bird2,3,45,0.1,-0.6645635932962081,252,62
bird2,4,45,0.001,-0.693681374678548,1512,109
bird2,4,45,0.01,-0.6788611380808699,1512,109
bird2,4,45,0.1,-0.6679751711450658,1512,109
bird2,5,45,0.001,-0.7211226906043589,9072,162
bird2,5,45,0.01,-0.69715365040692,9072,162
bird2,5,45,0.1,-0.6802600441624134,9072,162
bird2,0,46,0.001,-1.7836464578700548,1,1
bird2,0,46,0.01,-1.7836464072732694,1,1
bird2,0,46,0.1,-1.7836459016294868,1,1
bird2,1,46,0.001,-0.712413873183401,7,7
bird2,1,46,0.01,-0.7124223810134829,7,7
bird2,1,46,0.1,-0.7125090432016553,7,7
bird2,2,46,0.001,-0.630102097517261,42,23
bird2,2,46,0.01,-0.6295994276363346,42,23
bird2,2,46,0.1,-0.6296920585948794,42,23
bird2,3,46,0.001,-0.627177994557916,252,52
bird2,3,46,0.01,-0.6229695093454056,252,52
bird2,3,46,0.1,-0.6204043934798685,252,52
bird2,4,46,0.001,-0.6260770411759279,1512,92
bird2,4,46,0.01,-0.6175348314566368,1512,92
bird2,4,46,0.1,-0.6124592650170417,1512,92
bird2,5,46,0.001,-0.6399327203132059,9072,138
bird2,5,46,0.01,-0.6297340519466024,9072,138
bird2,5,46,0.1,-0.624939125909959,9072,138
bird2,0,47,0.001,-1.7818831678146574,1,1
bird2,0,47,0.01,-1.7818831177464185,1,1
bird2,0,47,0.1,-1.7818826173867175,1,1
bird2,1,47,0.001,-0.7419047475295845,7,7
bird2,1,47,0.01,-0.7407497102767009,7,7
bird2,1,47,0.1,-0.739597137584908,7,7
bird2,2,47,0.001,-0.6731308124929125,42,27
bird2,2,47,0.01,-0.6665202724790124,42,27
bird2,2,47,0.1,-0.660863935430204,42,27
bird2,3,47,0.001,-0.6739716085936858,252,64
bird2,3,47,0.01,-0.6628218371545369,252,64
bird2,3,47,0.1,-0.6537968657285678,252,64
bird2,4,47,0.001,-0.6711511982837418,1512,110
bird2,4,47,0.01,-0.6598491980897889,1512,110
bird2,4,47,0.1,-0.6520457079140688,1512,110
bird2,5,47,0.001,-0.7043424032930554,9072,163
bird2,5,47,0.01,-0.6820359246970856,9072,163
bird2,5,47,0.1,-0.6664334959592421,9072,163
bird2,0,48,0.001,-1.7585133441912053,1,1
bird2,0,48,0.01,-1.7585134110057616,1,1
bird2,0,48,0.1,-1.758514079406101,1,1
bird2,1,48,0.001,-0.7205595717196092,7,7
bird2,1,48,0.01,-0.7205712590219302,7,7
bird2,1,48,0.1,-0.7206886853728646,7,7
bird2,2,48,0.001,-0.6517600804923426,42,22
bird2,2,48,0.01,-0.6494591999039684,42,22
bird2,2,48,0.1,-0.6475580898688852,42,22
bird2,3,48,0.001,-0.6500937933878786,252,53
bird2,3,48,0.01,-0.6431747762785449,252,53
bird2,3,48,0.1,-0.6380602083430618,252,53
bird2,4,48,0.001,-0.6506140675567529,1512,94
bird2,4,48,0.01,-0.6410168490096326,1512,94
bird2,4,48,0.1,-0.6345915767453575,1512,94
bird2,5,48,0.001,-0.6730231225647528,9072,143
bird2,5,48,0.01,-0.6556775770295823,9072,143
bird2,5,48,0.1,-0.6438693885060902,9072,143
bird2,0,49,0.001,-1.7863172674226404,1,1
bird2,0,49,0.01,-1.786317203989688,1,1
bird2,0,49,0.1,-1.7863165699948969,1,1
bird2,1,49,0.001,-0.7002429896251884,7,7
bird2,1,49,0.01,-0.7002516609517939,7,7
bird2,1,49,0.1,-0.7003409579784423,7,7
bird2,2,49,0.001,-0.6279414163038625,42,23
bird2,2,49,0.01,-0.6257290559510366,42,23
bird2,2,49,0.1,-0.6239986485318909,42,23
bird2,3,49,0.001,-0.63264037081783,252,50
bird2,3,49,0.01,-0.6235840195792551,252,50
bird2,3,49,0.1,-0.6167583109442768,252,50
bird2,4,49,0.001,-0.6322225884994866,1512,85
bird2,4,49,0.01,-0.6190792836054385,1512,85
bird2,4,49,0.1,-0.6095243707363309,1512,85
bird2,5,49,0.001,-0.6481224698342742,9072,123
bird2,5,49,0.01,-0.6337537297490077,9072,123
bird2,5,49,0.1,-0.6233884293063261,9072,123
bird2,0,50,0.001,-1.7700573101575516,1,1
bird2,0,50,0.01,-1.77005732520315,1,1
bird2,0,50,0.1,-1.770057475942575,1,1
bird2,1,50,0.001,-0.7437607279774232,7,7
bird2,1,50,0.01,-0.741022710927761,7,7
bird2,1,50,0.1,-0.7383497078772435,7,7
bird2,2,50,0.001,-0.6816294090098948,42,27
bird2,2,50,0.01,-0.67535157257405,42,27
bird2,2,50,0.1,-0.6697828232983392,42,27
bird2,3,50,0.001,-0.6760243188630126,252,61
bird2,3,50,0.01,-0.6668478115470746,252,61
bird2,3,50,0.1,-0.6594932314805878,252,61
bird2,4,50,0.001,-0.6778271208992732,1512,105
bird2,4,50,0.01,-0.6658636172996216,1512,105
bird2,4,50,0.1,-0.657301517019218,1512,105
bird2,5,50,0.001,-0.7093351476881473,9072,159
bird2,5,50,0.01,-0.6869537476687279,9072,159
bird2,5,50,0.1,-0.6707341756102615,9072,159
bird2,0,51,0.001,-1.7755637449938586,1,1
bird2,0,51,0.01,-1.775563733845601,1,1
bird2,0,51,0.1,-1.7755636226668428,1,1
bird2,1,51,0.001,-0.7199164631195777,7,7
bird2,1,51,0.01,-0.7188600493459528,7,7
bird2,1,51,0.1,-0.7178981467803112,7,7
bird2,2,51,0.001,-0.6639021750376217,42,24
bird2,2,51,0.01,-0.6594316173577677,42,24
bird2,2,51,0.1,-0.6554586429513489,42,24
bird2,3,51,0.001,-0.666511350843177,252,56
bird2,3,51,0.01,-0.658594438388632,252,56
bird2,3,51,0.1,-0.6519393423300887,252,56
bird2,4,51,0.001,-0.6827453446772455,1512,95
bird2,4,51,0.01,-0.6676807191241853,1512,95
bird2,4,51,0.1,-0.6560085299294025,1512,95
bird2,5,51,0.001,-0.718925174481047,9072,142
bird2,5,51,0.01,-0.694248563348781,9072,142
bird2,5,51,0.1,-0.6751982877202716,9072,142
bird2,0,52,0.001,-1.7690123979288601,1,1
bird2,0,52,0.01,-1.7690124202881057,1,1
bird2,0,52,0.1,-1.7690126441571812,1,1
bird2,1,52,0.001,-0.7623868968571537,7,7
bird2,1,52,0.01,-0.7612784712579622,7,7
bird2,1,52,0.1,-0.760173910988665,7,7
bird2,2,52,0.001,-0.6947404118969783,42,27
bird2,2,52,0.01,-0.6901738580398289,42,27
bird2,2,52,0.1,-0.6865117642374118,42,27
bird2,3,52,0.001,-0.6981785142003171,252,61
bird2,3,52,0.01,-0.6882515455102659,252,61
bird2,3,52,0.1,-0.6806016543985629,252,61
bird2,4,52,0.001,-0.7145173352301676,1512,111
bird2,4,52,0.01,-0.697583959442134,1512,111
bird2,4,52,0.1,-0.6853115787304752,1512,111
bird2,5,52,0.001,-0.7653295871548516,9072,171
bird2,5,52,0.01,-0.7310010358020728,9072,171
bird2,5,52,0.1,-0.7054596509642904,9072,171
bird2,0,53,0.001,-1.7680954313412565,1,1
bird2,0,53,0.01,-1.7680954572378056,1,1
bird2,0,53,0.1,-1.768095716482756,1,1
bird2,1,53,0.001,-0.7357133487221398,7,7
bird2,1,53,0.01,-0.7351804616358992,7,7
bird2,1,53,0.1,-0.73470623479121,7,7
bird2,2,53,0.001,-0.6877248456440592,42,23
bird2,2,53,0.01,-0.6769884574314293,42,23
bird2,2,53,0.1,-0.6672977178332965,42,23
bird2,3,53,0.001,-0.681015975859434,252,61
bird2,3,53,0.01,-0.6680002368589675,252,61
bird2,3,53,0.1,-0.6567854071511933,252,61
bird2,4,53,0.001,-0.6856598151321887,1512,109
bird2,4,53,0.01,-0.6716383437820477,1512,109
bird2,4,53,0.1,-0.6607579176600998,1512,109
bird2,5,53,0.001,-0.7245647851723012,9072,160
bird2,5,53,0.01,-0.6994343966076209,9072,160
bird2,5,53,0.1,-0.6805106243830845,9072,160
bird2,0,54,0.001,-1.7746785386227464,1,1
bird2,0,54,0.01,-1.7746785328568702,1,1
bird2,0,54,0.1,-1.7746784754989926,1,1
bird2,1,54,0.001,-0.7313102822329564,7,7
bird2,1,54,0.01,-0.7307846420545103,7,7
bird2,1,54,0.1,-0.7303339075336631,7,7
bird2,2,54,0.001,-0.6642228438601845,42,24
bird2,2,54,0.01,-0.6620323021229351,42,24
bird2,2,54,0.1,-0.6603226047894364,42,24
bird2,3,54,0.001,-0.6557969560002058,252,49
bird2,3,54,0.01,-0.6504528136692803,252,49
bird2,3,54,0.1,-0.6467061724134903,252,49
bird2,4,54,0.001,-0.6749685239274386,1512,90
bird2,4,54,0.01,-0.6605816236277459,1512,90
bird2,4,54,0.1,-0.6497801848858697,1512,90
bird2,5,54,0.001,-0.7020610758082074,9072,143
bird2,5,54,0.01,-0.6788274526675439,9072,143
bird2,5,54,0.1,-0.6622179466515262,9072,143
bird2,0,55,0.001,-1.768091599871175,1,1
bird2,0,55,0.01,-1.768091623669153,1,1
bird2,0,55,0.1,-1.7680918619293637,1,1
bird2,1,55,0.001,-0.7480660908521443,7,7
bird2,1,55,0.01,-0.7475281512502022,7,7
bird2,1,55,0.1,-0.7470144418512872,7,7
bird2,2,55,0.001,-0.6839053957201175,42,30
bird2,2,55,0.01,-0.6799946923689791,42,30
bird2,2,55,0.1,-0.6768992225757249,42,30
bird2,3,55,0.001,-0.688766341227163,252,67
bird2,3,55,0.01,-0.679666039314835,252,67
bird2,3,55,0.1,-0.6727324044317868,252,67
bird2,4,55,0.001,-0.7089611316018711,1512,114
bird2,4,55,0.01,-0.6905239745443829,1512,114
bird2,4,55,0.1,-0.676733573823801,1512,114
bird2,5,55,0.001,-0.7350962347053267,9072,173
bird2,5,55,0.01,-0.7096698149437545,9072,173
bird2,5,55,0.1,-0.6914657524401907,9072,173
bird2,0,56,0.001,-1.7932871354826256,1,1
bird2,0,56,0.01,-1.7932870371653051,1,1
bird2,0,56,0.1,-1.7932860543548925,1,1
bird2,1,56,0.001,-0.7116962923899618,7,7
bird2,1,56,0.01,-0.711706605468395,7,7
bird2,1,56,0.1,-0.711811664560491,7,7
bird2,2,56,0.001,-0.6501937447069909,42,21
bird2,2,56,0.01,-0.6458617973280192,42,21
bird2,2,56,0.1,-0.6420109746729113,42,21
bird2,3,56,0.001,-0.6423987958974902,252,49
bird2,3,56,0.01,-0.6365537758828786,252,49
bird2,3,56,0.1,-0.6318379515432209,252,49
bird2,4,56,0.001,-0.6401699354951409,1512,88
bird2,4,56,0.01,-0.6326188191775536,1512,88
bird2,4,56,0.1,-0.6273734751628313,1512,88
bird2,5,56,0.001,-0.6639829429982607,9072,132
bird2,5,56,0.01,-0.6489016766418398,9072,132
bird2,5,56,0.1,-0.6385931610474297,9072,132
bird2,0,57,0.001,-1.7757708102403271,1,1
bird2,0,57,0.01,-1.775770785128323,1,1
bird2,0,57,0.1,-1.775770534327077,1,1
bird2,1,57,0.001,-0.731236468959648,7,7
bird2,1,57,0.01,-0.7306913323479566,7,7
bird2,1,57,0.1,-0.7300808973755811,7,7
bird2,2,57,0.001,-0.6631860148777758,42,26
bird2,2,57,0.01,-0.6582148015724314,42,26
bird2,2,57,0.1,-0.6543516365372042,42,26
bird2,3,57,0.001,-0.6640271282489211,252,58
bird2,3,57,0.01,-0.6494212253009461,252,58
bird2,3,57,0.1,-0.6377527503319137,252,58
bird2,4,57,0.001,-0.6570473985614811,1512,105
bird2,4,57,0.01,-0.6419686508068028,1512,105
bird2,4,57,0.1,-0.6313002097099342,1512,105
bird2,5,57,0.001,-0.6814560784851658,9072,152
bird2,5,57,0.01,-0.6595333856098343,9072,152
bird2,5,57,0.1,-0.6445400725923565,9072,152
bird2,0,58,0.001,-1.7763336796152467,1,1
bird2,0,58,0.01,-1.776333658947166,1,1
bird2,0,58,0.1,-1.7763334525780687,1,1
bird2,1,58,0.001,-0.7425020653999532,7,7
bird2,1,58,0.01,-0.7408847346263147,7,7
bird2,1,58,0.1,-0.7392787899300783,7,7
bird2,2,58,0.001,-0.6718683141133542,42,27
bird2,2,58,0.01,-0.6679766741736078,42,27
bird2,2,58,0.1,-0.6648887776535591,42,27
bird2,3,58,0.001,-0.6647064799778777,252,63
bird2,3,58,0.01,-0.6550363376342571,252,63
bird2,3,58,0.1,-0.648024495985469,252,63
bird2,4,58,0.001,-0.6727283446894751,1512,109
bird2,4,58,0.01,-0.6564402891094268,1512,109
bird2,4,58,0.1,-0.645478663767236,1512,109
bird2,5,58,0.001,-0.7111613540116827,9072,163
bird2,5,58,0.01,-0.6838551548863648,9072,163
bird2,5,58,0.1,-0.6644554204110386,9072,163
bird2,0,59,0.001,-1.7677284196408147,1,1
bird2,0,59,0.01,-1.7677284479409399,1,1
bird2,0,59,0.1,-1.7677287312199028,1,1
bird2,1,59,0.001,-0.7610505316584688,7,7
bird2,1,59,0.01,-0.7599759380473579,7,7
bird2,1,59,0.1,-0.7588973102374936,7,7
bird2,2,59,0.001,-0.6934324224588916,42,29
bird2,2,59,0.01,-0.6873508261671769,42,29
bird2,2,59,0.1,-0.6823242474632404,42,29
bird2,3,59,0.001,-0.6975236574507137,252,70
bird2,3,59,0.01,-0.6848594425088981,252,70
bird2,3,59,0.1,-0.6745976463774356,252,70
bird2,4,59,0.001,-0.7013258186847451,1512,123
bird2,4,59,0.01,-0.6849085172070796,1512,123
bird2,4,59,0.1,-0.6727594900454218,1512,123
bird2,5,59,0.001,-0.7324066098609118,9072,187
bird2,5,59,0.01,-0.7075524256690139,9072,187
bird2,5,59,0.1,-0.6895911737100094,9072,187
bird2,0,60,0.001,-1.7707046413319765,1,1
bird2,0,60,0.01,-1.7707046488313098,1,1
bird2,0,60,0.1,-1.770704724111476,1,1
bird2,1,60,0.001,-0.7168860520589225,7,7
bird2,1,60,0.01,-0.7163318713690074,7,7
bird2,1,60,0.1,-0.7158713772307586,7,7
bird2,2,60,0.001,-0.6531620027092739,42,26
bird2,2,60,0.01,-0.6502279092956782,42,26
bird2,2,60,0.1,-0.6477823340957134,42,26
bird2,3,60,0.001,-0.6457131962566782,252,59
bird2,3,60,0.01,-0.6379576969906597,252,59
bird2,3,60,0.1,-0.6318078357649809,252,59
bird2,4,60,0.001,-0.6537920423195666,1512,99
bird2,4,60,0.01,-0.6432620814409651,1512,99
bird2,4,60,0.1,-0.6356321940252889,1512,99
bird2,5,60,0.001,-0.6809788890177957,9072,142
bird2,5,60,0.01,-0.6626827009532673,9072,142
bird2,5,60,0.1,-0.6500213310934903,9072,142
bird2,0,61,0.001,-1.7636910014610836,1,1
bird2,0,61,0.01,-1.763691043801493,1,1
bird2,0,61,0.1,-1.7636914674796584,1,1
bird2,1,61,0.001,-0.7337459386133798,7,7
bird2,1,61,0.01,-0.7332213151258963,7,7
bird2,1,61,0.1,-0.7327359566752502,7,7
bird2,2,61,0.001,-0.6798453426027348,42,23
bird2,2,61,0.01,-0.6749235489116672,42,23
bird2,2,61,0.1,-0.6708430285069544,42,23
bird2,3,61,0.001,-0.6726790505728842,252,56
bird2,3,61,0.01,-0.6655362162235869,252,56
bird2,3,61,0.1,-0.6602596282959148,252,56
bird2,4,61,0.001,-0.6797520994592543,1512,95
bird2,4,61,0.01,-0.6694434973450919,1512,95
bird2,4,61,0.1,-0.6626393686952238,1512,95
bird2,5,61,0.001,-0.7067175749324023,9072,145
bird2,5,61,0.01,-0.6878286951675379,9072,145
bird2,5,61,0.1,-0.6756905157713697,9072,145
bird2,0,62,0.001,-1.7660999248323888,1,1
bird2,0,62,0.01,-1.7660999548348146,1,1
bird2,0,62,0.1,-1.7661002551289997,1,1
bird2,1,62,0.001,-0.7229546494067387,7,7
bird2,1,62,0.01,-0.7217986785381306,7,7
bird2,1,62,0.1,-0.7207157182657065,7,7
bird2,2,62,0.001,-0.6531459524582802,42,21
bird2,2,62,0.01,-0.6476519537638131,42,21
bird2,2,62,0.1,-0.6427870936356228,42,21
bird2,3,62,0.001,-0.6402715412015821,252,49
bird2,3,62,0.01,-0.6328757502178853,252,49
bird2,3,62,0.1,-0.6266837308956991,252,49
bird2,4,62,0.001,-0.6457077082489607,1512,86
bird2,4,62,0.01,-0.6347349897916534,1512,86
bird2,4,62,0.1,-0.6260602865462738,1512,86
bird2,5,62,0.001,-0.6725687909753711,9072,128
bird2,5,62,0.01,-0.6534358342770384,9072,128
bird2,5,62,0.1,-0.638854407818393,9072,128
bird2,0,63,0.001,-1.7592023220022743,1,1
bird2,0,63,0.01,-1.7592023831086414,1,1
bird2,0,63,0.1,-1.7592029944272174,1,1
bird2,1,63,0.001,-0.7151403937828338,7,7
bird2,1,63,0.01,-0.7151520630914092,7,7
bird2,1,63,0.1,-0.7152692428236652,7,7
bird2,2,63,0.001,-0.6486746752202267,42,24
bird2,2,63,0.01,-0.646327017041143,42,24
bird2,2,63,0.1,-0.6444383349005515,42,24
bird2,3,63,0.001,-0.6407035235004629,252,52
bird2,3,63,0.01,-0.636888380604447,252,52
bird2,3,63,0.1,-0.634286725081572,252,52
bird2,4,63,0.001,-0.6414543209583169,1512,90
bird2,4,63,0.01,-0.6324496978287908,1512,90
bird2,4,63,0.1,-0.6264149554704111,1512,90
bird2,5,63,0.001,-0.6591247116840195,9072,133
bird2,5,63,0.01,-0.6460481991224462,9072,133
bird2,5,63,0.1,-0.6378149548657075,9072,133
bird2,0,64,0.001,-1.76469822160049,1,1
bird2,0,64,0.01,-1.7646982581053896,1,1
bird2,0,64,0.1,-1.7646986234213164,1,1
bird2,1,64,0.001,-0.7485503296098478,7,7
bird2,1,64,0.01,-0.7468337760701337,7,7
bird2,1,64,0.1,-0.745177779268904,7,7
bird2,2,64,0.001,-0.6887554215638192,42,27
bird2,2,64,0.01,-0.6839600340490978,42,27
bird2,2,64,0.1,-0.6797861434841798,42,27
bird2,3,64,0.001,-0.6967545231156356,252,60
bird2,3,64,0.01,-0.6869040051068365,252,60
bird2,3,64,0.1,-0.6787353037376458,252,60
bird2,4,64,0.001,-0.7303882912019444,1512,103
bird2,4,64,0.01,-0.7060759216773657,1512,103
bird2,4,64,0.1,-0.6861819049258183,1512,103
bird2,5,64,0.001,-0.7548350201170237,9072,162
bird2,5,64,0.01,-0.7233440164580204,9072,162
bird2,5,64,0.1,-0.6992048402105339,9072,162
bird2,0,65,0.001,-1.7736691457953508,1,1
bird2,0,65,0.01,-1.7736691473719868,1,1
bird2,0,65,0.1,-1.7736691634293869,1,1
bird2,1,65,0.001,-0.7351615740786664,7,7
bird2,1,65,0.01,-0.7340983951595598,7,7
bird2,1,65,0.1,-0.7331461119788323,7,7
bird2,2,65,0.001,-0.662321957988715,42,22
bird2,2,65,0.01,-0.6595386039555856,42,22
bird2,2,65,0.1,-0.6571865637399965,42,22
bird2,3,65,0.001,-0.6553101261554626,252,51
bird2,3,65,0.01,-0.6499276007501867,252,51
bird2,3,65,0.1,-0.6460672347241773,252,51
bird2,4,65,0.001,-0.663323767804087,1512,92
bird2,4,65,0.01,-0.6529037610235213,1512,92
bird2,4,65,0.1,-0.6456457354686461,1512,92
bird2,5,65,0.001,-0.7032594747561032,9072,141
bird2,5,65,0.01,-0.6784919597180763,9072,141
bird2,5,65,0.1,-0.6601665351151157,9072,141
bird2,0,66,0.001,-1.7601071697304038,1,1
bird2,0,66,0.01,-1.7601072286977872,1,1
bird2,0,66,0.1,-1.7601078186357864,1,1
bird2,1,66,0.001,-0.7252838439296301,7,7
bird2,1,66,0.01,-0.7252883434918779,7,7
bird2,1,66,0.1,-0.7253368119691932,7,7
bird2,2,66,0.001,-0.6497583053861766,42,25
bird2,2,66,0.01,-0.6475834965834233,42,25
bird2,2,66,0.1,-0.6461487476983081,42,25
bird2,3,66,0.001,-0.6426997827214355,252,56
bird2,3,66,0.01,-0.6360552962969933,252,56
bird2,3,66,0.1,-0.6309558377055937,252,56
bird2,4,66,0.001,-0.6590858647015996,1512,99
bird2,4,66,0.01,-0.6433678828199025,1512,99
bird2,4,66,0.1,-0.6314750113361005,1512,99
bird2,5,66,0.001,-0.6831920701719589,9072,142
bird2,5,66,0.01,-0.6639650102126006,9072,142
bird2,5,66,0.1,-0.6501605712765255,9072,142
bird2,0,67,0.001,-1.768640977073416,1,1
bird2,0,67,0.01,-1.768640994584472,1,1
bird2,0,67,0.1,-1.7686411699867282,1,1
bird2,1,67,0.001,-0.7394348932401859,7,7
bird2,1,67,0.01,-0.7383694565322357,7,7
bird2,1,67,0.1,-0.7372609584900882,7,7
bird2,2,67,0.001,-0.6763746474010082,42,27
bird2,2,67,0.01,-0.6720320501962586,42,27
bird2,2,67,0.1,-0.6687125730314776,42,27
bird2,3,67,0.001,-0.6947313998216986,252,63
bird2,3,67,0.01,-0.6767050683761578,252,63
bird2,3,67,0.1,-0.6623358023242025,252,63
bird2,4,67,0.001,-0.681806770755223,1512,114
bird2,4,67,0.01,-0.6661491099755636,1512,114
bird2,4,67,0.1,-0.6555228274529951,1512,114
bird2,5,67,0.001,-0.7064832957151216,9072,164
bird2,5,67,0.01,-0.6853534628173706,9072,164
bird2,5,67,0.1,-0.6714598420315537,9072,164
bird2,0,68,0.001,-1.773424033131732,1,1
bird2,0,68,0.01,-1.7734240233397813,1,1
bird2,0,68,0.1,-1.7734239257337583,1,1
bird2,1,68,0.001,-0.7364814477312479,7,7
bird2,1,68,0.01,-0.7359625556540499,7,7
bird2,1,68,0.1,-0.7354318300328155,7,7
bird2,2,68,0.001,-0.6617973800981276,42,29
bird2,2,68,0.01,-0.6597243377484214,42,29
bird2,2,68,0.1,-0.6584872458961896,42,29
bird2,3,68,0.001,-0.6675642172842692,252,67
bird2,3,68,0.01,-0.6559841368762254,252,67
bird2,3,68,0.1,-0.6474367542380925,252,67
bird2,4,68,0.001,-0.6544904153595231,1512,116
bird2,4,68,0.01,-0.6420972722855168,1512,116
bird2,4,68,0.1,-0.6343494841774698,1512,116
bird2,5,68,0.001,-0.6961419227077317,9072,170
bird2,5,68,0.01,-0.6725438755939348,9072,170
bird2,5,68,0.1,-0.656269781473965,9072,170
bird2,0,69,0.001,-1.784829158781052,1,1
bird2,0,69,0.01,-1.784829097563358,1,1
bird2,0,69,0.1,-1.7848284857153447,1,1
bird2,1,69,0.001,-0.7362655267222984,7,7
bird2,1,69,0.01,-0.733974718731365,7,7
bird2,1,69,0.1,-0.7316532601871019,7,7
bird2,2,69,0.001,-0.6652708274963461,42,28
bird2,2,69,0.01,-0.6611142472416813,42,28
bird2,2,69,0.1,-0.6578332429962711,42,28
bird2,3,69,0.001,-0.6742902635825093,252,65
bird2,3,69,0.01,-0.6591269543623303,252,65
bird2,3,69,0.1,-0.647085138806499,252,65
bird2,4,69,0.001,-0.6840096184322931,1512,113
bird2,4,69,0.01,-0.6633345612685446,1512,113
bird2,4,69,0.1,-0.6472105840699258,1512,113
bird2,5,69,0.001,-0.6887915967186133,9072,161
bird2,5,69,0.01,-0.6710288976345941,9072,161
bird2,5,69,0.1,-0.6586371449831961,9072,161
bird2,0,70,0.001,-1.7784829712778916,1,1
bird2,0,70,0.01,-1.7784829362074652,1,1
bird2,0,70,0.1,-1.7784825858270086,1,1
bird2,1,70,0.001,-0.7087574983355387,7,7
bird2,1,70,0.01,-0.7087658056325008,7,7
bird2,1,70,0.1,-0.7088506984740088,7,7
bird2,2,70,0.001,-0.6421923792776147,42,24
bird2,2,70,0.01,-0.6388532382058267,42,24
bird2,2,70,0.1,-0.6361518221741974,42,24
bird2,3,70,0.001,-0.6283691676726119,252,59
bird2,3,70,0.01,-0.6242001270555256,252,59
bird2,3,70,0.1,-0.6217637900500088,252,59
bird2,4,70,0.001,-0.6413345163192908,1512,100
bird2,4,70,0.01,-0.6321816532495013,1512,100
bird2,4,70,0.1,-0.6264599601859058,1512,100
bird2,5,70,0.001,-0.6648663165527389,9072,146
bird2,5,70,0.01,-0.649780951476182,9072,146
bird2,5,70,0.1,-0.640667090975326,9072,146
bird2,0,71,0.001,-1.774338405554535,1,1
bird2,0,71,0.01,-1.7743383939411899,1,1
bird2,0,71,0.1,-1.77433827810914,1,1
bird2,1,71,0.001,-0.7341141699642757,7,7
bird2,1,71,0.01,-0.7335641795170045,7,7
bird2,1,71,0.1,-0.733067266202298,7,7
bird2,2,71,0.001,-0.6705525254176533,42,28
bird2,2,71,0.01,-0.6682849437961484,42,28
bird2,2,71,0.1,-0.6666258710215647,42,28
bird2,3,71,0.001,-0.6692178046972177,252,62
bird2,3,71,0.01,-0.660563381402596,252,62
bird2,3,71,0.1,-0.6541639242894434,252,62
bird2,4,71,0.001,-0.6919533354627931,1512,106
bird2,4,71,0.01,-0.6749620051799944,1512,106
bird2,4,71,0.1,-0.6621882857209045,1512,106
bird2,5,71,0.001,-0.6981704811734185,9072,158
bird2,5,71,0.01,-0.681907801125048,9072,158
bird2,5,71,0.1,-0.6718098578343075,9072,158
bird2,0,72,0.001,-1.7858506694722018,1,1
bird2,0,72,0.01,-1.7858506060311234,1,1
bird2,0,72,0.1,-1.7858499719539305,1,1
bird2,1,72,0.001,-0.7148529210291152,7,7
bird2,1,72,0.01,-0.7137623848934631,7,7
bird2,1,72,0.1,-0.7127643151509926,7,7
bird2,2,72,0.001,-0.6341468505495685,42,23
bird2,2,72,0.01,-0.6324667951792685,42,23
bird2,2,72,0.1,-0.63130923482985,42,23
bird2,3,72,0.001,-0.6233763855786202,252,52
bird2,3,72,0.01,-0.6197159001593164,252,52
bird2,3,72,0.1,-0.6176603500896326,252,52
bird2,4,72,0.001,-0.6239878617205225,1512,89
bird2,4,72,0.01,-0.618037252096807,1512,89
bird2,4,72,0.1,-0.6155483349132858,1512,89
bird2,5,72,0.001,-0.6385845859095157,9072,131
bird2,5,72,0.01,-0.6289925035113859,9072,131
bird2,5,72,0.1,-0.6253084155694407,9072,131
bird2,0,73,0.001,-1.773512263075432,1,1
bird2,0,73,0.01,-1.7735122630396258,1,1
bird2,0,73,0.1,-1.7735122629732023,1,1
bird2,1,73,0.001,-0.7322672212548789,7,7
bird2,1,73,0.01,-0.731172123935517,7,7
bird2,1,73,0.1,-0.730165914762975,7,7
bird2,2,73,0.001,-0.6662548925411375,42,25
bird2,2,73,0.01,-0.6639873550541555,42,25
bird2,2,73,0.1,-0.662194666009093,42,25
bird2,3,73,0.001,-0.666382247558626,252,55
bird2,3,73,0.01,-0.6595863054772128,252,55
bird2,3,73,0.1,-0.6545801740011303,252,55
bird2,4,73,0.001,-0.6948798329639322,1512,95
bird2,4,73,0.01,-0.6757300389069414,1512,95
bird2,4,73,0.1,-0.6608428744591298,1512,95
bird2,5,73,0.001,-0.7256846267768525,9072,142
bird2,5,73,0.01,-0.6969211345774746,9072,142
bird2,5,73,0.1,-0.6756489172283555,9072,142
bird2,0,74,0.001,-1.7795825919088204,1,1
bird2,0,74,0.01,-1.7795825620823897,1,1
bird2,0,74,0.1,-1.7795822641304349,1,1
bird2,1,74,0.001,-0.7304054545553522,7,7
bird2,1,74,0.01,-0.7298658383734193,7,7
bird2,1,74,0.1,-0.729389121795694,7,7
bird2,2,74,0.001,-0.6614340877478067,42,26
bird2,2,74,0.01,-0.658060455286934,42,26
bird2,2,74,0.1,-0.6553987037854244,42,26
bird2,3,74,0.001,-0.6628975392611758,252,57
bird2,3,74,0.01,-0.6536052610516863,252,57
bird2,3,74,0.1,-0.6459740171769734,252,57
bird2,4,74,0.001,-0.6686635863054009,1512,103
bird2,4,74,0.01,-0.6559399932358312,1512,103
bird2,4,74,0.1,-0.6463836116647541,1512,103
bird2,5,74,0.001,-0.6891989595196145,9072,152
bird2,5,74,0.01,-0.6731501609763485,9072,152
bird2,5,74,0.1,-0.6621218087943364,9072,152
bird2,0,75,0.001,-1.7708132073816831,1,1
bird2,0,75,0.01,-1.770813213253446,1,1
bird2,0,75,0.1,-1.770813272273371,1,1
bird2,1,75,0.001,-0.7438224208829755,7,7
bird2,1,75,0.01,-0.7433077997681435,7,7
bird2,1,75,0.1,-0.7427826710995102,7,7
bird2,2,75,0.001,-0.6935095824969653,42,30
bird2,2,75,0.01,-0.6845439015433192,42,30
bird2,2,75,0.1,-0.6771627281126615,42,30
bird2,3,75,0.001,-0.6977082416499022,252,68
bird2,3,75,0.01,-0.6851007447290277,252,68
bird2,3,75,0.1,-0.675169457433743,252,68
bird2,4,75,0.001,-0.7314979823334266,1512,120
bird2,4,75,0.01,-0.7055307421332784,1512,120
bird2,4,75,0.1,-0.6849841415362081,1512,120
bird2,5,75,0.001,-0.7807474777235888,9072,183
bird2,5,75,0.01,-0.7424408116140697,9072,183
bird2,5,75,0.1,-0.7119808917404896,9072,183
bird2,0,76,0.001,-1.7646492858595357,1,1
bird2,0,76,0.01,-1.7646493283466507,1,1
bird2,0,76,0.1,-1.764649753489697,1,1
bird2,1,76,0.001,-0.7281503718838183,7,7
bird2,1,76,0.01,-0.728159709318818,7,7
bird2,1,76,0.1,-0.7282538210555637,7,7
bird2,2,76,0.001,-0.6710869553823609,42,23
bird2,2,76,0.01,-0.6678016666152636,42,23
bird2,2,76,0.1,-0.6650305721250392,42,23
bird2,3,76,0.001,-0.6626649496644286,252,57
bird2,3,76,0.01,-0.6579552528185375,252,57
bird2,3,76,0.1,-0.6548610567589687,252,57
bird2,4,76,0.001,-0.6927309208109179,1512,104
bird2,4,76,0.01,-0.6753410048539027,1512,104
bird2,4,76,0.1,-0.6622647416291302,1512,104
bird2,5,76,0.001,-0.7106157073514612,9072,163
bird2,5,76,0.01,-0.6871217816685253,9072,163
bird2,5,76,0.1,-0.6713156503298507,9072,163
bird2,0,77,0.001,-1.7757909199855286,1,1
bird2,0,77,0.01,-1.7757909086495927,1,1
bird2,0,77,0.1,-1.7757907955934293,1,1
bird2,1,77,0.001,-0.7885513205856435,7,7
bird2,1,77,0.01,-0.7863974831157081,7,7
bird2,1,77,0.1,-0.7842174417461563,7,7
bird2,2,77,0.001,-0.7197246731851712,42,28
bird2,2,77,0.01,-0.7158647823249767,42,28
bird2,2,77,0.1,-0.7128146895313215,42,28
bird2,3,77,0.001,-0.7341394708832397,252,69
bird2,3,77,0.01,-0.717980976280216,252,69
bird2,3,77,0.1,-0.7056526952791102,252,69
bird2,4,77,0.001,-0.740179347339791,1512,129
bird2,4,77,0.01,-0.7177318291789514,1512,129
bird2,4,77,0.1,-0.7019251758280298,1512,129
bird2,5,77,0.001,-0.7829731114690781,9072,202
bird2,5,77,0.01,-0.751044831696966,9072,202
bird2,5,77,0.1,-0.7282769736860611,9072,202
bird2,0,78,0.001,-1.777384179479321,1,1
bird2,0,78,0.01,-1.777384148364778,1,1
bird2,0,78,0.1,-1.7773838375415354,1,1
bird2,1,78,0.001,-0.7576613660752698,7,7
bird2,1,78,0.01,-0.7539202808829857,7,7
bird2,1,78,0.1,-0.7501267050838909,7,7
bird2,2,78,0.001,-0.697651381586528,42,28
bird2,2,78,0.01,-0.6887655883142628,42,28
bird2,2,78,0.1,-0.681090364750297,42,28
bird2,3,78,0.001,-0.6924643951062466,252,68
bird2,3,78,0.01,-0.6786384127813563,252,68
bird2,3,78,0.1,-0.6675871749019218,252,68
bird2,4,78,0.001,-0.6982154392557912,1512,125
bird2,4,78,0.01,-0.6794621705753155,1512,125
bird2,4,78,0.1,-0.6652466454565363,1512,125
bird2,5,78,0.001,-0.7256533910171291,9072,183
bird2,5,78,0.01,-0.7011076138880394,9072,183
bird2,5,78,0.1,-0.6825698940638009,9072,183
bird2,0,79,0.001,-1.7715811712113305,1,1
bird2,0,79,0.01,-1.771581168802578,1,1
bird2,0,79,0.1,-1.771581145018037,1,1
bird2,1,79,0.001,-0.7232788281673098,7,7
bird2,1,79,0.01,-0.7232846010197254,7,7
bird2,1,79,0.1,-0.7233458148822809,7,7
bird2,2,79,0.001,-0.6560284173739125,42,25
bird2,2,79,0.01,-0.6521132909658476,42,25
bird2,2,79,0.1,-0.6491801597804647,42,25
bird2,3,79,0.001,-0.6447564831392915,252,55
bird2,3,79,0.01,-0.6399048500846203,252,55
bird2,3,79,0.1,-0.6368635259080849,252,55
bird2,4,79,0.001,-0.641109474228005,1512,92
bird2,4,79,0.01,-0.6353296128601275,1512,92
bird2,4,79,0.1,-0.6332083937811972,1512,92
bird2,5,79,0.001,-0.6932653425695139,9072,140
bird2,5,79,0.01,-0.6715751042459246,9072,140
bird2,5,79,0.1,-0.6574381532398036,9072,140
bird2,0,80,0.001,-1.7691364979155342,1,1
bird2,0,80,0.01,-1.7691365143337587,1,1
bird2,0,80,0.1,-1.7691366788012728,1,1
bird2,1,80,0.001,-0.722788957033269,7,7
bird2,1,80,0.01,-0.7216988521607729,7,7
bird2,1,80,0.1,-0.7206706582668967,7,7
bird2,2,80,0.001,-0.6726459761865163,42,23
bird2,2,80,0.01,-0.6634999044210962,42,23
bird2,2,80,0.1,-0.655465510766284,42,23
bird2,3,80,0.001,-0.6604903228523994,252,55
bird2,3,80,0.01,-0.649907122885487,252,55
bird2,3,80,0.1,-0.6413397613995998,252,55
bird2,4,80,0.001,-0.6624915626314009,1512,91
bird2,4,80,0.01,-0.6502485177286546,1512,91
bird2,4,80,0.1,-0.6412851379566274,1512,91
bird2,5,80,0.001,-0.6949182233123006,9072,135
bird2,5,80,0.01,-0.6732944920455761,9072,135
bird2,5,80,0.1,-0.6580778604891555,9072,135
bird2,0,81,0.001,-1.781624745658704,1,1
bird2,0,81,0.01,-1.781624710748639,1,1
bird2,0,81,0.1,-1.7816243619647474,1,1
bird2,1,81,0.001,-0.7274947288320187,7,7
bird2,1,81,0.01,-0.7275076732356471,7,7
bird2,1,81,0.1,-0.7276374559015564,7,7
bird2,2,81,0.001,-0.656325791320349,42,23
bird2,2,81,0.01,-0.6547215346075603,42,23
bird2,2,81,0.1,-0.6535083940969252,42,23
bird2,3,81,0.001,-0.6536896279681693,252,53
bird2,3,81,0.01,-0.647281255784854,252,53
bird2,3,81,0.1,-0.6421442631919587,252,53
bird2,4,81,0.001,-0.6661330642295825,1512,94
bird2,4,81,0.01,-0.6527996178288489,1512,94
bird2,4,81,0.1,-0.6421556598957412,1512,94
bird2,5,81,0.001,-0.7016939741060121,9072,146
bird2,5,81,0.01,-0.6798088823949584,9072,146
bird2,5,81,0.1,-0.662850131360629,9072,146
bird2,0,82,0.001,-1.7744805226339944,1,1
bird2,0,82,0.01,-1.7744805156125976,1,1
bird2,0,82,0.1,-1.7744804457011092,1,1
bird2,1,82,0.001,-0.7465442878214615,7,7
bird2,1,82,0.01,-0.7454842335223539,7,7
bird2,1,82,0.1,-0.7444291968863487,7,7
bird2,2,82,0.001,-0.6891939077163074,42,26
bird2,2,82,0.01,-0.6836956149250244,42,26
bird2,2,82,0.1,-0.6790227720307699,42,26
bird2,3,82,0.001,-0.6942896671246046,252,62
bird2,3,82,0.01,-0.680507094928588,252,62
bird2,3,82,0.1,-0.669356920092104,252,62
bird2,4,82,0.001,-0.6985597686120113,1512,117
bird2,4,82,0.01,-0.6795658484146804,1512,117
bird2,4,82,0.1,-0.6653980414430084,1512,117
bird2,5,82,0.001,-0.723883446114548,9072,174
bird2,5,82,0.01,-0.6993293073851761,9072,174
bird2,5,82,0.1,-0.6821466782601671,9072,174
bird2,0,83,0.001,-1.7885294095686095,1,1
bird2,0,83,0.01,-1.7885293346518336,1,1
bird2,0,83,0.1,-1.7885285858286508,1,1
bird2,1,83,0.001,-0.7393381547302884,7,7
bird2,1,83,0.01,-0.7388076941425871,7,7
bird2,1,83,0.1,-0.7382687989431618,7,7
bird2,2,83,0.001,-0.6777946616819872,42,28
bird2,2,83,0.01,-0.6734509047582076,42,28
bird2,2,83,0.1,-0.6699675463020353,42,28
bird2,3,83,0.001,-0.6799993487515702,252,65
bird2,3,83,0.01,-0.6688360250214546,252,65
bird2,3,83,0.1,-0.6601595569723339,252,65
bird2,4,83,0.001,-0.6733331481041674,1512,118
bird2,4,83,0.01,-0.6601723683568659,1512,118
bird2,4,83,0.1,-0.6514929348639341,1512,118
bird2,5,83,0.001,-0.6967888962743471,9072,173
bird2,5,83,0.01,-0.6804292847043325,9072,173
bird2,5,83,0.1,-0.6699857238692201,9072,173
bird2,0,84,0.001,-1.772927405291052,1,1
bird2,0,84,0.01,-1.7729274042720604,1,1
bird2,0,84,0.1,-1.7729273943715638,1,1
bird2,1,84,0.001,-0.7346068194741788,7,7
bird2,1,84,0.01,-0.733459148052957,7,7
bird2,1,84,0.1,-0.7323536752519331,7,7
bird2,2,84,0.001,-0.6793976416731534,42,25
bird2,2,84,0.01,-0.6733830173682033,42,25
bird2,2,84,0.1,-0.6679896838171264,42,25
bird2,3,84,0.001,-0.6852710031053127,252,58
bird2,3,84,0.01,-0.671493095585426,252,58
bird2,3,84,0.1,-0.659450502417536,252,58
bird2,4,84,0.001,-0.6833656791231694,1512,102
bird2,4,84,0.01,-0.668481097133721,1512,102
bird2,4,84,0.1,-0.65681196451,1512,102
bird2,5,84,0.001,-0.7209624026914245,9072,155
bird2,5,84,0.01,-0.6949821266656049,9072,155
bird2,5,84,0.1,-0.6753133357787778,9072,155
bird2,0,85,0.001,-1.779078605674739,1,1
bird2,0,85,0.01,-1.7790785717371458,1,1
bird2,0,85,0.1,-1.7790782326860968,1,1
bird2,1,85,0.001,-0.7118775033331145,7,7
bird2,1,85,0.01,-0.7118890900705909,7,7
bird2,1,85,0.1,-0.7120055790350186,7,7
bird2,2,85,0.001,-0.6378702986720409,42,23
bird2,2,85,0.01,-0.6357003016909353,42,23
bird2,2,85,0.1,-0.6338917128065978,42,23
bird2,3,85,0.001,-0.628657867593402,252,56
bird2,3,85,0.01,-0.6221719917044894,252,56
bird2,3,85,0.1,-0.6171317842224777,252,56
bird2,4,85,0.001,-0.6499105488464597,1512,97
bird2,4,85,0.01,-0.6346605652921132,1512,97
bird2,4,85,0.1,-0.6228111184024652,1512,97
bird2,5,85,0.001,-0.6748290593052353,9072,143
bird2,5,85,0.01,-0.6537729693601098,9072,143
bird2,5,85,0.1,-0.638553614124853,9072,143
bird2,0,86,0.001,-1.7766019107687232,1,1
bird2,0,86,0.01,-1.7766018954409366,1,1
bird2,0,86,0.1,-1.7766017424671845,1,1
bird2,1,86,0.001,-0.7152030084380466,7,7
bird2,1,86,0.01,-0.7152098593579452,7,7
bird2,1,86,0.1,-0.7152816881292275,7,7
bird2,2,86,0.001,-0.6436090200268576,42,21
bird2,2,86,0.01,-0.6425194257588898,42,21
bird2,2,86,0.1,-0.6419057914976039,42,21
bird2,3,86,0.001,-0.6375280191277859,252,49
bird2,3,86,0.01,-0.6326729826228428,252,49
bird2,3,86,0.1,-0.6292586778718072,252,49
bird2,4,86,0.001,-0.6419483732439234,1512,89
bird2,4,86,0.01,-0.6339879208486854,1512,89
bird2,4,86,0.1,-0.628939603398438,1512,89
bird2,5,86,0.001,-0.6751550433657993,9072,135
bird2,5,86,0.01,-0.6562490228837826,9072,135
bird2,5,86,0.1,-0.6432146397799074,9072,135
bird2,0,87,0.001,-1.7757987942472657,1,1
bird2,0,87,0.01,-1.7757987808292648,1,1
bird2,0,87,0.1,-1.775798646961824,1,1
bird2,1,87,0.001,-0.7378401641413466,7,7
bird2,1,87,0.01,-0.7368245638508896,7,7
bird2,1,87,0.1,-0.735865212039828,7,7
bird2,2,87,0.001,-0.6761882509051185,42,24
bird2,2,87,0.01,-0.6719523454113037,42,24
bird2,2,87,0.1,-0.6683647769302548,42,24
bird2,3,87,0.001,-0.6691803682208678,252,58
bird2,3,87,0.01,-0.6623529764940507,252,58
bird2,3,87,0.1,-0.6573598868997219,252,58
bird2,4,87,0.001,-0.6646825560667095,1512,103
bird2,4,87,0.01,-0.6568490225397073,1512,103
bird2,4,87,0.1,-0.6528530928638256,1512,103
bird2,5,87,0.001,-0.7208377991505946,9072,152
bird2,5,87,0.01,-0.6930670189611375,9072,152
bird2,5,87,0.1,-0.6736170579191469,9072,152
bird2,0,88,0.001,-1.7629219877602087,1,1
bird2,0,88,0.01,-1.7629220373724241,1,1
bird2,0,88,0.1,-1.7629225337633747,1,1
bird2,1,88,0.001,-0.7365671334594714,7,7
bird2,1,88,0.01,-0.7355187646615835,7,7
bird2,1,88,0.1,-0.7345529511437923,7,7
bird2,2,88,0.001,-0.6704448161891212,42,24
bird2,2,88,0.01,-0.6665881418020948,42,24
bird2,2,88,0.1,-0.663301552128588,42,24
bird2,3,88,0.001,-0.6595953650916132,252,55
bird2,3,88,0.01,-0.6536288730828286,252,55
bird2,3,88,0.1,-0.6492323999498796,252,55
bird2,4,88,0.001,-0.6669200770172136,1512,99
bird2,4,88,0.01,-0.6553027308168529,1512,99
bird2,4,88,0.1,-0.6476223415805828,1512,99
bird2,5,88,0.001,-0.6994825739552516,9072,150
bird2,5,88,0.01,-0.6771428160544692,9072,150
bird2,5,88,0.1,-0.6620958545733957,9072,150
bird2,0,89,0.001,-1.7712797465504582,1,1
bird2,0,89,0.01,-1.7712797490654921,1,1
bird2,0,89,0.1,-1.771279774514647,1,1
bird2,1,89,0.001,-0.7127502554845304,7,7
bird2,1,89,0.01,-0.712761894282202,7,7
bird2,1,89,0.1,-0.712878935239263,7,7
bird2,2,89,0.001,-0.6454842378767046,42,24
bird2,2,89,0.01,-0.6421522822719345,42,24
bird2,2,89,0.1,-0.6393408332545215,42,24
bird2,3,89,0.001,-0.6390736483607956,252,55
bird2,3,89,0.01,-0.6330471797285359,252,55
bird2,3,89,0.1,-0.6284544158356978,252,55
bird2,4,89,0.001,-0.6579677153045381,1512,98
bird2,4,89,0.01,-0.6420414468637325,1512,98
bird2,4,89,0.1,-0.6295912960540844,1512,98
bird2,5,89,0.001,-0.6693257901575475,9072,142
bird2,5,89,0.01,-0.6542510686727674,9072,142
bird2,5,89,0.1,-0.6442213034115244,9072,142
bird2,0,90,0.001,-1.77338562090851,1,1
bird2,0,90,0.01,-1.7733856190509973,1,1
bird2,0,90,0.1,-1.7733856007763518,1,1
bird2,1,90,0.001,-0.7236734170263536,7,7
bird2,1,90,0.01,-0.7236801508594369,7,7
bird2,1,90,0.1,-0.7237499943499603,7,7
bird2,2,90,0.001,-0.6566591483890752,42,25
bird2,2,90,0.01,-0.6556092215141589,42,25
bird2,2,90,0.1,-0.6551242011254439,42,25
bird2,3,90,0.001,-0.6571132161364025,252,56
bird2,3,90,0.01,-0.6506330264896283,252,56
bird2,3,90,0.1,-0.6461653901415254,252,56
bird2,4,90,0.001,-0.6599168799550416,1512,102
bird2,4,90,0.01,-0.6489473905199731,1512,102
bird2,4,90,0.1,-0.6417227257909108,1512,102
bird2,5,90,0.001,-0.6939655669108633,9072,152
bird2,5,90,0.01,-0.674208598674515,9072,152
bird2,5,90,0.1,-0.6606033444434651,9072,152
bird2,0,91,0.001,-1.7730032643255065,1,1
bird2,0,91,0.01,-1.7730032640922158,1,1
bird2,0,91,0.1,-1.7730032620683593,1,1
bird2,1,91,0.001,-0.7438463264833377,7,7
bird2,1,91,0.01,-0.7433427178212664,7,7
bird2,1,91,0.1,-0.7428031015030869,7,7
bird2,2,91,0.001,-0.6789654446029697,42,31
bird2,2,91,0.01,-0.6754160527741855,42,31
bird2,2,91,0.1,-0.6728713506128936,42,31
bird2,3,91,0.001,-0.6830347949696425,252,69
bird2,3,91,0.01,-0.6702483946065554,252,69
bird2,3,91,0.1,-0.6605790309073516,252,69
bird2,4,91,0.001,-0.6841362017370166,1512,124
bird2,4,91,0.01,-0.6691301164643154,1512,124
bird2,4,91,0.1,-0.659044495922618,1512,124
bird2,5,91,0.001,-0.710388477545699,9072,178
bird2,5,91,0.01,-0.690294428728368,9072,178
bird2,5,91,0.1,-0.6768670692243054,9072,178
bird2,0,92,0.001,-1.7891698575239838,1,1
bird2,0,92,0.01,-1.7891697736802297,1,1
bird2,0,92,0.1,-1.7891689355921518,1,1
bird2,1,92,0.001,-0.7333105955740105,7,7
bird2,1,92,0.01,-0.7322107243158891,7,7
bird2,1,92,0.1,-0.731051974235064,7,7
bird2,2,92,0.001,-0.6778749852426782,42,27
bird2,2,92,0.01,-0.6728142400383823,42,27
bird2,2,92,0.1,-0.6689077406924574,42,27
bird2,3,92,0.001,-0.684544773162839,252,61
bird2,3,92,0.01,-0.6701815772517667,252,61
bird2,3,92,0.1,-0.6589967137496641,252,61
bird2,4,92,0.001,-0.671912998473097,1512,106
bird2,4,92,0.01,-0.6592957706275326,1512,106
bird2,4,92,0.1,-0.6508414776135717,1512,106
bird2,5,92,0.001,-0.6951714558350026,9072,152
bird2,5,92,0.01,-0.6777527450031515,9072,152
bird2,5,92,0.1,-0.6661080376828964,9072,152
bird2,0,93,0.001,-1.768187590773396,1,1
bird2,0,93,0.01,-1.7681876181231806,1,1
bird2,0,93,0.1,-1.7681878919002656,1,1
bird2,1,93,0.001,-0.7272099411426526,7,7
bird2,1,93,0.01,-0.7266931770231992,7,7
bird2,1,93,0.1,-0.7262697488540695,7,7
bird2,2,93,0.001,-0.6632242137720067,42,23
bird2,2,93,0.01,-0.6610564974073874,42,23
bird2,2,93,0.1,-0.6594278557693855,42,23
bird2,3,93,0.001,-0.654839871896283,252,55
bird2,3,93,0.01,-0.6507531602152339,252,55
bird2,3,93,0.1,-0.6481768814282036,252,55
bird2,4,93,0.001,-0.6814628594490119,1512,100
bird2,4,93,0.01,-0.6648177772907548,1512,100
bird2,4,93,0.1,-0.652207383692837,1512,100
bird2,5,93,0.001,-0.7027422109372314,9072,149
bird2,5,93,0.01,-0.6785583789204307,9072,149
bird2,5,93,0.1,-0.6611326715101078,9072,149
bird2,0,94,0.001,-1.7642057699281144,1,1
bird2,0,94,0.01,-1.7642058113498185,1,1
bird2,0,94,0.1,-1.7642062258390898,1,1
bird2,1,94,0.001,-0.7693107822397688,7,7
bird2,1,94,0.01,-0.7687567800226704,7,7
bird2,1,94,0.1,-0.7681031101611842,7,7
bird2,2,94,0.001,-0.7080995191462612,42,29
bird2,2,94,0.01,-0.7008180885469233,42,29
bird2,2,94,0.1,-0.694760205508642,42,29
bird2,3,94,0.001,-0.7156802683634294,252,70
bird2,3,94,0.01,-0.7028834383662291,252,70
bird2,3,94,0.1,-0.6926563887976497,252,70
bird2,4,94,0.001,-0.749973649861293,1512,127
bird2,4,94,0.01,-0.7261750885807775,1512,127
bird2,4,94,0.1,-0.7073340177889422,1512,127
bird2,5,94,0.001,-0.7856744482808047,9072,194
bird2,5,94,0.01,-0.7519698792915548,9072,194
bird2,5,94,0.1,-0.7270894894414797,9072,194
bird2,0,95,0.001,-1.7710793286611433,1,1
bird2,0,95,0.01,-1.771079334019148,1,1
bird2,0,95,0.1,-1.7710793878866504,1,1
bird2,1,95,0.001,-0.7124767227286992,7,7
bird2,1,95,0.01,-0.7124816973831288,7,7
bird2,1,95,0.1,-0.7125352076443988,7,7
bird2,2,95,0.001,-0.6563297938430604,42,25
bird2,2,95,0.01,-0.6539914293988018,42,25
bird2,2,95,0.1,-0.6520405772532826,42,25
bird2,3,95,0.001,-0.6580117703869214,252,57
bird2,3,95,0.01,-0.64963961627788,252,57
bird2,3,95,0.1,-0.6427226291616837,252,57
bird2,4,95,0.001,-0.6631981590596685,1512,98
bird2,4,95,0.01,-0.6512993280357519,1512,98
bird2,4,95,0.1,-0.6422380317269049,1512,98
bird2,5,95,0.001,-0.6926731872881607,9072,142
bird2,5,95,0.01,-0.6758691385344437,9072,142
bird2,5,95,0.1,-0.6636278849946691,9072,142
bird2,0,96,0.001,-1.7778347440631312,1,1
bird2,0,96,0.01,-1.777834725149621,1,1
bird2,0,96,0.1,-1.7778345363178258,1,1
bird2,1,96,0.001,-0.7374519949567945,7,7
bird2,1,96,0.01,-0.7369118888040723,7,7
bird2,1,96,0.1,-0.7364471828268963,7,7
bird2,2,96,0.001,-0.665798358457702,42,23
bird2,2,96,0.01,-0.6647043024193765,42,23
bird2,2,96,0.1,-0.6641262078099853,42,23
bird2,3,96,0.001,-0.6827530274990743,252,54
bird2,3,96,0.01,-0.6717454759966365,252,54
bird2,3,96,0.1,-0.6631072512913581,252,54
bird2,4,96,0.001,-0.6898978794348238,1512,99
bird2,4,96,0.01,-0.6727297969173072,1512,99
bird2,4,96,0.1,-0.6602097029961795,1512,99
bird2,5,96,0.001,-0.7366166185067734,9072,157
bird2,5,96,0.01,-0.7066129764340648,9072,157
bird2,5,96,0.1,-0.6835315370516083,9072,157
bird2,0,97,0.001,-1.7651541369365165,1,1
bird2,0,97,0.01,-1.765154169411905,1,1
bird2,0,97,0.1,-1.7651544944431943,1,1
bird2,1,97,0.001,-0.7204779966835854,7,7
bird2,1,97,0.01,-0.7193861857131468,7,7
bird2,1,97,0.1,-0.7184030732428054,7,7
bird2,2,97,0.001,-0.6507065292872646,42,23
bird2,2,97,0.01,-0.6484282139010324,42,23
bird2,2,97,0.1,-0.6465884734056901,42,23
bird2,3,97,0.001,-0.6426498916285208,252,49
bird2,3,97,0.01,-0.6357081588398764,252,49
bird2,3,97,0.1,-0.6300448489014185,252,49
bird2,4,97,0.001,-0.6488677036657139,1512,84
bird2,4,97,0.01,-0.6364595490404266,1512,84
bird2,4,97,0.1,-0.6268899772397702,1512,84
bird2,5,97,0.001,-0.6557458687125373,9072,122
bird2,5,97,0.01,-0.6412943923619163,9072,122
bird2,5,97,0.1,-0.6314058799051631,9072,122
bird2,0,98,0.001,-1.7670669972757607,1,1
bird2,0,98,0.01,-1.7670670306552505,1,1
bird2,0,98,0.1,-1.7670673647220683,1,1
bird2,1,98,0.001,-0.7209493326763641,7,7
bird2,1,98,0.01,-0.7209617836750938,7,7
bird2,1,98,0.1,-0.7210867326891897,7,7
bird2,2,98,0.001,-0.652350449560398,42,22
bird2,2,98,0.01,-0.6506763091400245,42,22
bird2,2,98,0.1,-0.649407510261982,42,22
bird2,3,98,0.001,-0.6430783507969112,252,51
bird2,3,98,0.01,-0.6400835853851483,252,51
bird2,3,98,0.1,-0.6382008261603854,252,51
bird2,4,98,0.001,-0.6431866897207519,1512,89
bird2,4,98,0.01,-0.6353909726591009,1512,89
bird2,4,98,0.1,-0.630515018040221,1512,89
bird2,5,98,0.001,-0.671850623771234,9072,134
bird2,5,98,0.01,-0.6548340737678203,9072,134
bird2,5,98,0.1,-0.6441911047841936,9072,134
bird2,0,99,0.001,-1.7718570776650975,1,1
bird2,0,99,0.01,-1.7718570799411582,1,1
bird2,0,99,0.1,-1.7718571030012071,1,1
bird2,1,99,0.001,-0.7362398931818056,7,7
bird2,1,99,0.01,-0.7357190701612972,7,7
bird2,1,99,0.1,-0.7352438790139245,7,7
bird2,2,99,0.001,-0.66310698844466,42,28
bird2,2,99,0.01,-0.6609600426811224,42,28
bird2,2,99,0.1,-0.6594398680368808,42,28
bird2,3,99,0.001,-0.6644670159245912,252,63
bird2,3,99,0.01,-0.6556166774381474,252,63
bird2,3,99,0.1,-0.6489134127854346,252,63
bird2,4,99,0.001,-0.6891337451810005,1512,110
bird2,4,99,0.01,-0.6711363774050371,1512,110
bird2,4,99,0.1,-0.6572033874396221,1512,110
bird2,5,99,0.001,-0.7162575867919176,9072,160
bird2,5,99,0.01,-0.6935355629613972,9072,160
bird2,5,99,0.1,-0.6771181303030754,9072,160
bird2,0,100,0.001,-1.7681427013393745,1,1
bird2,0,100,0.01,-1.7681427221627677,1,1
bird2,0,100,0.1,-1.7681429306839964,1,1
bird2,1,100,0.001,-0.7248817193804719,7,7
bird2,1,100,0.01,-0.7248874737403013,7,7
bird2,1,100,0.1,-0.724947568028455,7,7
bird2,2,100,0.001,-0.6542282280884898,42,27
bird2,2,100,0.01,-0.6531950735181086,42,27
bird2,2,100,0.1,-0.6528027153998865,42,27
bird2,3,100,0.001,-0.652166988402552,252,59
bird2,3,100,0.01,-0.647558924913895,252,59
bird2,3,100,0.1,-0.6447949198426324,252,59
bird2,4,100,0.001,-0.667212203506028,1512,101
bird2,4,100,0.01,-0.6533394349250156,1512,101
bird2,4,100,0.1,-0.643858601914362,1512,101
bird2,5,100,0.001,-0.6900555180485396,9072,147
bird2,5,100,0.01,-0.6708970521905102,9072,147
bird2,5,100,0.1,-0.657934667942821,9072,147
bird3,0,1,0.001,-1.5405260445648088,1,1
bird3,0,1,0.01,-1.5405260487174506,1,1
bird3,0,1,0.1,-1.5405260902563005,1,1
bird3,1,1,0.001,-0.6419800960257285,5,5
bird3,1,1,0.01,-0.6417288862147937,5,5
bird3,1,1,0.1,-0.6414865260419229,5,5
bird3,2,1,0.001,-0.6219708737238635,20,14
bird3,2,1,0.01,-0.6217003380185994,20,14
bird3,2,1,0.1,-0.6214795421772185,20,14
bird3,3,1,0.001,-0.6243676314621476,80,30
bird3,3,1,0.01,-0.623774598458912,80,30
bird3,3,1,0.1,-0.6233483629068348,80,30
bird3,4,1,0.001,-0.6303892155868741,320,52
bird3,4,1,0.01,-0.6291014861464688,320,52
bird3,4,1,0.1,-0.6282793896570552,320,52
bird3,5,1,0.001,-0.6292390393385986,1280,87
bird3,5,1,0.01,-0.626453407338819,1280,87
bird3,5,1,0.1,-0.6245392350711962,1280,87
bird3,0,2,0.001,-1.5394264112812386,1,1
bird3,0,2,0.01,-1.5394264172452325,1,1
bird3,0,2,0.1,-1.5394264768972536,1,1
bird3,1,2,0.001,-0.6420682500876607,5,5
bird3,1,2,0.01,-0.6418150591224983,5,5
bird3,1,2,0.1,-0.6415610071554629,5,5
bird3,2,2,0.001,-0.6300587147165447,20,17
bird3,2,2,0.01,-0.6297877425034447,20,17
bird3,2,2,0.1,-0.6295934093855525,20,17
bird3,3,2,0.001,-0.6322922724171736,80,34
bird3,3,2,0.01,-0.6320077307268256,80,34
bird3,3,2,0.1,-0.6319365680211578,80,34
bird3,4,2,0.001,-0.6355988171197678,320,57
bird3,4,2,0.01,-0.6343241730899897,320,57
bird3,4,2,0.1,-0.6337254599074966,320,57
bird3,5,2,0.001,-0.637548165872824,1280,92
bird3,5,2,0.01,-0.6333380465604187,1280,92
bird3,5,2,0.1,-0.6306948213237795,1280,92
bird3,0,3,0.001,-1.5355396278661364,1,1
bird3,0,3,0.01,-1.5355396396433354,1,1
bird3,0,3,0.1,-1.5355397574261143,1,1
bird3,1,3,0.001,-0.6323843460871751,5,5
bird3,1,3,0.01,-0.6323857168427782,5,5
bird3,1,3,0.1,-0.6323995005633919,5,5
bird3,2,3,0.001,-0.6187173880873152,20,16
bird3,2,3,0.01,-0.6187220572645956,20,16
bird3,2,3,0.1,-0.6187690452196648,20,16
bird3,3,3,0.001,-0.627332961415233,80,35
bird3,3,3,0.01,-0.6251039829069468,80,35
bird3,3,3,0.1,-0.6232560980183637,80,35
bird3,4,3,0.001,-0.6362291579055641,320,59
bird3,4,3,0.01,-0.6327282158411236,320,59
bird3,4,3,0.1,-0.6298797655070743,320,59
bird3,5,3,0.001,-0.6314171054842039,1280,95
bird3,5,3,0.01,-0.6265558369635714,1280,95
bird3,5,3,0.1,-0.6229377352021285,1280,95
bird3,0,4,0.001,-1.5493882361130291,1,1
bird3,0,4,0.01,-1.5493882272329718,1,1
bird3,0,4,0.1,-1.5493881384472272,1,1
bird3,1,4,0.001,-0.6567227719686828,5,5
bird3,1,4,0.01,-0.6564760499147967,5,5
bird3,1,4,0.1,-0.6562297112059622,5,5
bird3,2,4,0.001,-0.6403909258425332,20,17
bird3,2,4,0.01,-0.6398569784767647,20,17
bird3,2,4,0.1,-0.6394061848360533,20,17
bird3,3,4,0.001,-0.6461851186885099,80,39
bird3,3,4,0.01,-0.6438497582358036,80,39
bird3,3,4,0.1,-0.6419588491493013,80,39
bird3,4,4,0.001,-0.6593254078915033,320,69
bird3,4,4,0.01,-0.6545313981535165,320,69
bird3,4,4,0.1,-0.6506366826987362,320,69
bird3,5,4,0.001,-0.6653763759184351,1280,114
bird3,5,4,0.01,-0.6578547320145098,1280,114
bird3,5,4,0.1,-0.652090295903202,1280,114
bird3,0,5,0.001,-1.5395515359339358,1,1
bird3,0,5,0.01,-1.5395515417145775,1,1
bird3,0,5,0.1,-1.5395515995334699,1,1
bird3,1,5,0.001,-0.6382673199606929,5,5
bird3,1,5,0.01,-0.6380297992325009,5,5
bird3,1,5,0.1,-0.6378101605475918,5,5
bird3,2,5,0.001,-0.6242368532721373,20,14
bird3,2,5,0.01,-0.623980676748833,20,14
bird3,2,5,0.1,-0.623780128626424,20,14
bird3,3,5,0.001,-0.6246248469420644,80,27
bird3,3,5,0.01,-0.6237806519795911,80,27
bird3,3,5,0.1,-0.6230732005277122,80,27
bird3,4,5,0.001,-0.627132516807716,320,46
bird3,4,5,0.01,-0.6259203445883768,320,46
bird3,4,5,0.1,-0.6250099237309519,320,46
bird3,5,5,0.001,-0.6201736700739573,1280,81
bird3,5,5,0.01,-0.6189150362801974,1280,81
bird3,5,5,0.1,-0.6183719787605111,1280,81
bird3,0,6,0.001,-1.5367586134142803,1,1
bird3,0,6,0.01,-1.5367586263219508,1,1
bird3,0,6,0.1,-1.5367587554087097,1,1
bird3,1,6,0.001,-0.6343762664827685,5,5
bird3,1,6,0.01,-0.6341172966672168,5,5
bird3,1,6,0.1,-0.6338672799607269,5,5
bird3,2,6,0.001,-0.6253388690350818,20,17
bird3,2,6,0.01,-0.6247622726511474,20,17
bird3,2,6,0.1,-0.6242432578992488,20,17
bird3,3,6,0.001,-0.6212808490133931,80,34
bird3,3,6,0.01,-0.6197026977723206,80,34
bird3,3,6,0.1,-0.6183791545862753,80,34
bird3,4,6,0.001,-0.6358995241166067,320,56
bird3,4,6,0.01,-0.6334911693755056,320,56
bird3,4,6,0.1,-0.6316208115397167,320,56
bird3,5,6,0.001,-0.6439918187824485,1280,87
bird3,5,6,0.01,-0.6365870783630295,1280,87
bird3,5,6,0.1,-0.6306398068091021,1280,87
bird3,0,7,0.001,-1.529016288112098,1,1
bird3,0,7,0.01,-1.5290163115363127,1,1
bird3,0,7,0.1,-1.529016545787225,1,1
bird3,1,7,0.001,-0.6383153076578468,5,5
bird3,1,7,0.01,-0.6380656816980568,5,5
bird3,1,7,0.1,-0.6378161136952153,5,5
bird3,2,7,0.001,-0.6195652884749974,20,17
bird3,2,7,0.01,-0.6195732584912234,20,17
bird3,2,7,0.1,-0.619652312115216,20,17
bird3,3,7,0.001,-0.6280677652970631,80,37
bird3,3,7,0.01,-0.6247831222724987,80,37
bird3,3,7,0.1,-0.6219836857942974,80,37
bird3,4,7,0.001,-0.6388517769848292,320,68
bird3,4,7,0.01,-0.6352869481394507,320,68
bird3,4,7,0.1,-0.6323574722770248,320,68
bird3,5,7,0.001,-0.6396071754645474,1280,111
bird3,5,7,0.01,-0.6344152038494342,1280,111
bird3,5,7,0.1,-0.6303144526139212,1280,111
bird3,0,8,0.001,-1.5369012574258365,1,1
bird3,0,8,0.01,-1.5369012662489656,1,1
bird3,0,8,0.1,-1.5369013544922328,1,1
bird3,1,8,0.001,-0.6362304504997409,5,5
bird3,1,8,0.01,-0.6359852772040665,5,5
bird3,1,8,0.1,-0.635746147132315,5,5
bird3,2,8,0.001,-0.6205199563696414,20,15
bird3,2,8,0.01,-0.6202539708900916,20,15
bird3,2,8,0.1,-0.6200450239669659,20,15
bird3,3,8,0.001,-0.6182141018407514,80,30
bird3,3,8,0.01,-0.6173390117317326,80,30
bird3,3,8,0.1,-0.6166594850418186,80,30
bird3,4,8,0.001,-0.6238355821728241,320,52
bird3,4,8,0.01,-0.6222567335883501,320,52
bird3,4,8,0.1,-0.6211661926606812,320,52
bird3,5,8,0.001,-0.6283697058022999,1280,89
bird3,5,8,0.01,-0.6238792590558278,1280,89
bird3,5,8,0.1,-0.6205784705108971,1280,89
bird3,0,9,0.001,-1.5560530667502017,1,1
bird3,0,9,0.01,-1.5560530475827667,1,1
bird3,0,9,0.1,-1.55605285592475,1,1
bird3,1,9,0.001,-0.6672102299310476,5,5
bird3,1,9,0.01,-0.6672089700896293,5,5
bird3,1,9,0.1,-0.6671967359503893,5,5
bird3,2,9,0.001,-0.6409715471271161,20,16
bird3,2,9,0.01,-0.6409790891686427,20,16
bird3,2,9,0.1,-0.6410532022925536,20,16
bird3,3,9,0.001,-0.642345629143456,80,37
bird3,3,9,0.01,-0.6414450465280829,80,37
bird3,3,9,0.1,-0.6409723769199177,80,37
bird3,4,9,0.001,-0.649411848025754,320,64
bird3,4,9,0.01,-0.6474497974919895,320,64
bird3,4,9,0.1,-0.6466517324445707,320,64
bird3,5,9,0.001,-0.6633149596249907,1280,107
bird3,5,9,0.01,-0.6530721129634113,1280,107
bird3,5,9,0.1,-0.6454273749545886,1280,107
bird3,0,10,0.001,-1.5452196514255951,1,1
bird3,0,10,0.01,-1.545219647867263,1,1
bird3,0,10,0.1,-1.545219612297946,1,1
bird3,1,10,0.001,-0.6400713954523293,5,5
bird3,1,10,0.01,-0.6400730829991904,5,5
bird3,1,10,0.1,-0.6400900120086375,5,5
bird3,2,10,0.001,-0.6233728268270355,20,15
bird3,2,10,0.01,-0.6233789240132274,20,15
bird3,2,10,0.1,-0.6234395596556757,20,15
bird3,3,10,0.001,-0.6172847719965698,80,30
bird3,3,10,0.01,-0.6170049896947278,80,30
bird3,3,10,0.1,-0.6168778842005321,80,30
bird3,4,10,0.001,-0.6172823513002369,320,52
bird3,4,10,0.01,-0.6154017648375552,320,52
bird3,4,10,0.1,-0.6139039401515662,320,52
bird3,5,10,0.001,-0.6115758574735103,1280,88
bird3,5,10,0.01,-0.6089149918996638,1280,88
bird3,5,10,0.1,-0.6070645705074299,1280,88
bird3,0,11,0.001,-1.5477517636783988,1,1
bird3,0,11,0.01,-1.5477517573588635,1,1
bird3,0,11,0.1,-1.547751694177812,1,1
bird3,1,11,0.001,-0.6478408285769413,5,5
bird3,1,11,0.01,-0.6475935346636243,5,5
bird3,1,11,0.1,-0.6473456328380656,5,5
bird3,2,11,0.001,-0.6238115428709733,20,18
bird3,2,11,0.01,-0.6232843048404548,20,18
bird3,2,11,0.1,-0.6228564552522977,20,18
bird3,3,11,0.001,-0.6319635742809282,80,37
bird3,3,11,0.01,-0.6293659174110076,80,37
bird3,3,11,0.1,-0.6271786398600071,80,37
bird3,4,11,0.001,-0.640132581641394,320,64
bird3,4,11,0.01,-0.6357300543016986,320,64
bird3,4,11,0.1,-0.632154444218785,320,64
bird3,5,11,0.001,-0.6446481751051585,1280,108
bird3,5,11,0.01,-0.6371767622595591,1280,108
bird3,5,11,0.1,-0.6311601498309387,1280,108
bird3,0,12,0.001,-1.539141241276253,1,1
bird3,0,12,0.01,-1.5391412485923297,1,1
bird3,0,12,0.1,-1.539141321764236,1,1
bird3,1,12,0.001,-0.6376122436180052,5,5
bird3,1,12,0.01,-0.6373379042592445,5,5
bird3,1,12,0.1,-0.6370527402751568,5,5
bird3,2,12,0.001,-0.6232378739637606,20,17
bird3,2,12,0.01,-0.6205812667678408,20,17
bird3,2,12,0.1,-0.6183594157813936,20,17
bird3,3,12,0.001,-0.6246064221521797,80,35
bird3,3,12,0.01,-0.6226483452637342,80,35
bird3,3,12,0.1,-0.6210824905864696,80,35
bird3,4,12,0.001,-0.6361438369731763,320,61
bird3,4,12,0.01,-0.6336047499842341,320,61
bird3,4,12,0.1,-0.63163811665369,320,61
bird3,5,12,0.001,-0.633872911742759,1280,101
bird3,5,12,0.01,-0.6292081099407397,1280,101
bird3,5,12,0.1,-0.6258692374341976,1280,101
bird3,0,13,0.001,-1.5387249694420417,1,1
bird3,0,13,0.01,-1.538724973884167,1,1
bird3,0,13,0.1,-1.5387250183185033,1,1
bird3,1,13,0.001,-0.6411293865931772,5,5
bird3,1,13,0.01,-0.6411294832996034,5,5
bird3,1,13,0.1,-0.641130714790688,5,5
bird3,2,13,0.001,-0.6230617509576897,20,16
bird3,2,13,0.01,-0.6228026116696307,20,16
bird3,2,13,0.1,-0.6226373417257793,20,16
bird3,3,13,0.001,-0.625150105089589,80,35
bird3,3,13,0.01,-0.6234077460294285,80,35
bird3,3,13,0.1,-0.6220075446462653,80,35
bird3,4,13,0.001,-0.6237464877581665,320,59
bird3,4,13,0.01,-0.6225133580261412,320,59
bird3,4,13,0.1,-0.621812452000389,320,59
bird3,5,13,0.001,-0.6262302095719923,1280,97
bird3,5,13,0.01,-0.6235576944117532,1280,97
bird3,5,13,0.1,-0.6220527938556443,1280,97
bird3,0,14,0.001,-1.5397301293640404,1,1
bird3,0,14,0.01,-1.5397301371418137,1,1
bird3,0,14,0.1,-1.5397302149304208,1,1
bird3,1,14,0.001,-0.6334695083369247,5,5
bird3,1,14,0.01,-0.6334690907478294,5,5
bird3,1,14,0.1,-0.6334655667607734,5,5
bird3,2,14,0.001,-0.6195344749376954,20,14
bird3,2,14,0.01,-0.619247582004,20,14
bird3,2,14,0.1,-0.6190910943399728,20,14
bird3,3,14,0.001,-0.6211302757246978,80,27
bird3,3,14,0.01,-0.6198515512354561,80,27
bird3,3,14,0.1,-0.6189882334055322,80,27
bird3,4,14,0.001,-0.6335300234206037,320,49
bird3,4,14,0.01,-0.6321223531175236,320,49
bird3,4,14,0.1,-0.6312473782357967,320,49
bird3,5,14,0.001,-0.6316165080199956,1280,83
bird3,5,14,0.01,-0.6296932850457786,1280,83
bird3,5,14,0.1,-0.6286105736364582,1280,83
bird3,0,15,0.001,-1.5619996836255614,1,1
bird3,0,15,0.01,-1.5619996551729374,1,1
bird3,0,15,0.1,-1.5619993706647677,1,1
bird3,1,15,0.001,-0.6619796898575018,5,5
bird3,1,15,0.01,-0.6619801951093107,5,5
bird3,1,15,0.1,-0.6619855024872776,5,5
bird3,2,15,0.001,-0.6463664113539548,20,16
bird3,2,15,0.01,-0.6458046043209763,20,16
bird3,2,15,0.1,-0.6453522921359568,20,16
bird3,3,15,0.001,-0.646207173146164,80,33
bird3,3,15,0.01,-0.6431310740180932,80,33
bird3,3,15,0.1,-0.6404188007026871,80,33
bird3,4,15,0.001,-0.6538779057627718,320,56
bird3,4,15,0.01,-0.6501773725693906,320,56
bird3,4,15,0.1,-0.6470658242286541,320,56
bird3,5,15,0.001,-0.6479305537705579,1280,92
bird3,5,15,0.01,-0.6432366622122108,1280,92
bird3,5,15,0.1,-0.639610492842496,1280,92
bird3,0,16,0.001,-1.5391824699274057,1,1
bird3,0,16,0.01,-1.539182477241921,1,1
bird3,0,16,0.1,-1.539182550398565,1,1
bird3,1,16,0.001,-0.6332240950306892,5,5
bird3,1,16,0.01,-0.6332255206862554,5,5
bird3,1,16,0.1,-0.6332398492056636,5,5
bird3,2,16,0.001,-0.6187049175033253,20,16
bird3,2,16,0.01,-0.6184286924305841,20,16
bird3,2,16,0.1,-0.6182224015155677,20,16
bird3,3,16,0.001,-0.6182396272889559,80,31
bird3,3,16,0.01,-0.6179482936304529,80,31
bird3,3,16,0.1,-0.6178330085744347,80,31
bird3,4,16,0.001,-0.6222647563624752,320,51
bird3,4,16,0.01,-0.6212882005406564,320,51
bird3,4,16,0.1,-0.620675430797473,320,51
bird3,5,16,0.001,-0.6216844257093401,1280,82
bird3,5,16,0.01,-0.6195477603502125,1280,82
bird3,5,16,0.1,-0.6181289942205712,1280,82
bird3,0,17,0.001,-1.5531662987897092,1,1
bird3,0,17,0.01,-1.5531662836862963,1,1
bird3,0,17,0.1,-1.5531661326676003,1,1
bird3,1,17,0.001,-0.6464350973261914,5,5
bird3,1,17,0.01,-0.6461638527400467,5,5
bird3,1,17,0.1,-0.6459054799757741,5,5
bird3,2,17,0.001,-0.624515738639399,20,15
bird3,2,17,0.01,-0.6239261845129374,20,15
bird3,2,17,0.1,-0.6233901087517083,20,15
bird3,3,17,0.001,-0.6202944416207515,80,29
bird3,3,17,0.01,-0.6199798785018654,80,29
bird3,3,17,0.1,-0.6197901059555116,80,29
bird3,4,17,0.001,-0.6269476078726468,320,47
bird3,4,17,0.01,-0.6251835476989555,320,47
bird3,4,17,0.1,-0.6237638868261413,320,47
bird3,5,17,0.001,-0.6196247116938661,1280,78
bird3,5,17,0.01,-0.6169684721450387,1280,78
bird3,5,17,0.1,-0.6149464438799455,1280,78
bird3,0,18,0.001,-1.545479168798732,1,1
bird3,0,18,0.01,-1.5454791657194877,1,1
bird3,0,18,0.1,-1.5454791349406811,1,1
bird3,1,18,0.001,-0.647805419762145,5,5
bird3,1,18,0.01,-0.6475523313258577,5,5
bird3,1,18,0.1,-0.6473064901806407,5,5
bird3,2,18,0.001,-0.6278694474701758,20,15
bird3,2,18,0.01,-0.6270448367854384,20,15
bird3,2,18,0.1,-0.6262890906490541,20,15
bird3,3,18,0.001,-0.6235286517684842,80,34
bird3,3,18,0.01,-0.6226407211551085,80,34
bird3,3,18,0.1,-0.6219605614246466,80,34
bird3,4,18,0.001,-0.6315438930326065,320,59
bird3,4,18,0.01,-0.6273364675209877,320,59
bird3,4,18,0.1,-0.6239557436321326,320,59
bird3,5,18,0.001,-0.6407955652255637,1280,99
bird3,5,18,0.01,-0.6316517717421257,1280,99
bird3,5,18,0.1,-0.6239929158299296,1280,99
bird3,0,19,0.001,-1.547952249605506,1,1
bird3,0,19,0.01,-1.5479522440237812,1,1
bird3,0,19,0.1,-1.5479521882201732,1,1
bird3,1,19,0.001,-0.6473964962775814,5,5
bird3,1,19,0.01,-0.6473950751317635,5,5
bird3,1,19,0.1,-0.6473819533650629,5,5
bird3,2,19,0.001,-0.6326610376822095,20,15
bird3,2,19,0.01,-0.6320902278700811,20,15
bird3,2,19,0.1,-0.6316262467231717,20,15
bird3,3,19,0.001,-0.6327388499727915,80,34
bird3,3,19,0.01,-0.6311990553243763,80,34
bird3,3,19,0.1,-0.6301365607305096,80,34
bird3,4,19,0.001,-0.6338821459819708,320,58
bird3,4,19,0.01,-0.6318801127703495,320,58
bird3,4,19,0.1,-0.6306871889046011,320,58
bird3,5,19,0.001,-0.6289482507867818,1280,98
bird3,5,19,0.01,-0.6253179555545662,1280,98
bird3,5,19,0.1,-0.6229892534092359,1280,98
bird3,0,20,0.001,-1.5402725167886904,1,1
bird3,0,20,0.01,-1.5402725228868335,1,1
bird3,0,20,0.1,-1.5402725838798268,1,1
bird3,1,20,0.001,-0.6433010420229406,5,5
bird3,1,20,0.01,-0.6430402600877031,5,5
bird3,1,20,0.1,-0.6427809497523949,5,5
bird3,2,20,0.001,-0.6197340804736476,20,17
bird3,2,20,0.01,-0.618884396731517,20,17
bird3,2,20,0.1,-0.6181430407274575,20,17
bird3,3,20,0.001,-0.6207685738864449,80,34
bird3,3,20,0.01,-0.6198419233458087,80,34
bird3,3,20,0.1,-0.619148245653328,80,34
bird3,4,20,0.001,-0.6284202540606517,320,58
bird3,4,20,0.01,-0.62708346225288,320,58
bird3,4,20,0.1,-0.6263258621040181,320,58
bird3,5,20,0.001,-0.6267435445537024,1280,97
bird3,5,20,0.01,-0.623481143693566,1280,97
bird3,5,20,0.1,-0.6214275852831268,1280,97
bird3,0,21,0.001,-1.5585870028094446,1,1
bird3,0,21,0.01,-1.5585869814535176,1,1
bird3,0,21,0.1,-1.5585867679104461,1,1
bird3,1,21,0.001,-0.6592099535421139,5,5
bird3,1,21,0.01,-0.6592098483301753,5,5
bird3,1,21,0.1,-0.6592090927565506,5,5
bird3,2,21,0.001,-0.6472229975715343,20,16
bird3,2,21,0.01,-0.6466279704813381,20,16
bird3,2,21,0.1,-0.6461497132755242,20,16
bird3,3,21,0.001,-0.6469283166861692,80,35
bird3,3,21,0.01,-0.6452918332073976,80,35
bird3,3,21,0.1,-0.6439808660112357,80,35
bird3,4,21,0.001,-0.6532467594261653,320,63
bird3,4,21,0.01,-0.6503904256117352,320,63
bird3,4,21,0.1,-0.6482276878619271,320,63
bird3,5,21,0.001,-0.6577225322078315,1280,107
bird3,5,21,0.01,-0.6515721146955227,1280,107
bird3,5,21,0.1,-0.6469673269934914,1280,107
bird3,0,22,0.001,-1.5381687748742623,1,1
bird3,0,22,0.01,-1.5381687828906998,1,1
bird3,0,22,0.1,-1.5381688630665704,1,1
bird3,1,22,0.001,-0.6444063470819692,5,5
bird3,1,22,0.01,-0.6441455886906258,5,5
bird3,1,22,0.1,-0.6438873112057361,5,5
bird3,2,22,0.001,-0.6286922926053398,20,17
bird3,2,22,0.01,-0.6284142053899695,20,17
bird3,2,22,0.1,-0.6282398211741171,20,17
bird3,3,22,0.001,-0.6314303124204963,80,34
bird3,3,22,0.01,-0.6308171930664009,80,34
bird3,3,22,0.1,-0.6304227494097173,80,34
bird3,4,22,0.001,-0.6292145048296275,320,55
bird3,4,22,0.01,-0.627557147079914,320,55
bird3,4,22,0.1,-0.6264237046924069,320,55
bird3,5,22,0.001,-0.6283540476481628,1280,89
bird3,5,22,0.01,-0.624078359271309,1280,89
bird3,5,22,0.1,-0.620880289995592,1280,89
bird3,0,23,0.001,-1.5397056384655363,1,1
bird3,0,23,0.01,-1.5397056452181597,1,1
bird3,0,23,0.1,-1.5397057127561984,1,1
bird3,1,23,0.001,-0.6425746525695304,5,5
bird3,1,23,0.01,-0.6425749673408585,5,5
bird3,1,23,0.1,-0.6425783662312525,5,5
bird3,2,23,0.001,-0.6188987272667773,20,17
bird3,2,23,0.01,-0.6183669489584357,20,17
bird3,2,23,0.1,-0.6179094694955867,20,17
bird3,3,23,0.001,-0.6233794102931752,80,37
bird3,3,23,0.01,-0.6213201245516402,80,37
bird3,3,23,0.1,-0.6195145228562543,80,37
bird3,4,23,0.001,-0.6304824448753806,320,61
bird3,4,23,0.01,-0.6288937046442086,320,61
bird3,4,23,0.1,-0.6277386887251502,320,61
bird3,5,23,0.001,-0.6347964920239073,1280,98
bird3,5,23,0.01,-0.6300001692150906,1280,98
bird3,5,23,0.1,-0.6262478232868877,1280,98
bird3,0,24,0.001,-1.545994305738957,1,1
bird3,0,24,0.01,-1.5459943038114496,1,1
bird3,0,24,0.1,-1.5459942845495538,1,1
bird3,1,24,0.001,-0.6508459494347681,5,5
bird3,1,24,0.01,-0.6508437060710519,5,5
bird3,1,24,0.1,-0.6508224692235995,5,5
bird3,2,24,0.001,-0.6304001252499108,20,17
bird3,2,24,0.01,-0.629870274052217,20,17
bird3,2,24,0.1,-0.629462442963949,20,17
bird3,3,24,0.001,-0.6342475745167172,80,37
bird3,3,24,0.01,-0.6316107541087856,80,37
bird3,3,24,0.1,-0.6293963244180477,80,37
bird3,4,24,0.001,-0.639821713594218,320,65
bird3,4,24,0.01,-0.6369653917372843,320,65
bird3,4,24,0.1,-0.6348771222505188,320,65
bird3,5,24,0.001,-0.6437035222664361,1280,107
bird3,5,24,0.01,-0.6392804755160835,1280,107
bird3,5,24,0.1,-0.6362768395918817,1280,107
bird3,0,25,0.001,-1.5471794090993425,1,1
bird3,0,25,0.01,-1.54717940366133,1,1
bird3,0,25,0.1,-1.5471793492956207,1,1
bird3,1,25,0.001,-0.6486503137952989,5,5
bird3,1,25,0.01,-0.6486498131802698,5,5
bird3,1,25,0.1,-0.6486452128633634,5,5
bird3,2,25,0.001,-0.6349187706550816,20,17
bird3,2,25,0.01,-0.6341507495640518,20,17
bird3,2,25,0.1,-0.6335148336295254,20,17
bird3,3,25,0.001,-0.6417277120828635,80,36
bird3,3,25,0.01,-0.6389131284460099,80,36
bird3,3,25,0.1,-0.6364359541280814,80,36
bird3,4,25,0.001,-0.6607183703826779,320,63
bird3,4,25,0.01,-0.6537010899868638,320,63
bird3,4,25,0.1,-0.6474859997810648,320,63
bird3,5,25,0.001,-0.6693288411457543,1280,104
bird3,5,25,0.01,-0.6602448229568434,1280,104
bird3,5,25,0.1,-0.6524577669404091,1280,104
bird3,0,26,0.001,-1.5447661979316403,1,1
bird3,0,26,0.01,-1.5447661927497494,1,1
bird3,0,26,0.1,-1.5447661409456424,1,1
bird3,1,26,0.001,-0.6460258396126278,5,5
bird3,1,26,0.01,-0.6460268485820323,5,5
bird3,1,26,0.1,-0.6460370401769604,5,5
bird3,2,26,0.001,-0.6221063744408385,20,16
bird3,2,26,0.01,-0.6221146056123966,20,16
bird3,2,26,0.1,-0.6221960965686962,20,16
bird3,3,26,0.001,-0.6309389791267147,80,35
bird3,3,26,0.01,-0.6291648779452955,80,35
bird3,3,26,0.1,-0.627706113435023,80,35
bird3,4,26,0.001,-0.639968181924638,320,58
bird3,4,26,0.01,-0.6380517473018237,320,58
bird3,4,26,0.1,-0.6367850872724529,320,58
bird3,5,26,0.001,-0.6370020860308324,1280,92
bird3,5,26,0.01,-0.6346280676415763,1280,92
bird3,5,26,0.1,-0.6333543072834144,1280,92
bird3,0,27,0.001,-1.536787248390147,1,1
bird3,0,27,0.01,-1.536787257150729,1,1
bird3,0,27,0.1,-1.5367873447682068,1,1
bird3,1,27,0.001,-0.6358372458346309,5,5
bird3,1,27,0.01,-0.6355797785319505,5,5
bird3,1,27,0.1,-0.6353311426228732,5,5
bird3,2,27,0.001,-0.6297708935624869,20,16
bird3,2,27,0.01,-0.6292046042930177,20,16
bird3,2,27,0.1,-0.6287050788308173,20,16
bird3,3,27,0.001,-0.6329107213406245,80,35
bird3,3,27,0.01,-0.6301547493962953,80,35
bird3,3,27,0.1,-0.6278605396042745,80,35
bird3,4,27,0.001,-0.6439811201600005,320,58
bird3,4,27,0.01,-0.6396665459842773,320,58
bird3,4,27,0.1,-0.6360815922093377,320,58
bird3,5,27,0.001,-0.6501423458227911,1280,94
bird3,5,27,0.01,-0.6429442448255832,1280,94
bird3,5,27,0.1,-0.6369988521452122,1280,94
bird3,0,28,0.001,-1.5495815447266592,1,1
bird3,0,28,0.01,-1.5495815331714449,1,1
bird3,0,28,0.1,-1.5495814176349585,1,1
bird3,1,28,0.001,-0.6527989589827711,5,5
bird3,1,28,0.01,-0.652548419391405,5,5
bird3,1,28,0.1,-0.6523048412004468,5,5
bird3,2,28,0.001,-0.6300097026410082,20,17
bird3,2,28,0.01,-0.6300182927193024,20,17
bird3,2,28,0.1,-0.6301023739205015,20,17
bird3,3,28,0.001,-0.633771955147983,80,33
bird3,3,28,0.01,-0.6331863897425508,80,33
bird3,3,28,0.1,-0.6328111075278328,80,33
bird3,4,28,0.001,-0.6385375427981531,320,56
bird3,4,28,0.01,-0.6366024825316998,320,56
bird3,4,28,0.1,-0.6352409331539526,320,56
bird3,5,28,0.001,-0.6352682510012706,1280,91
bird3,5,28,0.01,-0.6318120672383074,1280,91
bird3,5,28,0.1,-0.6294433234262258,1280,91
bird3,0,29,0.001,-1.545114192484794,1,1
bird3,0,29,0.01,-1.5451141896816152,1,1
bird3,0,29,0.1,-1.545114161663316,1,1
bird3,1,29,0.001,-0.6455891237636807,5,5
bird3,1,29,0.01,-0.6453293648011683,5,5
bird3,1,29,0.1,-0.6450754903449992,5,5
bird3,2,29,0.001,-0.6217592894362514,20,16
bird3,2,29,0.01,-0.621481720812932,20,16
bird3,2,29,0.1,-0.6212806203785877,20,16
bird3,3,29,0.001,-0.6258831297455287,80,32
bird3,3,29,0.01,-0.6255842876442548,80,32
bird3,3,29,0.1,-0.6254414479481737,80,32
bird3,4,29,0.001,-0.634564889535946,320,53
bird3,4,29,0.01,-0.632879440635738,320,53
bird3,4,29,0.1,-0.6316575246050666,320,53
bird3,5,29,0.001,-0.6301814142194181,1280,87
bird3,5,29,0.01,-0.6262033408195582,1280,87
bird3,5,29,0.1,-0.6233273656364449,1280,87
bird3,0,30,0.001,-1.5387083344577774,1,1
bird3,0,30,0.01,-1.5387083413711682,1,1
bird3,0,30,0.1,-1.5387084105167266,1,1
bird3,1,30,0.001,-0.637422840388232,5,5
bird3,1,30,0.01,-0.6371606806147002,5,5
bird3,1,30,0.1,-0.6369145630579519,5,5
bird3,2,30,0.001,-0.6209314115898062,20,14
bird3,2,30,0.01,-0.6206465647365984,20,14
bird3,2,30,0.1,-0.6204111961263342,20,14
bird3,3,30,0.001,-0.6264660652789731,80,28
bird3,3,30,0.01,-0.6249023501547706,80,28
bird3,3,30,0.1,-0.6236658540054009,80,28
bird3,4,30,0.001,-0.6317815128175133,320,48
bird3,4,30,0.01,-0.6297185192244098,320,48
bird3,4,30,0.1,-0.6282044665748957,320,48
bird3,5,30,0.001,-0.6345602551967315,1280,84
bird3,5,30,0.01,-0.6285685259717817,1280,84
bird3,5,30,0.1,-0.6238709435265077,1280,84
bird3,0,31,0.001,-1.5394883917883662,1,1
bird3,0,31,0.01,-1.5394883959349748,1,1
bird3,0,31,0.1,-1.5394884374136468,1,1
bird3,1,31,0.001,-0.639063723146187,5,5
bird3,1,31,0.01,-0.6390649249192559,5,5
bird3,1,31,0.1,-0.6390770496515878,5,5
bird3,2,31,0.001,-0.6241601452384532,20,16
bird3,2,31,0.01,-0.6241661830777389,20,16
bird3,2,31,0.1,-0.624226087336272,20,16
bird3,3,31,0.001,-0.6231300940904841,80,33
bird3,3,31,0.01,-0.6231513790798173,80,33
bird3,3,31,0.1,-0.6233600519684136,80,33
bird3,4,31,0.001,-0.6301124016003433,320,56
bird3,4,31,0.01,-0.6294865994874267,320,56
bird3,4,31,0.1,-0.6294140436406062,320,56
bird3,5,31,0.001,-0.6385686208452165,1280,92
bird3,5,31,0.01,-0.634609380649873,1280,92
bird3,5,31,0.1,-0.6319119318624608,1280,92
bird3,0,32,0.001,-1.5463248754524417,1,1
bird3,0,32,0.01,-1.5463248737284794,1,1
bird3,0,32,0.1,-1.5463248565013403,1,1
bird3,1,32,0.001,-0.640857749001331,5,5
bird3,1,32,0.01,-0.6405886602501596,5,5
bird3,1,32,0.1,-0.640333944279215,5,5
bird3,2,32,0.001,-0.6158483121568065,20,14
bird3,2,32,0.01,-0.6158557074332215,20,14
bird3,2,32,0.1,-0.6159283973590489,20,14
bird3,3,32,0.001,-0.6120998460795227,80,28
bird3,3,32,0.01,-0.6117881688454685,80,28
bird3,3,32,0.1,-0.6116164988566304,80,28
bird3,4,32,0.001,-0.6312840325582832,320,48
bird3,4,32,0.01,-0.628045438667694,320,48
bird3,4,32,0.1,-0.6252910957745362,320,48
bird3,5,32,0.001,-0.6236731766239879,1280,80
bird3,5,32,0.01,-0.6205544739939705,1280,80
bird3,5,32,0.1,-0.6181429479463639,1280,80
bird3,0,33,0.001,-1.5656476159185786,1,1
bird3,0,33,0.01,-1.5656475817331146,1,1
bird3,0,33,0.1,-1.5656472398974515,1,1
bird3,1,33,0.001,-0.6655677758524011,5,5
bird3,1,33,0.01,-0.6655684680668448,5,5
bird3,1,33,0.1,-0.6655755099552305,5,5
bird3,2,33,0.001,-0.6543830825674785,20,16
bird3,2,33,0.01,-0.6537944868789001,20,16
bird3,2,33,0.1,-0.6532587658912159,20,16
bird3,3,33,0.001,-0.6576398660896566,80,36
bird3,3,33,0.01,-0.654410534497555,80,36
bird3,3,33,0.1,-0.6515608615583734,80,36
bird3,4,33,0.001,-0.6662415416545248,320,59
bird3,4,33,0.01,-0.6630670700217174,320,59
bird3,4,33,0.1,-0.6605407580654649,320,59
bird3,5,33,0.001,-0.6604749935098341,1280,92
bird3,5,33,0.01,-0.6574723917500658,1280,92
bird3,5,33,0.1,-0.6554234457312113,1280,92
bird3,0,34,0.001,-1.5456132459753704,1,1
bird3,0,34,0.01,-1.5456132428155758,1,1
bird3,0,34,0.1,-1.5456132112311924,1,1
bird3,1,34,0.001,-0.6512655481121609,5,5
bird3,1,34,0.01,-0.6512647940417488,5,5
bird3,1,34,0.1,-0.6512575744340899,5,5
bird3,2,34,0.001,-0.6339252365495065,20,16
bird3,2,34,0.01,-0.6331009621037844,20,16
bird3,2,34,0.1,-0.6323677175154321,20,16
bird3,3,34,0.001,-0.6387872679008231,80,37
bird3,3,34,0.01,-0.635796084608554,80,37
bird3,3,34,0.1,-0.633194469828229,80,37
bird3,4,34,0.001,-0.6572490799155633,320,66
bird3,4,34,0.01,-0.6539913181482585,320,66
bird3,4,34,0.1,-0.6513984195436259,320,66
bird3,5,34,0.001,-0.6601472455507612,1280,106
bird3,5,34,0.01,-0.653517885937096,1280,106
bird3,5,34,0.1,-0.6483189858036117,1280,106
bird3,0,35,0.001,-1.5363875074794335,1,1
bird3,0,35,0.01,-1.5363875188657794,1,1
bird3,0,35,0.1,-1.5363876327401458,1,1
bird3,1,35,0.001,-0.635620588049511,5,5
bird3,1,35,0.01,-0.6356205037266551,5,5
bird3,1,35,0.1,-0.6356198912406528,5,5
bird3,2,35,0.001,-0.6116557758778999,20,16
bird3,2,35,0.01,-0.6116667545156794,20,16
bird3,2,35,0.1,-0.611774887693899,20,16
bird3,3,35,0.001,-0.6197231823672201,80,35
bird3,3,35,0.01,-0.6191362394507222,80,35
bird3,3,35,0.1,-0.6188459998690683,80,35
bird3,4,35,0.001,-0.6364240135820477,320,57
bird3,4,35,0.01,-0.6344224556490914,320,57
bird3,4,35,0.1,-0.6329752056363546,320,57
bird3,5,35,0.001,-0.6401698268757214,1280,94
bird3,5,35,0.01,-0.6354611131454039,1280,94
bird3,5,35,0.1,-0.6319208637391099,1280,94
bird3,0,36,0.001,-1.5377371553793127,1,1
bird3,0,36,0.01,-1.5377371647169649,1,1
bird3,0,36,0.1,-1.5377372581044362,1,1
bird3,1,36,0.001,-0.635564922963332,5,5
bird3,1,36,0.01,-0.6355659331769532,5,5
bird3,1,36,0.1,-0.6355761427624333,5,5
bird3,2,36,0.001,-0.6233855307901394,20,16
bird3,2,36,0.01,-0.623392621833486,20,16
bird3,2,36,0.1,-0.6234627849951709,20,16
bird3,3,36,0.001,-0.6279397335467571,80,31
bird3,3,36,0.01,-0.627629059390794,80,31
bird3,3,36,0.1,-0.6275377593812995,80,31
bird3,4,36,0.001,-0.6329388090605766,320,53
bird3,4,36,0.01,-0.6307903203218501,320,53
bird3,4,36,0.1,-0.629109913589635,320,53
bird3,5,36,0.001,-0.6322698010859008,1280,89
bird3,5,36,0.01,-0.628785111741363,1280,89
bird3,5,36,0.1,-0.6261488339769252,1280,89
bird3,0,37,0.001,-1.5351594653364373,1,1
bird3,0,37,0.01,-1.5351594783573406,1,1
bird3,0,37,0.1,-1.5351596085772143,1,1
bird3,1,37,0.001,-0.6464233637121813,5,5
bird3,1,37,0.01,-0.6461745741896295,5,5
bird3,1,37,0.1,-0.6459167634338406,5,5
bird3,2,37,0.001,-0.6199752945437308,20,18
bird3,2,37,0.01,-0.619712481878275,20,18
bird3,2,37,0.1,-0.6195133595065996,20,18
bird3,3,37,0.001,-0.6309900435929516,80,38
bird3,3,37,0.01,-0.6277627473531711,80,38
bird3,3,37,0.1,-0.6250941577388838,80,38
bird3,4,37,0.001,-0.6490584920395929,320,65
bird3,4,37,0.01,-0.6416150797763236,320,65
bird3,4,37,0.1,-0.6354609951179725,320,65
bird3,5,37,0.001,-0.6577750471223437,1280,106
bird3,5,37,0.01,-0.6468865054588933,1280,106
bird3,5,37,0.1,-0.6379489582820982,1280,106
bird3,0,38,0.001,-1.5545245231882039,1,1
bird3,0,38,0.01,-1.554524506233343,1,1
bird3,0,38,0.1,-1.5545243367009778,1,1
bird3,1,38,0.001,-0.6565614905025794,5,5
bird3,1,38,0.01,-0.6565576902645928,5,5
bird3,1,38,0.1,-0.6565224103902222,5,5
bird3,2,38,0.001,-0.6327306601591821,20,14
bird3,2,38,0.01,-0.6324801114606468,20,14
bird3,2,38,0.1,-0.6323775749962544,20,14
bird3,3,38,0.001,-0.6318745546738116,80,29
bird3,3,38,0.01,-0.6304424611962973,80,29
bird3,3,38,0.1,-0.6293904446922973,80,29
bird3,4,38,0.001,-0.6378849420184791,320,51
bird3,4,38,0.01,-0.6353772923443505,320,51
bird3,4,38,0.1,-0.6335333132940825,320,51
bird3,5,38,0.001,-0.6431141042426838,1280,88
bird3,5,38,0.01,-0.6370128529197315,1280,88
bird3,5,38,0.1,-0.6322534497716212,1280,88
bird3,0,39,0.001,-1.5458202920583106,1,1
bird3,0,39,0.01,-1.545820286592607,1,1
bird3,0,39,0.1,-1.5458202319500611,1,1
bird3,1,39,0.001,-0.6508853489282055,5,5
bird3,1,39,0.01,-0.6508859583743397,5,5
bird3,1,39,0.1,-0.6508921951823233,5,5
bird3,2,39,0.001,-0.627500305466071,20,15
bird3,2,39,0.01,-0.6272337709709048,20,15
bird3,2,39,0.1,-0.6270412424385343,20,15
bird3,3,39,0.001,-0.6331924314724157,80,33
bird3,3,39,0.01,-0.6320052084218567,80,33
bird3,3,39,0.1,-0.6310621950142095,80,33
bird3,4,39,0.001,-0.6392011629171257,320,59
bird3,4,39,0.01,-0.6372724879852516,320,59
bird3,4,39,0.1,-0.6359463224312583,320,59
bird3,5,39,0.001,-0.6360169398573319,1280,96
bird3,5,39,0.01,-0.6322199619778374,1280,96
bird3,5,39,0.1,-0.6296158100295183,1280,96
bird3,0,40,0.001,-1.5346871088130507,1,1
bird3,0,40,0.01,-1.5346871229478518,1,1
bird3,0,40,0.1,-1.53468726430606,1,1
bird3,1,40,0.001,-0.6405513182477495,5,5
bird3,1,40,0.01,-0.6405499635757721,5,5
bird3,1,40,0.1,-0.6405368130470634,5,5
bird3,2,40,0.001,-0.6227010743726508,20,16
bird3,2,40,0.01,-0.6224190024485324,20,16
bird3,2,40,0.1,-0.6222003590807605,20,16
bird3,3,40,0.001,-0.6304430200500382,80,38
bird3,3,40,0.01,-0.6276065756668163,80,38
bird3,3,40,0.1,-0.6251754240705734,80,38
bird3,4,40,0.001,-0.6429481474044454,320,68
bird3,4,40,0.01,-0.6370958042065649,320,68
bird3,4,40,0.1,-0.6323132540069749,320,68
bird3,5,40,0.001,-0.6465120485491616,1280,109
bird3,5,40,0.01,-0.6393523131527136,1280,109
bird3,5,40,0.1,-0.6337170079689872,1280,109
bird3,0,41,0.001,-1.5414428231900006,1,1
bird3,0,41,0.01,-1.541442824408237,1,1
bird3,0,41,0.1,-1.5414428366036281,1,1
bird3,1,41,0.001,-0.6390977431418415,5,5
bird3,1,41,0.01,-0.639098950179182,5,5
bird3,1,41,0.1,-0.6391110972733937,5,5
bird3,2,41,0.001,-0.625332320611378,20,16
bird3,2,41,0.01,-0.6250463903049335,20,16
bird3,2,41,0.1,-0.6248140096886281,20,16
bird3,3,41,0.001,-0.6302488066623348,80,31
bird3,3,41,0.01,-0.6286652852724918,80,31
bird3,3,41,0.1,-0.6273225692785052,80,31
bird3,4,41,0.001,-0.6377110836274934,320,54
bird3,4,41,0.01,-0.6349495997021853,320,54
bird3,4,41,0.1,-0.6327138956099158,320,54
bird3,5,41,0.001,-0.6347036621672677,1280,92
bird3,5,41,0.01,-0.6309883829740263,1280,92
bird3,5,41,0.1,-0.6281594199793418,1280,92
bird3,0,42,0.001,-1.528303505463542,1,1
bird3,0,42,0.01,-1.5283035279728097,1,1
bird3,0,42,0.1,-1.5283037530748165,1,1
bird3,1,42,0.001,-0.6269962888401683,5,5
bird3,1,42,0.01,-0.6269959651484416,5,5
bird3,1,42,0.1,-0.6269930905137789,5,5
bird3,2,42,0.001,-0.6148700934397596,20,17
bird3,2,42,0.01,-0.6143256761138395,20,17
bird3,2,42,0.1,-0.6139350956078694,20,17
bird3,3,42,0.001,-0.6168174633481676,80,35
bird3,3,42,0.01,-0.6153154938081777,80,35
bird3,3,42,0.1,-0.6142331139215953,80,35
bird3,4,42,0.001,-0.6277145179472641,320,58
bird3,4,42,0.01,-0.6254221210316483,320,58
bird3,4,42,0.1,-0.6236485547819536,320,58
bird3,5,42,0.001,-0.6258458150714785,1280,97
bird3,5,42,0.01,-0.6220145633667509,1280,97
bird3,5,42,0.1,-0.6192609820978167,1280,97
bird3,0,43,0.001,-1.5411168896017482,1,1
bird3,0,43,0.01,-1.541116895303084,1,1
bird3,0,43,0.1,-1.5411169523279464,1,1
bird3,1,43,0.001,-0.6456577526263344,5,5
bird3,1,43,0.01,-0.6456576549897638,5,5
bird3,1,43,0.1,-0.6456569399769112,5,5
bird3,2,43,0.001,-0.6266301361028486,20,16
bird3,2,43,0.01,-0.6257839547415037,20,16
bird3,2,43,0.1,-0.625049061844722,20,16
bird3,3,43,0.001,-0.6421916951981631,80,34
bird3,3,43,0.01,-0.6402965821806611,80,34
bird3,3,43,0.1,-0.6387083317001566,80,34
bird3,4,43,0.001,-0.6515033808026316,320,59
bird3,4,43,0.01,-0.6469824765918002,320,59
bird3,4,43,0.1,-0.6431525479100201,320,59
bird3,5,43,0.001,-0.6489405897171552,1280,101
bird3,5,43,0.01,-0.6422979968989554,1280,101
bird3,5,43,0.1,-0.636843869062439,1280,101
bird3,0,44,0.001,-1.5619732790354344,1,1
bird3,0,44,0.01,-1.56197325099635,1,1
bird3,0,44,0.1,-1.561972970623959,1,1
bird3,1,44,0.001,-0.6641685959407588,5,5
bird3,1,44,0.01,-0.664168594079942,5,5
bird3,1,44,0.1,-0.6641688044446451,5,5
bird3,2,44,0.001,-0.6420127282324145,20,16
bird3,2,44,0.01,-0.6417621126918953,20,16
bird3,2,44,0.1,-0.6415919471265332,20,16
bird3,3,44,0.001,-0.6444001666503001,80,34
bird3,3,44,0.01,-0.6427321060060837,80,34
bird3,3,44,0.1,-0.6413605877256163,80,34
bird3,4,44,0.001,-0.6651924972875375,320,60
bird3,4,44,0.01,-0.6593861536003858,320,60
bird3,4,44,0.1,-0.6545767669416181,320,60
bird3,5,44,0.001,-0.6734252239912896,1280,98
bird3,5,44,0.01,-0.6649525531090056,1280,98
bird3,5,44,0.1,-0.658114236922591,1280,98
bird3,0,45,0.001,-1.5404397366898464,1,1
bird3,0,45,0.01,-1.5404397389773237,1,1
bird3,0,45,0.1,-1.5404397618649166,1,1
bird3,1,45,0.001,-0.6440626013340761,5,5
bird3,1,45,0.01,-0.6437969326898108,5,5
bird3,1,45,0.1,-0.6435291249898815,5,5
bird3,2,45,0.001,-0.6259451437532221,20,18
bird3,2,45,0.01,-0.6259538658799363,20,18
bird3,2,45,0.1,-0.6260388941400322,20,18
bird3,3,45,0.001,-0.6229292874192658,80,36
bird3,3,45,0.01,-0.6223222107649359,80,36
bird3,3,45,0.1,-0.6219612774797404,80,36
bird3,4,45,0.001,-0.6316196978004984,320,62
bird3,4,45,0.01,-0.6289065391475842,320,62
bird3,4,45,0.1,-0.626895730236075,320,62
bird3,5,45,0.001,-0.6374630207411677,1280,105
bird3,5,45,0.01,-0.6326552462686048,1280,105
bird3,5,45,0.1,-0.6292911705800915,1280,105
bird3,0,46,0.001,-1.5387421334656808,1,1
bird3,0,46,0.01,-1.538742140688888,1,1
bird3,0,46,0.1,-1.538742212932105,1,1
bird3,1,46,0.001,-0.6389463129437055,5,5
bird3,1,46,0.01,-0.6386662374767275,5,5
bird3,1,46,0.1,-0.6383974301556382,5,5
bird3,2,46,0.001,-0.6192504127308289,20,16
bird3,2,46,0.01,-0.6189476846519939,20,16
bird3,2,46,0.1,-0.6187125256884963,20,16
bird3,3,46,0.001,-0.6219541359558747,80,31
bird3,3,46,0.01,-0.6202698647960526,80,31
bird3,3,46,0.1,-0.6189303587297523,80,31
bird3,4,46,0.001,-0.6323074955962106,320,50
bird3,4,46,0.01,-0.6289108546669758,320,50
bird3,4,46,0.1,-0.6261499395557376,320,50
bird3,5,46,0.001,-0.6288061402031151,1280,82
bird3,5,46,0.01,-0.6242705408064559,1280,82
bird3,5,46,0.1,-0.6208670424699413,1280,82
bird3,0,47,0.001,-1.5408836175471579,1,1
bird3,0,47,0.01,-1.5408836220313165,1,1
bird3,0,47,0.1,-1.5408836668847878,1,1
bird3,1,47,0.001,-0.6418093284078261,5,5
bird3,1,47,0.01,-0.6418106111364646,5,5
bird3,1,47,0.1,-0.6418236077187066,5,5
bird3,2,47,0.001,-0.6198618905339964,20,15
bird3,2,47,0.01,-0.6195761971992837,20,15
bird3,2,47,0.1,-0.6193488811204566,20,15
bird3,3,47,0.001,-0.6184977399191328,80,27
bird3,3,47,0.01,-0.6185123814448367,80,27
bird3,3,47,0.1,-0.6186581013465536,80,27
bird3,4,47,0.001,-0.6177636095416894,320,45
bird3,4,47,0.01,-0.6170964421456115,320,45
bird3,4,47,0.1,-0.6167473588092006,320,45
bird3,5,47,0.001,-0.6182884437135755,1280,77
bird3,5,47,0.01,-0.6160949456878894,1280,77
bird3,5,47,0.1,-0.6147805449241435,1280,77
bird3,0,48,0.001,-1.5435779201458626,1,1
bird3,0,48,0.01,-1.543577920404467,1,1
bird3,0,48,0.1,-1.5435779230034061,1,1
bird3,1,48,0.001,-0.6391712215625148,5,5
bird3,1,48,0.01,-0.6391728314088739,5,5
bird3,1,48,0.1,-0.6391889976079734,5,5
bird3,2,48,0.001,-0.6284199372532789,20,13
bird3,2,48,0.01,-0.6281424863351307,20,13
bird3,2,48,0.1,-0.6279183391426582,20,13
bird3,3,48,0.001,-0.6384445231357428,80,29
bird3,3,48,0.01,-0.6359618329866112,80,29
bird3,3,48,0.1,-0.6338226315818299,80,29
bird3,4,48,0.001,-0.6505498236332826,320,49
bird3,4,48,0.01,-0.6464771508132598,320,49
bird3,4,48,0.1,-0.6431451975197126,320,49
bird3,5,48,0.001,-0.6440822823358082,1280,78
bird3,5,48,0.01,-0.6397453230963678,1280,78
bird3,5,48,0.1,-0.636487914554578,1280,78
bird3,0,49,0.001,-1.5462887153451401,1,1
bird3,0,49,0.01,-1.546288709001479,1,1
bird3,0,49,0.1,-1.5462886455799303,1,1
bird3,1,49,0.001,-0.6441815377081268,5,5
bird3,1,49,0.01,-0.6441828993900686,5,5
bird3,1,49,0.1,-0.6441966028196927,5,5
bird3,2,49,0.001,-0.6336888188344614,20,15
bird3,2,49,0.01,-0.6334320498955239,20,15
bird3,2,49,0.1,-0.6332313026717178,20,15
bird3,3,49,0.001,-0.6365512042950863,80,33
bird3,3,49,0.01,-0.6340247862629459,80,33
bird3,3,49,0.1,-0.631891309541409,80,33
bird3,4,49,0.001,-0.6432385375256369,320,55
bird3,4,49,0.01,-0.6396159138243283,320,55
bird3,4,49,0.1,-0.636774615049598,320,55
bird3,5,49,0.001,-0.6447389317947502,1280,91
bird3,5,49,0.01,-0.6401932978520216,1280,91
bird3,5,49,0.1,-0.6368038489849953,1280,91
bird3,0,50,0.001,-1.5373447606385995,1,1
bird3,0,50,0.01,-1.5373447694599471,1,1
bird3,0,50,0.1,-1.5373448576849118,1,1
bird3,1,50,0.001,-0.6407145018587147,5,5
bird3,1,50,0.01,-0.6407142851057072,5,5
bird3,1,50,0.1,-0.6407124396855381,5,5
bird3,2,50,0.001,-0.6202242083198048,20,17
bird3,2,50,0.01,-0.6199511598555825,20,17
bird3,2,50,0.1,-0.6197771130163552,20,17
bird3,3,50,0.001,-0.624416816039148,80,37
bird3,3,50,0.01,-0.623503763204698,80,37
bird3,3,50,0.1,-0.6228573996942519,80,37
bird3,4,50,0.001,-0.6496158059340006,320,63
bird3,4,50,0.01,-0.645145169363147,320,63
bird3,4,50,0.1,-0.6414711392716868,320,63
bird3,5,50,0.001,-0.6516232706244035,1280,101
bird3,5,50,0.01,-0.6456261171850733,1280,101
bird3,5,50,0.1,-0.6409152965674026,1280,101
bird3,0,51,0.001,-1.5440958702729084,1,1
bird3,0,51,0.01,-1.5440958699132088,1,1
bird3,0,51,0.1,-1.5440958663292235,1,1
bird3,1,51,0.001,-0.656467117294078,5,5
bird3,1,51,0.01,-0.6559518510446442,5,5
bird3,1,51,0.1,-0.6554014171358048,5,5
bird3,2,51,0.001,-0.6341773051096453,20,19
bird3,2,51,0.01,-0.6333531019438113,20,19
bird3,2,51,0.1,-0.6327135114521883,20,19
bird3,3,51,0.001,-0.6395890803958163,80,38
bird3,3,51,0.01,-0.638071241282035,80,38
bird3,3,51,0.1,-0.6369818633940886,80,38
bird3,4,51,0.001,-0.6551493206651955,320,62
bird3,4,51,0.01,-0.6494266858416035,320,62
bird3,4,51,0.1,-0.6447466664300358,320,62
bird3,5,51,0.001,-0.6465581369349267,1280,105
bird3,5,51,0.01,-0.6422837319967171,1280,105
bird3,5,51,0.1,-0.6394084905846555,1280,105
bird3,0,52,0.001,-1.5494403885521364,1,1
bird3,0,52,0.01,-1.5494403777049093,1,1
bird3,0,52,0.1,-1.5494402692478737,1,1
bird3,1,52,0.001,-0.6477505418403352,5,5
bird3,1,52,0.01,-0.6477509899618283,5,5
bird3,1,52,0.1,-0.6477557093626369,5,5
bird3,2,52,0.001,-0.6256387786256594,20,17
bird3,2,52,0.01,-0.6253667491685275,20,17
bird3,2,52,0.1,-0.625190103294202,20,17
bird3,3,52,0.001,-0.6365729789173823,80,34
bird3,3,52,0.01,-0.6341246532805531,80,34
bird3,3,52,0.1,-0.6320480885930381,80,34
bird3,4,52,0.001,-0.6389312774149892,320,59
bird3,4,52,0.01,-0.6362983355978732,320,59
bird3,4,52,0.1,-0.6344264692036617,320,59
bird3,5,52,0.001,-0.6356690234844311,1280,95
bird3,5,52,0.01,-0.631807880430198,1280,95
bird3,5,52,0.1,-0.6293012041495343,1280,95
bird3,0,53,0.001,-1.5468806542344804,1,1
bird3,0,53,0.01,-1.5468806475115342,1,1
bird3,0,53,0.1,-1.546880580296736,1,1
bird3,1,53,0.001,-0.6474409852481707,5,5
bird3,1,53,0.01,-0.6474406203534947,5,5
bird3,1,53,0.1,-0.647437272136912,5,5
bird3,2,53,0.001,-0.6362163450658378,20,17
bird3,2,53,0.01,-0.6337375792197036,20,17
bird3,2,53,0.1,-0.6313940631246674,20,17
bird3,3,53,0.001,-0.6409933031968068,80,39
bird3,3,53,0.01,-0.6352731750591921,80,39
bird3,3,53,0.1,-0.630126156528842,80,39
bird3,4,53,0.001,-0.6485930765006193,320,67
bird3,4,53,0.01,-0.6446027537398517,320,67
bird3,4,53,0.1,-0.6411840547951247,320,67
bird3,5,53,0.001,-0.644483916248098,1280,105
bird3,5,53,0.01,-0.6384245386152131,1280,105
bird3,5,53,0.1,-0.6335758665218935,1280,105
bird3,0,54,0.001,-1.547033145709214,1,1
bird3,0,54,0.01,-1.5470331405921893,1,1
bird3,0,54,0.1,-1.5470330894353352,1,1
bird3,1,54,0.001,-0.6505019340689376,5,5
bird3,1,54,0.01,-0.6499424930162523,5,5
bird3,1,54,0.1,-0.6493783623957478,5,5
bird3,2,54,0.001,-0.6297092920459825,20,18
bird3,2,54,0.01,-0.6291006948146034,20,18
bird3,2,54,0.1,-0.6286088851808731,20,18
bird3,3,54,0.001,-0.6337435211606177,80,35
bird3,3,54,0.01,-0.6320606961310864,80,35
bird3,3,54,0.1,-0.6306405093515536,80,35
bird3,4,54,0.001,-0.6385647357279258,320,57
bird3,4,54,0.01,-0.6359702419307219,320,57
bird3,4,54,0.1,-0.6338820088010415,320,57
bird3,5,54,0.001,-0.6266584955277978,1280,90
bird3,5,54,0.01,-0.6227016037161123,1280,90
bird3,5,54,0.1,-0.6198243780037067,1280,90
bird3,0,55,0.001,-1.5381811404959853,1,1
bird3,0,55,0.01,-1.5381811499745182,1,1
bird3,0,55,0.1,-1.5381812447705,1,1
bird3,1,55,0.001,-0.6434380518659631,5,5
bird3,1,55,0.01,-0.6431651815608591,5,5
bird3,1,55,0.1,-0.642897606233806,5,5
bird3,2,55,0.001,-0.629608433978193,20,16
bird3,2,55,0.01,-0.629313124445806,20,16
bird3,2,55,0.1,-0.6290756682634737,20,16
bird3,3,55,0.001,-0.6322124993319354,80,34
bird3,3,55,0.01,-0.6305722970711882,80,34
bird3,3,55,0.1,-0.6291016287237001,80,34
bird3,4,55,0.001,-0.6400767090867154,320,58
bird3,4,55,0.01,-0.6372153342567773,320,58
bird3,4,55,0.1,-0.6349464609210408,320,58
bird3,5,55,0.001,-0.6443123950926742,1280,93
bird3,5,55,0.01,-0.6388589400935368,1280,93
bird3,5,55,0.1,-0.6345934240011533,1280,93
bird3,0,56,0.001,-1.5393402069856894,1,1
bird3,0,56,0.01,-1.5393402131017453,1,1
bird3,0,56,0.1,-1.539340274274124,1,1
bird3,1,56,0.001,-0.6358419535197946,5,5
bird3,1,56,0.01,-0.635843205458229,5,5
bird3,1,56,0.1,-0.6358558887975625,5,5
bird3,2,56,0.001,-0.6137176813368689,20,15
bird3,2,56,0.01,-0.6134393050555277,20,15
bird3,2,56,0.1,-0.6132444338662625,20,15
bird3,3,56,0.001,-0.6197280173724444,80,31
bird3,3,56,0.01,-0.6178478556558701,80,31
bird3,3,56,0.1,-0.6162215375983832,80,31
bird3,4,56,0.001,-0.6273444382455008,320,53
bird3,4,56,0.01,-0.6245903983261406,320,53
bird3,4,56,0.1,-0.62226121571803,320,53
bird3,5,56,0.001,-0.6306279899793615,1280,88
bird3,5,56,0.01,-0.6242597357127655,1280,88
bird3,5,56,0.1,-0.618758724956112,1280,88
bird3,0,57,0.001,-1.5531148046543943,1,1
bird3,0,57,0.01,-1.5531147919423849,1,1
bird3,0,57,0.1,-1.5531146648369116,1,1
bird3,1,57,0.001,-0.6535431800870114,5,5
bird3,1,57,0.01,-0.6535442238383029,5,5
bird3,1,57,0.1,-0.6535547477024202,5,5
bird3,2,57,0.001,-0.6365256098127068,20,16
bird3,2,57,0.01,-0.6365295836067012,20,16
bird3,2,57,0.1,-0.6365699230479065,20,16
bird3,3,57,0.001,-0.6388928246881072,80,32
bird3,3,57,0.01,-0.6379313771562916,80,32
bird3,3,57,0.1,-0.6372299527302053,80,32
bird3,4,57,0.001,-0.6481868016347507,320,58
bird3,4,57,0.01,-0.6453591296666223,320,58
bird3,4,57,0.1,-0.6432258540404007,320,58
bird3,5,57,0.001,-0.6574062160029467,1280,95
bird3,5,57,0.01,-0.6489781157411622,1280,95
bird3,5,57,0.1,-0.6421379075133725,1280,95
bird3,0,58,0.001,-1.5415447481557192,1,1
bird3,0,58,0.01,-1.5415447524025352,1,1
bird3,0,58,0.1,-1.541544794882192,1,1
bird3,1,58,0.001,-0.6407840872303016,5,5
bird3,1,58,0.01,-0.6407853194279312,5,5
bird3,1,58,0.1,-0.6407977159857714,5,5
bird3,2,58,0.001,-0.6261187742571199,20,14
bird3,2,58,0.01,-0.6261238883110363,20,14
bird3,2,58,0.1,-0.626174273638884,20,14
bird3,3,58,0.001,-0.6284490610175834,80,31
bird3,3,58,0.01,-0.6270878054504222,80,31
bird3,3,58,0.1,-0.6260487022214334,80,31
bird3,4,58,0.001,-0.6300523776279261,320,55
bird3,4,58,0.01,-0.6282081170130149,320,55
bird3,4,58,0.1,-0.6270120136045234,320,55
bird3,5,58,0.001,-0.634450452431434,1280,88
bird3,5,58,0.01,-0.6308100472180399,1280,88
bird3,5,58,0.1,-0.62821752088318,1280,88
bird3,0,59,0.001,-1.5366548572644707,1,1
bird3,0,59,0.01,-1.5366548688813229,1,1
bird3,0,59,0.1,-1.5366549850607518,1,1
bird3,1,59,0.001,-0.6369538735538051,5,5
bird3,1,59,0.01,-0.6367072820731967,5,5
bird3,1,59,0.1,-0.6364701125151512,5,5
bird3,2,59,0.001,-0.619696805475943,20,18
bird3,2,59,0.01,-0.619706614691095,20,18
bird3,2,59,0.1,-0.6198018953221587,20,18
bird3,3,59,0.001,-0.6249406977047683,80,34
bird3,3,59,0.01,-0.6243559355060151,80,34
bird3,3,59,0.1,-0.6239653737653035,80,34
bird3,4,59,0.001,-0.6335049074803082,320,55
bird3,4,59,0.01,-0.6325500401746158,320,55
bird3,4,59,0.1,-0.632023130231414,320,55
bird3,5,59,0.001,-0.6287717314802044,1280,88
bird3,5,59,0.01,-0.6270658919559697,1280,88
bird3,5,59,0.1,-0.6261887811457882,1280,88
bird3,0,60,0.001,-1.5386983650481525,1,1
bird3,0,60,0.01,-1.5386983697272623,1,1
bird3,0,60,0.1,-1.538698416531164,1,1
bird3,1,60,0.001,-0.6373624775534971,5,5
bird3,1,60,0.01,-0.6371111084482819,5,5
bird3,1,60,0.1,-0.6368732604819816,5,5
bird3,2,60,0.001,-0.6202078770958742,20,15
bird3,2,60,0.01,-0.6199348540978479,20,15
bird3,2,60,0.1,-0.6197133292906088,20,15
bird3,3,60,0.001,-0.6236574447929303,80,31
bird3,3,60,0.01,-0.6233671708005032,80,31
bird3,3,60,0.1,-0.6232620076237798,80,31
bird3,4,60,0.001,-0.6243284868769978,320,53
bird3,4,60,0.01,-0.6220272192105877,320,53
bird3,4,60,0.1,-0.6203214421870713,320,53
bird3,5,60,0.001,-0.6265437353750201,1280,86
bird3,5,60,0.01,-0.6226209335088377,1280,86
bird3,5,60,0.1,-0.6196859183274372,1280,86
bird3,0,61,0.001,-1.551983873167809,1,1
bird3,0,61,0.01,-1.5519838609478507,1,1
bird3,0,61,0.1,-1.5519837387631397,1,1
bird3,1,61,0.001,-0.6491605884541588,5,5
bird3,1,61,0.01,-0.6488982978402696,5,5
bird3,1,61,0.1,-0.6486447763795173,5,5
bird3,2,61,0.001,-0.6270370071741078,20,17
bird3,2,61,0.01,-0.6264711730850424,20,17
bird3,2,61,0.1,-0.6259925027256004,20,17
bird3,3,61,0.001,-0.6317127929286952,80,34
bird3,3,61,0.01,-0.6301486939973537,80,34
bird3,3,61,0.1,-0.6288193739770261,80,34
bird3,4,61,0.001,-0.6351519611481188,320,60
bird3,4,61,0.01,-0.6338063200319719,320,60
bird3,4,61,0.1,-0.632965449926172,320,60
bird3,5,61,0.001,-0.631979713028589,1280,97
bird3,5,61,0.01,-0.6290653324836298,1280,97
bird3,5,61,0.1,-0.6271476825003498,1280,97
bird3,0,62,0.001,-1.5498272333294285,1,1
bird3,0,62,0.01,-1.5498272223336014,1,1
bird3,0,62,0.1,-1.5498271123905787,1,1
bird3,1,62,0.001,-0.6535929932934251,5,5
bird3,1,62,0.01,-0.6530827272779686,5,5
bird3,1,62,0.1,-0.6525722652753188,5,5
bird3,2,62,0.001,-0.6384865180969697,20,18
bird3,2,62,0.01,-0.6379307409154361,20,18
bird3,2,62,0.1,-0.6374653124086317,20,18
bird3,3,62,0.001,-0.6461628754688078,80,40
bird3,3,62,0.01,-0.6427727069246563,80,40
bird3,3,62,0.1,-0.6399010480707242,80,40
bird3,4,62,0.001,-0.656338169888132,320,68
bird3,4,62,0.01,-0.6519638470727913,320,68
bird3,4,62,0.1,-0.6484557600426506,320,68
bird3,5,62,0.001,-0.655787787382205,1280,109
bird3,5,62,0.01,-0.6500261750070119,1280,109
bird3,5,62,0.1,-0.6456497790645942,1280,109
bird3,0,63,0.001,-1.5437068922013686,1,1
bird3,0,63,0.01,-1.5437068881309755,1,1
bird3,0,63,0.1,-1.5437068474417555,1,1
bird3,1,63,0.001,-0.6455041194395607,5,5
bird3,1,63,0.01,-0.645503460029592,5,5
bird3,1,63,0.1,-0.6454972774550827,5,5
bird3,2,63,0.001,-0.627477417187528,20,17
bird3,2,63,0.01,-0.6272164638072484,20,17
bird3,2,63,0.1,-0.627061949030486,20,17
bird3,3,63,0.001,-0.6255949190721641,80,35
bird3,3,63,0.01,-0.6253357242404386,80,35
bird3,3,63,0.1,-0.625414794859268,80,35
bird3,4,63,0.001,-0.6359876365520345,320,58
bird3,4,63,0.01,-0.6347733626049511,320,58
bird3,4,63,0.1,-0.6342717633079846,320,58
bird3,5,63,0.001,-0.6332982811193845,1280,93
bird3,5,63,0.01,-0.6299553459979792,1280,93
bird3,5,63,0.1,-0.6278810580240722,1280,93
bird3,0,64,0.001,-1.5503807740970237,1,1
bird3,0,64,0.01,-1.550380762942967,1,1
bird3,0,64,0.1,-1.550380651417293,1,1
bird3,1,64,0.001,-0.6490939846186444,5,5
bird3,1,64,0.01,-0.6488263609588653,5,5
bird3,1,64,0.1,-0.6485571792032335,5,5
bird3,2,64,0.001,-0.6414104916741956,20,15
bird3,2,64,0.01,-0.6390942110026498,20,15
bird3,2,64,0.1,-0.6371721519879453,20,15
bird3,3,64,0.001,-0.6309166134484794,80,30
bird3,3,64,0.01,-0.629983072511047,80,30
bird3,3,64,0.1,-0.6293342432379996,80,30
bird3,4,64,0.001,-0.6422968734949323,320,52
bird3,4,64,0.01,-0.6419816501673951,320,52
bird3,4,64,0.1,-0.6420522999807752,320,52
bird3,5,64,0.001,-0.6381760261568203,1280,85
bird3,5,64,0.01,-0.6359381617372447,1280,85
bird3,5,64,0.1,-0.6346357079135833,1280,85
bird3,0,65,0.001,-1.5350728262793405,1,1
bird3,0,65,0.01,-1.5350728400659672,1,1
bird3,0,65,0.1,-1.5350729779430017,1,1
bird3,1,65,0.001,-0.6375233600705337,5,5
bird3,1,65,0.01,-0.6372823173040659,5,5
bird3,1,65,0.1,-0.6370374421965279,5,5
bird3,2,65,0.001,-0.6287689019461041,20,18
bird3,2,65,0.01,-0.62824601082697,20,18
bird3,2,65,0.1,-0.627814517452005,20,18
bird3,3,65,0.001,-0.6316202494540645,80,39
bird3,3,65,0.01,-0.6287658419023918,80,39
bird3,3,65,0.1,-0.626383611464503,80,39
bird3,4,65,0.001,-0.6440829276427934,320,68
bird3,4,65,0.01,-0.6406245389883173,320,68
bird3,4,65,0.1,-0.6380425004601835,320,68
bird3,5,65,0.001,-0.6462676117585073,1280,111
bird3,5,65,0.01,-0.6395341255565079,1280,111
bird3,5,65,0.1,-0.634505495601049,1280,111
bird3,0,66,0.001,-1.538345838949327,1,1
bird3,0,66,0.01,-1.5383458472420701,1,1
bird3,0,66,0.1,-1.538345930181253,1,1
bird3,1,66,0.001,-0.6387861577262247,5,5
bird3,1,66,0.01,-0.6385435438527719,5,5
bird3,1,66,0.1,-0.6383106983810191,5,5
bird3,2,66,0.001,-0.6238849223728101,20,16
bird3,2,66,0.01,-0.6236217092106802,20,16
bird3,2,66,0.1,-0.6234010616228609,20,16
bird3,3,66,0.001,-0.6273300463199877,80,33
bird3,3,66,0.01,-0.6255941620229633,80,33
bird3,3,66,0.1,-0.6242053318337887,80,33
bird3,4,66,0.001,-0.635108910757991,320,54
bird3,4,66,0.01,-0.6322436465546458,320,54
bird3,4,66,0.1,-0.6300618031978242,320,54
bird3,5,66,0.001,-0.6358685114002226,1280,90
bird3,5,66,0.01,-0.6317884644712042,1280,90
bird3,5,66,0.1,-0.6289539274032186,1280,90
bird3,0,67,0.001,-1.5298980462263172,1,1
bird3,0,67,0.01,-1.5298980675993255,1,1
bird3,0,67,0.1,-1.529898281338456,1,1
bird3,1,67,0.001,-0.6270387061345505,5,5
bird3,1,67,0.01,-0.6270396466860416,5,5
bird3,1,67,0.1,-0.6270491750453215,5,5
bird3,2,67,0.001,-0.6111846437464411,20,16
bird3,2,67,0.01,-0.6111936584636756,20,16
bird3,2,67,0.1,-0.6112829457867257,20,16
bird3,3,67,0.001,-0.6165901989657404,80,33
bird3,3,67,0.01,-0.6140793557440872,80,33
bird3,3,67,0.1,-0.6118705858715843,80,33
bird3,4,67,0.001,-0.6244363547309594,320,56
bird3,4,67,0.01,-0.6213852590943365,320,56
bird3,4,67,0.1,-0.6189293761983569,320,56
bird3,5,67,0.001,-0.6222047654641487,1280,88
bird3,5,67,0.01,-0.6163869045952036,1280,88
bird3,5,67,0.1,-0.6117074802506423,1280,88
bird3,0,68,0.001,-1.5472953859995715,1,1
bird3,0,68,0.01,-1.5472953819853912,1,1
bird3,0,68,0.1,-1.5472953418567517,1,1
bird3,1,68,0.001,-0.6520978944904754,5,5
bird3,1,68,0.01,-0.6518301190039764,5,5
bird3,1,68,0.1,-0.6515435514426591,5,5
bird3,2,68,0.001,-0.634973948672161,20,18
bird3,2,68,0.01,-0.6326820633342664,20,18
bird3,2,68,0.1,-0.6308420861873478,20,18
bird3,3,68,0.001,-0.6377161954044105,80,39
bird3,3,68,0.01,-0.6348561659138998,80,39
bird3,3,68,0.1,-0.6325556553710162,80,39
bird3,4,68,0.001,-0.6399254558601526,320,69
bird3,4,68,0.01,-0.6382318910189121,320,69
bird3,4,68,0.1,-0.6371420649824895,320,69
bird3,5,68,0.001,-0.6488403835395784,1280,106
bird3,5,68,0.01,-0.6421421211205757,1280,106
bird3,5,68,0.1,-0.6368621780128619,1280,106
bird3,0,69,0.001,-1.5479531253632877,1,1
bird3,0,69,0.01,-1.5479531175430556,1,1
bird3,0,69,0.1,-1.547953039355428,1,1
bird3,1,69,0.001,-0.647589033265043,5,5
bird3,1,69,0.01,-0.647589987202676,5,5
bird3,1,69,0.1,-0.6475996251945718,5,5
bird3,2,69,0.001,-0.6423734260874886,20,16
bird3,2,69,0.01,-0.6398774802177447,20,16
bird3,2,69,0.1,-0.6374767967459155,20,16
bird3,3,69,0.001,-0.6430343043781979,80,36
bird3,3,69,0.01,-0.6394017755654403,80,36
bird3,3,69,0.1,-0.6361337337684524,80,36
bird3,4,69,0.001,-0.6471772971341009,320,64
bird3,4,69,0.01,-0.643888146143668,320,64
bird3,4,69,0.1,-0.6412280800403338,320,64
bird3,5,69,0.001,-0.6428109053591887,1280,102
bird3,5,69,0.01,-0.6382384576462798,1280,102
bird3,5,69,0.1,-0.6348695536945997,1280,102
bird3,0,70,0.001,-1.5471359537142588,1,1
bird3,0,70,0.01,-1.547135945415793,1,1
bird3,0,70,0.1,-1.5471358624463918,1,1
bird3,1,70,0.001,-0.6474223745478379,5,5
bird3,1,70,0.01,-0.6474228980599305,5,5
bird3,1,70,0.1,-0.6474283829279632,5,5
bird3,2,70,0.001,-0.6349059740015457,20,17
bird3,2,70,0.01,-0.6343693735534983,20,17
bird3,2,70,0.1,-0.6339000616568179,20,17
bird3,3,70,0.001,-0.6378360923404607,80,36
bird3,3,70,0.01,-0.6372538287684674,80,36
bird3,3,70,0.1,-0.636858948969539,80,36
bird3,4,70,0.001,-0.6515914733910583,320,59
bird3,4,70,0.01,-0.6483342292582857,320,59
bird3,4,70,0.1,-0.6457281652792519,320,59
bird3,5,70,0.001,-0.652747147153568,1280,95
bird3,5,70,0.01,-0.6485387404830967,1280,95
bird3,5,70,0.1,-0.6453315832299619,1280,95
bird3,0,71,0.001,-1.5436258982321844,1,1
bird3,0,71,0.01,-1.5436258969372565,1,1
bird3,0,71,0.1,-1.5436258840015162,1,1
bird3,1,71,0.001,-0.6408172545170685,5,5
bird3,1,71,0.01,-0.640563832822744,5,5
bird3,1,71,0.1,-0.6403086160806413,5,5
bird3,2,71,0.001,-0.6277287375198113,20,16
bird3,2,71,0.01,-0.6274546665856916,20,16
bird3,2,71,0.1,-0.627243554259795,20,16
bird3,3,71,0.001,-0.6243895337095732,80,34
bird3,3,71,0.01,-0.623797782885028,80,34
bird3,3,71,0.1,-0.6234284484036943,80,34
bird3,4,71,0.001,-0.6334276810409718,320,59
bird3,4,71,0.01,-0.629500189613383,320,59
bird3,4,71,0.1,-0.6263479713229801,320,59
bird3,5,71,0.001,-0.6359870984798002,1280,96
bird3,5,71,0.01,-0.6306745143466641,1280,96
bird3,5,71,0.1,-0.6265523121110628,1280,96
bird3,0,72,0.001,-1.5440011723835074,1,1
bird3,0,72,0.01,-1.5440011685229273,1,1
bird3,0,72,0.1,-1.5440011299315743,1,1
bird3,1,72,0.001,-0.6464368905494619,5,5
bird3,1,72,0.01,-0.6464373234142924,5,5
bird3,1,72,0.1,-0.6464418065506483,5,5
bird3,2,72,0.001,-0.6258962316490356,20,15
bird3,2,72,0.01,-0.6256277515300948,20,15
bird3,2,72,0.1,-0.6254255887545636,20,15
bird3,3,72,0.001,-0.6226770018635859,80,32
bird3,3,72,0.01,-0.6217996031606219,80,32
bird3,3,72,0.1,-0.6211821767055598,80,32
bird3,4,72,0.001,-0.6374481659192881,320,56
bird3,4,72,0.01,-0.6332314342556646,320,56
bird3,4,72,0.1,-0.6297907293753836,320,56
bird3,5,72,0.001,-0.6393368528162775,1280,93
bird3,5,72,0.01,-0.6302603670923568,1280,93
bird3,5,72,0.1,-0.6226390723323557,1280,93
bird3,0,73,0.001,-1.5592873778247178,1,1
bird3,0,73,0.01,-1.5592873541676735,1,1
bird3,0,73,0.1,-1.5592871176142455,1,1
bird3,1,73,0.001,-0.6620930146177544,5,5
bird3,1,73,0.01,-0.6620933218263568,5,5
bird3,1,73,0.1,-0.6620966186529504,5,5
bird3,2,73,0.001,-0.6523937178659817,20,16
bird3,2,73,0.01,-0.6521100186943665,20,16
bird3,2,73,0.1,-0.651900017768555,20,16
bird3,3,73,0.001,-0.664805666381287,80,36
bird3,3,73,0.01,-0.6593955322576758,80,36
bird3,3,73,0.1,-0.654598061806352,80,36
bird3,4,73,0.001,-0.6818253450284463,320,62
bird3,4,73,0.01,-0.674030037628621,320,62
bird3,4,73,0.1,-0.6671227832759272,320,62
bird3,5,73,0.001,-0.6793510102872714,1280,98
bird3,5,73,0.01,-0.6705812213978188,1280,98
bird3,5,73,0.1,-0.6633220372819697,1280,98
bird3,0,74,0.001,-1.538079491046067,1,1
bird3,0,74,0.01,-1.5380794971240959,1,1
bird3,0,74,0.1,-1.5380795579168116,1,1
bird3,1,74,0.001,-0.6339398512861676,5,5
bird3,1,74,0.01,-0.6339409313707525,5,5
bird3,1,74,0.1,-0.6339518566219023,5,5
bird3,2,74,0.001,-0.6156503944986825,20,14
bird3,2,74,0.01,-0.6156572849561035,20,14
bird3,2,74,0.1,-0.6157265799154547,20,14
bird3,3,74,0.001,-0.6106035582130709,80,30
bird3,3,74,0.01,-0.6103278414154842,80,30
bird3,3,74,0.1,-0.6102918355780509,80,30
bird3,4,74,0.001,-0.6223940573802808,320,53
bird3,4,74,0.01,-0.6211291046725602,320,53
bird3,4,74,0.1,-0.6203921966244939,320,53
bird3,5,74,0.001,-0.6177384309864116,1280,87
bird3,5,74,0.01,-0.61499423957114,1280,87
bird3,5,74,0.1,-0.6132329348744637,1280,87
bird3,0,75,0.001,-1.5477513181254878,1,1
bird3,0,75,0.01,-1.5477513112978531,1,1
bird3,0,75,0.1,-1.5477512430354041,1,1
bird3,1,75,0.001,-0.6454287529497069,5,5
bird3,1,75,0.01,-0.6454297436874753,5,5
bird3,1,75,0.1,-0.6454397542230804,5,5
bird3,2,75,0.001,-0.6276083866655436,20,14
bird3,2,75,0.01,-0.6276134058141921,20,14
bird3,2,75,0.1,-0.627663342454804,20,14
bird3,3,75,0.001,-0.6353946747875785,80,30
bird3,3,75,0.01,-0.6337476128560151,80,30
bird3,3,75,0.1,-0.6324372259054766,80,30
bird3,4,75,0.001,-0.644392699307582,320,49
bird3,4,75,0.01,-0.6414873805045057,320,49
bird3,4,75,0.1,-0.6393121890665164,320,49
bird3,5,75,0.001,-0.6435019725485313,1280,79
bird3,5,75,0.01,-0.6383717899247685,1280,79
bird3,5,75,0.1,-0.6348102577233493,1280,79
bird3,0,76,0.001,-1.5360220066900814,1,1
bird3,0,76,0.01,-1.536022019789986,1,1
bird3,0,76,0.1,-1.536022150799053,1,1
bird3,1,76,0.001,-0.634978199381771,5,5
bird3,1,76,0.01,-0.6349784277741799,5,5
bird3,1,76,0.1,-0.6349809648839592,5,5
bird3,2,76,0.001,-0.6160991534654879,20,16
bird3,2,76,0.01,-0.6158104018941181,20,16
bird3,2,76,0.1,-0.6155705752446414,20,16
bird3,3,76,0.001,-0.6248887062130559,80,35
bird3,3,76,0.01,-0.6229819196303916,80,35
bird3,3,76,0.1,-0.6215014428385183,80,35
bird3,4,76,0.001,-0.6260406847344423,320,58
bird3,4,76,0.01,-0.6229410507567457,320,58
bird3,4,76,0.1,-0.6206232516845145,320,58
bird3,5,76,0.001,-0.6319556609409913,1280,95
bird3,5,76,0.01,-0.6251955972029412,1280,95
bird3,5,76,0.1,-0.6198972159955012,1280,95
bird3,0,77,0.001,-1.5449433399123056,1,1
bird3,0,77,0.01,-1.544943334452983,1,1
bird3,0,77,0.1,-1.5449432798744782,1,1
bird3,1,77,0.001,-0.6485203992335387,5,5
bird3,1,77,0.01,-0.6482657403564214,5,5
bird3,1,77,0.1,-0.6480027154902213,5,5
bird3,2,77,0.001,-0.6373569726229164,20,18
bird3,2,77,0.01,-0.6351514910997429,20,18
bird3,2,77,0.1,-0.6333389580472963,20,18
bird3,3,77,0.001,-0.6357574009366995,80,35
bird3,3,77,0.01,-0.634244836411621,80,35
bird3,3,77,0.1,-0.6330975845395934,80,35
bird3,4,77,0.001,-0.633472423602428,320,59
bird3,4,77,0.01,-0.6321922014004807,320,59
bird3,4,77,0.1,-0.6315214519068486,320,59
bird3,5,77,0.001,-0.6295635937315271,1280,98
bird3,5,77,0.01,-0.6264437884030734,1280,98
bird3,5,77,0.1,-0.6245325762401076,1280,98
bird3,0,78,0.001,-1.5378605009590016,1,1
bird3,0,78,0.01,-1.5378605093168636,1,1
bird3,0,78,0.1,-1.5378605929071814,1,1
bird3,1,78,0.001,-0.6386184582497811,5,5
bird3,1,78,0.01,-0.6383676204121821,5,5
bird3,1,78,0.1,-0.6381174593686378,5,5
bird3,2,78,0.001,-0.6213890338275533,20,17
bird3,2,78,0.01,-0.621397341829259,20,17
bird3,2,78,0.1,-0.6214785963742763,20,17
bird3,3,78,0.001,-0.6240402179268582,80,35
bird3,3,78,0.01,-0.6228449879708366,80,35
bird3,3,78,0.1,-0.6219069923615931,80,35
bird3,4,78,0.001,-0.6321984488602839,320,61
bird3,4,78,0.01,-0.62959039044795,320,61
bird3,4,78,0.1,-0.6276162179257361,320,61
bird3,5,78,0.001,-0.636777991692752,1280,97
bird3,5,78,0.01,-0.6325481496450135,1280,97
bird3,5,78,0.1,-0.629539860468285,1280,97
bird3,0,79,0.001,-1.546553722294284,1,1
bird3,0,79,0.01,-1.5465537143095773,1,1
bird3,0,79,0.1,-1.546553634478038,1,1
bird3,1,79,0.001,-0.6509236787369688,5,5
bird3,1,79,0.01,-0.6509236717719077,5,5
bird3,1,79,0.1,-0.6509238758423368,5,5
bird3,2,79,0.001,-0.6302401171304309,20,17
bird3,2,79,0.01,-0.6299821270181597,20,17
bird3,2,79,0.1,-0.629796867870822,20,17
bird3,3,79,0.001,-0.6316377150031235,80,34
bird3,3,79,0.01,-0.6302023137860341,80,34
bird3,3,79,0.1,-0.6289931536752165,80,34
bird3,4,79,0.001,-0.6432722486257345,320,57
bird3,4,79,0.01,-0.6414415401065683,320,57
bird3,4,79,0.1,-0.6401682529481877,320,57
bird3,5,79,0.001,-0.6363204626806864,1280,92
bird3,5,79,0.01,-0.6337260825823462,1280,92
bird3,5,79,0.1,-0.6321425528268678,1280,92
bird3,0,80,0.001,-1.5429351664184672,1,1
bird3,0,80,0.01,-1.5429351683177297,1,1
bird3,0,80,0.1,-1.542935187323121,1,1
bird3,1,80,0.001,-0.6562358193892094,5,5
bird3,1,80,0.01,-0.6559894576575215,5,5
bird3,1,80,0.1,-0.6557258285874916,5,5
bird3,2,80,0.001,-0.6316989487264878,20,18
bird3,2,80,0.01,-0.6314464674282094,20,18
bird3,2,80,0.1,-0.6313038955893283,20,18
bird3,3,80,0.001,-0.6480979618986079,80,39
bird3,3,80,0.01,-0.6434693795596304,80,39
bird3,3,80,0.1,-0.6393854388150073,80,39
bird3,4,80,0.001,-0.6537255745886299,320,69
bird3,4,80,0.01,-0.6490699372191154,320,69
bird3,4,80,0.1,-0.6453222867587207,320,69
bird3,5,80,0.001,-0.6452949728703982,1280,111
bird3,5,80,0.01,-0.6410457985657312,1280,111
bird3,5,80,0.1,-0.6382382966926099,1280,111
bird3,0,81,0.001,-1.5489725127240328,1,1
bird3,0,81,0.01,-1.5489725022762433,1,1
bird3,0,81,0.1,-1.5489723978133219,1,1
bird3,1,81,0.001,-0.6527506235733292,5,5
bird3,1,81,0.01,-0.6527486912379682,5,5
bird3,1,81,0.1,-0.6527305279186391,5,5
bird3,2,81,0.001,-0.631715092786373,20,17
bird3,2,81,0.01,-0.6308371621705963,20,17
bird3,2,81,0.1,-0.6300856950342806,20,17
bird3,3,81,0.001,-0.6369766400374111,80,38
bird3,3,81,0.01,-0.6340698441004183,80,38
bird3,3,81,0.1,-0.631744797434171,80,38
bird3,4,81,0.001,-0.6423887875908345,320,62
bird3,4,81,0.01,-0.6385037998563631,320,62
bird3,4,81,0.1,-0.6355405323431423,320,62
bird3,5,81,0.001,-0.644666571985076,1280,100
bird3,5,81,0.01,-0.6389301673219959,1280,100
bird3,5,81,0.1,-0.6346649746551015,1280,100
bird3,0,82,0.001,-1.5371231442559747,1,1
bird3,0,82,0.01,-1.5371231553553677,1,1
bird3,0,82,0.1,-1.537123266359924,1,1
bird3,1,82,0.001,-0.6426453894124919,5,5
bird3,1,82,0.01,-0.6423847742068348,5,5
bird3,1,82,0.1,-0.6421234286654711,5,5
bird3,2,82,0.001,-0.6255300081855456,20,16
bird3,2,82,0.01,-0.6249633138241057,20,16
bird3,2,82,0.1,-0.6244708737712721,20,16
bird3,3,82,0.001,-0.6277109892099701,80,34
bird3,3,82,0.01,-0.6246054647148804,80,34
bird3,3,82,0.1,-0.6219062677302082,80,34
bird3,4,82,0.001,-0.6302893515253442,320,60
bird3,4,82,0.01,-0.6279565078433812,320,60
bird3,4,82,0.1,-0.626314519679979,320,60
bird3,5,82,0.001,-0.6280674667236554,1280,97
bird3,5,82,0.01,-0.6237382450307362,1280,97
bird3,5,82,0.1,-0.620682251994259,1280,97
bird3,0,83,0.001,-1.5478617952421887,1,1
bird3,0,83,0.01,-1.5478617880049872,1,1
bird3,0,83,0.1,-1.5478617156472583,1,1
bird3,1,83,0.001,-0.6491031450439038,5,5
bird3,1,83,0.01,-0.648841494874672,5,5
bird3,1,83,0.1,-0.6485870049792369,5,5
bird3,2,83,0.001,-0.6423387010367048,20,17
bird3,2,83,0.01,-0.6408760389627262,20,17
bird3,2,83,0.1,-0.639497132977013,20,17
bird3,3,83,0.001,-0.6447027307380416,80,35
bird3,3,83,0.01,-0.6434264305934005,80,35
bird3,3,83,0.1,-0.6423849987157165,80,35
bird3,4,83,0.001,-0.6565716651808174,320,60
bird3,4,83,0.01,-0.6513742164142098,320,60
bird3,4,83,0.1,-0.6471985800938911,320,60
bird3,5,83,0.001,-0.6539167964603007,1280,101
bird3,5,83,0.01,-0.6483932166501024,1280,101
bird3,5,83,0.1,-0.6443654110265622,1280,101
bird3,0,84,0.001,-1.5556232929677112,1,1
bird3,0,84,0.01,-1.5556232752664785,1,1
bird3,0,84,0.1,-1.5556230982700614,1,1
bird3,1,84,0.001,-0.6602853295447098,5,5
bird3,1,84,0.01,-0.6602838227565039,5,5
bird3,1,84,0.1,-0.6602699184331096,5,5
bird3,2,84,0.001,-0.6340670669200145,20,17
bird3,2,84,0.01,-0.6335037956556231,20,17
bird3,2,84,0.1,-0.6330458039532415,20,17
bird3,3,84,0.001,-0.6392412770514849,80,33
bird3,3,84,0.01,-0.6380175163198741,80,33
bird3,3,84,0.1,-0.6372492368130442,80,33
bird3,4,84,0.001,-0.6582638247379778,320,57
bird3,4,84,0.01,-0.6537870342894228,320,57
bird3,4,84,0.1,-0.6501284748941596,320,57
bird3,5,84,0.001,-0.6544824392358338,1280,100
bird3,5,84,0.01,-0.6493321944726282,1280,100
bird3,5,84,0.1,-0.6453730074837981,1280,100
bird3,0,85,0.001,-1.5475583327027556,1,1
bird3,0,85,0.01,-1.547558325881765,1,1
bird3,0,85,0.1,-1.5475582576866262,1,1
bird3,1,85,0.001,-0.6507374667456719,5,5
bird3,1,85,0.01,-0.6504973404391984,5,5
bird3,1,85,0.1,-0.6502610957803393,5,5
bird3,2,85,0.001,-0.6303477069026101,20,18
bird3,2,85,0.01,-0.6298319820356026,20,18
bird3,2,85,0.1,-0.6293994084378056,20,18
bird3,3,85,0.001,-0.6381056915590805,80,37
bird3,3,85,0.01,-0.6358513367519592,80,37
bird3,3,85,0.1,-0.6339156356809366,80,37
bird3,4,85,0.001,-0.6461036572218829,320,63
bird3,4,85,0.01,-0.6415260163996689,320,63
bird3,4,85,0.1,-0.6376828364994025,320,63
bird3,5,85,0.001,-0.645520216207236,1280,105
bird3,5,85,0.01,-0.6400167774595635,1280,105
bird3,5,85,0.1,-0.6358330854098623,1280,105
bird3,0,86,0.001,-1.5319593934950244,1,1
bird3,0,86,0.01,-1.5319594105560328,1,1
bird3,0,86,0.1,-1.5319595811760955,1,1
bird3,1,86,0.001,-0.634509367255369,5,5
bird3,1,86,0.01,-0.6342514147847861,5,5
bird3,1,86,0.1,-0.6340090581493167,5,5
bird3,2,86,0.001,-0.6114502825186197,20,14
bird3,2,86,0.01,-0.611170291508286,20,14
bird3,2,86,0.1,-0.6109345806810015,20,14
bird3,3,86,0.001,-0.6108782570187586,80,29
bird3,3,86,0.01,-0.6099475138382094,80,29
bird3,3,86,0.1,-0.6091660696263804,80,29
bird3,4,86,0.001,-0.6166995201356832,320,51
bird3,4,86,0.01,-0.6150018468481258,320,51
bird3,4,86,0.1,-0.6136659907638286,320,51
bird3,5,86,0.001,-0.6176445059856481,1280,85
bird3,5,86,0.01,-0.6136348932533308,1280,85
bird3,5,86,0.1,-0.6104449372087157,1280,85
bird3,0,87,0.001,-1.5546763885810466,1,1
bird3,0,87,0.01,-1.554676372453901,1,1
bird3,0,87,0.1,-1.5546762111980594,1,1
bird3,1,87,0.001,-0.6581356086969157,5,5
bird3,1,87,0.01,-0.6578736823074784,5,5
bird3,1,87,0.1,-0.6576087249772533,5,5
bird3,2,87,0.001,-0.6370347163631856,20,16
bird3,2,87,0.01,-0.636181675525252,20,16
bird3,2,87,0.1,-0.6353925277696038,20,16
bird3,3,87,0.001,-0.6360089857234802,80,34
bird3,3,87,0.01,-0.6338447905963763,80,34
bird3,3,87,0.1,-0.6320177384621304,80,34
bird3,4,87,0.001,-0.6409499897824045,320,57
bird3,4,87,0.01,-0.6382607123251024,320,57
bird3,4,87,0.1,-0.636223314618069,320,57
bird3,5,87,0.001,-0.6384547778096765,1280,95
bird3,5,87,0.01,-0.634866867236525,1280,95
bird3,5,87,0.1,-0.6324235178842912,1280,95
bird3,0,88,0.001,-1.5553489633240392,1,1
bird3,0,88,0.01,-1.5553489471309903,1,1
bird3,0,88,0.1,-1.5553487852157024,1,1
bird3,1,88,0.001,-0.6507926760710349,5,5
bird3,1,88,0.01,-0.6507938170568619,5,5
bird3,1,88,0.1,-0.6508053353086244,5,5
bird3,2,88,0.001,-0.6323929870822725,20,15
bird3,2,88,0.01,-0.6320998699861176,20,15
bird3,2,88,0.1,-0.6318720501271003,20,15
bird3,3,88,0.001,-0.6424826526617543,80,30
bird3,3,88,0.01,-0.6411676346051182,80,30
bird3,3,88,0.1,-0.6400724485121323,80,30
bird3,4,88,0.001,-0.662742670914949,320,52
bird3,4,88,0.01,-0.6601831817970201,320,52
bird3,4,88,0.1,-0.65807781087622,320,52
bird3,5,88,0.001,-0.6620245140712491,1280,85
bird3,5,88,0.01,-0.6576689203380325,1280,85
bird3,5,88,0.1,-0.6543544067273849,1280,85
bird3,0,89,0.001,-1.557003913095824,1,1
bird3,0,89,0.01,-1.5570038938286879,1,1
bird3,0,89,0.1,-1.5570037011733666,1,1
bird3,1,89,0.001,-0.6575266459404491,5,5
bird3,1,89,0.01,-0.6575253783147956,5,5
bird3,1,89,0.1,-0.657513804793148,5,5
bird3,2,89,0.001,-0.644872434197765,20,17
bird3,2,89,0.01,-0.644008484320422,20,17
bird3,2,89,0.1,-0.6432533676744394,20,17
bird3,3,89,0.001,-0.647040584124998,80,36
bird3,3,89,0.01,-0.6435731797339632,80,36
bird3,3,89,0.1,-0.6406559440219655,80,36
bird3,4,89,0.001,-0.6528618262950788,320,59
bird3,4,89,0.01,-0.6487558097184588,320,59
bird3,4,89,0.1,-0.64547610273803,320,59
bird3,5,89,0.001,-0.6555515815458381,1280,92
bird3,5,89,0.01,-0.6499918651465452,1280,92
bird3,5,89,0.1,-0.6456629506569966,1280,92
bird3,0,90,0.001,-1.553725313326501,1,1
bird3,0,90,0.01,-1.5537252986319487,1,1
bird3,0,90,0.1,-1.5537251517019555,1,1
bird3,1,90,0.001,-0.6588892524157876,5,5
bird3,1,90,0.01,-0.6588883540511664,5,5
bird3,1,90,0.1,-0.6588796801873299,5,5
bird3,2,90,0.001,-0.641385947343938,20,16
bird3,2,90,0.01,-0.6413960581764805,20,16
bird3,2,90,0.1,-0.6414950318447412,20,16
bird3,3,90,0.001,-0.6451599947510912,80,37
bird3,3,90,0.01,-0.6433657655693444,80,37
bird3,3,90,0.1,-0.6419916010990709,80,37
bird3,4,90,0.001,-0.6541360191791594,320,68
bird3,4,90,0.01,-0.6515878606239602,320,68
bird3,4,90,0.1,-0.649931985330326,320,68
bird3,5,90,0.001,-0.6681273795469207,1280,113
bird3,5,90,0.01,-0.6597447514149805,1280,113
bird3,5,90,0.1,-0.6533359910517315,1280,113
bird3,0,91,0.001,-1.5438527291223938,1,1
bird3,0,91,0.01,-1.5438527267882558,1,1
bird3,0,91,0.1,-1.543852703460665,1,1
bird3,1,91,0.001,-0.6494969867870705,5,5
bird3,1,91,0.01,-0.6492409382892192,5,5
bird3,1,91,0.1,-0.6489894151965162,5,5
bird3,2,91,0.001,-0.631952671198184,20,18
bird3,2,91,0.01,-0.6319598909875179,20,18
bird3,2,91,0.1,-0.6320311033766952,20,18
bird3,3,91,0.001,-0.6226028915117827,80,36
bird3,3,91,0.01,-0.6220197515159339,80,36
bird3,3,91,0.1,-0.6216932408197083,80,36
bird3,4,91,0.001,-0.6305705522682814,320,59
bird3,4,91,0.01,-0.6263327013779183,320,59
bird3,4,91,0.1,-0.6228352266453235,320,59
bird3,5,91,0.001,-0.6254389715464378,1280,98
bird3,5,91,0.01,-0.620558290532706,1280,98
bird3,5,91,0.1,-0.6170421568448898,1280,98
bird3,0,92,0.001,-1.5419871693091254,1,1
bird3,0,92,0.01,-1.5419871700240912,1,1
bird3,0,92,0.1,-1.5419871771871891,1,1
bird3,1,92,0.001,-0.6413402308650471,5,5
bird3,1,92,0.01,-0.6413409385737079,5,5
bird3,1,92,0.1,-0.6413481411892809,5,5
bird3,2,92,0.001,-0.6257264065265099,20,15
bird3,2,92,0.01,-0.6257316567618313,20,15
bird3,2,92,0.1,-0.6257839148667846,20,15
bird3,3,92,0.001,-0.6184835629209664,80,34
bird3,3,92,0.01,-0.6170600030252688,80,34
bird3,3,92,0.1,-0.6159713571544617,80,34
bird3,4,92,0.001,-0.623808065863182,320,55
bird3,4,92,0.01,-0.6213453013979727,320,55
bird3,4,92,0.1,-0.6196625622891365,320,55
bird3,5,92,0.001,-0.6285576473456902,1280,90
bird3,5,92,0.01,-0.6218264186646802,1280,90
bird3,5,92,0.1,-0.6167233887790647,1280,90
bird3,0,93,0.001,-1.5449480900904702,1,1
bird3,0,93,0.01,-1.5449480879807236,1,1
bird3,0,93,0.1,-1.5449480668965114,1,1
bird3,1,93,0.001,-0.6417839773038506,5,5
bird3,1,93,0.01,-0.6417849143038898,5,5
bird3,1,93,0.1,-0.6417943939630045,5,5
bird3,2,93,0.001,-0.62736834804648,20,15
bird3,2,93,0.01,-0.6273727719464326,20,15
bird3,2,93,0.1,-0.6274176012157344,20,15
bird3,3,93,0.001,-0.6297364772215307,80,32
bird3,3,93,0.01,-0.628197712223035,80,32
bird3,3,93,0.1,-0.6269993074779885,80,32
bird3,4,93,0.001,-0.6453642758936035,320,56
bird3,4,93,0.01,-0.6423193174323206,320,56
bird3,4,93,0.1,-0.6400992145627876,320,56
bird3,5,93,0.001,-0.6496944341434692,1280,96
bird3,5,93,0.01,-0.6441551845654293,1280,96
bird3,5,93,0.1,-0.6398921768852496,1280,96
bird3,0,94,0.001,-1.5437349198138106,1,1
bird3,0,94,0.01,-1.5437349232248627,1,1
bird3,0,94,0.1,-1.5437349573471273,1,1
bird3,1,94,0.001,-0.6457361937325115,5,5
bird3,1,94,0.01,-0.6454849187511418,5,5
bird3,1,94,0.1,-0.6452348038124494,5,5
bird3,2,94,0.001,-0.6276655056115654,20,16
bird3,2,94,0.01,-0.6273973285602318,20,16
bird3,2,94,0.1,-0.6272038945143753,20,16
bird3,3,94,0.001,-0.6304139002935975,80,33
bird3,3,94,0.01,-0.6289179887453387,80,33
bird3,3,94,0.1,-0.6276768338392229,80,33
bird3,4,94,0.001,-0.635801562571505,320,54
bird3,4,94,0.01,-0.6328840063834893,320,54
bird3,4,94,0.1,-0.6306059468070216,320,54
bird3,5,94,0.001,-0.629248679124417,1280,91
bird3,5,94,0.01,-0.6261839934232435,1280,91
bird3,5,94,0.1,-0.6243526782473697,1280,91
bird3,0,95,0.001,-1.5404593984925905,1,1
bird3,0,95,0.01,-1.5404594034394654,1,1
bird3,0,95,0.1,-1.5404594529200684,1,1
bird3,1,95,0.001,-0.6374495438886009,5,5
bird3,1,95,0.01,-0.6374512584640869,5,5
bird3,1,95,0.1,-0.6374684752243516,5,5
bird3,2,95,0.001,-0.625981226754233,20,13
bird3,2,95,0.01,-0.6256972610726044,20,13
bird3,2,95,0.1,-0.6254711180409719,20,13
bird3,3,95,0.001,-0.6322021937394875,80,27
bird3,3,95,0.01,-0.6309347854031737,80,27
bird3,3,95,0.1,-0.6298356533178472,80,27
bird3,4,95,0.001,-0.6404008867098334,320,48
bird3,4,95,0.01,-0.6383322723380438,320,48
bird3,4,95,0.1,-0.6366894273048002,320,48
bird3,5,95,0.001,-0.6368873848453186,1280,83
bird3,5,95,0.01,-0.633169324062839,1280,83
bird3,5,95,0.1,-0.6302401851737626,1280,83
bird3,0,96,0.001,-1.5337500895331122,1,1
bird3,0,96,0.01,-1.5337501054609424,1,1
bird3,0,96,0.1,-1.5337502647489525,1,1
bird3,1,96,0.001,-0.6402078759948115,5,5
bird3,1,96,0.01,-0.6399416730011772,5,5
bird3,1,96,0.1,-0.639683083217012,5,5
bird3,2,96,0.001,-0.6154409395215391,20,16
bird3,2,96,0.01,-0.6154506254926891,20,16
bird3,2,96,0.1,-0.6155454214604148,20,16
bird3,3,96,0.001,-0.6202423404786397,80,30
bird3,3,96,0.01,-0.619278261657729,80,30
bird3,3,96,0.1,-0.6185237586791149,80,30
bird3,4,96,0.001,-0.6321466228650513,320,51
bird3,4,96,0.01,-0.6293138770361278,320,51
bird3,4,96,0.1,-0.6271270641015568,320,51
bird3,5,96,0.001,-0.6309258889854873,1280,87
bird3,5,96,0.01,-0.6259339127727335,1280,87
bird3,5,96,0.1,-0.6222810214166109,1280,87
bird3,0,97,0.001,-1.5440765518544226,1,1
bird3,0,97,0.01,-1.5440765502310732,1,1
bird3,0,97,0.1,-1.5440765340111227,1,1
bird3,1,97,0.001,-0.6476179419233802,5,5
bird3,1,97,0.01,-0.6473660590492606,5,5
bird3,1,97,0.1,-0.6471228942904097,5,5
bird3,2,97,0.001,-0.632391024741107,20,15
bird3,2,97,0.01,-0.6318448146792729,20,15
bird3,2,97,0.1,-0.6313750275481653,20,15
bird3,3,97,0.001,-0.6303412329789433,80,32
bird3,3,97,0.01,-0.6291449154638683,80,32
bird3,3,97,0.1,-0.6281735046518775,80,32
bird3,4,97,0.001,-0.6419032160119403,320,55
bird3,4,97,0.01,-0.638933603892019,320,55
bird3,4,97,0.1,-0.6365073198785268,320,55
bird3,5,97,0.001,-0.6447471723158431,1280,91
bird3,5,97,0.01,-0.640080662717105,1280,91
bird3,5,97,0.1,-0.6365108418893628,1280,91
bird3,0,98,0.001,-1.5419457591623085,1,1
bird3,0,98,0.01,-1.5419457637871923,1,1
bird3,0,98,0.1,-1.541945810047925,1,1
bird3,1,98,0.001,-0.6391034965860946,5,5
bird3,1,98,0.01,-0.6391048330290098,5,5
bird3,1,98,0.1,-0.6391182983392488,5,5
bird3,2,98,0.001,-0.6297130281250632,20,13
bird3,2,98,0.01,-0.6297178536772872,20,13
bird3,2,98,0.1,-0.6297662477729745,20,13
bird3,3,98,0.001,-0.6388072928100297,80,30
bird3,3,98,0.01,-0.6363906030528409,80,30
bird3,3,98,0.1,-0.6342911231668263,80,30
bird3,4,98,0.001,-0.6493634084496599,320,53
bird3,4,98,0.01,-0.6460571684252127,320,53
bird3,4,98,0.1,-0.6434224305379922,320,53
bird3,5,98,0.001,-0.6561163863471771,1280,91
bird3,5,98,0.01,-0.6517936814985005,1280,91
bird3,5,98,0.1,-0.6484324392805012,1280,91
bird3,0,99,0.001,-1.538302848274461,1,1
bird3,0,99,0.01,-1.5383028571389956,1,1
bird3,0,99,0.1,-1.5383029457952946,1,1
bird3,1,99,0.001,-0.6406090286526948,5,5
bird3,1,99,0.01,-0.640609817232578,5,5
bird3,1,99,0.1,-0.6406178126049736,5,5
bird3,2,99,0.001,-0.6192946187096127,20,15
bird3,2,99,0.01,-0.619296118286682,20,15
bird3,2,99,0.1,-0.6193126419330487,20,15
bird3,3,99,0.001,-0.6216465365085093,80,35
bird3,3,99,0.01,-0.6190990802140827,80,35
bird3,3,99,0.1,-0.6170077929888074,80,35
bird3,4,99,0.001,-0.6253431834880209,320,59
bird3,4,99,0.01,-0.6204870025170124,320,59
bird3,4,99,0.1,-0.6165859993850129,320,59
bird3,5,99,0.001,-0.6240412985772672,1280,95
bird3,5,99,0.01,-0.6176426550275644,1280,95
bird3,5,99,0.1,-0.6127532904319845,1280,95
bird3,0,100,0.001,-1.5417504649978997,1,1
bird3,0,100,0.01,-1.5417504704926415,1,1
bird3,0,100,0.1,-1.5417505254513393,1,1
bird3,1,100,0.001,-0.6424035852592124,5,5
bird3,1,100,0.01,-0.6421414429285972,5,5
bird3,1,100,0.1,-0.6418872308494479,5,5
bird3,2,100,0.001,-0.6269197291673071,20,17
bird3,2,100,0.01,-0.6269272845165521,20,17
bird3,2,100,0.1,-0.6270015281943508,20,17
bird3,3,100,0.001,-0.6354877338315176,80,35
bird3,3,100,0.01,-0.6332577471992397,80,35
bird3,3,100,0.1,-0.6313047403314523,80,35
bird3,4,100,0.001,-0.6441690789751787,320,59
bird3,4,100,0.01,-0.6403277617544672,320,59
bird3,4,100,0.1,-0.6371347554102058,320,59
bird3,5,100,0.001,-0.6475118316805791,1280,95
bird3,5,100,0.01,-0.6414302482523733,1280,95
bird3,5,100,0.1,-0.6364381415957848,1280,95
bird4,0,1,0.001,-1.23219302521556,1,1
bird4,0,1,0.01,-1.2321930244099488,1,1
bird4,0,1,0.1,-1.2321930163889672,1,1
bird4,1,1,0.001,-0.5141970444340602,4,4
bird4,1,1,0.01,-0.5141975752658008,4,4
bird4,1,1,0.1,-0.5142029051751784,4,4
bird4,2,1,0.001,-0.4797725873310508,12,11
bird4,2,1,0.01,-0.4797706398230645,12,11
bird4,2,1,0.1,-0.47975175080560073,12,11
bird4,3,1,0.001,-0.4737904390167311,36,26
bird4,3,1,0.01,-0.4727106813527161,36,26
bird4,3,1,0.1,-0.4717137698615616,36,26
bird4,4,1,0.001,-0.48017606415967,108,49
bird4,4,1,0.01,-0.47654142211432754,108,49
bird4,4,1,0.1,-0.4732768415598306,108,49
bird4,5,1,0.001,-0.4955495595568869,324,77
bird4,5,1,0.01,-0.4875038470369258,324,77
bird4,5,1,0.1,-0.4804845510258425,324,77
bird4,0,2,0.001,-1.227938222795415,1,1
bird4,0,2,0.01,-1.2279382296923187,1,1
bird4,0,2,0.1,-1.227938298693763,1,1
bird4,1,2,0.001,-0.5223098537818982,4,4
bird4,1,2,0.01,-0.522309883030138,4,4
bird4,1,2,0.1,-0.5223102082782572,4,4
bird4,2,2,0.001,-0.47802927470683154,12,12
bird4,2,2,0.01,-0.47802909057703324,12,12
bird4,2,2,0.1,-0.47802774952837157,12,12
bird4,3,2,0.001,-0.4755266614817094,36,30
bird4,3,2,0.01,-0.4743485525550259,36,30
bird4,3,2,0.1,-0.47318442580436254,36,30
bird4,4,2,0.001,-0.47756334293916286,108,59
bird4,4,2,0.01,-0.4741005940605224,108,59
bird4,4,2,0.1,-0.47125189757688124,108,59
bird4,5,2,0.001,-0.4976044734361566,324,90
bird4,5,2,0.01,-0.48891032365849235,324,90
bird4,5,2,0.1,-0.48153298134659495,324,90
bird4,0,3,0.001,-1.2245283319745643,1,1
bird4,0,3,0.01,-1.224528344505262,1,1
bird4,0,3,0.1,-1.22452846984311,1,1
bird4,1,3,0.001,-0.5175268495438474,4,4
bird4,1,3,0.01,-0.5175261498513667,4,4
bird4,1,3,0.1,-0.5175192364258708,4,4
bird4,2,3,0.001,-0.4812620194300949,12,12
bird4,2,3,0.01,-0.48126043280433684,12,12
bird4,2,3,0.1,-0.48124520963643214,12,12
bird4,3,3,0.001,-0.4919695118076048,36,33
bird4,3,3,0.01,-0.4859517629769346,36,33
bird4,3,3,0.1,-0.48021369514421486,36,33
bird4,4,3,0.001,-0.5148763394743969,108,67
bird4,4,3,0.01,-0.4990276047259722,108,67
bird4,4,3,0.1,-0.48463466080111733,108,67
bird4,5,3,0.001,-0.5392038493292948,324,105
bird4,5,3,0.01,-0.5167343365655493,324,105
bird4,5,3,0.1,-0.49670267443124483,324,105
bird4,0,4,0.001,-1.2317744032918252,1,1
bird4,0,4,0.01,-1.2317744020802555,1,1
bird4,0,4,0.1,-1.2317743899995057,1,1
bird4,1,4,0.001,-0.5258395438660723,4,4
bird4,1,4,0.01,-0.5258395213809239,4,4
bird4,1,4,0.1,-0.525839338667285,4,4
bird4,2,4,0.001,-0.4917903876059915,12,12
bird4,2,4,0.01,-0.4914480204039065,12,12
bird4,2,4,0.1,-0.4910901232366445,12,12
bird4,3,4,0.001,-0.4881273827842157,36,32
bird4,3,4,0.01,-0.4862597550753682,36,32
bird4,3,4,0.1,-0.4845227674719605,36,32
bird4,4,4,0.001,-0.5170783616720678,108,61
bird4,4,4,0.01,-0.5080341597497026,108,61
bird4,4,4,0.1,-0.4996299042324538,108,61
bird4,5,4,0.001,-0.5278760142030342,324,101
bird4,5,4,0.01,-0.5164048380840532,324,101
bird4,5,4,0.1,-0.506164211596748,324,101
bird4,0,5,0.001,-1.2321845975305947,1,1
bird4,0,5,0.01,-1.2321845948592587,1,1
bird4,0,5,0.1,-1.2321845681814712,1,1
bird4,1,5,0.001,-0.5162454764560416,4,4
bird4,1,5,0.01,-0.5162459729237044,4,4
bird4,1,5,0.1,-0.5162509597349474,4,4
bird4,2,5,0.001,-0.4785694576520476,12,12
bird4,2,5,0.01,-0.47823001740676213,12,12
bird4,2,5,0.1,-0.4778920536434882,12,12
bird4,3,5,0.001,-0.4718327981078763,36,29
bird4,3,5,0.01,-0.47107976647075406,36,29
bird4,3,5,0.1,-0.47034928858652786,36,29
bird4,4,5,0.001,-0.4751517491219009,108,55
bird4,4,5,0.01,-0.47137236621160833,108,55
bird4,4,5,0.1,-0.4681013738411954,108,55
bird4,5,5,0.001,-0.49118764440150914,324,83
bird4,5,5,0.01,-0.4827598715198865,324,83
bird4,5,5,0.1,-0.47529580919723896,324,83
bird4,0,6,0.001,-1.2402293046767725,1,1
bird4,0,6,0.01,-1.2402292904867118,1,1
bird4,0,6,0.1,-1.2402291486225225,1,1
bird4,1,6,0.001,-0.5291823345453682,4,4
bird4,1,6,0.01,-0.5291817416764809,4,4
bird4,1,6,0.1,-0.5291758856343545,4,4
bird4,2,6,0.001,-0.4918041503860011,12,12
bird4,2,6,0.01,-0.4914377412136652,12,12
bird4,2,6,0.1,-0.4910687699752513,12,12
bird4,3,6,0.001,-0.4922373808838105,36,31
bird4,3,6,0.01,-0.48861978424976793,36,31
bird4,3,6,0.1,-0.4851730861955737,36,31
bird4,4,6,0.001,-0.5054033675312541,108,55
bird4,4,6,0.01,-0.5002946231533002,108,55
bird4,4,6,0.1,-0.4955488464348788,108,55
bird4,5,6,0.001,-0.5305852951784799,324,86
bird4,5,6,0.01,-0.5172895290390297,324,86
bird4,5,6,0.1,-0.5053427399985825,324,86
bird4,0,7,0.001,-1.2400408580024955,1,1
bird4,0,7,0.01,-1.2400408448093143,1,1
bird4,0,7,0.1,-1.2400407129126843,1,1
bird4,1,7,0.001,-0.5333428408110529,4,4
bird4,1,7,0.01,-0.5333423888694652,4,4
bird4,1,7,0.1,-0.5333379376152639,4,4
bird4,2,7,0.001,-0.4923613386061234,12,12
bird4,2,7,0.01,-0.4919706202276575,12,12
bird4,2,7,0.1,-0.4915770521581092,12,12
bird4,3,7,0.001,-0.48630790832686205,36,32
bird4,3,7,0.01,-0.48501095828888113,36,32
bird4,3,7,0.1,-0.48373795554709004,36,32
bird4,4,7,0.001,-0.5125657668060368,108,59
bird4,4,7,0.01,-0.5014583051830002,108,59
bird4,4,7,0.1,-0.4916274842936112,108,59
bird4,5,7,0.001,-0.5399047433864111,324,88
bird4,5,7,0.01,-0.5206309091128705,324,88
bird4,5,7,0.1,-0.5037797638288637,324,88
bird4,0,8,0.001,-1.2328382719822,1,1
bird4,0,8,0.01,-1.2328382701721248,1,1
bird4,0,8,0.1,-1.2328382521057146,1,1
bird4,1,8,0.001,-0.5247577076358318,4,4
bird4,1,8,0.01,-0.5247578194656377,4,4
bird4,1,8,0.1,-0.5247589759702501,4,4
bird4,2,8,0.001,-0.48375958082613907,12,12
bird4,2,8,0.01,-0.4837591210124498,12,12
bird4,2,8,0.1,-0.4837550874609031,12,12
bird4,3,8,0.001,-0.4794324875714033,36,31
bird4,3,8,0.01,-0.47866308069371305,36,31
bird4,3,8,0.1,-0.47798585446260267,36,31
bird4,4,8,0.001,-0.4835842483827663,108,56
bird4,4,8,0.01,-0.4814124249667803,108,56
bird4,4,8,0.1,-0.4795265627865237,108,56
bird4,5,8,0.001,-0.5129633487285169,324,81
bird4,5,8,0.01,-0.49946295078319825,324,81
bird4,5,8,0.1,-0.487401185630138,324,81
bird4,0,9,0.001,-1.231359615162962,1,1
bird4,0,9,0.01,-1.231359612571451,1,1
bird4,0,9,0.1,-1.231359586691797,1,1
bird4,1,9,0.001,-0.5197862141647406,4,4
bird4,1,9,0.01,-0.5197864851279049,4,4
bird4,1,9,0.1,-0.5197892281450266,4,4
bird4,2,9,0.001,-0.47808295338671064,12,12
bird4,2,9,0.01,-0.47808310009269306,12,12
bird4,2,9,0.1,-0.4780852292017425,12,12
bird4,3,9,0.001,-0.47388572563036907,36,32
bird4,3,9,0.01,-0.4731411917812847,36,32
bird4,3,9,0.1,-0.47255119760908953,36,32
bird4,4,9,0.001,-0.4796244330694167,108,53
bird4,4,9,0.01,-0.477074320390217,108,53
bird4,4,9,0.1,-0.4750218579698603,108,53
bird4,5,9,0.001,-0.4989016876092068,324,79
bird4,5,9,0.01,-0.4917749195739753,324,79
bird4,5,9,0.1,-0.4858193113418273,324,79
bird4,0,10,0.001,-1.2372128616403812,1,1
bird4,0,10,0.01,-1.2372128503961508,1,1
bird4,0,10,0.1,-1.2372127379912348,1,1
bird4,1,10,0.001,-0.5213453257824189,4,4
bird4,1,10,0.01,-0.5213456531930645,4,4
bird4,1,10,0.1,-0.5213489538417854,4,4
bird4,2,10,0.001,-0.4782070991175972,12,12
bird4,2,10,0.01,-0.4782090397245341,12,12
bird4,2,10,0.1,-0.4782286379235248,12,12
bird4,3,10,0.001,-0.4734246931585139,36,29
bird4,3,10,0.01,-0.4734270650103788,36,29
bird4,3,10,0.1,-0.4734543577576429,36,29
bird4,4,10,0.001,-0.4941138073603111,108,52
bird4,4,10,0.01,-0.4864656818099127,108,52
bird4,4,10,0.1,-0.47984614832651334,108,52
bird4,5,10,0.001,-0.5096345245322033,324,77
bird4,5,10,0.01,-0.4982546080616239,324,77
bird4,5,10,0.1,-0.4885265209494591,324,77
bird4,0,11,0.001,-1.2346932524080085,1,1
bird4,0,11,0.01,-1.2346932463307345,1,1
bird4,0,11,0.1,-1.2346931855935475,1,1
bird4,1,11,0.001,-0.5277829196664836,4,4
bird4,1,11,0.01,-0.5277820264645066,4,4
bird4,1,11,0.1,-0.5277731709230818,4,4
bird4,2,11,0.001,-0.4842336759112081,12,12
bird4,2,11,0.01,-0.4838809150122284,12,12
bird4,2,11,0.1,-0.4835082007884692,12,12
bird4,3,11,0.001,-0.48555365509008647,36,30
bird4,3,11,0.01,-0.4828489246608287,36,30
bird4,3,11,0.1,-0.4803034735824549,36,30
bird4,4,11,0.001,-0.4916939458069936,108,60
bird4,4,11,0.01,-0.4860558412498621,108,60
bird4,4,11,0.1,-0.4812523962004595,108,60
bird4,5,11,0.001,-0.5299817380459751,324,87
bird4,5,11,0.01,-0.5148712239884337,324,87
bird4,5,11,0.1,-0.501227858486392,324,87
bird4,0,12,0.001,-1.229990990926007,1,1
bird4,0,12,0.01,-1.2299909935016786,1,1
bird4,0,12,0.1,-1.2299910192936232,1,1
bird4,1,12,0.001,-0.5238808134376501,4,4
bird4,1,12,0.01,-0.5238809197298475,4,4
bird4,1,12,0.1,-0.523882018512196,4,4
bird4,2,12,0.001,-0.4868811849122543,12,12
bird4,2,12,0.01,-0.48656808173123667,12,12
bird4,2,12,0.1,-0.4862652093917178,12,12
bird4,3,12,0.001,-0.4811697947929326,36,28
bird4,3,12,0.01,-0.4804831896174665,36,28
bird4,3,12,0.1,-0.4798444709632846,36,28
bird4,4,12,0.001,-0.48178035450917606,108,55
bird4,4,12,0.01,-0.47987825803206596,108,55
bird4,4,12,0.1,-0.47837385652307424,108,55
bird4,5,12,0.001,-0.5067506540248703,324,86
bird4,5,12,0.01,-0.49871539309493257,324,86
bird4,5,12,0.1,-0.49181102561007684,324,86
bird4,0,13,0.001,-1.2261143060560087,1,1
bird4,0,13,0.01,-1.2261143193469581,1,1
bird4,0,13,0.1,-1.2261144522856904,1,1
bird4,1,13,0.001,-0.5223775100532875,4,4
bird4,1,13,0.01,-0.5223773922539646,4,4
bird4,1,13,0.1,-0.5223762516998591,4,4
bird4,2,13,0.001,-0.4807462817340659,12,11
bird4,2,13,0.01,-0.480743247471397,12,11
bird4,2,13,0.1,-0.4807139657501458,12,11
bird4,3,13,0.001,-0.481690169237481,36,27
bird4,3,13,0.01,-0.4783415021694786,36,27
bird4,3,13,0.1,-0.4751506981960942,36,27
bird4,4,13,0.001,-0.5010864876260229,108,56
bird4,4,13,0.01,-0.4907254123753877,108,56
bird4,4,13,0.1,-0.4813301817431339,108,56
bird4,5,13,0.001,-0.5130575439904088,324,87
bird4,5,13,0.01,-0.5004639536586999,324,87
bird4,5,13,0.1,-0.4895852047975549,324,87
bird4,0,14,0.001,-1.2313126692413967,1,1
bird4,0,14,0.01,-1.231312670765758,1,1
bird4,0,14,0.1,-1.2313126860422265,1,1
bird4,1,14,0.001,-0.5284893798874598,4,4
bird4,1,14,0.01,-0.5284895612009263,4,4
bird4,1,14,0.1,-0.52849140138917,4,4
bird4,2,14,0.001,-0.4969690686846396,12,12
bird4,2,14,0.01,-0.4966058585708121,12,12
bird4,2,14,0.1,-0.4962396223377759,12,12
bird4,3,14,0.001,-0.4934167073703246,36,30
bird4,3,14,0.01,-0.491431668033195,36,30
bird4,3,14,0.1,-0.48951305285580426,36,30
bird4,4,14,0.001,-0.5016653054793099,108,56
bird4,4,14,0.01,-0.4962615624513492,108,56
bird4,4,14,0.1,-0.4911619450528765,108,56
bird4,5,14,0.001,-0.5111281560318857,324,92
bird4,5,14,0.01,-0.5030321158224312,324,92
bird4,5,14,0.1,-0.4959389430735731,324,92
bird4,0,15,0.001,-1.2394287506209307,1,1
bird4,0,15,0.01,-1.2394287430669346,1,1
bird4,0,15,0.1,-1.2394286675602342,1,1
bird4,1,15,0.001,-0.510252646986107,4,4
bird4,1,15,0.01,-0.5102531769175759,4,4
bird4,1,15,0.1,-0.510258500429731,4,4
bird4,2,15,0.001,-0.47080647073783377,12,12
bird4,2,15,0.01,-0.4708071519174486,12,12
bird4,2,15,0.1,-0.47081428594026964,12,12
bird4,3,15,0.001,-0.46420898509788006,36,30
bird4,3,15,0.01,-0.4621236011020375,36,30
bird4,3,15,0.1,-0.4601325331485945,36,30
bird4,4,15,0.001,-0.46253058740900915,108,54
bird4,4,15,0.01,-0.4611084723059029,108,54
bird4,4,15,0.1,-0.4599107748774351,108,54
bird4,5,15,0.001,-0.4697170289941561,324,73
bird4,5,15,0.01,-0.46654509407150674,324,73
bird4,5,15,0.1,-0.4641526053654433,324,73
bird4,0,16,0.001,-1.2360419157835643,1,1
bird4,0,16,0.01,-1.2360419100045192,1,1
bird4,0,16,0.1,-1.2360418522483998,1,1
bird4,1,16,0.001,-0.5182509326900059,4,4
bird4,1,16,0.01,-0.5182501519109447,4,4
bird4,1,16,0.1,-0.5182424480222647,4,4
bird4,2,16,0.001,-0.48245432818318845,12,12
bird4,2,16,0.01,-0.4817251632491424,12,12
bird4,2,16,0.1,-0.4810128804102872,12,12
bird4,3,16,0.001,-0.48379445312681096,36,34
bird4,3,16,0.01,-0.4813668290207744,36,34
bird4,3,16,0.1,-0.4790817576940413,36,34
bird4,4,16,0.001,-0.49494032409912636,108,64
bird4,4,16,0.01,-0.4898398649041255,108,64
bird4,4,16,0.1,-0.48539920171960044,108,64
bird4,5,16,0.001,-0.5310523200543963,324,91
bird4,5,16,0.01,-0.5140225076617854,324,91
bird4,5,16,0.1,-0.4988095517548759,324,91
bird4,0,17,0.001,-1.223723751871114,1,1
bird4,0,17,0.01,-1.2237237656175088,1,1
bird4,0,17,0.1,-1.223723903112333,1,1
bird4,1,17,0.001,-0.5203014893354992,4,4
bird4,1,17,0.01,-0.5203015949276748,4,4
bird4,1,17,0.1,-0.5203026887798791,4,4
bird4,2,17,0.001,-0.484384372456148,12,12
bird4,2,17,0.01,-0.48404115871208503,12,12
bird4,2,17,0.1,-0.483709242631234,12,12
bird4,3,17,0.001,-0.4821140019277857,36,30
bird4,3,17,0.01,-0.48097509755132856,36,30
bird4,3,17,0.1,-0.4799208136304979,36,30
bird4,4,17,0.001,-0.4926145295647245,108,55
bird4,4,17,0.01,-0.48956509387583214,108,55
bird4,4,17,0.1,-0.4868012124551496,108,55
bird4,5,17,0.001,-0.5086957387025896,324,82
bird4,5,17,0.01,-0.5004634750018055,324,82
bird4,5,17,0.1,-0.4935913349644067,324,82
bird4,0,18,0.001,-1.2210190384498298,1,1
bird4,0,18,0.01,-1.2210190607332987,1,1
bird4,0,18,0.1,-1.2210192835963656,1,1
bird4,1,18,0.001,-0.5147499733761107,4,4
bird4,1,18,0.01,-0.514750406347282,4,4
bird4,1,18,0.1,-0.5147547572516691,4,4
bird4,2,18,0.001,-0.4786920229672363,12,12
bird4,2,18,0.01,-0.4783412865616206,12,12
bird4,2,18,0.1,-0.4779958023440559,12,12
bird4,3,18,0.001,-0.47935899776820146,36,28
bird4,3,18,0.01,-0.4766429018026423,36,28
bird4,3,18,0.1,-0.474110573628251,36,28
bird4,4,18,0.001,-0.4799590454485032,108,47
bird4,4,18,0.01,-0.4760341671401234,108,47
bird4,4,18,0.1,-0.4726586755849279,108,47
bird4,5,18,0.001,-0.4991193107768139,324,75
bird4,5,18,0.01,-0.4907634501801305,324,75
bird4,5,18,0.1,-0.4839483719655599,324,75
bird4,0,19,0.001,-1.2295901982673656,1,1
bird4,0,19,0.01,-1.2295902012854374,1,1
bird4,0,19,0.1,-1.229590231500738,1,1
bird4,1,19,0.001,-0.5239511666982962,4,4
bird4,1,19,0.01,-0.5239510428999571,4,4
bird4,1,19,0.1,-0.523949852277951,4,4
bird4,2,19,0.001,-0.4806416639363168,12,12
bird4,2,19,0.01,-0.4806418463471176,12,12
bird4,2,19,0.1,-0.48064398552323256,12,12
bird4,3,19,0.001,-0.4718113240801694,36,30
bird4,3,19,0.01,-0.47109629539989334,36,30
bird4,3,19,0.1,-0.4704166875614915,36,30
bird4,4,19,0.001,-0.475862122928752,108,56
bird4,4,19,0.01,-0.4734763083729971,108,56
bird4,4,19,0.1,-0.47148232892412517,108,56
bird4,5,19,0.001,-0.48563878101507363,324,87
bird4,5,19,0.01,-0.47947585388328695,324,87
bird4,5,19,0.1,-0.47421558529475627,324,87
bird4,0,20,0.001,-1.2358888392311462,1,1
bird4,0,20,0.01,-1.2358888328188609,1,1
bird4,0,20,0.1,-1.2358887687321773,1,1
bird4,1,20,0.001,-0.5204019861999816,4,4
bird4,1,20,0.01,-0.5204018400500059,4,4
bird4,1,20,0.1,-0.5204004378695924,4,4
bird4,2,20,0.001,-0.4853262780975672,12,12
bird4,2,20,0.01,-0.48532727803474623,12,12
bird4,2,20,0.1,-0.4853381591388212,12,12
bird4,3,20,0.001,-0.4889398624295486,36,31
bird4,3,20,0.01,-0.4867314851904838,36,31
bird4,3,20,0.1,-0.48468865195649175,36,31
bird4,4,20,0.001,-0.5172378534829246,108,55
bird4,4,20,0.01,-0.506475552044797,108,55
bird4,4,20,0.1,-0.4967647669138144,108,55
bird4,5,20,0.001,-0.5376162162519112,324,88
bird4,5,20,0.01,-0.5215434342090984,324,88
bird4,5,20,0.1,-0.5072370398493974,324,88
bird4,0,21,0.001,-1.2328836473088105,1,1
bird4,0,21,0.01,-1.2328836454439898,1,1
bird4,0,21,0.1,-1.2328836268292551,1,1
bird4,1,21,0.001,-0.5207564504551087,4,4
bird4,1,21,0.01,-0.5207559002946835,4,4
bird4,1,21,0.1,-0.5207504764605012,4,4
bird4,2,21,0.001,-0.48192872961378047,12,12
bird4,2,21,0.01,-0.4815544028469013,12,12
bird4,2,21,0.1,-0.48115676735581747,12,12
bird4,3,21,0.001,-0.4840234379726921,36,30
bird4,3,21,0.01,-0.4811265099934845,36,30
bird4,3,21,0.1,-0.47847706835478754,36,30
bird4,4,21,0.001,-0.4850128819332577,108,59
bird4,4,21,0.01,-0.48218580975422404,108,59
bird4,4,21,0.1,-0.47961080238801546,108,59
bird4,5,21,0.001,-0.49939140916208363,324,93
bird4,5,21,0.01,-0.49097465217846853,324,93
bird4,5,21,0.1,-0.48358901030765844,324,93
bird4,0,22,0.001,-1.2217103485102796,1,1
bird4,0,22,0.01,-1.2217103706633088,1,1
bird4,0,22,0.1,-1.221710592222436,1,1
bird4,1,22,0.001,-0.5096286751885366,4,4
bird4,1,22,0.01,-0.5096293678186691,4,4
bird4,1,22,0.1,-0.5096363080279914,4,4
bird4,2,22,0.001,-0.47382372571782866,12,11
bird4,2,22,0.01,-0.4738247746927371,12,11
bird4,2,22,0.1,-0.4738354627558912,12,11
bird4,3,22,0.001,-0.47290331901616656,36,26
bird4,3,22,0.01,-0.4717961533182657,36,26
bird4,3,22,0.1,-0.47073822064751325,36,26
bird4,4,22,0.001,-0.4765354778328582,108,46
bird4,4,22,0.01,-0.4753015737433313,108,46
bird4,4,22,0.1,-0.4743782175794718,108,46
bird4,5,22,0.001,-0.4925250256430917,324,68
bird4,5,22,0.01,-0.4869227988962017,324,68
bird4,5,22,0.1,-0.48210590103816076,324,68
bird4,0,23,0.001,-1.2384026782546322,1,1
bird4,0,23,0.01,-1.2384026672992778,1,1
bird4,0,23,0.1,-1.2384025577810338,1,1
bird4,1,23,0.001,-0.5121462712492992,4,4
bird4,1,23,0.01,-0.5121468086652408,4,4
bird4,1,23,0.1,-0.5121522150054189,4,4
bird4,2,23,0.001,-0.4763925285431732,12,12
bird4,2,23,0.01,-0.47601762236631523,12,12
bird4,2,23,0.1,-0.47566159709108186,12,12
bird4,3,23,0.001,-0.4753412019229786,36,28
bird4,3,23,0.01,-0.47407870350979137,36,28
bird4,3,23,0.1,-0.4729116579051792,36,28
bird4,4,23,0.001,-0.4839066098166829,108,50
bird4,4,23,0.01,-0.48293234054198203,108,50
bird4,4,23,0.1,-0.48208363988774094,108,50
bird4,5,23,0.001,-0.49427100863182016,324,78
bird4,5,23,0.01,-0.4882988692755709,324,78
bird4,5,23,0.1,-0.483391729654349,324,78
bird4,0,24,0.001,-1.2322028705629204,1,1
bird4,0,24,0.01,-1.2322028715373337,1,1
bird4,0,24,0.1,-1.2322028813150274,1,1
bird4,1,24,0.001,-0.5220469940424182,4,4
bird4,1,24,0.01,-0.5220469826279925,4,4
bird4,1,24,0.1,-0.5220469036738995,4,4
bird4,2,24,0.001,-0.4832645598642261,12,12
bird4,2,24,0.01,-0.48326545733548915,12,12
bird4,2,24,0.1,-0.48327474614715693,12,12
bird4,3,24,0.001,-0.4803272061935751,36,28
bird4,3,24,0.01,-0.479566282042627,36,28
bird4,3,24,0.1,-0.4788842287110367,36,28
bird4,4,24,0.001,-0.4841603770294454,108,55
bird4,4,24,0.01,-0.48331140895189356,108,55
bird4,4,24,0.1,-0.4827786642123177,108,55
bird4,5,24,0.001,-0.4987051790828452,324,86
bird4,5,24,0.01,-0.49102217373658963,324,86
bird4,5,24,0.1,-0.48475683931734787,324,86
bird4,0,25,0.001,-1.2332468365299485,1,1
bird4,0,25,0.01,-1.2332468318980612,1,1
bird4,0,25,0.1,-1.2332467856156188,1,1
bird4,1,25,0.001,-0.5100114306436679,4,4
bird4,1,25,0.01,-0.510012427820736,4,4
bird4,1,25,0.1,-0.5100224126463462,4,4
bird4,2,25,0.001,-0.47401384513317285,12,10
bird4,2,25,0.01,-0.4740154143521854,12,10
bird4,2,25,0.1,-0.4740314107231147,12,10
bird4,3,25,0.001,-0.471006059367961,36,22
bird4,3,25,0.01,-0.47063724558413467,36,22
bird4,3,25,0.1,-0.47032652841095324,36,22
bird4,4,25,0.001,-0.48302034314920883,108,39
bird4,4,25,0.01,-0.4813333798105288,108,39
bird4,4,25,0.1,-0.4799410527190261,108,39
bird4,5,25,0.001,-0.49143586503117104,324,63
bird4,5,25,0.01,-0.48721714764251234,324,63
bird4,5,25,0.1,-0.4835471592459474,324,63
bird4,0,26,0.001,-1.235817633036604,1,1
bird4,0,26,0.01,-1.2358176269278427,1,1
bird4,0,26,0.1,-1.2358175658756667,1,1
bird4,1,26,0.001,-0.5164437503057862,4,4
bird4,1,26,0.01,-0.5164442726944195,4,4
bird4,1,26,0.1,-0.5164495195984522,4,4
bird4,2,26,0.001,-0.47979428866231677,12,12
bird4,2,26,0.01,-0.47945221958248474,12,12
bird4,2,26,0.1,-0.47912841643715215,12,12
bird4,3,26,0.001,-0.4730814575621505,36,28
bird4,3,26,0.01,-0.472327327267132,36,28
bird4,3,26,0.1,-0.4716415292892509,36,28
bird4,4,26,0.001,-0.48715675001257136,108,51
bird4,4,26,0.01,-0.48168395194090224,108,51
bird4,4,26,0.1,-0.4768344048153251,108,51
bird4,5,26,0.001,-0.48324050811948366,324,78
bird4,5,26,0.01,-0.47812990961580754,324,78
bird4,5,26,0.1,-0.47392943160311507,324,78
bird4,0,27,0.001,-1.223566302044697,1,1
bird4,0,27,0.01,-1.2235663175103402,1,1
bird4,0,27,0.1,-1.2235664721964545,1,1
bird4,1,27,0.001,-0.5025262868663446,4,4
bird4,1,27,0.01,-0.5025266137242341,4,4
bird4,1,27,0.1,-0.5025299230109381,4,4
bird4,2,27,0.001,-0.4644643615417037,12,12
bird4,2,27,0.01,-0.46446536045625403,12,12
bird4,2,27,0.1,-0.46447564879852654,12,12
bird4,3,27,0.001,-0.4605926116362863,36,26
bird4,3,27,0.01,-0.4601751090261953,36,26
bird4,3,27,0.1,-0.4597784679274242,36,26
bird4,4,27,0.001,-0.4705144583107335,108,48
bird4,4,27,0.01,-0.46624526661400323,108,48
bird4,4,27,0.1,-0.46256721603743894,108,48
bird4,5,27,0.001,-0.4884163639840718,324,71
bird4,5,27,0.01,-0.4787900434570207,324,71
bird4,5,27,0.1,-0.4700372529788568,324,71
bird4,0,28,0.001,-1.229787859446996,1,1
bird4,0,28,0.01,-1.229787863099731,1,1
bird4,0,28,0.1,-1.2297878996597758,1,1
bird4,1,28,0.001,-0.5197069177249255,4,4
bird4,1,28,0.01,-0.5197069408713063,4,4
bird4,1,28,0.1,-0.5197072075053385,4,4
bird4,2,28,0.001,-0.4808194259113755,12,12
bird4,2,28,0.01,-0.48081889761920715,12,12
bird4,2,28,0.1,-0.4808140316981904,12,12
bird4,3,28,0.001,-0.4782801351775695,36,30
bird4,3,28,0.01,-0.4770944147115478,36,30
bird4,3,28,0.1,-0.47599310689203955,36,30
bird4,4,28,0.001,-0.5038492035604317,108,56
bird4,4,28,0.01,-0.49786817421271007,108,56
bird4,4,28,0.1,-0.4924895109887092,108,56
bird4,5,28,0.001,-0.5173170052628928,324,84
bird4,5,28,0.01,-0.5085322359526462,324,84
bird4,5,28,0.1,-0.5008690016457275,324,84
bird4,0,29,0.001,-1.232104944744711,1,1
bird4,0,29,0.01,-1.2321049415425762,1,1
bird4,0,29,0.1,-1.2321049095575334,1,1
bird4,1,29,0.001,-0.520654482532653,4,4
bird4,1,29,0.01,-0.520654597991172,4,4
bird4,1,29,0.1,-0.5206557925186794,4,4
bird4,2,29,0.001,-0.48400302505401843,12,12
bird4,2,29,0.01,-0.4833451432920063,12,12
bird4,2,29,0.1,-0.4826853355644131,12,12
bird4,3,29,0.001,-0.4879630090672336,36,31
bird4,3,29,0.01,-0.4832966203594271,36,31
bird4,3,29,0.1,-0.4789247648578442,36,31
bird4,4,29,0.001,-0.49480404539350975,108,59
bird4,4,29,0.01,-0.48871557177254116,108,59
bird4,4,29,0.1,-0.4830409197442192,108,59
bird4,5,29,0.001,-0.5113434914828905,324,87
bird4,5,29,0.01,-0.5015078225539985,324,87
bird4,5,29,0.1,-0.4924192130266448,324,87
bird4,0,30,0.001,-1.2431574027726036,1,1
bird4,0,30,0.01,-1.243157381348412,1,1
bird4,0,30,0.1,-1.2431571671453514,1,1
bird4,1,30,0.001,-0.5309823491860641,4,4
bird4,1,30,0.01,-0.5309816229312638,4,4
bird4,1,30,0.1,-0.5309744592256905,4,4
bird4,2,30,0.001,-0.4893374666653507,12,12
bird4,2,30,0.01,-0.4889841071642473,12,12
bird4,2,30,0.1,-0.488629428989458,12,12
bird4,3,30,0.001,-0.48843563860390565,36,34
bird4,3,30,0.01,-0.48345490814391295,36,34
bird4,3,30,0.1,-0.47886305213877567,36,34
bird4,4,30,0.001,-0.47810927893263944,108,67
bird4,4,30,0.01,-0.47554228347337474,108,67
bird4,4,30,0.1,-0.4734169390194521,108,67
bird4,5,30,0.001,-0.49413807143931765,324,98
bird4,5,30,0.01,-0.484633250777374,324,98
bird4,5,30,0.1,-0.476230766576706,324,98
bird4,0,31,0.001,-1.2280587118542845,1,1
bird4,0,31,0.01,-1.2280587213315985,1,1
bird4,0,31,0.1,-1.2280588161358807,1,1
bird4,1,31,0.001,-0.5167101754119171,4,4
bird4,1,31,0.01,-0.516710734340787,4,4
bird4,1,31,0.1,-0.5167163394518122,4,4
bird4,2,31,0.001,-0.48122567222365126,12,11
bird4,2,31,0.01,-0.48122568039947006,12,11
bird4,2,31,0.1,-0.4812260202556332,12,11
bird4,3,31,0.001,-0.4787322363652211,36,25
bird4,3,31,0.01,-0.47794630609113975,36,25
bird4,3,31,0.1,-0.4771757778447192,36,25
bird4,4,31,0.001,-0.4914975788007096,108,47
bird4,4,31,0.01,-0.4874944395112562,108,47
bird4,4,31,0.1,-0.48408189605231294,108,47
bird4,5,31,0.001,-0.5091129571219368,324,76
bird4,5,31,0.01,-0.5001942757927941,324,76
bird4,5,31,0.1,-0.492267839589335,324,76
bird4,0,32,0.001,-1.2303981409352218,1,1
bird4,0,32,0.01,-1.2303981430561421,1,1
bird4,0,32,0.1,-1.2303981642983417,1,1
bird4,1,32,0.001,-0.5235603136735063,4,4
bird4,1,32,0.01,-0.5235604134487448,4,4
bird4,1,32,0.1,-0.5235614423803143,4,4
bird4,2,32,0.001,-0.4827174164993982,12,12
bird4,2,32,0.01,-0.48235655726172305,12,12
bird4,2,32,0.1,-0.4819989312668049,12,12
bird4,3,32,0.001,-0.47828667410887055,36,31
bird4,3,32,0.01,-0.4778842615496496,36,31
bird4,3,32,0.1,-0.47749465742399044,36,31
bird4,4,32,0.001,-0.49449587805038914,108,55
bird4,4,32,0.01,-0.48900786137764196,108,55
bird4,4,32,0.1,-0.4842034382299069,108,55
bird4,5,32,0.001,-0.5226468655086925,324,86
bird4,5,32,0.01,-0.5072771989204966,324,86
bird4,5,32,0.1,-0.4937448392538752,324,86
bird4,0,33,0.001,-1.220948763124233,1,1
bird4,0,33,0.01,-1.220948781840003,1,1
bird4,0,33,0.1,-1.220948969028574,1,1
bird4,1,33,0.001,-0.5104091355127575,4,4
bird4,1,33,0.01,-0.5104093704527594,4,4
bird4,1,33,0.1,-0.5104117564055813,4,4
bird4,2,33,0.001,-0.4720096199487314,12,12
bird4,2,33,0.01,-0.4720097298539886,12,12
bird4,2,33,0.1,-0.4720113733498722,12,12
bird4,3,33,0.001,-0.4724225486703044,36,31
bird4,3,33,0.01,-0.4713249017404844,36,31
bird4,3,33,0.1,-0.47029007021569375,36,31
bird4,4,33,0.001,-0.482220683894197,108,56
bird4,4,33,0.01,-0.47975213398669414,108,56
bird4,4,33,0.1,-0.4777210093319914,108,56
bird4,5,33,0.001,-0.488270895928486,324,87
bird4,5,33,0.01,-0.48199780873743286,324,87
bird4,5,33,0.1,-0.47704529139797414,324,87
bird4,0,34,0.001,-1.2321045509910489,1,1
bird4,0,34,0.01,-1.2321045495861351,1,1
bird4,0,34,0.1,-1.2321045355713818,1,1
bird4,1,34,0.001,-0.5193658615213689,4,4
bird4,1,34,0.01,-0.5193662951684076,4,4
bird4,1,34,0.1,-0.519370649666025,4,4
bird4,2,34,0.001,-0.4834012268537366,12,11
bird4,2,34,0.01,-0.4834015771708452,12,11
bird4,2,34,0.1,-0.4834054821473227,12,11
bird4,3,34,0.001,-0.4782978708193056,36,27
bird4,3,34,0.01,-0.47791581155695023,36,27
bird4,3,34,0.1,-0.4776003925029158,36,27
bird4,4,34,0.001,-0.48088521914119187,108,51
bird4,4,34,0.01,-0.47701673971530056,108,51
bird4,4,34,0.1,-0.4737719158072183,108,51
bird4,5,34,0.001,-0.5018528977027223,324,78
bird4,5,34,0.01,-0.49123295640105497,324,78
bird4,5,34,0.1,-0.48187394397294747,324,78
bird4,0,35,0.001,-1.2239693570980519,1,1
bird4,0,35,0.01,-1.223969368314186,1,1
bird4,0,35,0.1,-1.2239694805074635,1,1
bird4,1,35,0.001,-0.5170008443337335,4,4
bird4,1,35,0.01,-0.5170009509693861,4,4
bird4,1,35,0.1,-0.517002055064357,4,4
bird4,2,35,0.001,-0.47700846050181217,12,12
bird4,2,35,0.01,-0.4766639627912596,12,12
bird4,2,35,0.1,-0.4763300461618399,12,12
bird4,3,35,0.001,-0.47173720421420723,36,28
bird4,3,35,0.01,-0.4709720217020323,36,28
bird4,3,35,0.1,-0.4703372419166453,36,28
bird4,4,35,0.001,-0.4741361608351414,108,45
bird4,4,35,0.01,-0.4724055793620662,108,45
bird4,4,35,0.1,-0.4710749041158449,108,45
bird4,5,35,0.001,-0.4910662929143092,324,73
bird4,5,35,0.01,-0.48527689767708315,324,73
bird4,5,35,0.1,-0.4804134403733381,324,73
bird4,0,36,0.001,-1.2308350314010388,1,1
bird4,0,36,0.01,-1.230835034085772,1,1
bird4,0,36,0.1,-1.2308350609650336,1,1
bird4,1,36,0.001,-0.5143833763164197,4,4
bird4,1,36,0.01,-0.5143840212865974,4,4
bird4,1,36,0.1,-0.5143904852753481,4,4
bird4,2,36,0.001,-0.47366405881886114,12,11
bird4,2,36,0.01,-0.4736663366319065,12,11
bird4,2,36,0.1,-0.47368923741545266,12,11
bird4,3,36,0.001,-0.46657360295439837,36,24
bird4,3,36,0.01,-0.46615745502352957,36,24
bird4,3,36,0.1,-0.46579716604162114,36,24
bird4,4,36,0.001,-0.4668171470565465,108,42
bird4,4,36,0.01,-0.4658790833636581,108,42
bird4,4,36,0.1,-0.46518299480345765,108,42
bird4,5,36,0.001,-0.48771264034859846,324,65
bird4,5,36,0.01,-0.47953685881758157,324,65
bird4,5,36,0.1,-0.4721810072915754,324,65
bird4,0,37,0.001,-1.2255308999078447,1,1
bird4,0,37,0.01,-1.225530909727632,1,1
bird4,0,37,0.1,-1.2255310079574175,1,1
bird4,1,37,0.001,-0.5446688706033076,4,4
bird4,1,37,0.01,-0.5446676566952463,4,4
bird4,1,37,0.1,-0.5446555929085408,4,4
bird4,2,37,0.001,-0.5082744806252086,12,12
bird4,2,37,0.01,-0.5082699497012597,12,12
bird4,2,37,0.1,-0.5082258732281559,12,12
bird4,3,37,0.001,-0.514037259205846,36,31
bird4,3,37,0.01,-0.509782756539511,36,31
bird4,3,37,0.1,-0.5057927108493171,36,31
bird4,4,37,0.001,-0.5251901919314051,108,62
bird4,4,37,0.01,-0.5152449339032346,108,62
bird4,4,37,0.1,-0.506170899014678,108,62
bird4,5,37,0.001,-0.5573445580078813,324,104
bird4,5,37,0.01,-0.537360088564344,324,104
bird4,5,37,0.1,-0.5194094204708356,324,104
bird4,0,38,0.001,-1.2276671067533302,1,1
bird4,0,38,0.01,-1.2276671108141712,1,1
bird4,0,38,0.1,-1.2276671514563866,1,1
bird4,1,38,0.001,-0.5087766704322969,4,4
bird4,1,38,0.01,-0.5087764417454183,4,4
bird4,1,38,0.1,-0.5087742224940471,4,4
bird4,2,38,0.001,-0.46697787295652293,12,12
bird4,2,38,0.01,-0.46697976420805787,12,12
bird4,2,38,0.1,-0.4669989503947655,12,12
bird4,3,38,0.001,-0.4704384312959899,36,30
bird4,3,38,0.01,-0.46965788875667636,36,30
bird4,3,38,0.1,-0.46896395003605024,36,30
bird4,4,38,0.001,-0.47726571122236017,108,52
bird4,4,38,0.01,-0.47370695116399886,108,52
bird4,4,38,0.1,-0.47068244677224164,108,52
bird4,5,38,0.001,-0.49876003217958215,324,78
bird4,5,38,0.01,-0.4878831399429242,324,78
bird4,5,38,0.1,-0.4784413045677092,324,78
bird4,0,39,0.001,-1.2105044055129266,1,1
bird4,0,39,0.01,-1.210504439241977,1,1
bird4,0,39,0.1,-1.2105047765594696,1,1
bird4,1,39,0.001,-0.5187315832142373,4,4
bird4,1,39,0.01,-0.5187314369882003,4,4
bird4,1,39,0.1,-0.5187300099305391,4,4
bird4,2,39,0.001,-0.4756431248741599,12,12
bird4,2,39,0.01,-0.4756432279027131,12,12
bird4,2,39,0.1,-0.47564463222683734,12,12
bird4,3,39,0.001,-0.48056969496407553,36,30
bird4,3,39,0.01,-0.47938226472758133,36,30
bird4,3,39,0.1,-0.47824810716399346,36,30
bird4,4,39,0.001,-0.49124474125731216,108,56
bird4,4,39,0.01,-0.48377228706587144,108,56
bird4,4,39,0.1,-0.4771302143971863,108,56
bird4,5,39,0.001,-0.4950543455451052,324,89
bird4,5,39,0.01,-0.4878279577943417,324,89
bird4,5,39,0.1,-0.48168638183242574,324,89
bird4,0,40,0.001,-1.2310534553551955,1,1
bird4,0,40,0.01,-1.2310534575463157,1,1
bird4,0,40,0.1,-1.231053479491544,1,1
bird4,1,40,0.001,-0.5278966507068326,4,4
bird4,1,40,0.01,-0.5278966867492999,4,4
bird4,1,40,0.1,-0.5278970812475546,4,4
bird4,2,40,0.001,-0.4820030440989454,12,12
bird4,2,40,0.01,-0.4820045421629886,12,12
bird4,2,40,0.1,-0.4820197099209984,12,12
bird4,3,40,0.001,-0.4784441674497178,36,29
bird4,3,40,0.01,-0.4766195116892618,36,29
bird4,3,40,0.1,-0.4748638769461869,36,29
bird4,4,40,0.001,-0.49220588358885153,108,54
bird4,4,40,0.01,-0.4857215966511651,108,54
bird4,4,40,0.1,-0.48009111343523675,108,54
bird4,5,40,0.001,-0.5009603157053004,324,81
bird4,5,40,0.01,-0.49205215625586257,324,81
bird4,5,40,0.1,-0.48445442525587223,324,81
bird4,0,41,0.001,-1.2500649209976424,1,1
bird4,0,41,0.01,-1.2500648878784408,1,1
bird4,0,41,0.1,-1.2500645567281752,1,1
bird4,1,41,0.001,-0.543933108483647,4,4
bird4,1,41,0.01,-0.5439318469178044,4,4
bird4,1,41,0.1,-0.5439193834702237,4,4
bird4,2,41,0.001,-0.5004259318038051,12,12
bird4,2,41,0.01,-0.5000828816747421,12,12
bird4,2,41,0.1,-0.49974479638117836,12,12
bird4,3,41,0.001,-0.49990757489234766,36,29
bird4,3,41,0.01,-0.4980275187091754,36,29
bird4,3,41,0.1,-0.49630910107615384,36,29
bird4,4,41,0.001,-0.5110310424870332,108,53
bird4,4,41,0.01,-0.5063428168830273,108,53
bird4,4,41,0.1,-0.5022416265702916,108,53
bird4,5,41,0.001,-0.525172669643663,324,86
bird4,5,41,0.01,-0.5166739117882659,324,86
bird4,5,41,0.1,-0.5095270454117351,324,86
bird4,0,42,0.001,-1.2318523805862904,1,1
bird4,0,42,0.01,-1.2318523832133579,1,1
bird4,0,42,0.1,-1.2318524095175318,1,1
bird4,1,42,0.001,-0.5127180461998422,4,4
bird4,1,42,0.01,-0.51271808254271,4,4
bird4,1,42,0.1,-0.5127184930612709,4,4
bird4,2,42,0.001,-0.4774102774105944,12,12
bird4,2,42,0.01,-0.4774105774279426,12,12
bird4,2,42,0.1,-0.4774140363685108,12,12
bird4,3,42,0.001,-0.4755012075219059,36,31
bird4,3,42,0.01,-0.47325755962718435,36,31
bird4,3,42,0.1,-0.4711441196568614,36,31
bird4,4,42,0.001,-0.47961886177290103,108,58
bird4,4,42,0.01,-0.4762227974506355,108,58
bird4,4,42,0.1,-0.47319900915826923,108,58
bird4,5,42,0.001,-0.49091423150959046,324,81
bird4,5,42,0.01,-0.4843208899640432,324,81
bird4,5,42,0.1,-0.47856338660271003,324,81
bird4,0,43,0.001,-1.2249240391566913,1,1
bird4,0,43,0.01,-1.2249240530138386,1,1
bird4,0,43,0.1,-1.2249241916151772,1,1
bird4,1,43,0.001,-0.5248442459888462,4,4
bird4,1,43,0.01,-0.5248436692479119,4,4
bird4,1,43,0.1,-0.5248379497799117,4,4
bird4,2,43,0.001,-0.48549322095179187,12,12
bird4,2,43,0.01,-0.485491641766295,12,12
bird4,2,43,0.1,-0.4854766472729077,12,12
bird4,3,43,0.001,-0.47918234194053305,36,30
bird4,3,43,0.01,-0.4783630478195289,36,30
bird4,3,43,0.1,-0.4775764743157954,36,30
bird4,4,43,0.001,-0.48860392576752365,108,60
bird4,4,43,0.01,-0.4835445716476699,108,60
bird4,4,43,0.1,-0.4791200946279192,108,60
bird4,5,43,0.001,-0.5198389293150684,324,90
bird4,5,43,0.01,-0.5063330450536367,324,90
bird4,5,43,0.1,-0.4949025621416666,324,90
bird4,0,44,0.001,-1.236538073863711,1,1
bird4,0,44,0.01,-1.2365380643153177,1,1
bird4,0,44,0.1,-1.236537968867755,1,1
bird4,1,44,0.001,-0.5342850179648935,4,4
bird4,1,44,0.01,-0.5342847386653421,4,4
bird4,1,44,0.1,-0.534281984610014,4,4
bird4,2,44,0.001,-0.4936133977470153,12,12
bird4,2,44,0.01,-0.49361379236410496,12,12
bird4,2,44,0.1,-0.4936179922609002,12,12
bird4,3,44,0.001,-0.4861197333801198,36,29
bird4,3,44,0.01,-0.48575094495122656,36,29
bird4,3,44,0.1,-0.4854694441615541,36,29
bird4,4,44,0.001,-0.50940910946347,108,55
bird4,4,44,0.01,-0.49933319794880965,108,55
bird4,4,44,0.1,-0.4900078713683527,108,55
bird4,5,44,0.001,-0.5264782682359881,324,91
bird4,5,44,0.01,-0.5125564859337666,324,91
bird4,5,44,0.1,-0.5001659021322107,324,91
bird4,0,45,0.001,-1.2319425381277906,1,1
bird4,0,45,0.01,-1.2319425360398975,1,1
bird4,0,45,0.1,-1.231942515196077,1,1
bird4,1,45,0.001,-0.5166333801640811,4,4
bird4,1,45,0.01,-0.5166337926846972,4,4
bird4,1,45,0.1,-0.5166379427866801,4,4
bird4,2,45,0.001,-0.47853112778479323,12,12
bird4,2,45,0.01,-0.4781877800663974,12,12
bird4,2,45,0.1,-0.4778500988780539,12,12
bird4,3,45,0.001,-0.47969275501860925,36,29
bird4,3,45,0.01,-0.4785304584388234,36,29
bird4,3,45,0.1,-0.47737920150951,36,29
bird4,4,45,0.001,-0.48574384588243863,108,55
bird4,4,45,0.01,-0.4823063367802014,108,55
bird4,4,45,0.1,-0.47940329705860446,108,55
bird4,5,45,0.001,-0.5077197728360584,324,82
bird4,5,45,0.01,-0.4958490322083283,324,82
bird4,5,45,0.1,-0.48552003092059415,324,82
bird4,0,46,0.001,-1.2380103913798501,1,1
bird4,0,46,0.01,-1.2380103786348828,1,1
bird4,0,46,0.1,-1.2380102512225821,1,1
bird4,1,46,0.001,-0.529618703385155,4,4
bird4,1,46,0.01,-0.5296184055074947,4,4
bird4,1,46,0.1,-0.5296154878605571,4,4
bird4,2,46,0.001,-0.4914956254784299,12,12
bird4,2,46,0.01,-0.4914946418401361,12,12
bird4,2,46,0.1,-0.49148589470435994,12,12
bird4,3,46,0.001,-0.4873894285539806,36,32
bird4,3,46,0.01,-0.48590998892432086,36,32
bird4,3,46,0.1,-0.4846004153604334,36,32
bird4,4,46,0.001,-0.4954854258646022,108,62
bird4,4,46,0.01,-0.49093235260730056,108,62
bird4,4,46,0.1,-0.4871061229607763,108,62
bird4,5,46,0.001,-0.5265492038003321,324,95
bird4,5,46,0.01,-0.5119194834753787,324,95
bird4,5,46,0.1,-0.49925462913099833,324,95
bird4,0,47,0.001,-1.2491809623244143,1,1
bird4,0,47,0.01,-1.24918092944688,1,1
bird4,0,47,0.1,-1.2491806007126287,1,1
bird4,1,47,0.001,-0.5273882149547247,4,4
bird4,1,47,0.01,-0.5273881846447156,4,4
bird4,1,47,0.1,-0.527387922767077,4,4
bird4,2,47,0.001,-0.487884647638282,12,12
bird4,2,47,0.01,-0.4878849823566187,12,12
bird4,2,47,0.1,-0.4878887982378644,12,12
bird4,3,47,0.001,-0.48835280654849295,36,30
bird4,3,47,0.01,-0.48518167346945223,36,30
bird4,3,47,0.1,-0.48223612270383853,36,30
bird4,4,47,0.001,-0.4910242734617425,108,55
bird4,4,47,0.01,-0.48744269410889546,108,55
bird4,4,47,0.1,-0.4843055144291002,108,55
bird4,5,47,0.001,-0.5130151624356677,324,79
bird4,5,47,0.01,-0.5019858935929677,324,79
bird4,5,47,0.1,-0.49193121230556874,324,79
bird4,0,48,0.001,-1.2379118335982935,1,1
bird4,0,48,0.01,-1.2379118222911356,1,1
bird4,0,48,0.1,-1.2379117092549663,1,1
bird4,1,48,0.001,-0.5346323883410014,4,4
bird4,1,48,0.01,-0.5346315384835257,4,4
bird4,1,48,0.1,-0.5346231161737386,4,4
bird4,2,48,0.001,-0.4929474432977097,12,12
bird4,2,48,0.01,-0.49294483469009587,12,12
bird4,2,48,0.1,-0.4929211462479149,12,12
bird4,3,48,0.001,-0.49631550774738203,36,31
bird4,3,48,0.01,-0.49381489463708933,36,31
bird4,3,48,0.1,-0.4915674263015457,36,31
bird4,4,48,0.001,-0.5103339905635061,108,57
bird4,4,48,0.01,-0.5050896924495102,108,57
bird4,4,48,0.1,-0.5005717948781796,108,57
bird4,5,48,0.001,-0.545222564387857,324,90
bird4,5,48,0.01,-0.5314114288008392,324,90
bird4,5,48,0.1,-0.5194258741951292,324,90
bird4,0,49,0.001,-1.2315173490166014,1,1
bird4,0,49,0.01,-1.2315173499691128,1,1
bird4,0,49,0.1,-1.231517359528431,1,1
bird4,1,49,0.001,-0.5172285916577487,4,4
bird4,1,49,0.01,-0.5172285633434718,4,4
bird4,1,49,0.1,-0.5172283189518588,4,4
bird4,2,49,0.001,-0.48449961707472483,12,12
bird4,2,49,0.01,-0.48449950777888784,12,12
bird4,2,49,0.1,-0.4844988831218932,12,12
bird4,3,49,0.001,-0.4814537703320711,36,32
bird4,3,49,0.01,-0.4807125333848813,36,32
bird4,3,49,0.1,-0.48007015869142083,36,32
bird4,4,49,0.001,-0.49627605655344276,108,58
bird4,4,49,0.01,-0.4916574821044273,108,58
bird4,4,49,0.1,-0.4876396903034236,108,58
bird4,5,49,0.001,-0.5176887754875032,324,90
bird4,5,49,0.01,-0.5060099889146465,324,90
bird4,5,49,0.1,-0.4957660596066526,324,90
bird4,0,50,0.001,-1.2298809791055991,1,1
bird4,0,50,0.01,-1.2298809805547142,1,1
bird4,0,50,0.1,-1.2298809950816507,1,1
bird4,1,50,0.001,-0.5173498571451396,4,4
bird4,1,50,0.01,-0.5173496820304919,4,4
bird4,1,50,0.1,-0.5173479923404906,4,4
bird4,2,50,0.001,-0.47966160759947296,12,12
bird4,2,50,0.01,-0.47966079071226775,12,12
bird4,2,50,0.1,-0.4796535160679943,12,12
bird4,3,50,0.001,-0.4810098300099064,36,31
bird4,3,50,0.01,-0.4796052307089661,36,31
bird4,3,50,0.1,-0.4782988371305422,36,31
bird4,4,50,0.001,-0.48630972840732484,108,60
bird4,4,50,0.01,-0.48318523766959276,108,60
bird4,4,50,0.1,-0.4805319827927776,108,60
bird4,5,50,0.001,-0.49765689851265277,324,93
bird4,5,50,0.01,-0.4898622162370901,324,93
bird4,5,50,0.1,-0.48337234260802237,324,93
bird4,0,51,0.001,-1.2330960761395444,1,1
bird4,0,51,0.01,-1.2330960791405419,1,1
bird4,0,51,0.1,-1.2330961091815746,1,1
bird4,1,51,0.001,-0.525098631728616,4,4
bird4,1,51,0.01,-0.5250986221921448,4,4
bird4,1,51,0.1,-0.5250985627270288,4,4
bird4,2,51,0.001,-0.49104167189787973,12,12
bird4,2,51,0.01,-0.49065733505534154,12,12
bird4,2,51,0.1,-0.49027400811943844,12,12
bird4,3,51,0.001,-0.48701949161336183,36,32
bird4,3,51,0.01,-0.48530490487473177,36,32
bird4,3,51,0.1,-0.48365558697359917,36,32
bird4,4,51,0.001,-0.49465365937967554,108,59
bird4,4,51,0.01,-0.49026517293321664,108,59
bird4,4,51,0.1,-0.4865797349257859,108,59
bird4,5,51,0.001,-0.521754755222897,324,91
bird4,5,51,0.01,-0.5095824651344897,324,91
bird4,5,51,0.1,-0.49889605861556624,324,91
bird4,0,52,0.001,-1.2400437803368887,1,1
bird4,0,52,0.01,-1.2400437654127852,1,1
bird4,0,52,0.1,-1.2400436162098292,1,1
bird4,1,52,0.001,-0.5284514484362726,4,4
bird4,1,52,0.01,-0.528451192420086,4,4
bird4,1,52,0.1,-0.5284486834288131,4,4
bird4,2,52,0.001,-0.4891933617004254,12,12
bird4,2,52,0.01,-0.48886155199787606,12,12
bird4,2,52,0.1,-0.4885201745249243,12,12
bird4,3,52,0.001,-0.4885992974523688,36,33
bird4,3,52,0.01,-0.486787724188199,36,33
bird4,3,52,0.1,-0.4850962285591468,36,33
bird4,4,52,0.001,-0.514929702238133,108,64
bird4,4,52,0.01,-0.5066891551036014,108,64
bird4,4,52,0.1,-0.49926845965442773,108,64
bird4,5,52,0.001,-0.548320398947423,324,97
bird4,5,52,0.01,-0.5298487559716704,324,97
bird4,5,52,0.1,-0.5130564966443817,324,97
bird4,0,53,0.001,-1.2309991728675573,1,1
bird4,0,53,0.01,-1.2309991768259192,1,1
bird4,0,53,0.1,-1.2309992164422012,1,1
bird4,1,53,0.001,-0.5227055335918404,4,4
bird4,1,53,0.01,-0.5227054103287809,4,4
bird4,1,53,0.1,-0.5227042233118141,4,4
bird4,2,53,0.001,-0.4885117593687766,12,12
bird4,2,53,0.01,-0.48851184128430175,12,12
bird4,2,53,0.1,-0.4885132235724128,12,12
bird4,3,53,0.001,-0.48877980056451936,36,30
bird4,3,53,0.01,-0.4876014373272726,36,30
bird4,3,53,0.1,-0.48656633329053117,36,30
bird4,4,53,0.001,-0.5014258233972176,108,51
bird4,4,53,0.01,-0.4970271401092496,108,51
bird4,4,53,0.1,-0.4932706752132078,108,51
bird4,5,53,0.001,-0.5246395584070244,324,77
bird4,5,53,0.01,-0.5136883309996535,324,77
bird4,5,53,0.1,-0.5041621821345379,324,77
bird4,0,54,0.001,-1.2229499065364842,1,1
bird4,0,54,0.01,-1.2229499196603484,1,1
bird4,0,54,0.1,-1.2229500509324127,1,1
bird4,1,54,0.001,-0.5253661360455959,4,4
bird4,1,54,0.01,-0.5253661450704227,4,4
bird4,1,54,0.1,-0.5253662738289541,4,4
bird4,2,54,0.001,-0.48560250041738384,12,12
bird4,2,54,0.01,-0.4856004713295985,12,12
bird4,2,54,0.1,-0.485581105552868,12,12
bird4,3,54,0.001,-0.4889787367463744,36,30
bird4,3,54,0.01,-0.48625704692684096,36,30
bird4,3,54,0.1,-0.4837682736373748,36,30
bird4,4,54,0.001,-0.5224891245432313,108,54
bird4,4,54,0.01,-0.5100991146148965,108,54
bird4,4,54,0.1,-0.4986274830803541,108,54
bird4,5,54,0.001,-0.5425023516473354,324,92
bird4,5,54,0.01,-0.5248246706392299,324,92
bird4,5,54,0.1,-0.5087645280515277,324,92
bird4,0,55,0.001,-1.2282693328357408,1,1
bird4,0,55,0.01,-1.2282693370507405,1,1
bird4,0,55,0.1,-1.2282693792342254,1,1
bird4,1,55,0.001,-0.5259872797644013,4,4
bird4,1,55,0.01,-0.5259870867372386,4,4
bird4,1,55,0.1,-0.5259852059506911,4,4
bird4,2,55,0.001,-0.4921550949641501,12,12
bird4,2,55,0.01,-0.49180359559857667,12,12
bird4,2,55,0.1,-0.49145326391374894,12,12
bird4,3,55,0.001,-0.48802700843518254,36,31
bird4,3,55,0.01,-0.48533873376330844,36,31
bird4,3,55,0.1,-0.48274996147403826,36,31
bird4,4,55,0.001,-0.4931162497626267,108,57
bird4,4,55,0.01,-0.4892317021722028,108,57
bird4,4,55,0.1,-0.48562754754565884,108,57
bird4,5,55,0.001,-0.5061997184621991,324,89
bird4,5,55,0.01,-0.4979542370914019,324,89
bird4,5,55,0.1,-0.4905187858402595,324,89
bird4,0,56,0.001,-1.2278686302718933,1,1
bird4,0,56,0.01,-1.2278686378149792,1,1
bird4,0,56,0.1,-1.2278687132781365,1,1
bird4,1,56,0.001,-0.5119976172805129,4,4
bird4,1,56,0.01,-0.5119975899305714,4,4
bird4,1,56,0.1,-0.5119973756157212,4,4
bird4,2,56,0.001,-0.4736977371362134,12,12
bird4,2,56,0.01,-0.4733494361222949,12,12
bird4,2,56,0.1,-0.4730026674911002,12,12
bird4,3,56,0.001,-0.4696441311594007,36,31
bird4,3,56,0.01,-0.46812748965515344,36,31
bird4,3,56,0.1,-0.4668062304657537,36,31
bird4,4,56,0.001,-0.47655050527317794,108,52
bird4,4,56,0.01,-0.47310967411206184,108,52
bird4,4,56,0.1,-0.4701284998657679,108,52
bird4,5,56,0.001,-0.48481424792024386,324,74
bird4,5,56,0.01,-0.47910099475649787,324,74
bird4,5,56,0.1,-0.47394442817006555,324,74
bird4,0,57,0.001,-1.21838754309567,1,1
bird4,0,57,0.01,-1.2183875653105578,1,1
bird4,0,57,0.1,-1.2183877874886282,1,1
bird4,1,57,0.001,-0.5181672730373679,4,4
bird4,1,57,0.01,-0.518167566417025,4,4
bird4,1,57,0.1,-0.5181705228579425,4,4
bird4,2,57,0.001,-0.4815684146365664,12,12
bird4,2,57,0.01,-0.4815692316311359,12,12
bird4,2,57,0.1,-0.48157797599425706,12,12
bird4,3,57,0.001,-0.483416216484928,36,27
bird4,3,57,0.01,-0.483024895919221,36,27
bird4,3,57,0.1,-0.48273931306682294,36,27
bird4,4,57,0.001,-0.48820882544032923,108,47
bird4,4,57,0.01,-0.4855538580813939,108,47
bird4,4,57,0.1,-0.4835259801007017,108,47
bird4,5,57,0.001,-0.51728578616932,324,73
bird4,5,57,0.01,-0.5062741688199573,324,73
bird4,5,57,0.1,-0.49646019125946134,324,73
bird4,0,58,0.001,-1.2284774398862683,1,1
bird4,0,58,0.01,-1.2284774417665223,1,1
bird4,0,58,0.1,-1.2284774606046598,1,1
bird4,1,58,0.001,-0.5191767787138826,4,4
bird4,1,58,0.01,-0.5191763505685795,4,4
bird4,1,58,0.1,-0.5191721395931556,4,4
bird4,2,58,0.001,-0.48174195617847854,12,12
bird4,2,58,0.01,-0.481413062762307,12,12
bird4,2,58,0.1,-0.4810727233262966,12,12
bird4,3,58,0.001,-0.4836209355275736,36,32
bird4,3,58,0.01,-0.48073699568638667,36,32
bird4,3,58,0.1,-0.4780691026119159,36,32
bird4,4,58,0.001,-0.49057649588476915,108,59
bird4,4,58,0.01,-0.48730596422734895,108,59
bird4,4,58,0.1,-0.48432232704462364,108,59
bird4,5,58,0.001,-0.49840541162394647,324,96
bird4,5,58,0.01,-0.4912067253071802,324,96
bird4,5,58,0.1,-0.4848894573558975,324,96
bird4,0,59,0.001,-1.2173905779055507,1,1
bird4,0,59,0.01,-1.2173905970557533,1,1
bird4,0,59,0.1,-1.2173907885897166,1,1
bird4,1,59,0.001,-0.5092139835695803,4,4
bird4,1,59,0.01,-0.509214048594722,4,4
bird4,1,59,0.1,-0.5092147354570102,4,4
bird4,2,59,0.001,-0.4708193773765113,12,12
bird4,2,59,0.01,-0.4708197982944192,12,12
bird4,2,59,0.1,-0.47082432184305056,12,12
bird4,3,59,0.001,-0.4694359268371808,36,30
bird4,3,59,0.01,-0.4690568827551369,36,30
bird4,3,59,0.1,-0.4687041502336462,36,30
bird4,4,59,0.001,-0.47977557252923503,108,58
bird4,4,59,0.01,-0.47635277333016046,108,58
bird4,4,59,0.1,-0.4733128827931931,108,58
bird4,5,59,0.001,-0.495156256500192,324,88
bird4,5,59,0.01,-0.4866744723920572,324,88
bird4,5,59,0.1,-0.47926965020402,324,88
bird4,0,60,0.001,-1.2295172667732492,1,1
bird4,0,60,0.01,-1.229517267501062,1,1
bird4,0,60,0.1,-1.229517274812933,1,1
bird4,1,60,0.001,-0.5198527990516313,4,4
bird4,1,60,0.01,-0.519852175286129,4,4
bird4,1,60,0.1,-0.5198460337138755,4,4
bird4,2,60,0.001,-0.48094476559902727,12,12
bird4,2,60,0.01,-0.48057862244827787,12,12
bird4,2,60,0.1,-0.48020687085956004,12,12
bird4,3,60,0.001,-0.47798407059914955,36,34
bird4,3,60,0.01,-0.47594639567129937,36,34
bird4,3,60,0.1,-0.4740850894245505,36,34
bird4,4,60,0.001,-0.4952726721225847,108,60
bird4,4,60,0.01,-0.4873976801800837,108,60
bird4,4,60,0.1,-0.4804218573492602,108,60
bird4,5,60,0.001,-0.5070291734664092,324,87
bird4,5,60,0.01,-0.4942575291483785,324,87
bird4,5,60,0.1,-0.48282865524798874,324,87
bird4,0,61,0.001,-1.232907434077989,1,1
bird4,0,61,0.01,-1.2329074294491535,1,1
bird4,0,61,0.1,-1.2329073831958537,1,1
bird4,1,61,0.001,-0.5187053796783259,4,4
bird4,1,61,0.01,-0.5187057060563107,4,4
bird4,1,61,0.1,-0.518708997572303,4,4
bird4,2,61,0.001,-0.47768344895154824,12,12
bird4,2,61,0.01,-0.47732188044762025,12,12
bird4,2,61,0.1,-0.47697707041673004,12,12
bird4,3,61,0.001,-0.47851951310491914,36,26
bird4,3,61,0.01,-0.47730339820155754,36,26
bird4,3,61,0.1,-0.47617642714758335,36,26
bird4,4,61,0.001,-0.4912830630835254,108,47
bird4,4,61,0.01,-0.48802243725291616,108,47
bird4,4,61,0.1,-0.4850197603487816,108,47
bird4,5,61,0.001,-0.49464926308763,324,70
bird4,5,61,0.01,-0.4899937735375992,324,70
bird4,5,61,0.1,-0.4858389334395758,324,70
bird4,0,62,0.001,-1.2404610929003876,1,1
bird4,0,62,0.01,-1.2404610769408446,1,1
bird4,0,62,0.1,-1.2404609173827978,1,1
bird4,1,62,0.001,-0.5306715801913082,4,4
bird4,1,62,0.01,-0.5306717997268653,4,4
bird4,1,62,0.1,-0.5306740214403566,4,4
bird4,2,62,0.001,-0.49504832303154644,12,12
bird4,2,62,0.01,-0.4950492145128704,12,12
bird4,2,62,0.1,-0.49505843080341894,12,12
bird4,3,62,0.001,-0.4923508418226549,36,28
bird4,3,62,0.01,-0.4915509330280434,36,28
bird4,3,62,0.1,-0.4907853587143672,36,28
bird4,4,62,0.001,-0.5037788361804431,108,49
bird4,4,62,0.01,-0.49886527036669365,108,49
bird4,4,62,0.1,-0.4945142427381246,108,49
bird4,5,62,0.001,-0.5200192580648025,324,80
bird4,5,62,0.01,-0.5105752375725914,324,80
bird4,5,62,0.1,-0.5021276205235322,324,80
bird4,0,63,0.001,-1.2348438037329532,1,1
bird4,0,63,0.01,-1.2348437992323347,1,1
bird4,0,63,0.1,-1.2348437542611428,1,1
bird4,1,63,0.001,-0.5359584506917215,4,4
bird4,1,63,0.01,-0.535958190263122,4,4
bird4,1,63,0.1,-0.5359556289214344,4,4
bird4,2,63,0.001,-0.504214990672917,12,12
bird4,2,63,0.01,-0.5038655071770857,12,12
bird4,2,63,0.1,-0.5034928269909049,12,12
bird4,3,63,0.001,-0.5034600428197494,36,31
bird4,3,63,0.01,-0.4996873143921375,36,31
bird4,3,63,0.1,-0.4960612823490359,36,31
bird4,4,63,0.001,-0.5032861428279405,108,58
bird4,4,63,0.01,-0.5003105769454659,108,58
bird4,4,63,0.1,-0.4976808458073632,108,58
bird4,5,63,0.001,-0.5210486977964477,324,92
bird4,5,63,0.01,-0.5130374619620739,324,92
bird4,5,63,0.1,-0.5062823136202358,324,92
bird4,0,64,0.001,-1.233374664415478,1,1
bird4,0,64,0.01,-1.2333746607743918,1,1
bird4,0,64,0.1,-1.233374624398317,1,1
bird4,1,64,0.001,-0.5228301968884937,4,4
bird4,1,64,0.01,-0.5228299414872143,4,4
bird4,1,64,0.1,-0.5228274389341964,4,4
bird4,2,64,0.001,-0.4802888345367899,12,12
bird4,2,64,0.01,-0.4802872215214039,12,12
bird4,2,64,0.1,-0.4802719152886308,12,12
bird4,3,64,0.001,-0.48476118528009693,36,31
bird4,3,64,0.01,-0.4801071337268823,36,31
bird4,3,64,0.1,-0.4756700326398848,36,31
bird4,4,64,0.001,-0.5013019882284264,108,56
bird4,4,64,0.01,-0.4924839873403545,108,56
bird4,4,64,0.1,-0.48449349900654004,108,56
bird4,5,64,0.001,-0.5252419753545173,324,82
bird4,5,64,0.01,-0.5106910116219932,324,82
bird4,5,64,0.1,-0.4977075312558457,324,82
bird4,0,65,0.001,-1.239462652532918,1,1
bird4,0,65,0.01,-1.2394626428518956,1,1
bird4,0,65,0.1,-1.239462546077322,1,1
bird4,1,65,0.001,-0.5120968712678836,4,4
bird4,1,65,0.01,-0.5120970457502956,4,4
bird4,1,65,0.1,-0.5120988441208159,4,4
bird4,2,65,0.001,-0.4794746690978927,12,12
bird4,2,65,0.01,-0.4791327812759451,12,12
bird4,2,65,0.1,-0.4788074127174619,12,12
bird4,3,65,0.001,-0.4759852623602124,36,30
bird4,3,65,0.01,-0.47522955195248956,36,30
bird4,3,65,0.1,-0.4745574602380717,36,30
bird4,4,65,0.001,-0.4774862458382587,108,54
bird4,4,65,0.01,-0.47622973038674343,108,54
bird4,4,65,0.1,-0.47536072920180406,108,54
bird4,5,65,0.001,-0.4899876186468,324,81
bird4,5,65,0.01,-0.48351173145515997,324,81
bird4,5,65,0.1,-0.47876768261379016,324,81
bird4,0,66,0.001,-1.2369359486271778,1,1
bird4,0,66,0.01,-1.23693593735904,1,1
bird4,0,66,0.1,-1.2369358247154956,1,1
bird4,1,66,0.001,-0.5217071098596683,4,4
bird4,1,66,0.01,-0.5217073090329044,4,4
bird4,1,66,0.1,-0.5217093384357311,4,4
bird4,2,66,0.001,-0.4816626774256739,12,12
bird4,2,66,0.01,-0.48133283840167224,12,12
bird4,2,66,0.1,-0.48100895735364524,12,12
bird4,3,66,0.001,-0.4820397587918971,36,29
bird4,3,66,0.01,-0.48057192391184034,36,29
bird4,3,66,0.1,-0.479212884410564,36,29
bird4,4,66,0.001,-0.4877412939867689,108,54
bird4,4,66,0.01,-0.48523458531721064,108,54
bird4,4,66,0.1,-0.48308829019810967,108,54
bird4,5,66,0.001,-0.5094252678871412,324,87
bird4,5,66,0.01,-0.501922114113816,324,87
bird4,5,66,0.1,-0.49543367490855095,324,87
bird4,0,67,0.001,-1.2363295745686482,1,1
bird4,0,67,0.01,-1.2363295661292453,1,1
bird4,0,67,0.1,-1.2363294817706028,1,1
bird4,1,67,0.001,-0.5164771476415919,4,4
bird4,1,67,0.01,-0.516476998111625,4,4
bird4,1,67,0.1,-0.5164755532865574,4,4
bird4,2,67,0.001,-0.4801120319945786,12,12
bird4,2,67,0.01,-0.4801121507336012,12,12
bird4,2,67,0.1,-0.4801137821078693,12,12
bird4,3,67,0.001,-0.48234469445025596,36,30
bird4,3,67,0.01,-0.47993669099596914,36,30
bird4,3,67,0.1,-0.4776099346727629,36,30
bird4,4,67,0.001,-0.48209397863683506,108,58
bird4,4,67,0.01,-0.47937790041708117,108,58
bird4,4,67,0.1,-0.47698345669474596,108,58
bird4,5,67,0.001,-0.5067894487934632,324,89
bird4,5,67,0.01,-0.49570411884602944,324,89
bird4,5,67,0.1,-0.48585698591291826,324,89
bird4,0,68,0.001,-1.2258139622430657,1,1
bird4,0,68,0.01,-1.2258139733072182,1,1
bird4,0,68,0.1,-1.2258140839790663,1,1
bird4,1,68,0.001,-0.5115987563767563,4,4
bird4,1,68,0.01,-0.5115987183546524,4,4
bird4,1,68,0.1,-0.5115983827383402,4,4
bird4,2,68,0.001,-0.47216182918636224,12,12
bird4,2,68,0.01,-0.4717883972238464,12,12
bird4,2,68,0.1,-0.47143498253661026,12,12
bird4,3,68,0.001,-0.4659797340945324,36,31
bird4,3,68,0.01,-0.46514813837530594,36,31
bird4,3,68,0.1,-0.4643776494644461,36,31
bird4,4,68,0.001,-0.47518799375921894,108,56
bird4,4,68,0.01,-0.4732760157164822,108,56
bird4,4,68,0.1,-0.47176987300535944,108,56
bird4,5,68,0.001,-0.4936147387908119,324,80
bird4,5,68,0.01,-0.4860398494282903,324,80
bird4,5,68,0.1,-0.47956231073109357,324,80
bird4,0,69,0.001,-1.2311260296840028,1,1
bird4,0,69,0.01,-1.2311260316735755,1,1
bird4,0,69,0.1,-1.2311260516009992,1,1
bird4,1,69,0.001,-0.5253192568252035,4,4
bird4,1,69,0.01,-0.5253191334582928,4,4
bird4,1,69,0.1,-0.5253179352327825,4,4
bird4,2,69,0.001,-0.4846469750921777,12,11
bird4,2,69,0.01,-0.4846472617654881,12,11
bird4,2,69,0.1,-0.48465038678685385,12,11
bird4,3,69,0.001,-0.48105253513392077,36,28
bird4,3,69,0.01,-0.4797418481225767,36,28
bird4,3,69,0.1,-0.4784926332266508,36,28
bird4,4,69,0.001,-0.5058558420243895,108,55
bird4,4,69,0.01,-0.49446506877315966,108,55
bird4,4,69,0.1,-0.48427229665861793,108,55
bird4,5,69,0.001,-0.5264397680827159,324,82
bird4,5,69,0.01,-0.5083144880278795,324,82
bird4,5,69,0.1,-0.4923578475734874,324,82
bird4,0,70,0.001,-1.243336260979324,1,1
bird4,0,70,0.01,-1.2433362353585093,1,1
bird4,0,70,0.1,-1.2433359791921468,1,1
bird4,1,70,0.001,-0.5293125071943166,4,4
bird4,1,70,0.01,-0.5293123590222556,4,4
bird4,1,70,0.1,-0.5293109374027124,4,4
bird4,2,70,0.001,-0.49058776131269743,12,12
bird4,2,70,0.01,-0.49058578958294513,12,12
bird4,2,70,0.1,-0.49056815979898677,12,12
bird4,3,70,0.001,-0.4851426729569844,36,30
bird4,3,70,0.01,-0.48406868329021935,36,30
bird4,3,70,0.1,-0.4831313675944947,36,30
bird4,4,70,0.001,-0.5111360504880956,108,57
bird4,4,70,0.01,-0.5018319459390269,108,57
bird4,4,70,0.1,-0.4936152510477677,108,57
bird4,5,70,0.001,-0.5256575248046127,324,89
bird4,5,70,0.01,-0.5131626469989853,324,89
bird4,5,70,0.1,-0.5025686692312897,324,89
bird4,0,71,0.001,-1.2387413717479332,1,1
bird4,0,71,0.01,-1.2387413582462983,1,1
bird4,0,71,0.1,-1.2387412232677701,1,1
bird4,1,71,0.001,-0.5304317044450805,4,4
bird4,1,71,0.01,-0.5304319571002861,4,4
bird4,1,71,0.1,-0.530434511118007,4,4
bird4,2,71,0.001,-0.49424044791569427,12,12
bird4,2,71,0.01,-0.49390527587768523,12,12
bird4,2,71,0.1,-0.4935812708561593,12,12
bird4,3,71,0.001,-0.49409067017359004,36,28
bird4,3,71,0.01,-0.492596277040395,36,28
bird4,3,71,0.1,-0.49120192578606986,36,28
bird4,4,71,0.001,-0.504544087524707,108,53
bird4,4,71,0.01,-0.5002811144998265,108,53
bird4,4,71,0.1,-0.49632882337292195,108,53
bird4,5,71,0.001,-0.5117182871195473,324,84
bird4,5,71,0.01,-0.5065077327958114,324,84
bird4,5,71,0.1,-0.5018158164569104,324,84
bird4,0,72,0.001,-1.2347635314662146,1,1
bird4,0,72,0.01,-1.234763524111031,1,1
bird4,0,72,0.1,-1.2347634505955085,1,1
bird4,1,72,0.001,-0.5227986096710743,4,4
bird4,1,72,0.01,-0.5227989853101623,4,4
bird4,1,72,0.1,-0.5228027744384952,4,4
bird4,2,72,0.001,-0.4864691485006432,12,12
bird4,2,72,0.01,-0.48646908954190304,12,12
bird4,2,72,0.1,-0.4864689168829273,12,12
bird4,3,72,0.001,-0.48511381083918875,36,28
bird4,3,72,0.01,-0.4847247666029902,36,28
bird4,3,72,0.1,-0.48436021004958896,36,28
bird4,4,72,0.001,-0.5023008731234997,108,53
bird4,4,72,0.01,-0.49699676387727826,108,53
bird4,4,72,0.1,-0.4922067459064847,108,53
bird4,5,72,0.001,-0.5046916312035817,324,87
bird4,5,72,0.01,-0.49884928415711927,324,87
bird4,5,72,0.1,-0.4937606669272044,324,87
bird4,0,73,0.001,-1.232527797497944,1,1
bird4,0,73,0.01,-1.2325277954001987,1,1
bird4,0,73,0.1,-1.232527774457105,1,1
bird4,1,73,0.001,-0.5157739721136165,4,4
bird4,1,73,0.01,-0.5157741843873367,4,4
bird4,1,73,0.1,-0.5157763407261267,4,4
bird4,2,73,0.001,-0.4804653741114935,12,11
bird4,2,73,0.01,-0.4804665040011555,12,11
bird4,2,73,0.1,-0.4804780647186759,12,11
bird4,3,73,0.001,-0.47991257346270066,36,27
bird4,3,73,0.01,-0.47830738277528506,36,27
bird4,3,73,0.1,-0.47679248121372864,36,27
bird4,4,73,0.001,-0.5007114218930621,108,50
bird4,4,73,0.01,-0.49301221614806634,108,50
bird4,4,73,0.1,-0.4859333428987297,108,50
bird4,5,73,0.001,-0.5230534741411194,324,78
bird4,5,73,0.01,-0.5094306611564662,324,78
bird4,5,73,0.1,-0.4971417686840149,324,78
bird4,0,74,0.001,-1.2377330527469148,1,1
bird4,0,74,0.01,-1.2377330422403137,1,1
bird4,0,74,0.1,-1.2377329372124244,1,1
bird4,1,74,0.001,-0.5440979455236454,4,4
bird4,1,74,0.01,-0.5440956390912138,4,4
bird4,1,74,0.1,-0.5440728360396733,4,4
bird4,2,74,0.001,-0.5046670017824966,12,12
bird4,2,74,0.01,-0.504034529023544,12,12
bird4,2,74,0.1,-0.5033835437787121,12,12
bird4,3,74,0.001,-0.5023126656454436,36,34
bird4,3,74,0.01,-0.49855570610020716,36,34
bird4,3,74,0.1,-0.4950695615402825,36,34
bird4,4,74,0.001,-0.5123965298908446,108,67
bird4,4,74,0.01,-0.5058843336273899,108,67
bird4,4,74,0.1,-0.50000545869673,108,67
bird4,5,74,0.001,-0.5176617306109085,324,112
bird4,5,74,0.01,-0.509766254549587,324,112
bird4,5,74,0.1,-0.5031453104415781,324,112
bird4,0,75,0.001,-1.2186634225228092,1,1
bird4,0,75,0.01,-1.2186634446723077,1,1
bird4,0,75,0.1,-1.2186636661978425,1,1
bird4,1,75,0.001,-0.5050275764090012,4,4
bird4,1,75,0.01,-0.5050278281655441,4,4
bird4,1,75,0.1,-0.505030396731572,4,4
bird4,2,75,0.001,-0.46743338868479767,12,12
bird4,2,75,0.01,-0.46743464998592776,12,12
bird4,2,75,0.1,-0.4674478955550887,12,12
bird4,3,75,0.001,-0.4659662359822694,36,27
bird4,3,75,0.01,-0.4648902755658128,36,27
bird4,3,75,0.1,-0.4639186468113292,36,27
bird4,4,75,0.001,-0.4800582565695999,108,49
bird4,4,75,0.01,-0.47400707887265636,108,49
bird4,4,75,0.1,-0.4685363273584562,108,49
bird4,5,75,0.001,-0.4970914367400092,324,72
bird4,5,75,0.01,-0.4855541415163456,324,72
bird4,5,75,0.1,-0.4752763570524547,324,72
bird4,0,76,0.001,-1.2291421576359098,1,1
bird4,0,76,0.01,-1.2291421639984765,1,1
bird4,0,76,0.1,-1.2291422276566057,1,1
bird4,1,76,0.001,-0.5214247385742861,4,4
bird4,1,76,0.01,-0.5214244221952224,4,4
bird4,1,76,0.1,-0.5214213130915137,4,4
bird4,2,76,0.001,-0.483510830151095,12,12
bird4,2,76,0.01,-0.4831616522173808,12,12
bird4,2,76,0.1,-0.48281722427853657,12,12
bird4,3,76,0.001,-0.483157991551215,36,32
bird4,3,76,0.01,-0.48160179342209614,36,32
bird4,3,76,0.1,-0.4801127812769343,36,32
bird4,4,76,0.001,-0.49245578533844364,108,60
bird4,4,76,0.01,-0.4889564638851343,108,60
bird4,4,76,0.1,-0.4858600216928542,108,60
bird4,5,76,0.001,-0.5184775577119122,324,95
bird4,5,76,0.01,-0.5058418415822465,324,95
bird4,5,76,0.1,-0.4945981270052811,324,95
bird4,0,77,0.001,-1.2274218738532967,1,1
bird4,0,77,0.01,-1.2274218797556622,1,1
bird4,0,77,0.1,-1.2274219388120455,1,1
bird4,1,77,0.001,-0.513307074434171,4,4
bird4,1,77,0.01,-0.513307189725437,4,4
bird4,1,77,0.1,-0.5133083820448792,4,4
bird4,2,77,0.001,-0.47086111727825564,12,12
bird4,2,77,0.01,-0.47086269690118265,12,12
bird4,2,77,0.1,-0.470878668574009,12,12
bird4,3,77,0.001,-0.47198997901319023,36,28
bird4,3,77,0.01,-0.4692236722013072,36,28
bird4,3,77,0.1,-0.4665394022381601,36,28
bird4,4,77,0.001,-0.48038334656241233,108,53
bird4,4,77,0.01,-0.47500000140467824,108,53
bird4,4,77,0.1,-0.47023772831355115,108,53
bird4,5,77,0.001,-0.5033157173635702,324,80
bird4,5,77,0.01,-0.4922849475648468,324,80
bird4,5,77,0.1,-0.4824112414429788,324,80
bird4,0,78,0.001,-1.217170550684037,1,1
bird4,0,78,0.01,-1.2171705782680324,1,1
bird4,0,78,0.1,-1.2171708541357025,1,1
bird4,1,78,0.001,-0.5187893076357167,4,4
bird4,1,78,0.01,-0.5187887517568525,4,4
bird4,1,78,0.1,-0.5187832535657668,4,4
bird4,2,78,0.001,-0.4722836759557026,12,12
bird4,2,78,0.01,-0.4719334252310212,12,12
bird4,2,78,0.1,-0.47157243227229173,12,12
bird4,3,78,0.001,-0.47303033303193254,36,31
bird4,3,78,0.01,-0.47069993221414314,36,31
bird4,3,78,0.1,-0.46854016777470375,36,31
bird4,4,78,0.001,-0.4856380206210283,108,59
bird4,4,78,0.01,-0.480359644961593,108,59
bird4,4,78,0.1,-0.4755038789351198,108,59
bird4,5,78,0.001,-0.49908845551058184,324,88
bird4,5,78,0.01,-0.489921468810272,324,88
bird4,5,78,0.1,-0.4816217833677247,324,88
bird4,0,79,0.001,-1.239905279291679,1,1
bird4,0,79,0.01,-1.2399052665702035,1,1
bird4,0,79,0.1,-1.2399051393922924,1,1
bird4,1,79,0.001,-0.5237125912282428,4,4
bird4,1,79,0.01,-0.5237122112542228,4,4
bird4,1,79,0.1,-0.5237084746940861,4,4
bird4,2,79,0.001,-0.4907721526279408,12,12
bird4,2,79,0.01,-0.4900866670859904,12,12
bird4,2,79,0.1,-0.4894126604871598,12,12
bird4,3,79,0.001,-0.485334021502388,36,33
bird4,3,79,0.01,-0.48383591724909947,36,33
bird4,3,79,0.1,-0.4824483310945491,36,33
bird4,4,79,0.001,-0.4969090513596139,108,58
bird4,4,79,0.01,-0.4931338631592899,108,58
bird4,4,79,0.1,-0.48992119538064394,108,58
bird4,5,79,0.001,-0.5130428795415786,324,90
bird4,5,79,0.01,-0.5042918232229341,324,90
bird4,5,79,0.1,-0.4967914011278612,324,90
bird4,0,80,0.001,-1.2393198972801514,1,1
bird4,0,80,0.01,-1.2393198842688193,1,1
bird4,0,80,0.1,-1.239319754193251,1,1
bird4,1,80,0.001,-0.5301075562712994,4,4
bird4,1,80,0.01,-0.5301073879549484,4,4
bird4,1,80,0.1,-0.5301057555986107,4,4
bird4,2,80,0.001,-0.49396636384320325,12,12
bird4,2,80,0.01,-0.493636403906141,12,12
bird4,2,80,0.1,-0.4933028324818361,12,12
bird4,3,80,0.001,-0.5002171836346859,36,29
bird4,3,80,0.01,-0.49550747966892916,36,29
bird4,3,80,0.1,-0.4909578197173553,36,29
bird4,4,80,0.001,-0.5106589231497993,108,55
bird4,4,80,0.01,-0.5036966117964977,108,55
bird4,4,80,0.1,-0.49726165074099327,108,55
bird4,5,80,0.001,-0.5273759917262926,324,88
bird4,5,80,0.01,-0.5152174543140985,324,88
bird4,5,80,0.1,-0.5043460736669578,324,88
bird4,0,81,0.001,-1.2256698757881836,1,1
bird4,0,81,0.01,-1.225669884058553,1,1
bird4,0,81,0.1,-1.2256699667956403,1,1
bird4,1,81,0.001,-0.5230562912253064,4,4
bird4,1,81,0.01,-0.5230561006519469,4,4
bird4,1,81,0.1,-0.5230542738458277,4,4
bird4,2,81,0.001,-0.48415376000946747,12,12
bird4,2,81,0.01,-0.48415528187539414,12,12
bird4,2,81,0.1,-0.4841711444790247,12,12
bird4,3,81,0.001,-0.4885402964158701,36,29
bird4,3,81,0.01,-0.4848877508979502,36,29
bird4,3,81,0.1,-0.4815565425829791,36,29
bird4,4,81,0.001,-0.48030020883676794,108,49
bird4,4,81,0.01,-0.4795007916254934,108,49
bird4,4,81,0.1,-0.4789585959536643,108,49
bird4,5,81,0.001,-0.49142877134535273,324,78
bird4,5,81,0.01,-0.4860448173464219,324,78
bird4,5,81,0.1,-0.4815079808763435,324,78
bird4,0,82,0.001,-1.226987781787284,1,1
bird4,0,82,0.01,-1.2269877915750422,1,1
bird4,0,82,0.1,-1.2269878894853268,1,1
bird4,1,82,0.001,-0.5255075708729448,4,4
bird4,1,82,0.01,-0.5255079398358233,4,4
bird4,1,82,0.1,-0.5255116483792636,4,4
bird4,2,82,0.001,-0.488407401864684,12,11
bird4,2,82,0.01,-0.4884083858009605,12,11
bird4,2,82,0.1,-0.4884185238782023,12,11
bird4,3,82,0.001,-0.49524976948981897,36,27
bird4,3,82,0.01,-0.4934155301412828,36,27
bird4,3,82,0.1,-0.4917060565600614,36,27
bird4,4,82,0.001,-0.5208512559184548,108,53
bird4,4,82,0.01,-0.5118464639762211,108,53
bird4,4,82,0.1,-0.504016197758338,108,53
bird4,5,82,0.001,-0.5363217586296306,324,88
bird4,5,82,0.01,-0.5209536189651545,324,88
bird4,5,82,0.1,-0.5080282813408796,324,88
bird4,0,83,0.001,-1.227898101643971,1,1
bird4,0,83,0.01,-1.2278981073692437,1,1
bird4,0,83,0.1,-1.2278981646546216,1,1
bird4,1,83,0.001,-0.5140115999653425,4,4
bird4,1,83,0.01,-0.5140120666536198,4,4
bird4,1,83,0.1,-0.5140167552608762,4,4
bird4,2,83,0.001,-0.4742502979615075,12,12
bird4,2,83,0.01,-0.4742514588331021,12,12
bird4,2,83,0.1,-0.47426334914003354,12,12
bird4,3,83,0.001,-0.4698445667155643,36,29
bird4,3,83,0.01,-0.4690578198271695,36,29
bird4,3,83,0.1,-0.4683095888664109,36,29
bird4,4,83,0.001,-0.4726703997374187,108,51
bird4,4,83,0.01,-0.4704374777756333,108,51
bird4,4,83,0.1,-0.4685254822749328,108,51
bird4,5,83,0.001,-0.4927071556918731,324,81
bird4,5,83,0.01,-0.4837174614312648,324,81
bird4,5,83,0.1,-0.4757113143686507,324,81
bird4,0,84,0.001,-1.2254345596650718,1,1
bird4,0,84,0.01,-1.2254345663018413,1,1
bird4,0,84,0.1,-1.2254346327033092,1,1
bird4,1,84,0.001,-0.5198617528079147,4,4
bird4,1,84,0.01,-0.5198616429836407,4,4
bird4,1,84,0.1,-0.5198605901816225,4,4
bird4,2,84,0.001,-0.47529713239126614,12,12
bird4,2,84,0.01,-0.4752969089118081,12,12
bird4,2,84,0.1,-0.47529539265795323,12,12
bird4,3,84,0.001,-0.48531121038879016,36,31
bird4,3,84,0.01,-0.4803201292575381,36,31
bird4,3,84,0.1,-0.47559825628092983,36,31
bird4,4,84,0.001,-0.4828960985366576,108,58
bird4,4,84,0.01,-0.4789916458573785,108,58
bird4,4,84,0.1,-0.4756021655302464,108,58
bird4,5,84,0.001,-0.4892932174115066,324,89
bird4,5,84,0.01,-0.4835727972342104,324,89
bird4,5,84,0.1,-0.47897072987940326,324,89
bird4,0,85,0.001,-1.2225538887766714,1,1
bird4,0,85,0.01,-1.222553906562362,1,1
bird4,0,85,0.1,-1.222554084448855,1,1
bird4,1,85,0.001,-0.5269726164255101,4,4
bird4,1,85,0.01,-0.5269725240487277,4,4
bird4,1,85,0.1,-0.5269716410746069,4,4
bird4,2,85,0.001,-0.48538550301294825,12,12
bird4,2,85,0.01,-0.4850326719571033,12,12
bird4,2,85,0.1,-0.4846757614973508,12,12
bird4,3,85,0.001,-0.4811098782981129,36,32
bird4,3,85,0.01,-0.4787798316074975,36,32
bird4,3,85,0.1,-0.47657489209969206,36,32
bird4,4,85,0.001,-0.48934896210765805,108,61
bird4,4,85,0.01,-0.48494569611390453,108,61
bird4,4,85,0.1,-0.48100491180493626,108,61
bird4,5,85,0.001,-0.5039625573775345,324,91
bird4,5,85,0.01,-0.49610929228540007,324,91
bird4,5,85,0.1,-0.48926655468240837,324,91
bird4,0,86,0.001,-1.2334279258543375,1,1
bird4,0,86,0.01,-1.233427923418327,1,1
bird4,0,86,0.1,-1.2334278990933072,1,1
bird4,1,86,0.001,-0.5352995261631924,4,4
bird4,1,86,0.01,-0.5352994841773234,4,4
bird4,1,86,0.1,-0.5352990935481159,4,4
bird4,2,86,0.001,-0.4964368046333294,12,11
bird4,2,86,0.01,-0.49643607514652127,12,11
bird4,2,86,0.1,-0.4964295040815806,12,11
bird4,3,86,0.001,-0.4938652086867188,36,30
bird4,3,86,0.01,-0.4927648619840686,36,30
bird4,3,86,0.1,-0.4917690824440868,36,30
bird4,4,86,0.001,-0.4989818311260292,108,57
bird4,4,86,0.01,-0.49574804697162567,108,57
bird4,4,86,0.1,-0.49307591550371915,108,57
bird4,5,86,0.001,-0.5162777194428996,324,93
bird4,5,86,0.01,-0.5069252802699732,324,93
bird4,5,86,0.1,-0.49881702438809206,324,93
bird4,0,87,0.001,-1.2273536648208037,1,1
bird4,0,87,0.01,-1.2273536756643026,1,1
bird4,0,87,0.1,-1.2273537841314601,1,1
bird4,1,87,0.001,-0.50878336789469,4,4
bird4,1,87,0.01,-0.5087839144638755,4,4
bird4,1,87,0.1,-0.5087894094023356,4,4
bird4,2,87,0.001,-0.4781138125247031,12,12
bird4,2,87,0.01,-0.4777938367025417,12,12
bird4,2,87,0.1,-0.47749678248503213,12,12
bird4,3,87,0.001,-0.4766955486895337,36,29
bird4,3,87,0.01,-0.47599012262683815,36,29
bird4,3,87,0.1,-0.4753696932347454,36,29
bird4,4,87,0.001,-0.48986620780824536,108,53
bird4,4,87,0.01,-0.4858652832117737,108,53
bird4,4,87,0.1,-0.48229116020394297,108,53
bird4,5,87,0.001,-0.5131060236894741,324,79
bird4,5,87,0.01,-0.5015443056071581,324,79
bird4,5,87,0.1,-0.491179191841284,324,79
bird4,0,88,0.001,-1.2223858141186816,1,1
bird4,0,88,0.01,-1.222385828977152,1,1
bird4,0,88,0.1,-1.222385977592824,1,1
bird4,1,88,0.001,-0.5142521503949632,4,4
bird4,1,88,0.01,-0.5142518695150854,4,4
bird4,1,88,0.1,-0.5142491084303935,4,4
bird4,2,88,0.001,-0.4782283500778739,12,11
bird4,2,88,0.01,-0.47822663345285155,12,11
bird4,2,88,0.1,-0.478210138344457,12,11
bird4,3,88,0.001,-0.4870589293593645,36,30
bird4,3,88,0.01,-0.4830670160772008,36,30
bird4,3,88,0.1,-0.4792181513359593,36,30
bird4,4,88,0.001,-0.5016317024766738,108,54
bird4,4,88,0.01,-0.4948495787031773,108,54
bird4,4,88,0.1,-0.4886331584581637,108,54
bird4,5,88,0.001,-0.5197066645576913,324,89
bird4,5,88,0.01,-0.5086476669832193,324,89
bird4,5,88,0.1,-0.4987950807693858,324,89
bird4,0,89,0.001,-1.229315068066887,1,1
bird4,0,89,0.01,-1.2293150770726504,1,1
bird4,0,89,0.1,-1.2293151671630604,1,1
bird4,1,89,0.001,-0.5312417199923452,4,4
bird4,1,89,0.01,-0.5312417301955453,4,4
bird4,1,89,0.1,-0.5312418611381933,4,4
bird4,2,89,0.001,-0.49297361101017423,12,11
bird4,2,89,0.01,-0.4929744995954532,12,11
bird4,2,89,0.1,-0.4929836329806365,12,11
bird4,3,89,0.001,-0.4880646907581742,36,29
bird4,3,89,0.01,-0.48772375933217194,36,29
bird4,3,89,0.1,-0.48745287842540397,36,29
bird4,4,89,0.001,-0.4930914191178739,108,54
bird4,4,89,0.01,-0.4896594552332288,108,54
bird4,4,89,0.1,-0.486777518254604,108,54
bird4,5,89,0.001,-0.549781599393252,324,85
bird4,5,89,0.01,-0.5277504776691976,324,85
bird4,5,89,0.1,-0.5078410984007311,324,85
bird4,0,90,0.001,-1.2279515598735329,1,1
bird4,0,90,0.01,-1.2279515677305608,1,1
bird4,0,90,0.1,-1.2279516463325926,1,1
bird4,1,90,0.001,-0.5273128721689659,4,4
bird4,1,90,0.01,-0.5273124487336246,4,4
bird4,1,90,0.1,-0.5273082782730438,4,4
bird4,2,90,0.001,-0.48793110005810164,12,12
bird4,2,90,0.01,-0.4879299015186777,12,12
bird4,2,90,0.1,-0.4879188804940421,12,12
bird4,3,90,0.001,-0.49213020648259626,36,31
bird4,3,90,0.01,-0.4886209328959168,36,31
bird4,3,90,0.1,-0.4853315066460099,36,31
bird4,4,90,0.001,-0.5014108948503669,108,55
bird4,4,90,0.01,-0.4978989817847861,108,55
bird4,4,90,0.1,-0.49486863236140066,108,55
bird4,5,90,0.001,-0.5204957233771571,324,85
bird4,5,90,0.01,-0.5084040693937923,324,85
bird4,5,90,0.1,-0.4977243891483421,324,85
bird4,0,91,0.001,-1.2295019058066294,1,1
bird4,0,91,0.01,-1.229501909323652,1,1
bird4,0,91,0.1,-1.2295019445262139,1,1
bird4,1,91,0.001,-0.5034462192488546,4,4
bird4,1,91,0.01,-0.5034471785355517,4,4
bird4,1,91,0.1,-0.5034567857513338,4,4
bird4,2,91,0.001,-0.46742514741879493,12,11
bird4,2,91,0.01,-0.46742676120672283,12,11
bird4,2,91,0.1,-0.46744305379516093,12,11
bird4,3,91,0.001,-0.4604759907934507,36,23
bird4,3,91,0.01,-0.45967716284710036,36,23
bird4,3,91,0.1,-0.4589619672697566,36,23
bird4,4,91,0.001,-0.4700382968141126,108,41
bird4,4,91,0.01,-0.46676095090006253,108,41
bird4,4,91,0.1,-0.46391300680229824,108,41
bird4,5,91,0.001,-0.47834528666860043,324,68
bird4,5,91,0.01,-0.4735624992843564,324,68
bird4,5,91,0.1,-0.46955227721290055,324,68
bird4,0,92,0.001,-1.220047347538656,1,1
bird4,0,92,0.01,-1.2200473668415766,1,1
bird4,0,92,0.1,-1.220047559901235,1,1
bird4,1,92,0.001,-0.5176441667221932,4,4
bird4,1,92,0.01,-0.5176444480085677,4,4
bird4,1,92,0.1,-0.5176472870828432,4,4
bird4,2,92,0.001,-0.478846460896142,12,12
bird4,2,92,0.01,-0.478508664530538,12,12
bird4,2,92,0.1,-0.4781756269567707,12,12
bird4,3,92,0.001,-0.480833871382673,36,30
bird4,3,92,0.01,-0.47895934092207476,36,30
bird4,3,92,0.1,-0.4771944955939322,36,30
bird4,4,92,0.001,-0.49489333287214965,108,54
bird4,4,92,0.01,-0.48767352798539343,108,54
bird4,4,92,0.1,-0.4811004819266698,108,54
bird4,5,92,0.001,-0.5369642084511651,324,86
bird4,5,92,0.01,-0.516585661082576,324,86
bird4,5,92,0.1,-0.49807862533046676,324,86
bird4,0,93,0.001,-1.2251701310121743,1,1
bird4,0,93,0.01,-1.2251701434818305,1,1
bird4,0,93,0.1,-1.2251702682095393,1,1
bird4,1,93,0.001,-0.5166189332517306,4,4
bird4,1,93,0.01,-0.5166189832698345,4,4
bird4,1,93,0.1,-0.5166195256116478,4,4
bird4,2,93,0.001,-0.48072466964965366,12,12
bird4,2,93,0.01,-0.48003217473758786,12,12
bird4,2,93,0.1,-0.47935701071812115,12,12
bird4,3,93,0.001,-0.4761863080505877,36,31
bird4,3,93,0.01,-0.4742851662036961,36,31
bird4,3,93,0.1,-0.47254964199441085,36,31
bird4,4,93,0.001,-0.4727163407968982,108,53
bird4,4,93,0.01,-0.47061727970324085,108,53
bird4,4,93,0.1,-0.46897327352254287,108,53
bird4,5,93,0.001,-0.4851736126507121,324,82
bird4,5,93,0.01,-0.47955328533755104,324,82
bird4,5,93,0.1,-0.4750470113340359,324,82
bird4,0,94,0.001,-1.2207517206279386,1,1
bird4,0,94,0.01,-1.2207517369840342,1,1
bird4,0,94,0.1,-1.2207519005760037,1,1
bird4,1,94,0.001,-0.5134130542817754,4,4
bird4,1,94,0.01,-0.5134134401137026,4,4
bird4,1,94,0.1,-0.5134173217283653,4,4
bird4,2,94,0.001,-0.47227647158455915,12,12
bird4,2,94,0.01,-0.47227754073435296,12,12
bird4,2,94,0.1,-0.4722886762164851,12,12
bird4,3,94,0.001,-0.4675203779882461,36,28
bird4,3,94,0.01,-0.466378863005907,36,28
bird4,3,94,0.1,-0.4653781979473039,36,28
bird4,4,94,0.001,-0.467989479021933,108,48
bird4,4,94,0.01,-0.4662860927590389,108,48
bird4,4,94,0.1,-0.4648760099729713,108,48
bird4,5,94,0.001,-0.4769800581497472,324,74
bird4,5,94,0.01,-0.4731777030442075,324,74
bird4,5,94,0.1,-0.46998621234775045,324,74
bird4,0,95,0.001,-1.2188877821382016,1,1
bird4,0,95,0.01,-1.2188878058399697,1,1
bird4,0,95,0.1,-1.218888042885975,1,1
bird4,1,95,0.001,-0.5066730793942309,4,4
bird4,1,95,0.01,-0.5066727935244683,4,4
bird4,1,95,0.1,-0.5066699901472638,4,4
bird4,2,95,0.001,-0.46010005881170846,12,12
bird4,2,95,0.01,-0.45974697507343215,12,12
bird4,2,95,0.1,-0.45940803873329283,12,12
bird4,3,95,0.001,-0.46138686064598605,36,33
bird4,3,95,0.01,-0.45979370902093775,36,33
bird4,3,95,0.1,-0.45831751349404887,36,33
bird4,4,95,0.001,-0.4624754560260598,108,61
bird4,4,95,0.01,-0.46112131449928334,108,61
bird4,4,95,0.1,-0.4600756865869016,108,61
bird4,5,95,0.001,-0.4791282190338962,324,84
bird4,5,95,0.01,-0.4714973848587597,324,84
bird4,5,95,0.1,-0.4648524397489141,324,84
bird4,0,96,0.001,-1.2390072945900545,1,1
bird4,0,96,0.01,-1.239007281912526,1,1
bird4,0,96,0.1,-1.2390071551746467,1,1
bird4,1,96,0.001,-0.517827115485618,4,4
bird4,1,96,0.01,-0.5178274746830985,4,4
bird4,1,96,0.1,-0.5178311031863391,4,4
bird4,2,96,0.001,-0.4803082125611399,12,12
bird4,2,96,0.01,-0.4799699652208105,12,12
bird4,2,96,0.1,-0.4796540995802171,12,12
bird4,3,96,0.001,-0.4758974737724054,36,29
bird4,3,96,0.01,-0.4755270991346148,36,29
bird4,3,96,0.1,-0.4752303482822686,36,29
bird4,4,96,0.001,-0.48499154771212954,108,51
bird4,4,96,0.01,-0.4824472158658368,108,51
bird4,4,96,0.1,-0.48017788854809235,108,51
bird4,5,96,0.001,-0.5028256531222149,324,76
bird4,5,96,0.01,-0.49437647418638697,324,76
bird4,5,96,0.1,-0.48702312556217053,324,76
bird4,0,97,0.001,-1.2242258185253783,1,1
bird4,0,97,0.01,-1.224225832681214,1,1
bird4,0,97,0.1,-1.2242259742692554,1,1
bird4,1,97,0.001,-0.5264905899961126,4,4
bird4,1,97,0.01,-0.5264903977762306,4,4
bird4,1,97,0.1,-0.5264885196618491,4,4
bird4,2,97,0.001,-0.4922392472605207,12,12
bird4,2,97,0.01,-0.4918667795782323,12,12
bird4,2,97,0.1,-0.4914792765220756,12,12
bird4,3,97,0.001,-0.4871582633931067,36,31
bird4,3,97,0.01,-0.48551930423108847,36,31
bird4,3,97,0.1,-0.48395191765737366,36,31
bird4,4,97,0.001,-0.5157221004822327,108,60
bird4,4,97,0.01,-0.5055529955922029,108,60
bird4,4,97,0.1,-0.49632227313325517,108,60
bird4,5,97,0.001,-0.5415608508097963,324,92
bird4,5,97,0.01,-0.5215879614666921,324,92
bird4,5,97,0.1,-0.5040234666025083,324,92
bird4,0,98,0.001,-1.233511660176853,1,1
bird4,0,98,0.01,-1.2335116582384766,1,1
bird4,0,98,0.1,-1.233511638889559,1,1
bird4,1,98,0.001,-0.5182654482623438,4,4
bird4,1,98,0.01,-0.5182660097256858,4,4
bird4,1,98,0.1,-0.5182716422809147,4,4
bird4,2,98,0.001,-0.4818290535078742,12,11
bird4,2,98,0.01,-0.4818270038929686,12,11
bird4,2,98,0.1,-0.481808436767229,12,11
bird4,3,98,0.001,-0.47413801601687766,36,26
bird4,3,98,0.01,-0.47340200909511615,36,26
bird4,3,98,0.1,-0.47274138856939035,36,26
bird4,4,98,0.001,-0.4986543660568362,108,46
bird4,4,98,0.01,-0.49082338870924735,108,46
bird4,4,98,0.1,-0.4836635415887396,108,46
bird4,5,98,0.001,-0.5161736352710284,324,71
bird4,5,98,0.01,-0.5038380722694428,324,71
bird4,5,98,0.1,-0.4930071660241523,324,71
bird4,0,99,0.001,-1.22797632935002,1,1
bird4,0,99,0.01,-1.2279763348797241,1,1
bird4,0,99,0.1,-1.22797639021049,1,1
bird4,1,99,0.001,-0.5117286485690188,4,4
bird4,1,99,0.01,-0.5117289808657404,4,4
bird4,1,99,0.1,-0.5117323390268957,4,4
bird4,2,99,0.001,-0.4725684813643565,12,12
bird4,2,99,0.01,-0.47256835048940093,12,12
bird4,2,99,0.1,-0.47256772640226175,12,12
bird4,3,99,0.001,-0.467413993751346,36,28
bird4,3,99,0.01,-0.4659196224330628,36,28
bird4,3,99,0.1,-0.4645134979577023,36,28
bird4,4,99,0.001,-0.470348001460487,108,52
bird4,4,99,0.01,-0.4682570748655378,108,52
bird4,4,99,0.1,-0.46660757519598406,108,52
bird4,5,99,0.001,-0.48561146729177196,324,78
bird4,5,99,0.01,-0.47907070989448786,324,78
bird4,5,99,0.1,-0.4735021669061504,324,78
bird4,0,100,0.001,-1.2445950339288507,1,1
bird4,0,100,0.01,-1.2445950072234588,1,1
bird4,0,100,0.1,-1.2445947402110011,1,1
bird4,1,100,0.001,-0.5279118462614611,4,4
bird4,1,100,0.01,-0.5279114665820857,4,4
bird4,1,100,0.1,-0.5279077369331379,4,4
bird4,2,100,0.001,-0.4893473705332766,12,12
bird4,2,100,0.01,-0.48901651053187956,12,12
bird4,2,100,0.1,-0.48870701287130075,12,12
bird4,3,100,0.001,-0.48313685518796534,36,32
bird4,3,100,0.01,-0.48168615481292426,36,32
bird4,3,100,0.1,-0.4803704740584779,36,32
bird4,4,100,0.001,-0.5056173887820014,108,59
bird4,4,100,0.01,-0.4994225637601579,108,59
bird4,4,100,0.1,-0.4939023893045119,108,59
bird4,5,100,0.001,-0.5083614984147194,324,89
bird4,5,100,0.01,-0.5010521398035123,324,89
bird4,5,100,0.1,-0.49460084571297164,324,89
bird5,0,1,0.001,-1.145864242476973,1,1
bird5,0,1,0.01,-1.145864203580547,1,1
bird5,0,1,0.1,-1.145863821557982,1,1
bird5,1,1,0.001,-0.35958010418584657,7,7
bird5,1,1,0.01,-0.35791398569821736,7,7
bird5,1,1,0.1,-0.3564417406488495,7,7
bird5,2,1,0.001,-0.3122933776084464,42,15
bird5,2,1,0.01,-0.30666879951546905,42,15
bird5,2,1,0.1,-0.3018542712670669,42,15
bird5,3,1,0.001,-0.34158625492762057,252,23
bird5,3,1,0.01,-0.33809030584646754,252,23
bird5,3,1,0.1,-0.3355399706184452,252,23
bird5,4,1,0.001,-0.31893892066425256,1512,30
bird5,4,1,0.01,-0.31512899223710983,1512,30
bird5,4,1,0.1,-0.3130907338886013,1512,30
bird5,5,1,0.001,-0.31048063366309553,9072,33
bird5,5,1,0.01,-0.3062752754524171,9072,33
bird5,5,1,0.1,-0.3046345968770998,9072,33
bird5,0,2,0.001,-1.141016883903298,1,1
bird5,0,2,0.01,-1.141016933919319,1,1
bird5,0,2,0.1,-1.141017440727268,1,1
bird5,1,2,0.001,-0.353957905347099,7,7
bird5,1,2,0.01,-0.3532085923729951,7,7
bird5,1,2,0.1,-0.352646492084132,7,7
bird5,2,2,0.001,-0.30072344776318105,42,14
bird5,2,2,0.01,-0.2982803794443153,42,14
bird5,2,2,0.1,-0.2963937876258312,42,14
bird5,3,2,0.001,-0.29528972095861195,252,24
bird5,3,2,0.01,-0.29242192647606474,252,24
bird5,3,2,0.1,-0.2908445311468659,252,24
bird5,4,2,0.001,-0.36045486398885657,1512,35
bird5,4,2,0.01,-0.3552614274780163,1512,35
bird5,4,2,0.1,-0.3520558200345555,1512,35
bird5,5,2,0.001,-0.4017642132516024,9072,46
bird5,5,2,0.01,-0.3957803784046979,9072,46
bird5,5,2,0.1,-0.39325256521312213,9072,46
bird5,0,3,0.001,-1.2116206727205494,1,1
bird5,0,3,0.01,-1.21161982422336,1,1
bird5,0,3,0.1,-1.2116113481433213,1,1
bird5,1,3,0.001,-0.34689720702159643,7,7
bird5,1,3,0.01,-0.34589104666789944,7,7
bird5,1,3,0.1,-0.34511972062397045,7,7
bird5,2,3,0.001,-0.3000331231134892,42,14
bird5,2,3,0.01,-0.29670638938524835,42,14
bird5,2,3,0.1,-0.293903994067044,42,14
bird5,3,3,0.001,-0.30599301348656943,252,24
bird5,3,3,0.01,-0.2990821669281588,252,24
bird5,3,3,0.1,-0.29427346580812064,252,24
bird5,4,3,0.001,-0.29885408653561085,1512,35
bird5,4,3,0.01,-0.2945474012909771,1512,35
bird5,4,3,0.1,-0.2929339995851157,1512,35
bird5,5,3,0.001,-0.3659718151302684,9072,42
bird5,5,3,0.01,-0.3596410651284442,9072,42
bird5,5,3,0.1,-0.35667983229801115,9072,42
bird5,0,4,0.001,-1.1268865900881295,1,1
bird5,0,4,0.01,-1.1268868783947015,1,1
bird5,0,4,0.1,-1.1268897673720868,1,1
bird5,1,4,0.001,-0.3728510453745908,7,7
bird5,1,4,0.01,-0.3699673722899176,7,7
bird5,1,4,0.1,-0.3672569155939225,7,7
bird5,2,4,0.001,-0.32933916131008767,42,18
bird5,2,4,0.01,-0.32540876636336885,42,18
bird5,2,4,0.1,-0.3221385259317997,42,18
bird5,3,4,0.001,-0.39458757272937156,252,29
bird5,3,4,0.01,-0.3878532164230095,252,29
bird5,3,4,0.1,-0.38250860590989727,252,29
bird5,4,4,0.001,-0.38187518349452587,1512,41
bird5,4,4,0.01,-0.375811606836146,1512,41
bird5,4,4,0.1,-0.37259910553451553,1512,41
bird5,5,4,0.001,-0.3938834953085215,9072,49
bird5,5,4,0.01,-0.3831839827689692,9072,49
bird5,5,4,0.1,-0.3769456114344751,9072,49
bird5,0,5,0.001,-1.1602493200229673,1,1
bird5,0,5,0.01,-1.1602492805005002,1,1
bird5,0,5,0.1,-1.1602488921764293,1,1
bird5,1,5,0.001,-0.3574565641891651,7,7
bird5,1,5,0.01,-0.35594069677342316,7,7
bird5,1,5,0.1,-0.35465308494076714,7,7
bird5,2,5,0.001,-0.30503038872628185,42,15
bird5,2,5,0.01,-0.3024801962050847,42,15
bird5,2,5,0.1,-0.3003961614883345,42,15
bird5,3,5,0.001,-0.3234222674511635,252,23
bird5,3,5,0.01,-0.32029504610542614,252,23
bird5,3,5,0.1,-0.31806499481398665,252,23
bird5,4,5,0.001,-0.35440919182150366,1512,31
bird5,4,5,0.01,-0.350980189470135,1512,31
bird5,4,5,0.1,-0.3491105902421993,1512,31
bird5,5,5,0.001,-0.36500670676255687,9072,38
bird5,5,5,0.01,-0.36119921903036956,9072,38
bird5,5,5,0.1,-0.3600848365038452,9072,38
bird5,0,6,0.001,-1.1410701985531038,1,1
bird5,0,6,0.01,-1.1410703802302729,1,1
bird5,0,6,0.1,-1.141072202767466,1,1
bird5,1,6,0.001,-0.3553721479526421,7,7
bird5,1,6,0.01,-0.3536983398565071,7,7
bird5,1,6,0.1,-0.35223722677617386,7,7
bird5,2,6,0.001,-0.3181974573643302,42,15
bird5,2,6,0.01,-0.3154333314891439,42,15
bird5,2,6,0.1,-0.3136990322652358,42,15
bird5,3,6,0.001,-0.4269135827157567,252,25
bird5,3,6,0.01,-0.39610604019569007,252,25
bird5,3,6,0.1,-0.3692287509638162,252,25
bird5,4,6,0.001,-0.4361548407488065,1512,35
bird5,4,6,0.01,-0.40159402898791546,1512,35
bird5,4,6,0.1,-0.3720968316180931,1512,35
bird5,5,6,0.001,-0.4914809029833705,9072,43
bird5,5,6,0.01,-0.4502104234848102,9072,43
bird5,5,6,0.1,-0.4158675651188762,9072,43
bird5,0,7,0.001,-1.1310670988338487,1,1
bird5,0,7,0.01,-1.1310673013133759,1,1
bird5,0,7,0.1,-1.1310693318290357,1,1
bird5,1,7,0.001,-0.34376271868022545,7,7
bird5,1,7,0.01,-0.342853820582026,7,7
bird5,1,7,0.1,-0.34210394840059954,7,7
bird5,2,7,0.001,-0.30594765312042094,42,14
bird5,2,7,0.01,-0.2999252361612284,42,14
bird5,2,7,0.1,-0.29466201210842247,42,14
bird5,3,7,0.001,-0.364996508293256,252,25
bird5,3,7,0.01,-0.35841374874771387,252,25
bird5,3,7,0.1,-0.3531077038769684,252,25
bird5,4,7,0.001,-0.36640955207077036,1512,37
bird5,4,7,0.01,-0.36064821128191427,1512,37
bird5,4,7,0.1,-0.35699738701757144,1512,37
bird5,5,7,0.001,-0.41630684522648237,9072,40
bird5,5,7,0.01,-0.40966309487741204,9072,40
bird5,5,7,0.1,-0.40555431995816044,9072,40
bird5,0,8,0.001,-1.1836975425042993,1,1
bird5,0,8,0.01,-1.1836969599211766,1,1
bird5,0,8,0.1,-1.1836911428395478,1,1
bird5,1,8,0.001,-0.3576717106998756,7,7
bird5,1,8,0.01,-0.35769712367057077,7,7
bird5,1,8,0.1,-0.35795245532271036,7,7
bird5,2,8,0.001,-0.29625991571342397,42,14
bird5,2,8,0.01,-0.2963350555788343,42,14
bird5,2,8,0.1,-0.2970589477755672,42,14
bird5,3,8,0.001,-0.28265530387443427,252,23
bird5,3,8,0.01,-0.2817160165783325,252,23
bird5,3,8,0.1,-0.2823549466071966,252,23
bird5,4,8,0.001,-0.28383549636650074,1512,34
bird5,4,8,0.01,-0.28300660834536523,1512,34
bird5,4,8,0.1,-0.2855469358036539,1512,34
bird5,5,8,0.001,-0.29278131233127397,9072,41
bird5,5,8,0.01,-0.2906443930117455,9072,41
bird5,5,8,0.1,-0.2933696029723762,9072,41
bird5,0,9,0.001,-1.132367554593015,1,1
bird5,0,9,0.01,-1.1323677628934792,1,1
bird5,0,9,0.1,-1.132369851930878,1,1
bird5,1,9,0.001,-0.35609534241466645,7,7
bird5,1,9,0.01,-0.35364253489184855,7,7
bird5,1,9,0.1,-0.3513674318328963,7,7
bird5,2,9,0.001,-0.32510912077869125,42,18
bird5,2,9,0.01,-0.319723450089207,42,18
bird5,2,9,0.1,-0.3155255417478835,42,18
bird5,3,9,0.001,-0.4345538844807259,252,31
bird5,3,9,0.01,-0.4002067120182716,252,31
bird5,3,9,0.1,-0.37064044630884846,252,31
bird5,4,9,0.001,-0.4372735335321812,1512,42
bird5,4,9,0.01,-0.4027576245079311,1512,42
bird5,4,9,0.1,-0.373699697076907,1512,42
bird5,5,9,0.001,-0.5756826634780065,9072,47
bird5,5,9,0.01,-0.5359503163658049,9072,47
bird5,5,9,0.1,-0.5022537701454094,9072,47
bird5,0,10,0.001,-1.135826989117633,1,1
bird5,0,10,0.01,-1.1358271266894822,1,1
bird5,0,10,0.1,-1.1358285086252171,1,1
bird5,1,10,0.001,-0.3531945100130017,7,7
bird5,1,10,0.01,-0.35321951927866313,7,7
bird5,1,10,0.1,-0.3534693640856755,7,7
bird5,2,10,0.001,-0.2959458216659202,42,12
bird5,2,10,0.01,-0.2959922380625782,42,12
bird5,2,10,0.1,-0.2964586953683797,42,12
bird5,3,10,0.001,-0.29676566702263174,252,19
bird5,3,10,0.01,-0.2968991705691609,252,19
bird5,3,10,0.1,-0.2981728864206141,252,19
bird5,4,10,0.001,-0.29414431428996374,1512,30
bird5,4,10,0.01,-0.29191364412554416,1512,30
bird5,4,10,0.1,-0.2924972827510077,1512,30
bird5,5,10,0.001,-0.2814797351858108,9072,38
bird5,5,10,0.01,-0.2791452272971873,9072,38
bird5,5,10,0.1,-0.2809691051257224,9072,38
bird5,0,11,0.001,-1.1585435531525385,1,1
bird5,0,11,0.01,-1.1585431945403628,1,1
bird5,0,11,0.1,-1.1585396165768616,1,1
bird5,1,11,0.001,-0.36146596976043804,7,7
bird5,1,11,0.01,-0.3582224386884285,7,7
bird5,1,11,0.1,-0.3552033793021471,7,7
bird5,2,11,0.001,-0.29760179427987765,42,16
bird5,2,11,0.01,-0.29413608906897315,42,16
bird5,2,11,0.1,-0.29109536441944756,42,16
bird5,3,11,0.001,-0.31294436290908995,252,25
bird5,3,11,0.01,-0.30965132303426923,252,25
bird5,3,11,0.1,-0.3072968093333612,252,25
bird5,4,11,0.001,-0.29425641501606575,1512,32
bird5,4,11,0.01,-0.29318853950314,1512,32
bird5,4,11,0.1,-0.2935907813148509,1512,32
bird5,5,11,0.001,-0.30092030794247226,9072,37
bird5,5,11,0.01,-0.2972482644323848,9072,37
bird5,5,11,0.1,-0.29753209766577254,9072,37
bird5,0,12,0.001,-1.1726581805713503,1,1
bird5,0,12,0.01,-1.172657636927158,1,1
bird5,0,12,0.1,-1.1726522101525758,1,1
bird5,1,12,0.001,-0.36255461791898247,7,7
bird5,1,12,0.01,-0.36257835754740364,7,7
bird5,1,12,0.1,-0.362818209063273,7,7
bird5,2,12,0.001,-0.30899350177581975,42,15
bird5,2,12,0.01,-0.30745210569178244,42,15
bird5,2,12,0.1,-0.3067716811639611,42,15
bird5,3,12,0.001,-0.3223383861199217,252,23
bird5,3,12,0.01,-0.31763999705789675,252,23
bird5,3,12,0.1,-0.31462435468439204,252,23
bird5,4,12,0.001,-0.3118524726174461,1512,33
bird5,4,12,0.01,-0.3071339545696178,1512,33
bird5,4,12,0.1,-0.30642821927938996,1512,33
bird5,5,12,0.001,-0.34286997014630366,9072,41
bird5,5,12,0.01,-0.33993870044558,9072,41
bird5,5,12,0.1,-0.3404785461363872,9072,41
bird5,0,13,0.001,-1.1410324800206593,1,1
bird5,0,13,0.01,-1.1410322678494371,1,1
bird5,0,13,0.1,-1.141030154270119,1,1
bird5,1,13,0.001,-0.3604041240585347,7,7
bird5,1,13,0.01,-0.3588309201762109,7,7
bird5,1,13,0.1,-0.3574853440335969,7,7
bird5,2,13,0.001,-0.30204996303486326,42,16
bird5,2,13,0.01,-0.30122318291245515,42,16
bird5,2,13,0.1,-0.30108056964282043,42,16
bird5,3,13,0.001,-0.3061509661684634,252,22
bird5,3,13,0.01,-0.30410336739450505,252,22
bird5,3,13,0.1,-0.303633031853394,252,22
bird5,4,13,0.001,-0.30695199229813724,1512,28
bird5,4,13,0.01,-0.2987219621746528,1512,28
bird5,4,13,0.1,-0.2934378018106919,1512,28
bird5,5,13,0.001,-0.3385541105882242,9072,33
bird5,5,13,0.01,-0.33055032785941796,9072,33
bird5,5,13,0.1,-0.32576722203839276,9072,33
bird5,0,14,0.001,-1.108271469800372,1,1
bird5,0,14,0.01,-1.1082719777065366,1,1
bird5,0,14,0.1,-1.108277061575477,1,1
bird5,1,14,0.001,-0.3428249652236931,7,7
bird5,1,14,0.01,-0.34284000160889255,7,7
bird5,1,14,0.1,-0.34299217396836434,7,7
bird5,2,14,0.001,-0.29635447201721826,42,13
bird5,2,14,0.01,-0.29449282031582386,42,13
bird5,2,14,0.1,-0.2939644888645003,42,13
bird5,3,14,0.001,-0.3745692736510921,252,20
bird5,3,14,0.01,-0.34402893412148805,252,20
bird5,3,14,0.1,-0.31971560553206774,252,20
bird5,4,14,0.001,-0.37505715015249036,1512,29
bird5,4,14,0.01,-0.3414233156208732,1512,29
bird5,4,14,0.1,-0.31571488582564505,1512,29
bird5,5,14,0.001,-0.40368759274636257,9072,33
bird5,5,14,0.01,-0.3628237567691896,9072,33
bird5,5,14,0.1,-0.33170293491667824,9072,33
bird5,0,15,0.001,-1.114749335911018,1,1
bird5,0,15,0.01,-1.1147498503698046,1,1
bird5,0,15,0.1,-1.114754999999981,1,1
bird5,1,15,0.001,-0.32552375558201724,7,7
bird5,1,15,0.01,-0.3255411577714133,7,7
bird5,1,15,0.1,-0.3257171400232613,7,7
bird5,2,15,0.001,-0.2788888044820106,42,14
bird5,2,15,0.01,-0.2761184533259602,42,14
bird5,2,15,0.1,-0.27421141618134287,42,14
bird5,3,15,0.001,-0.2845119393823873,252,20
bird5,3,15,0.01,-0.2822241002880999,252,20
bird5,3,15,0.1,-0.281113685247644,252,20
bird5,4,15,0.001,-0.27398204297627843,1512,27
bird5,4,15,0.01,-0.270344965760957,1512,27
bird5,4,15,0.1,-0.2702342897940014,1512,27
bird5,5,15,0.001,-0.2671203405412661,9072,33
bird5,5,15,0.01,-0.264550216159392,9072,33
bird5,5,15,0.1,-0.26658337309777286,9072,33
bird5,0,16,0.001,-1.1379323514232687,1,1
bird5,0,16,0.01,-1.1379323822960117,1,1
bird5,0,16,0.1,-1.1379326975234019,1,1
bird5,1,16,0.001,-0.35774191431510016,7,7
bird5,1,16,0.01,-0.3568788564288105,7,7
bird5,1,16,0.1,-0.35617853058097976,7,7
bird5,2,16,0.001,-0.31194741446003843,42,16
bird5,2,16,0.01,-0.31014276385760814,42,16
bird5,2,16,0.1,-0.30989204020294464,42,16
bird5,3,16,0.001,-0.41657023749976996,252,27
bird5,3,16,0.01,-0.3848246009005412,252,27
bird5,3,16,0.1,-0.3601417139191043,252,27
bird5,4,16,0.001,-0.4277736025588436,1512,38
bird5,4,16,0.01,-0.390933268737381,1512,38
bird5,4,16,0.1,-0.36404668613355257,1512,38
bird5,5,16,0.001,-0.5024957314617268,9072,45
bird5,5,16,0.01,-0.46003591823194173,9072,45
bird5,5,16,0.1,-0.42931566927629444,9072,45
bird5,0,17,0.001,-1.1373757341720272,1,1
bird5,0,17,0.01,-1.1373758339390516,1,1
bird5,0,17,0.1,-1.1373768376450013,1,1
bird5,1,17,0.001,-0.3446875737248097,7,7
bird5,1,17,0.01,-0.3417299063615463,7,7
bird5,1,17,0.1,-0.3389412345857449,7,7
bird5,2,17,0.001,-0.2937803525841283,42,18
bird5,2,17,0.01,-0.29042389080201175,42,18
bird5,2,17,0.1,-0.2877666020470441,42,18
bird5,3,17,0.001,-0.2963623764250751,252,26
bird5,3,17,0.01,-0.29194147355275746,252,26
bird5,3,17,0.1,-0.2888966346794623,252,26
bird5,4,17,0.001,-0.2795974062267271,1512,35
bird5,4,17,0.01,-0.27497255390655706,1512,35
bird5,4,17,0.1,-0.27457324827430435,1512,35
bird5,5,17,0.001,-0.32555403697591223,9072,39
bird5,5,17,0.01,-0.32204840659997913,9072,39
bird5,5,17,0.1,-0.3232270764092069,9072,39
bird5,0,18,0.001,-1.147409454523749,1,1
bird5,0,18,0.01,-1.1474096127174456,1,1
bird5,0,18,0.1,-1.1474112005837864,1,1
bird5,1,18,0.001,-0.34952746215262,7,7
bird5,1,18,0.01,-0.3495500309911071,7,7
bird5,1,18,0.1,-0.34977602480099085,7,7
bird5,2,18,0.001,-0.30925258407156225,42,14
bird5,2,18,0.01,-0.3057326234631019,42,14
bird5,2,18,0.1,-0.30326269879321743,42,14
bird5,3,18,0.001,-0.40314596625787363,252,22
bird5,3,18,0.01,-0.3707340471768199,252,22
bird5,3,18,0.1,-0.34233637326363653,252,22
bird5,4,18,0.001,-0.43213893392631475,1512,32
bird5,4,18,0.01,-0.39841992089096007,1512,32
bird5,4,18,0.1,-0.3695582085543477,1512,32
bird5,5,18,0.001,-0.4931664267416906,9072,41
bird5,5,18,0.01,-0.45255509906640856,9072,41
bird5,5,18,0.1,-0.4181959432439461,9072,41
bird5,0,19,0.001,-1.1041316015689469,1,1
bird5,0,19,0.01,-1.1041321622764655,1,1
bird5,0,19,0.1,-1.104137774293532,1,1
bird5,1,19,0.001,-0.3458441931343379,7,7
bird5,1,19,0.01,-0.34417584651533284,7,7
bird5,1,19,0.1,-0.34269146263627887,7,7
bird5,2,19,0.001,-0.2974530161283489,42,15
bird5,2,19,0.01,-0.296535244606906,42,15
bird5,2,19,0.1,-0.29601725705659954,42,15
bird5,3,19,0.001,-0.30475803223774534,252,23
bird5,3,19,0.01,-0.3024323300462176,252,23
bird5,3,19,0.1,-0.3013827159206118,252,23
bird5,4,19,0.001,-0.3048460125041774,1512,34
bird5,4,19,0.01,-0.3023587692295644,1512,34
bird5,4,19,0.1,-0.30233640772272,1512,34
bird5,5,19,0.001,-0.2987911254897141,9072,41
bird5,5,19,0.01,-0.29456072568844893,9072,41
bird5,5,19,0.1,-0.29422712114557004,9072,41
bird5,0,20,0.001,-1.1645574456907748,1,1
bird5,0,20,0.01,-1.1645572575992398,1,1
bird5,0,20,0.1,-1.1645553837057054,1,1
bird5,1,20,0.001,-0.3517078474606952,7,7
bird5,1,20,0.01,-0.35173127058100734,7,7
bird5,1,20,0.1,-0.3519660253187908,7,7
bird5,2,20,0.001,-0.28803774954657174,42,14
bird5,2,20,0.01,-0.2880880889959314,42,14
bird5,2,20,0.1,-0.28859822070460195,42,14
bird5,3,20,0.001,-0.3008964335302965,252,24
bird5,3,20,0.01,-0.29461933731344453,252,24
bird5,3,20,0.1,-0.29013504524950984,252,24
bird5,4,20,0.001,-0.32505291673126074,1512,35
bird5,4,20,0.01,-0.3152409846451743,1512,35
bird5,4,20,0.1,-0.3093814793067018,1512,35
bird5,5,20,0.001,-0.3571616103450147,9072,44
bird5,5,20,0.01,-0.3474338551815438,9072,44
bird5,5,20,0.1,-0.3425345948396841,9072,44
bird5,0,21,0.001,-1.1580606209618698,1,1
bird5,0,21,0.01,-1.1580605933802368,1,1
bird5,0,21,0.1,-1.1580603238008569,1,1
bird5,1,21,0.001,-0.34805606323965066,7,7
bird5,1,21,0.01,-0.34716110106692455,7,7
bird5,1,21,0.1,-0.34649400720267176,7,7
bird5,2,21,0.001,-0.2955521650817572,42,14
bird5,2,21,0.01,-0.2945325344963693,42,14
bird5,2,21,0.1,-0.29403214581580406,42,14
bird5,3,21,0.001,-0.29307431802711315,252,19
bird5,3,21,0.01,-0.29043949201861924,252,19
bird5,3,21,0.1,-0.28872317978658163,252,19
bird5,4,21,0.001,-0.2794251322618071,1512,25
bird5,4,21,0.01,-0.27960952374572184,1512,25
bird5,4,21,0.1,-0.28140759632380064,1512,25
bird5,5,21,0.001,-0.24580064832381388,9072,29
bird5,5,21,0.01,-0.24613847815334863,9072,29
bird5,5,21,0.1,-0.24922595068914136,9072,29
bird5,0,22,0.001,-1.1485386523213916,1,1
bird5,0,22,0.01,-1.148538623679901,1,1
bird5,0,22,0.1,-1.148538344041905,1,1
bird5,1,22,0.001,-0.3587782191372517,7,7
bird5,1,22,0.01,-0.3571351935143416,7,7
bird5,1,22,0.1,-0.35570661708880696,7,7
bird5,2,22,0.001,-0.29908552053904075,42,15
bird5,2,22,0.01,-0.29641773614032174,42,15
bird5,2,22,0.1,-0.2944947502744654,42,15
bird5,3,22,0.001,-0.32517132298516493,252,24
bird5,3,22,0.01,-0.3217839337378479,252,24
bird5,3,22,0.1,-0.31984072914455564,252,24
bird5,4,22,0.001,-0.3192405560779342,1512,34
bird5,4,22,0.01,-0.3141767252527123,1512,34
bird5,4,22,0.1,-0.3111916912959897,1512,34
bird5,5,22,0.001,-0.3622849261826696,9072,42
bird5,5,22,0.01,-0.35361285996541086,9072,42
bird5,5,22,0.1,-0.3488458843297107,9072,42
bird5,0,23,0.001,-1.1976238464928017,1,1
bird5,0,23,0.01,-1.1976233212443772,1,1
bird5,0,23,0.1,-1.1976180766298712,1,1
bird5,1,23,0.001,-0.3545210326192913,7,7
bird5,1,23,0.01,-0.3545445195374605,7,7
bird5,1,23,0.1,-0.3547802032700147,7,7
bird5,2,23,0.001,-0.2989622337014991,42,13
bird5,2,23,0.01,-0.2989955749621117,42,13
bird5,2,23,0.1,-0.29934059142813546,42,13
bird5,3,23,0.001,-0.3058061630326039,252,22
bird5,3,23,0.01,-0.29824829549735077,252,22
bird5,3,23,0.1,-0.2923503822879128,252,22
bird5,4,23,0.001,-0.31040818399792375,1512,31
bird5,4,23,0.01,-0.3049393853237496,1512,31
bird5,4,23,0.1,-0.3013527249580972,1512,31
bird5,5,23,0.001,-0.36013807225574745,9072,37
bird5,5,23,0.01,-0.3507964123495077,9072,37
bird5,5,23,0.1,-0.3438744207966257,9072,37
bird5,0,24,0.001,-1.17442010615631,1,1
bird5,0,24,0.01,-1.1744197867235653,1,1
bird5,0,24,0.1,-1.1744165998868665,1,1
bird5,1,24,0.001,-0.36158724661842323,7,7
bird5,1,24,0.01,-0.36072346077497236,7,7
bird5,1,24,0.1,-0.36009314537605847,7,7
bird5,2,24,0.001,-0.29870015377007064,42,14
bird5,2,24,0.01,-0.29777830823722967,42,14
bird5,2,24,0.1,-0.29742249330093173,42,14
bird5,3,24,0.001,-0.2886574841741437,252,21
bird5,3,24,0.01,-0.28755884691703554,252,21
bird5,3,24,0.1,-0.28778611200536686,252,21
bird5,4,24,0.001,-0.27092065172561386,1512,28
bird5,4,24,0.01,-0.271205824529193,1512,28
bird5,4,24,0.1,-0.273929503323257,1512,28
bird5,5,24,0.001,-0.26538982277612877,9072,32
bird5,5,24,0.01,-0.2657377360235633,9072,32
bird5,5,24,0.1,-0.26901906745000354,9072,32
bird5,0,25,0.001,-1.1303099036559778,1,1
bird5,0,25,0.01,-1.1303101511638036,1,1
bird5,0,25,0.1,-1.1303126322183061,1,1
bird5,1,25,0.001,-0.35824679288051325,7,7
bird5,1,25,0.01,-0.35580572062454907,7,7
bird5,1,25,0.1,-0.35356796344063657,7,7
bird5,2,25,0.001,-0.2951332659294666,42,16
bird5,2,25,0.01,-0.29428991024606976,42,16
bird5,2,25,0.1,-0.2940408350271261,42,16
bird5,3,25,0.001,-0.3080161589073536,252,24
bird5,3,25,0.01,-0.307006623000723,252,24
bird5,3,25,0.1,-0.3074477657403045,252,24
bird5,4,25,0.001,-0.29986726284681153,1512,33
bird5,4,25,0.01,-0.2989203566940043,1512,33
bird5,4,25,0.1,-0.3012988130814734,1512,33
bird5,5,25,0.001,-0.3036246748034048,9072,39
bird5,5,25,0.01,-0.2999463314183145,9072,39
bird5,5,25,0.1,-0.30200729594580583,9072,39
bird5,0,26,0.001,-1.168484955121785,1,1
bird5,0,26,0.01,-1.1684847568748062,1,1
bird5,0,26,0.1,-1.1684827815654384,1,1
bird5,1,26,0.001,-0.35673605051048846,7,7
bird5,1,26,0.01,-0.35595640223354347,7,7
bird5,1,26,0.1,-0.3553821582904753,7,7
bird5,2,26,0.001,-0.3149098608297448,42,16
bird5,2,26,0.01,-0.3123863460934304,42,16
bird5,2,26,0.1,-0.31131441611722943,42,16
bird5,3,26,0.001,-0.39928362878237617,252,27
bird5,3,26,0.01,-0.37071483903468294,252,27
bird5,3,26,0.1,-0.34782410248197865,252,27
bird5,4,26,0.001,-0.420037169638389,1512,36
bird5,4,26,0.01,-0.39117065670260054,1512,36
bird5,4,26,0.1,-0.3675686513443286,1512,36
bird5,5,26,0.001,-0.4328382329084869,9072,40
bird5,5,26,0.01,-0.3986101275143403,9072,40
bird5,5,26,0.1,-0.37105221681826556,9072,40
bird5,0,27,0.001,-1.120361301411582,1,1
bird5,0,27,0.01,-1.120361508839759,1,1
bird5,0,27,0.1,-1.1203635894364428,1,1
bird5,1,27,0.001,-0.3432554314685445,7,7
bird5,1,27,0.01,-0.3415533893768519,7,7
bird5,1,27,0.1,-0.34006757537350496,7,7
bird5,2,27,0.001,-0.29533311644541194,42,15
bird5,2,27,0.01,-0.2934319954147337,42,15
bird5,2,27,0.1,-0.2919469262250263,42,15
bird5,3,27,0.001,-0.2923102860053404,252,23
bird5,3,27,0.01,-0.28998473042561523,252,23
bird5,3,27,0.1,-0.2887227863209686,252,23
bird5,4,27,0.001,-0.2834311588641953,1512,32
bird5,4,27,0.01,-0.2823630488218251,1512,32
bird5,4,27,0.1,-0.2835595353556967,1512,32
bird5,5,27,0.001,-0.32201987514506336,9072,40
bird5,5,27,0.01,-0.31956269502620055,9072,40
bird5,5,27,0.1,-0.32157042714783973,9072,40
bird5,0,28,0.001,-1.1890122945919557,1,1
bird5,0,28,0.01,-1.1890116653837224,1,1
bird5,0,28,0.1,-1.1890053819199002,1,1
bird5,1,28,0.001,-0.3740714370961737,7,7
bird5,1,28,0.01,-0.37148848399769585,7,7
bird5,1,28,0.1,-0.36910387330882866,7,7
bird5,2,28,0.001,-0.32609522157095067,42,16
bird5,2,28,0.01,-0.3231700838262769,42,16
bird5,2,28,0.1,-0.32079911790246685,42,16
bird5,3,28,0.001,-0.3321120389401675,252,26
bird5,3,28,0.01,-0.3298163119567669,252,26
bird5,3,28,0.1,-0.32882268210840515,252,26
bird5,4,28,0.001,-0.31541930866852586,1512,36
bird5,4,28,0.01,-0.31172037879631265,1512,36
bird5,4,28,0.1,-0.31063713020185163,1512,36
bird5,5,28,0.001,-0.31444069823098525,9072,42
bird5,5,28,0.01,-0.309966146953387,9072,42
bird5,5,28,0.1,-0.30919899083010594,9072,42
bird5,0,29,0.001,-1.16091491517974,1,1
bird5,0,29,0.01,-1.1609146094442826,1,1
bird5,0,29,0.1,-1.1609115596572832,1,1
bird5,1,29,0.001,-0.36815078309165616,7,7
bird5,1,29,0.01,-0.3645503232791231,7,7
bird5,1,29,0.1,-0.36118090263207264,7,7
bird5,2,29,0.001,-0.30416291930653633,42,17
bird5,2,29,0.01,-0.3012293255950625,42,17
bird5,2,29,0.1,-0.2987494542142147,42,17
bird5,3,29,0.001,-0.32111966902079225,252,26
bird5,3,29,0.01,-0.31735788455111824,252,26
bird5,3,29,0.1,-0.3145513735339535,252,26
bird5,4,29,0.001,-0.3397323758387158,1512,34
bird5,4,29,0.01,-0.3328573920446769,1512,34
bird5,4,29,0.1,-0.328168288918948,1512,34
bird5,5,29,0.001,-0.3930210167292787,9072,39
bird5,5,29,0.01,-0.38366355445077094,9072,39
bird5,5,29,0.1,-0.3771743663928085,9072,39
bird5,0,30,0.001,-1.1569691089713643,1,1
bird5,0,30,0.01,-1.1569691555911412,1,1
bird5,0,30,0.1,-1.1569696283309736,1,1
bird5,1,30,0.001,-0.3714440200599739,7,7
bird5,1,30,0.01,-0.3698991350192476,7,7
bird5,1,30,0.1,-0.36855376477308655,7,7
bird5,2,30,0.001,-0.31140065149082485,42,16
bird5,2,30,0.01,-0.3088872169308902,42,16
bird5,2,30,0.1,-0.30717442286247104,42,16
bird5,3,30,0.001,-0.32039860410741383,252,24
bird5,3,30,0.01,-0.3204990734296138,252,24
bird5,3,30,0.1,-0.3214831522974323,252,24
bird5,4,30,0.001,-0.2936167045076349,1512,34
bird5,4,30,0.01,-0.2927680725035342,1512,34
bird5,4,30,0.1,-0.29468339556556516,1512,34
bird5,5,30,0.001,-0.2997568236589645,9072,42
bird5,5,30,0.01,-0.2975524026475739,9072,42
bird5,5,30,0.1,-0.29971432233987405,9072,42
bird5,0,31,0.001,-1.1788822309325757,1,1
bird5,0,31,0.01,-1.1788817639741784,1,1
bird5,0,31,0.1,-1.1788771026317673,1,1
bird5,1,31,0.001,-0.36196076674573574,7,7
bird5,1,31,0.01,-0.3619823201562084,7,7
bird5,1,31,0.1,-0.36219974862158044,7,7
bird5,2,31,0.001,-0.2935689243841355,42,15
bird5,2,31,0.01,-0.2936529541129366,42,15
bird5,2,31,0.1,-0.29446770894779617,42,15
bird5,3,31,0.001,-0.29718020639338916,252,24
bird5,3,31,0.01,-0.29626793866424117,252,24
bird5,3,31,0.1,-0.2970913992411908,252,24
bird5,4,31,0.001,-0.3046524842191662,1512,33
bird5,4,31,0.01,-0.30035401265247064,1512,33
bird5,4,31,0.1,-0.3002956384558139,1512,33
bird5,5,31,0.001,-0.3057426508964086,9072,41
bird5,5,31,0.01,-0.30246004966263657,9072,41
bird5,5,31,0.1,-0.3043915382138471,9072,41
bird5,0,32,0.001,-1.1463391921128392,1,1
bird5,0,32,0.01,-1.1463390408634648,1,1
bird5,0,32,0.1,-1.1463375358857495,1,1
bird5,1,32,0.001,-0.3773343926564795,7,7
bird5,1,32,0.01,-0.3747680418790597,7,7
bird5,1,32,0.1,-0.37229189646271343,7,7
bird5,2,32,0.001,-0.32770776112421546,42,20
bird5,2,32,0.01,-0.3220429091914739,42,20
bird5,2,32,0.1,-0.31745659247204444,42,20
bird5,3,32,0.001,-0.4068344085428141,252,34
bird5,3,32,0.01,-0.3951186829939041,252,34
bird5,3,32,0.1,-0.38595713992635927,252,34
bird5,4,32,0.001,-0.40856753956379405,1512,49
bird5,4,32,0.01,-0.3968454571902263,1512,49
bird5,4,32,0.1,-0.3887296925099339,1512,49
bird5,5,32,0.001,-0.49471897614474153,9072,58
bird5,5,32,0.01,-0.47964154286504634,9072,58
bird5,5,32,0.1,-0.46915050466603275,9072,58
bird5,0,33,0.001,-1.1073703926448066,1,1
bird5,0,33,0.01,-1.1073708630995516,1,1
bird5,0,33,0.1,-1.107375573098847,1,1
bird5,1,33,0.001,-0.3484151911320047,7,7
bird5,1,33,0.01,-0.3468379258795273,7,7
bird5,1,33,0.1,-0.3454282653867905,7,7
bird5,2,33,0.001,-0.3034849056213825,42,17
bird5,2,33,0.01,-0.3017200368680739,42,17
bird5,2,33,0.1,-0.3004594203575266,42,17
bird5,3,33,0.001,-0.30145512329204277,252,26
bird5,3,33,0.01,-0.29814308341599405,252,26
bird5,3,33,0.1,-0.29632607250559484,252,26
bird5,4,33,0.001,-0.2957834878945604,1512,35
bird5,4,33,0.01,-0.29220662936165265,1512,35
bird5,4,33,0.1,-0.29168177158084346,1512,35
bird5,5,33,0.001,-0.3375669312008445,9072,42
bird5,5,33,0.01,-0.3335197990249166,9072,42
bird5,5,33,0.1,-0.33354312704125866,9072,42
bird5,0,34,0.001,-1.0587485630616553,1,1
bird5,0,34,0.01,-1.0587494789771388,1,1
bird5,0,34,0.1,-1.0587586423705608,1,1
bird5,1,34,0.001,-0.3132089865328776,7,7
bird5,1,34,0.01,-0.31237326124454917,7,7
bird5,1,34,0.1,-0.31170880628729564,7,7
bird5,2,34,0.001,-0.2590782034415301,42,15
bird5,2,34,0.01,-0.2591358393288846,42,15
bird5,2,34,0.1,-0.2597107331156861,42,15
bird5,3,34,0.001,-0.26104250251305733,252,22
bird5,3,34,0.01,-0.2585530191442685,252,22
bird5,3,34,0.1,-0.2575127410294334,252,22
bird5,4,34,0.001,-0.2556898032197757,1512,29
bird5,4,34,0.01,-0.2544341438545238,1512,29
bird5,4,34,0.1,-0.2553421915670046,1512,29
bird5,5,34,0.001,-0.27985198266782296,9072,33
bird5,5,34,0.01,-0.27854162176944364,9072,33
bird5,5,34,0.1,-0.2802320209159576,9072,33
bird5,0,35,0.001,-1.1240803774732278,1,1
bird5,0,35,0.01,-1.124080803593023,1,1
bird5,0,35,0.1,-1.12408507003622,1,1
bird5,1,35,0.001,-0.3634191915681764,7,7
bird5,1,35,0.01,-0.3626563591417681,7,7
bird5,1,35,0.1,-0.3620408982201432,7,7
bird5,2,35,0.001,-0.31634686853730903,42,16
bird5,2,35,0.01,-0.31301612567046133,42,16
bird5,2,35,0.1,-0.31136818878361483,42,16
bird5,3,35,0.001,-0.40681405064947823,252,25
bird5,3,35,0.01,-0.37895981333031176,252,25
bird5,3,35,0.1,-0.3571755765842003,252,25
bird5,4,35,0.001,-0.40930541217543565,1512,33
bird5,4,35,0.01,-0.3777423896263272,1512,33
bird5,4,35,0.1,-0.3552642586340292,1512,33
bird5,5,35,0.001,-0.4378589925405382,9072,41
bird5,5,35,0.01,-0.40141285527701615,9072,41
bird5,5,35,0.1,-0.37654566528025996,9072,41
bird5,0,36,0.001,-1.1378217910592119,1,1
bird5,0,36,0.01,-1.137821959796462,1,1
bird5,0,36,0.1,-1.1378236533370172,1,1
bird5,1,36,0.001,-0.36762466592897053,7,7
bird5,1,36,0.01,-0.3652780088677794,7,7
bird5,1,36,0.1,-0.36309792931627155,7,7
bird5,2,36,0.001,-0.31801288283859386,42,17
bird5,2,36,0.01,-0.314609969403928,42,17
bird5,2,36,0.1,-0.31174658599478294,42,17
bird5,3,36,0.001,-0.3568099861733,252,29
bird5,3,36,0.01,-0.3459201034450863,252,29
bird5,3,36,0.1,-0.3370607436921687,252,29
bird5,4,36,0.001,-0.4040854636375825,1512,43
bird5,4,36,0.01,-0.3922674171063636,1512,43
bird5,4,36,0.1,-0.3831170552206511,1512,43
bird5,5,36,0.001,-0.47163295655801957,9072,57
bird5,5,36,0.01,-0.4571317891719986,9072,57
bird5,5,36,0.1,-0.44697702268701595,9072,57
bird5,0,37,0.001,-1.1802230865983148,1,1
bird5,0,37,0.01,-1.180222579512948,1,1
bird5,0,37,0.1,-1.1802175173874383,1,1
bird5,1,37,0.001,-0.36831085093277727,7,7
bird5,1,37,0.01,-0.3657667378765534,7,7
bird5,1,37,0.1,-0.3633733519159774,7,7
bird5,2,37,0.001,-0.3200027848721824,42,19
bird5,2,37,0.01,-0.31350955731098873,42,19
bird5,2,37,0.1,-0.30802800694591365,42,19
bird5,3,37,0.001,-0.36911919568451496,252,31
bird5,3,37,0.01,-0.3612488030696164,252,31
bird5,3,37,0.1,-0.35500021117286784,252,31
bird5,4,37,0.001,-0.3667033674909835,1512,42
bird5,4,37,0.01,-0.35933419155570623,1512,42
bird5,4,37,0.1,-0.35421527964197774,1512,42
bird5,5,37,0.001,-0.4165479197854755,9072,48
bird5,5,37,0.01,-0.4096839371969589,9072,48
bird5,5,37,0.1,-0.4053005884276072,9072,48
bird5,0,38,0.001,-1.1676516167845656,1,1
bird5,0,38,0.01,-1.1676515978012312,1,1
bird5,0,38,0.1,-1.1676514144310206,1,1
bird5,1,38,0.001,-0.36432063854770624,7,7
bird5,1,38,0.01,-0.36360749944713927,7,7
bird5,1,38,0.1,-0.36311414766756106,7,7
bird5,2,38,0.001,-0.3088427820970795,42,15
bird5,2,38,0.01,-0.30648406864429123,42,15
bird5,2,38,0.1,-0.30463381507270026,42,15
bird5,3,38,0.001,-0.31344063774063396,252,24
bird5,3,38,0.01,-0.31150414468040827,252,24
bird5,3,38,0.1,-0.31044298831926376,252,24
bird5,4,38,0.001,-0.32063547606469317,1512,32
bird5,4,38,0.01,-0.31861701264926795,1512,32
bird5,4,38,0.1,-0.3185366232161997,1512,32
bird5,5,38,0.001,-0.3369051281762992,9072,39
bird5,5,38,0.01,-0.3346872949214829,9072,39
bird5,5,38,0.1,-0.33541057342962577,9072,39
bird5,0,39,0.001,-1.12566655347585,1,1
bird5,0,39,0.01,-1.1256668055035641,1,1
bird5,0,39,0.1,-1.1256693320124829,1,1
bird5,1,39,0.001,-0.3427903114393405,7,7
bird5,1,39,0.01,-0.3412395886698727,7,7
bird5,1,39,0.1,-0.33989753624423685,7,7
bird5,2,39,0.001,-0.28354461315774004,42,16
bird5,2,39,0.01,-0.28359572088226326,42,16
bird5,2,39,0.1,-0.28411059169377084,42,16
bird5,3,39,0.001,-0.3032217589644009,252,25
bird5,3,39,0.01,-0.29885222012637774,252,25
bird5,3,39,0.1,-0.29609702487803835,252,25
bird5,4,39,0.001,-0.3048431995663893,1512,35
bird5,4,39,0.01,-0.2963909203551311,1512,35
bird5,4,39,0.1,-0.29102287218455725,1512,35
bird5,5,39,0.001,-0.37052125765801047,9072,45
bird5,5,39,0.01,-0.36417662447536636,9072,45
bird5,5,39,0.1,-0.36178457837123684,9072,45
bird5,0,40,0.001,-1.1532405180048004,1,1
bird5,0,40,0.01,-1.153240663809566,1,1
bird5,0,40,0.1,-1.1532421273679467,1,1
bird5,1,40,0.001,-0.347944555532627,7,7
bird5,1,40,0.01,-0.34796253939167937,7,7
bird5,1,40,0.1,-0.34814450771226846,7,7
bird5,2,40,0.001,-0.2990945783810063,42,15
bird5,2,40,0.01,-0.2980681601616703,42,15
bird5,2,40,0.1,-0.2979007471399151,42,15
bird5,3,40,0.001,-0.3219562988644315,252,25
bird5,3,40,0.01,-0.3128386575349421,252,25
bird5,3,40,0.1,-0.30832867134782665,252,25
bird5,4,40,0.001,-0.3496130028799521,1512,33
bird5,4,40,0.01,-0.34084995604987567,1512,33
bird5,4,40,0.1,-0.3375533040523642,1512,33
bird5,5,40,0.001,-0.4377294719348032,9072,37
bird5,5,40,0.01,-0.43119740638211734,9072,37
bird5,5,40,0.1,-0.4281718756116484,9072,37
bird5,0,41,0.001,-1.1822952958912933,1,1
bird5,0,41,0.01,-1.1822948531130015,1,1
bird5,0,41,0.1,-1.1822904335570439,1,1
bird5,1,41,0.001,-0.36208748777405114,7,7
bird5,1,41,0.01,-0.3595037358032002,7,7
bird5,1,41,0.1,-0.3571620355481255,7,7
bird5,2,41,0.001,-0.2890596447187927,42,15
bird5,2,41,0.01,-0.2872145644586155,42,15
bird5,2,41,0.1,-0.2861081359955698,42,15
bird5,3,41,0.001,-0.3175477827297795,252,24
bird5,3,41,0.01,-0.3143623571933346,252,24
bird5,3,41,0.1,-0.3138347247147035,252,24
bird5,4,41,0.001,-0.3399327969818265,1512,32
bird5,4,41,0.01,-0.33492981878996975,1512,32
bird5,4,41,0.1,-0.33188316961752223,1512,32
bird5,5,41,0.001,-0.3590142710752391,9072,38
bird5,5,41,0.01,-0.3523513815872769,9072,38
bird5,5,41,0.1,-0.3488670342480694,9072,38
bird5,0,42,0.001,-1.1446321683627207,1,1
bird5,0,42,0.01,-1.1446322110154603,1,1
bird5,0,42,0.1,-1.1446326439795333,1,1
bird5,1,42,0.001,-0.35725995752461587,7,7
bird5,1,42,0.01,-0.3564317558230267,7,7
bird5,1,42,0.1,-0.35576616376927106,7,7
bird5,2,42,0.001,-0.30632800194978343,42,16
bird5,2,42,0.01,-0.3036238657197621,42,16
bird5,2,42,0.1,-0.3018433084140441,42,16
bird5,3,42,0.001,-0.3143991661166453,252,25
bird5,3,42,0.01,-0.312321166125606,252,25
bird5,3,42,0.1,-0.3117749067406957,252,25
bird5,4,42,0.001,-0.3165946517169722,1512,36
bird5,4,42,0.01,-0.313373124795585,1512,36
bird5,4,42,0.1,-0.3139203603468694,1512,36
bird5,5,42,0.001,-0.3741225758268283,9072,46
bird5,5,42,0.01,-0.3662593091585307,9072,46
bird5,5,42,0.1,-0.36384211027280655,9072,46
bird5,0,43,0.001,-1.1460423349835305,1,1
bird5,0,43,0.01,-1.1460424341449167,1,1
bird5,0,43,0.1,-1.1460434320884838,1,1
bird5,1,43,0.001,-0.36575845211695834,7,7
bird5,1,43,0.01,-0.3625113363590131,7,7
bird5,1,43,0.1,-0.35945654651694614,7,7
bird5,2,43,0.001,-0.3135180533205319,42,16
bird5,2,43,0.01,-0.31084005590714997,42,16
bird5,2,43,0.1,-0.3085769789442947,42,16
bird5,3,43,0.001,-0.3419775080188648,252,26
bird5,3,43,0.01,-0.3387502410884953,252,26
bird5,3,43,0.1,-0.33643341853988623,252,26
bird5,4,43,0.001,-0.3441191259514101,1512,36
bird5,4,43,0.01,-0.3383389599925032,1512,36
bird5,4,43,0.1,-0.334899782243779,1512,36
bird5,5,43,0.001,-0.3395171937212695,9072,43
bird5,5,43,0.01,-0.33214831013006485,9072,43
bird5,5,43,0.1,-0.3292351501574421,9072,43
bird5,0,44,0.001,-1.1452226544335098,1,1
bird5,0,44,0.01,-1.1452226178860323,1,1
bird5,0,44,0.1,-1.145222259007603,1,1
bird5,1,44,0.001,-0.36142439528285636,7,7
bird5,1,44,0.01,-0.3596867778177886,7,7
bird5,1,44,0.1,-0.35815539053576434,7,7
bird5,2,44,0.001,-0.290809017800213,42,15
bird5,2,44,0.01,-0.28990446374929674,42,15
bird5,2,44,0.1,-0.28956443561566053,42,15
bird5,3,44,0.001,-0.3108457518418156,252,22
bird5,3,44,0.01,-0.3097575151670805,252,22
bird5,3,44,0.1,-0.3098062927599379,252,22
bird5,4,44,0.001,-0.2925741979396407,1512,29
bird5,4,44,0.01,-0.2915020502729711,1512,29
bird5,4,44,0.1,-0.2925391558777407,1512,29
bird5,5,44,0.001,-0.298153482560635,9072,30
bird5,5,44,0.01,-0.29692163331119464,9072,30
bird5,5,44,0.1,-0.2983266314371906,9072,30
bird5,0,45,0.001,-1.1784270466686255,1,1
bird5,0,45,0.01,-1.178426685381364,1,1
bird5,0,45,0.1,-1.178423080682764,1,1
bird5,1,45,0.001,-0.3815137888225671,7,7
bird5,1,45,0.01,-0.3784861224066817,7,7
bird5,1,45,0.1,-0.37567638924069785,7,7
bird5,2,45,0.001,-0.32331486861411146,42,18
bird5,2,45,0.01,-0.3216893434911158,42,18
bird5,2,45,0.1,-0.3205705777745558,42,18
bird5,3,45,0.001,-0.3552109975414296,252,28
bird5,3,45,0.01,-0.3462108187852188,252,28
bird5,3,45,0.1,-0.33905270764420287,252,28
bird5,4,45,0.001,-0.35692500112680403,1512,42
bird5,4,45,0.01,-0.3441979345508559,1512,42
bird5,4,45,0.1,-0.3369188684037975,1512,42
bird5,5,45,0.001,-0.42888266054426527,9072,53
bird5,5,45,0.01,-0.4158446020692041,9072,53
bird5,5,45,0.1,-0.40835150753979205,9072,53
bird5,0,46,0.001,-1.113924119646174,1,1
bird5,0,46,0.01,-1.1139246499371187,1,1
bird5,0,46,0.1,-1.1139299574983181,1,1
bird5,1,46,0.001,-0.3338514911446062,7,7
bird5,1,46,0.01,-0.3330151185194682,7,7
bird5,1,46,0.1,-0.33235102830849744,7,7
bird5,2,46,0.001,-0.29966188640673697,42,15
bird5,2,46,0.01,-0.29785848345319854,42,15
bird5,2,46,0.1,-0.2971899195078291,42,15
bird5,3,46,0.001,-0.40561222621807874,252,24
bird5,3,46,0.01,-0.37566434168058715,252,24
bird5,3,46,0.1,-0.34993582283404084,252,24
bird5,4,46,0.001,-0.41854740487046976,1512,35
bird5,4,46,0.01,-0.38520625055256985,1512,35
bird5,4,46,0.1,-0.35784445841845897,1512,35
bird5,5,46,0.001,-0.43280638506549607,9072,41
bird5,5,46,0.01,-0.3953356976836789,9072,41
bird5,5,46,0.1,-0.36504911458155365,9072,41
bird5,0,47,0.001,-1.1243856491093505,1,1
bird5,0,47,0.01,-1.124385895140041,1,1
bird5,0,47,0.1,-1.1243883616535193,1,1
bird5,1,47,0.001,-0.37893968669980116,7,7
bird5,1,47,0.01,-0.3743358735806693,7,7
bird5,1,47,0.1,-0.36992605278728524,7,7
bird5,2,47,0.001,-0.3244641356016589,42,19
bird5,2,47,0.01,-0.3210133083330998,42,19
bird5,2,47,0.1,-0.3181695985721425,42,19
bird5,3,47,0.001,-0.35269097290875295,252,31
bird5,3,47,0.01,-0.3464020878221503,252,31
bird5,3,47,0.1,-0.3419355362329523,252,31
bird5,4,47,0.001,-0.31698714221688995,1512,43
bird5,4,47,0.01,-0.31369969223908195,1512,43
bird5,4,47,0.1,-0.31263053300676563,1512,43
bird5,5,47,0.001,-0.36572698057823333,9072,54
bird5,5,47,0.01,-0.3620810486755215,9072,54
bird5,5,47,0.1,-0.3627225633520211,9072,54
bird5,0,48,0.001,-1.154671320038265,1,1
bird5,0,48,0.01,-1.1546711946411599,1,1
bird5,0,48,0.1,-1.154669947341617,1,1
bird5,1,48,0.001,-0.3649709850098424,7,7
bird5,1,48,0.01,-0.3621893783464947,7,7
bird5,1,48,0.1,-0.35963537608467344,7,7
bird5,2,48,0.001,-0.3222682646340053,42,15
bird5,2,48,0.01,-0.3170243207139881,42,15
bird5,2,48,0.1,-0.31237844679295534,42,15
bird5,3,48,0.001,-0.4109667068666533,252,26
bird5,3,48,0.01,-0.40019549198258214,252,26
bird5,3,48,0.1,-0.3915193963030564,252,26
bird5,4,48,0.001,-0.43685377426271577,1512,34
bird5,4,48,0.01,-0.4306940544131909,1512,34
bird5,4,48,0.1,-0.4266831615021866,1512,34
bird5,5,48,0.001,-0.5182868895473643,9072,39
bird5,5,48,0.01,-0.5129265793198666,9072,39
bird5,5,48,0.1,-0.5106168331022529,9072,39
bird5,0,49,0.001,-1.1758318773302456,1,1
bird5,0,49,0.01,-1.1758315526147283,1,1
bird5,0,49,0.1,-1.175828312798715,1,1
bird5,1,49,0.001,-0.3492735532256947,7,7
bird5,1,49,0.01,-0.34835782128677434,7,7
bird5,1,49,0.1,-0.3476728070031267,7,7
bird5,2,49,0.001,-0.2787174187958647,42,13
bird5,2,49,0.01,-0.27774472492627844,42,13
bird5,2,49,0.1,-0.27717355802627386,42,13
bird5,3,49,0.001,-0.30307324037088973,252,20
bird5,3,49,0.01,-0.3018097567618879,252,20
bird5,3,49,0.1,-0.30148544405077754,252,20
bird5,4,49,0.001,-0.3050491574546752,1512,26
bird5,4,49,0.01,-0.30216343678707325,1512,26
bird5,4,49,0.1,-0.30108742435618774,1512,26
bird5,5,49,0.001,-0.30000619490257396,9072,29
bird5,5,49,0.01,-0.29687461673063453,9072,29
bird5,5,49,0.1,-0.2956982180194561,9072,29
bird5,0,50,0.001,-1.2245425401427754,1,1
bird5,0,50,0.01,-1.2245417776249077,1,1
bird5,0,50,0.1,-1.2245341610885372,1,1
bird5,1,50,0.001,-0.3902505498131826,7,7
bird5,1,50,0.01,-0.384256619979769,7,7
bird5,1,50,0.1,-0.3785063492657671,7,7
bird5,2,50,0.001,-0.3224082444301052,42,19
bird5,2,50,0.01,-0.31962712847979013,42,19
bird5,2,50,0.1,-0.3172383598869099,42,19
bird5,3,50,0.001,-0.36104840951280825,252,32
bird5,3,50,0.01,-0.35534660761462666,252,32
bird5,3,50,0.1,-0.3512946293739107,252,32
bird5,4,50,0.001,-0.3528324266573,1512,46
bird5,4,50,0.01,-0.34405017952616124,1512,46
bird5,4,50,0.1,-0.33812589776463264,1512,46
bird5,5,50,0.001,-0.41391160839655516,9072,55
bird5,5,50,0.01,-0.40288941988580057,9072,55
bird5,5,50,0.1,-0.3961494724663055,9072,55
bird5,0,51,0.001,-1.1229242498019087,1,1
bird5,0,51,0.01,-1.1229244435281576,1,1
bird5,0,51,0.1,-1.1229263872444,1,1
bird5,1,51,0.001,-0.3507491218837396,7,7
bird5,1,51,0.01,-0.34998834095366577,7,7
bird5,1,51,0.1,-0.3494295988754108,7,7
bird5,2,51,0.001,-0.2999614610296295,42,14
bird5,2,51,0.01,-0.29910850237415854,42,14
bird5,2,51,0.1,-0.29871801404599274,42,14
bird5,3,51,0.001,-0.31442297328848906,252,21
bird5,3,51,0.01,-0.3100344181861937,252,21
bird5,3,51,0.1,-0.30676914458224747,252,21
bird5,4,51,0.001,-0.30885737224550497,1512,30
bird5,4,51,0.01,-0.30537008013690536,1512,30
bird5,4,51,0.1,-0.3036215551910265,1512,30
bird5,5,51,0.001,-0.3034971837542113,9072,36
bird5,5,51,0.01,-0.29964481556248934,9072,36
bird5,5,51,0.1,-0.2981943725130829,9072,36
bird5,0,52,0.001,-1.1114211515577845,1,1
bird5,0,52,0.01,-1.111421535135322,1,1
bird5,0,52,0.1,-1.1114253770005484,1,1
bird5,1,52,0.001,-0.3581631630433662,7,7
bird5,1,52,0.01,-0.35590344823330344,7,7
bird5,1,52,0.1,-0.35382585738631495,7,7
bird5,2,52,0.001,-0.30476036810058843,42,17
bird5,2,52,0.01,-0.3013601101724269,42,17
bird5,2,52,0.1,-0.29900105032974544,42,17
bird5,3,52,0.001,-0.3236290370013955,252,24
bird5,3,52,0.01,-0.3207682177891338,252,24
bird5,3,52,0.1,-0.32035508306842364,252,24
bird5,4,52,0.001,-0.3275554596287453,1512,31
bird5,4,52,0.01,-0.3254178925728611,1512,31
bird5,4,52,0.1,-0.32512724533445636,1512,31
bird5,5,52,0.001,-0.3382862860050243,9072,36
bird5,5,52,0.01,-0.3333579983190014,9072,36
bird5,5,52,0.1,-0.33245198244076307,9072,36
bird5,0,53,0.001,-1.1127644021437566,1,1
bird5,0,53,0.01,-1.112764740556774,1,1
bird5,0,53,0.1,-1.112768130882566,1,1
bird5,1,53,0.001,-0.3507743762392779,7,7
bird5,1,53,0.01,-0.35002794950012606,7,7
bird5,1,53,0.1,-0.34947868624453327,7,7
bird5,2,53,0.001,-0.3004057605444819,42,14
bird5,2,53,0.01,-0.2995654253842842,42,14
bird5,2,53,0.1,-0.29927939509051715,42,14
bird5,3,53,0.001,-0.29289567141175793,252,20
bird5,3,53,0.01,-0.2908388027629042,252,20
bird5,3,53,0.1,-0.2898237659095009,252,20
bird5,4,53,0.001,-0.28844619904291113,1512,27
bird5,4,53,0.01,-0.2886003290034016,1512,27
bird5,4,53,0.1,-0.29012675497192336,1512,27
bird5,5,53,0.001,-0.2801049888618673,9072,32
bird5,5,53,0.01,-0.28036980582965626,9072,32
bird5,5,53,0.1,-0.28287112422068167,9072,32
bird5,0,54,0.001,-1.1709663465879578,1,1
bird5,0,54,0.01,-1.170966202922692,1,1
bird5,0,54,0.1,-1.170964773226482,1,1
bird5,1,54,0.001,-0.37354317223983285,7,7
bird5,1,54,0.01,-0.3719220783985963,7,7
bird5,1,54,0.1,-0.370508676590315,7,7
bird5,2,54,0.001,-0.32255219052289796,42,14
bird5,2,54,0.01,-0.3199378532308417,42,14
bird5,2,54,0.1,-0.318600854626014,42,14
bird5,3,54,0.001,-0.4365444072915992,252,24
bird5,3,54,0.01,-0.4081241121829607,252,24
bird5,3,54,0.1,-0.38529518113416744,252,24
bird5,4,54,0.001,-0.45869091681825525,1512,34
bird5,4,54,0.01,-0.4290748379820412,1512,34
bird5,4,54,0.1,-0.40640848367735855,1512,34
bird5,5,54,0.001,-0.487711631827176,9072,41
bird5,5,54,0.01,-0.45218508204853225,9072,41
bird5,5,54,0.1,-0.4258048748114747,9072,41
bird5,0,55,0.001,-1.13106102726664,1,1
bird5,0,55,0.01,-1.1310612416888988,1,1
bird5,0,55,0.1,-1.1310633917090105,1,1
bird5,1,55,0.001,-0.35111470432173764,7,7
bird5,1,55,0.01,-0.35023094767394725,7,7
bird5,1,55,0.1,-0.3494919206133148,7,7
bird5,2,55,0.001,-0.30389382370316054,42,17
bird5,2,55,0.01,-0.30092260057832515,42,17
bird5,2,55,0.1,-0.29908921354958,42,17
bird5,3,55,0.001,-0.31295370617679236,252,25
bird5,3,55,0.01,-0.31052740411257845,252,25
bird5,3,55,0.1,-0.310016615678184,252,25
bird5,4,55,0.001,-0.2939662632029294,1512,35
bird5,4,55,0.01,-0.29284208067111434,1512,35
bird5,4,55,0.1,-0.29485733008188575,1512,35
bird5,5,55,0.001,-0.29918511281641047,9072,40
bird5,5,55,0.01,-0.2980742427352987,9072,40
bird5,5,55,0.1,-0.30179996087005784,9072,40
bird5,0,56,0.001,-1.1595217043441681,1,1
bird5,0,56,0.01,-1.1595214627529382,1,1
bird5,0,56,0.1,-1.1595190544786909,1,1
bird5,1,56,0.001,-0.3624982047970054,7,7
bird5,1,56,0.01,-0.3616843711054136,7,7
bird5,1,56,0.1,-0.36109559476140063,7,7
bird5,2,56,0.001,-0.3040954377501317,42,14
bird5,2,56,0.01,-0.30319540526893307,42,14
bird5,2,56,0.1,-0.30273280842275485,42,14
bird5,3,56,0.001,-0.30846345038472806,252,23
bird5,3,56,0.01,-0.30623220682258495,252,23
bird5,3,56,0.1,-0.30513615486775075,252,23
bird5,4,56,0.001,-0.30418473000086643,1512,32
bird5,4,56,0.01,-0.3006198346263341,1512,32
bird5,4,56,0.1,-0.29928026551884623,1512,32
bird5,5,56,0.001,-0.3280915584180694,9072,40
bird5,5,56,0.01,-0.32281154784134997,9072,40
bird5,5,56,0.1,-0.32111205608823773,9072,40
bird5,0,57,0.001,-1.13651236593581,1,1
bird5,0,57,0.01,-1.1365126892027029,1,1
bird5,0,57,0.1,-1.1365159278939678,1,1
bird5,1,57,0.001,-0.36986474027874494,7,7
bird5,1,57,0.01,-0.3678033802245199,7,7
bird5,1,57,0.1,-0.36590698464132326,7,7
bird5,2,57,0.001,-0.33326559754971063,42,19
bird5,2,57,0.01,-0.3295209909806333,42,19
bird5,2,57,0.1,-0.32706016911840674,42,19
bird5,3,57,0.001,-0.40049948480997427,252,32
bird5,3,57,0.01,-0.37470681063897743,252,32
bird5,3,57,0.1,-0.35313107868793653,252,32
bird5,4,57,0.001,-0.39604373926694303,1512,47
bird5,4,57,0.01,-0.36937423170306677,1512,47
bird5,4,57,0.1,-0.34847804363593954,1512,47
bird5,5,57,0.001,-0.46482239139305787,9072,55
bird5,5,57,0.01,-0.4331416887231892,9072,55
bird5,5,57,0.1,-0.40885883100670417,9072,55
bird5,0,58,0.001,-1.1577790904735263,1,1
bird5,0,58,0.01,-1.1577789620786585,1,1
bird5,0,58,0.1,-1.1577776854524884,1,1
bird5,1,58,0.001,-0.3752615648568131,7,7
bird5,1,58,0.01,-0.3729355644180975,7,7
bird5,1,58,0.1,-0.3708152131409317,7,7
bird5,2,58,0.001,-0.30523284524472916,42,16
bird5,2,58,0.01,-0.3035483015160228,42,16
bird5,2,58,0.1,-0.3023384880533055,42,16
bird5,3,58,0.001,-0.3091726806924935,252,22
bird5,3,58,0.01,-0.30712767344008013,252,22
bird5,3,58,0.1,-0.30620304734107,252,22
bird5,4,58,0.001,-0.28509534581439455,1512,29
bird5,4,58,0.01,-0.28527969055335617,1512,29
bird5,4,58,0.1,-0.2869680303264565,1512,29
bird5,5,58,0.001,-0.2835917569948871,9072,33
bird5,5,58,0.01,-0.28385850027154375,9072,33
bird5,5,58,0.1,-0.2862490193453287,9072,33
bird5,0,59,0.001,-1.1407484878692111,1,1
bird5,0,59,0.01,-1.1407485675308622,1,1
bird5,0,59,0.1,-1.1407493701768572,1,1
bird5,1,59,0.001,-0.36046264687437096,7,7
bird5,1,59,0.01,-0.3585885017435647,7,7
bird5,1,59,0.1,-0.35686392096503783,7,7
bird5,2,59,0.001,-0.2957994096004424,42,15
bird5,2,59,0.01,-0.29375927182935074,42,15
bird5,2,59,0.1,-0.2922130234397195,42,15
bird5,3,59,0.001,-0.3326989883345743,252,25
bird5,3,59,0.01,-0.32862417409389916,252,25
bird5,3,59,0.1,-0.32601295614474873,252,25
bird5,4,59,0.001,-0.31718475483535663,1512,31
bird5,4,59,0.01,-0.3142158533387727,1512,31
bird5,4,59,0.1,-0.3138222611917302,1512,31
bird5,5,59,0.001,-0.33498130600237047,9072,32
bird5,5,59,0.01,-0.3316088224368031,9072,32
bird5,5,59,0.1,-0.3313873562870386,9072,32
bird5,0,60,0.001,-1.158607837249612,1,1
bird5,0,60,0.01,-1.158607666622214,1,1
bird5,0,60,0.1,-1.1586059674479683,1,1
bird5,1,60,0.001,-0.3578691004377591,7,7
bird5,1,60,0.01,-0.357891010005132,7,7
bird5,1,60,0.1,-0.3581109870756674,7,7
bird5,2,60,0.001,-0.304749295194911,42,14
bird5,2,60,0.01,-0.30384614143070804,42,14
bird5,2,60,0.1,-0.3032774922404081,42,14
bird5,3,60,0.001,-0.32423247238241,252,23
bird5,3,60,0.01,-0.3171562987132424,252,23
bird5,3,60,0.1,-0.3116197804091635,252,23
bird5,4,60,0.001,-0.34055466885334884,1512,35
bird5,4,60,0.01,-0.3354662861106694,1512,35
bird5,4,60,0.1,-0.33261199793229906,1512,35
bird5,5,60,0.001,-0.3776756216137903,9072,45
bird5,5,60,0.01,-0.3677409672474942,9072,45
bird5,5,60,0.1,-0.36174203103707026,9072,45
bird5,0,61,0.001,-1.1492198602900883,1,1
bird5,0,61,0.01,-1.1492198906480031,1,1
bird5,0,61,0.1,-1.1492202006791534,1,1
bird5,1,61,0.001,-0.36348077497585074,7,7
bird5,1,61,0.01,-0.3627103786113237,7,7
bird5,1,61,0.1,-0.3621342346013712,7,7
bird5,2,61,0.001,-0.30798099749719027,42,15
bird5,2,61,0.01,-0.3063115746178604,42,15
bird5,2,61,0.1,-0.30533400166102337,42,15
bird5,3,61,0.001,-0.30599633565792866,252,27
bird5,3,61,0.01,-0.30293532976686954,252,27
bird5,3,61,0.1,-0.30172556244139886,252,27
bird5,4,61,0.001,-0.29624327091250074,1512,32
bird5,4,61,0.01,-0.29195884327023786,1512,32
bird5,4,61,0.1,-0.29149024404649315,1512,32
bird5,5,61,0.001,-0.2963451245497263,9072,35
bird5,5,61,0.01,-0.2929298211920092,9072,35
bird5,5,61,0.1,-0.2937001530312385,9072,35
bird5,0,62,0.001,-1.1211670429516065,1,1
bird5,0,62,0.01,-1.1211674492523311,1,1
bird5,0,62,0.1,-1.1211715175716277,1,1
bird5,1,62,0.001,-0.3640150731577381,7,7
bird5,1,62,0.01,-0.3591052676600203,7,7
bird5,1,62,0.1,-0.35441399686779834,7,7
bird5,2,62,0.001,-0.3524624413267184,42,16
bird5,2,62,0.01,-0.3479408266503133,42,16
bird5,2,62,0.1,-0.3438426478619428,42,16
bird5,3,62,0.001,-0.3978703599789241,252,25
bird5,3,62,0.01,-0.39326025627721367,252,25
bird5,3,62,0.1,-0.38947096130834874,252,25
bird5,4,62,0.001,-0.3878534723081762,1512,34
bird5,4,62,0.01,-0.38541473079883104,1512,34
bird5,4,62,0.1,-0.38459567923860505,1512,34
bird5,5,62,0.001,-0.42948478720808825,9072,39
bird5,5,62,0.01,-0.4267143879658469,9072,39
bird5,5,62,0.1,-0.4263408738890841,9072,39
bird5,0,63,0.001,-1.138132162967569,1,1
bird5,0,63,0.01,-1.1381323600137319,1,1
bird5,0,63,0.1,-1.1381343364982388,1,1
bird5,1,63,0.001,-0.36135991571188764,7,7
bird5,1,63,0.01,-0.3589139432496765,7,7
bird5,1,63,0.1,-0.3566289359657943,7,7
bird5,2,63,0.001,-0.3120919667462078,42,16
bird5,2,63,0.01,-0.3094488603067481,42,16
bird5,2,63,0.1,-0.30798500875011653,42,16
bird5,3,63,0.001,-0.4089540640169044,252,28
bird5,3,63,0.01,-0.3788140581219325,252,28
bird5,3,63,0.1,-0.3527676174446743,252,28
bird5,4,63,0.001,-0.433454249739832,1512,39
bird5,4,63,0.01,-0.4002375974910287,1512,39
bird5,4,63,0.1,-0.3719030619259728,1512,39
bird5,5,63,0.001,-0.5393310275364108,9072,48
bird5,5,63,0.01,-0.50190267676378,9072,48
bird5,5,63,0.1,-0.47028876544350956,9072,48
bird5,0,64,0.001,-1.1395698514374861,1,1
bird5,0,64,0.01,-1.1395700195949974,1,1
bird5,0,64,0.1,-1.139571707780447,1,1
bird5,1,64,0.001,-0.3668821498394686,7,7
bird5,1,64,0.01,-0.36476722481080215,7,7
bird5,1,64,0.1,-0.36281572616094276,7,7
bird5,2,64,0.001,-0.3208364019925429,42,18
bird5,2,64,0.01,-0.3187292476066776,42,18
bird5,2,64,0.1,-0.3187658068881677,42,18
bird5,3,64,0.001,-0.3388800304247072,252,28
bird5,3,64,0.01,-0.33462389012454563,252,28
bird5,3,64,0.1,-0.3342055394559769,252,28
bird5,4,64,0.001,-0.3446283728532962,1512,42
bird5,4,64,0.01,-0.3341588756680848,1512,42
bird5,4,64,0.1,-0.33087958328109934,1512,42
bird5,5,64,0.001,-0.4185249350532372,9072,53
bird5,5,64,0.01,-0.40894545125395804,9072,53
bird5,5,64,0.1,-0.405897503064503,9072,53
bird5,0,65,0.001,-1.1441541219743196,1,1
bird5,0,65,0.01,-1.1441539602407762,1,1
bird5,0,65,0.1,-1.1441523514435166,1,1
bird5,1,65,0.001,-0.3785927119451511,7,7
bird5,1,65,0.01,-0.3751424886136357,7,7
bird5,1,65,0.1,-0.37189858550491167,7,7
bird5,2,65,0.001,-0.34835227045774775,42,17
bird5,2,65,0.01,-0.3461119106317778,42,17
bird5,2,65,0.1,-0.34440724596221917,42,17
bird5,3,65,0.001,-0.36507334202708225,252,29
bird5,3,65,0.01,-0.357873692664078,252,29
bird5,3,65,0.1,-0.3524893017829014,252,29
bird5,4,65,0.001,-0.36477900833837107,1512,46
bird5,4,65,0.01,-0.35733199921550096,1512,46
bird5,4,65,0.1,-0.35295139670093917,1512,46
bird5,5,65,0.001,-0.4087366358392362,9072,57
bird5,5,65,0.01,-0.3966113422356504,9072,57
bird5,5,65,0.1,-0.3896989741536898,9072,57
bird5,0,66,0.001,-1.1482924090972064,1,1
bird5,0,66,0.01,-1.1482923807886902,1,1
bird5,0,66,0.1,-1.1482921044338965,1,1
bird5,1,66,0.001,-0.3636032422196033,7,7
bird5,1,66,0.01,-0.3627706785436969,7,7
bird5,1,66,0.1,-0.362059913458271,7,7
bird5,2,66,0.001,-0.3064803927925566,42,16
bird5,2,66,0.01,-0.30383895505792385,42,16
bird5,2,66,0.1,-0.302590462975631,42,16
bird5,3,66,0.001,-0.405132370216436,252,27
bird5,3,66,0.01,-0.3735990369913963,252,27
bird5,3,66,0.1,-0.34800595891129843,252,27
bird5,4,66,0.001,-0.4590929228148906,1512,37
bird5,4,66,0.01,-0.42473003844735463,1512,37
bird5,4,66,0.1,-0.3954821322203127,1512,37
bird5,5,66,0.001,-0.5433741581815336,9072,43
bird5,5,66,0.01,-0.5060560515775722,9072,43
bird5,5,66,0.1,-0.47433434228770444,9072,43
bird5,0,67,0.001,-1.1400214688066388,1,1
bird5,0,67,0.01,-1.1400215994962033,1,1
bird5,0,67,0.1,-1.1400229123557983,1,1
bird5,1,67,0.001,-0.3498718306331786,7,7
bird5,1,67,0.01,-0.3490347518896738,7,7
bird5,1,67,0.1,-0.34836702597524327,7,7
bird5,2,67,0.001,-0.29137002539088414,42,16
bird5,2,67,0.01,-0.2904712947731145,42,16
bird5,2,67,0.1,-0.2900902719746369,42,16
bird5,3,67,0.001,-0.3091829177745836,252,26
bird5,3,67,0.01,-0.30438821314198106,252,26
bird5,3,67,0.1,-0.3016413330202637,252,26
bird5,4,67,0.001,-0.3197040138048435,1512,35
bird5,4,67,0.01,-0.31721685769654684,1512,35
bird5,4,67,0.1,-0.3171789153428227,1512,35
bird5,5,67,0.001,-0.3589417235181011,9072,38
bird5,5,67,0.01,-0.35620403640538895,9072,38
bird5,5,67,0.1,-0.3567128371340046,9072,38
bird5,0,68,0.001,-1.1336629341754205,1,1
bird5,0,68,0.01,-1.1336627660192826,1,1
bird5,0,68,0.1,-1.13366109222954,1,1
bird5,1,68,0.001,-0.366450590115275,7,7
bird5,1,68,0.01,-0.3647196324287504,7,7
bird5,1,68,0.1,-0.36318800018023534,7,7
bird5,2,68,0.001,-0.30474502368914386,42,16
bird5,2,68,0.01,-0.3038150166109031,42,16
bird5,2,68,0.1,-0.3031493794948207,42,16
bird5,3,68,0.001,-0.37228869441442874,252,25
bird5,3,68,0.01,-0.36092653781370576,252,25
bird5,3,68,0.1,-0.35144582368868493,252,25
bird5,4,68,0.001,-0.35670473788365564,1512,35
bird5,4,68,0.01,-0.35138412706787886,1512,35
bird5,4,68,0.1,-0.34883287509761923,1512,35
bird5,5,68,0.001,-0.41107705702530656,9072,41
bird5,5,68,0.01,-0.4021425227654761,9072,41
bird5,5,68,0.1,-0.39632241030631077,9072,41
bird5,0,69,0.001,-1.2107109791673842,1,1
bird5,0,69,0.01,-1.2107103003709743,1,1
bird5,0,69,0.1,-1.2107035207977508,1,1
bird5,1,69,0.001,-0.38790176649847613,7,7
bird5,1,69,0.01,-0.3851504360467803,7,7
bird5,1,69,0.1,-0.3826061898400155,7,7
bird5,2,69,0.001,-0.3256562961986941,42,18
bird5,2,69,0.01,-0.32176872012236135,42,18
bird5,2,69,0.1,-0.3184858998716985,42,18
bird5,3,69,0.001,-0.3758738560420828,252,29
bird5,3,69,0.01,-0.364591839833413,252,29
bird5,3,69,0.1,-0.35673761841271656,252,29
bird5,4,69,0.001,-0.4090156896046148,1512,39
bird5,4,69,0.01,-0.40225432692679974,1512,39
bird5,4,69,0.1,-0.3979270186710255,1512,39
bird5,5,69,0.001,-0.42701628102801803,9072,45
bird5,5,69,0.01,-0.4135119924679337,9072,45
bird5,5,69,0.1,-0.4045797004967157,9072,45
bird5,0,70,0.001,-1.185097078027862,1,1
bird5,0,70,0.01,-1.1850967213476118,1,1
bird5,0,70,0.1,-1.1850931617423905,1,1
bird5,1,70,0.001,-0.3974615521133104,7,7
bird5,1,70,0.01,-0.3939107873783401,7,7
bird5,1,70,0.1,-0.39058234190615304,7,7
bird5,2,70,0.001,-0.3396899320212471,42,18
bird5,2,70,0.01,-0.33585637177216326,42,18
bird5,2,70,0.1,-0.332481996431178,42,18
bird5,3,70,0.001,-0.3601961326463355,252,29
bird5,3,70,0.01,-0.3567789027817992,252,29
bird5,3,70,0.1,-0.3542368344485196,252,29
bird5,4,70,0.001,-0.38114545196210126,1512,38
bird5,4,70,0.01,-0.37395202804169564,1512,38
bird5,4,70,0.1,-0.36917231229879366,1512,38
bird5,5,70,0.001,-0.40650721203833895,9072,44
bird5,5,70,0.01,-0.3985905633478606,9072,44
bird5,5,70,0.1,-0.3943894060020677,9072,44
bird5,0,71,0.001,-1.1650447770863737,1,1
bird5,0,71,0.01,-1.1650444129924606,1,1
bird5,0,71,0.1,-1.1650407804605045,1,1
bird5,1,71,0.001,-0.37937145168428865,7,7
bird5,1,71,0.01,-0.37693310814874514,7,7
bird5,1,71,0.1,-0.37465350156655525,7,7
bird5,2,71,0.001,-0.3193447411868945,42,17
bird5,2,71,0.01,-0.31658633201035047,42,17
bird5,2,71,0.1,-0.31437505461060855,42,17
bird5,3,71,0.001,-0.32847479010015435,252,27
bird5,3,71,0.01,-0.32516231292474157,252,27
bird5,3,71,0.1,-0.3232667540563653,252,27
bird5,4,71,0.001,-0.3326175897478315,1512,39
bird5,4,71,0.01,-0.32787705065356293,1512,39
bird5,4,71,0.1,-0.3257334951066571,1512,39
bird5,5,71,0.001,-0.3599939911308071,9072,47
bird5,5,71,0.01,-0.3520652769023901,9072,47
bird5,5,71,0.1,-0.3489553705502423,9072,47
bird5,0,72,0.001,-1.1814617900476079,1,1
bird5,0,72,0.01,-1.1814616514293201,1,1
bird5,0,72,0.1,-1.1814602717703941,1,1
bird5,1,72,0.001,-0.3810092814316076,7,7
bird5,1,72,0.01,-0.3785376463180765,7,7
bird5,1,72,0.1,-0.3762117116006439,7,7
bird5,2,72,0.001,-0.39864571506713503,42,19
bird5,2,72,0.01,-0.3720571628515925,42,19
bird5,2,72,0.1,-0.3487961101287022,42,19
bird5,3,72,0.001,-0.4482092786767815,252,31
bird5,3,72,0.01,-0.4167012224564697,252,31
bird5,3,72,0.1,-0.3905974999111608,252,31
bird5,4,72,0.001,-0.49148673893944916,1512,41
bird5,4,72,0.01,-0.4600950577332057,1512,41
bird5,4,72,0.1,-0.4337685169405477,1512,41
bird5,5,72,0.001,-0.5381394289962375,9072,48
bird5,5,72,0.01,-0.4971691687412566,9072,48
bird5,5,72,0.1,-0.46406581149493625,9072,48
bird5,0,73,0.001,-1.0977963642117037,1,1
bird5,0,73,0.01,-1.0977969776444392,1,1
bird5,0,73,0.1,-1.097803116686069,1,1
bird5,1,73,0.001,-0.3417310684610763,7,7
bird5,1,73,0.01,-0.34175095896692087,7,7
bird5,1,73,0.1,-0.3419511911545597,7,7
bird5,2,73,0.001,-0.2858384342471027,42,14
bird5,2,73,0.01,-0.2858885908916337,42,14
bird5,2,73,0.1,-0.2863801364564016,42,14
bird5,3,73,0.001,-0.2957550834471894,252,22
bird5,3,73,0.01,-0.2936399157192206,252,22
bird5,3,73,0.1,-0.2934991733536256,252,22
bird5,4,73,0.001,-0.29398805539039385,1512,32
bird5,4,73,0.01,-0.2895260090674972,1512,32
bird5,4,73,0.1,-0.2909476089700763,1512,32
bird5,5,73,0.001,-0.3471965555107089,9072,37
bird5,5,73,0.01,-0.34472500201186834,9072,37
bird5,5,73,0.1,-0.3462269672834631,9072,37
bird5,0,74,0.001,-1.225264130522629,1,1
bird5,0,74,0.01,-1.2252632962974666,1,1
bird5,0,74,0.1,-1.2252549630991578,1,1
bird5,1,74,0.001,-0.3830764435139261,7,7
bird5,1,74,0.01,-0.3822537817997405,7,7
bird5,1,74,0.1,-0.3816085637725169,7,7
bird5,2,74,0.001,-0.32984910223397546,42,16
bird5,2,74,0.01,-0.3234560320602575,42,16
bird5,2,74,0.1,-0.3177911590098403,42,16
bird5,3,74,0.001,-0.34274682268034934,252,28
bird5,3,74,0.01,-0.3337029292169159,252,28
bird5,3,74,0.1,-0.32607278421391206,252,28
bird5,4,74,0.001,-0.3879760942427296,1512,41
bird5,4,74,0.01,-0.37945992941563755,1512,41
bird5,4,74,0.1,-0.37300469869184655,1512,41
bird5,5,74,0.001,-0.45933131712894887,9072,52
bird5,5,74,0.01,-0.4513237168794502,9072,52
bird5,5,74,0.1,-0.44629390744597086,9072,52
bird5,0,75,0.001,-1.1763434206143162,1,1
bird5,0,75,0.01,-1.1763430774090347,1,1
bird5,0,75,0.1,-1.1763396532688157,1,1
bird5,1,75,0.001,-0.3726665284003661,7,7
bird5,1,75,0.01,-0.3726836077298156,7,7
bird5,1,75,0.1,-0.37285803187009736,7,7
bird5,2,75,0.001,-0.32795534299802614,42,14
bird5,2,75,0.01,-0.32369972038446027,42,14
bird5,2,75,0.1,-0.3206775588463071,42,14
bird5,3,75,0.001,-0.3954362403410239,252,24
bird5,3,75,0.01,-0.3666308401709089,252,24
bird5,3,75,0.1,-0.34160353024320844,252,24
bird5,4,75,0.001,-0.42544683364707137,1512,34
bird5,4,75,0.01,-0.3951297421123606,1512,34
bird5,4,75,0.1,-0.36944903306165555,1512,34
bird5,5,75,0.001,-0.47947718611078644,9072,42
bird5,5,75,0.01,-0.44404346214167717,9072,42
bird5,5,75,0.1,-0.4148167209766598,9072,42
bird5,0,76,0.001,-1.1270126558045703,1,1
bird5,0,76,0.01,-1.1270127937187124,1,1
bird5,0,76,0.1,-1.1270141798729,1,1
bird5,1,76,0.001,-0.37064530223905867,7,7
bird5,1,76,0.01,-0.3662426267938576,7,7
bird5,1,76,0.1,-0.3620316080062478,7,7
bird5,2,76,0.001,-0.3482362502741292,42,18
bird5,2,76,0.01,-0.3441914885988419,42,18
bird5,2,76,0.1,-0.3408433428875189,42,18
bird5,3,76,0.001,-0.372880518864873,252,30
bird5,3,76,0.01,-0.36379369231644404,252,30
bird5,3,76,0.1,-0.35640091029031573,252,30
bird5,4,76,0.001,-0.3722955979048516,1512,43
bird5,4,76,0.01,-0.3639370572728871,1512,43
bird5,4,76,0.1,-0.3599044522920358,1512,43
bird5,5,76,0.001,-0.4435294383566819,9072,52
bird5,5,76,0.01,-0.4358568699658578,9072,52
bird5,5,76,0.1,-0.43437815884723285,9072,52
bird5,0,77,0.001,-1.152850561275537,1,1
bird5,0,77,0.01,-1.1528504416953038,1,1
bird5,0,77,0.1,-1.1528492529323175,1,1
bird5,1,77,0.001,-0.36893195885633756,7,7
bird5,1,77,0.01,-0.3664306190700001,7,7
bird5,1,77,0.1,-0.3641648315013504,7,7
bird5,2,77,0.001,-0.3090350076774624,42,16
bird5,2,77,0.01,-0.30731390665977254,42,16
bird5,2,77,0.1,-0.3066834897617718,42,16
bird5,3,77,0.001,-0.3884956967194836,252,23
bird5,3,77,0.01,-0.36097679856303394,252,23
bird5,3,77,0.1,-0.3369799906770841,252,23
bird5,4,77,0.001,-0.3909843894081142,1512,32
bird5,4,77,0.01,-0.36144997222202824,1512,32
bird5,4,77,0.1,-0.3362856855929414,1512,32
bird5,5,77,0.001,-0.4148679277693788,9072,39
bird5,5,77,0.01,-0.37783621839167975,9072,39
bird5,5,77,0.1,-0.34768303382437205,9072,39
bird5,0,78,0.001,-1.169649070285783,1,1
bird5,0,78,0.01,-1.1696486988696742,1,1
bird5,0,78,0.1,-1.1696449926495052,1,1
bird5,1,78,0.001,-0.36010090859957555,7,7
bird5,1,78,0.01,-0.3583252918992667,7,7
bird5,1,78,0.1,-0.3567493341168522,7,7
bird5,2,78,0.001,-0.30992438971279834,42,15
bird5,2,78,0.01,-0.30589192580557323,42,15
bird5,2,78,0.1,-0.3024252655828684,42,15
bird5,3,78,0.001,-0.3294960334413163,252,25
bird5,3,78,0.01,-0.32434549008362434,252,25
bird5,3,78,0.1,-0.3203188760871472,252,25
bird5,4,78,0.001,-0.31480966672111377,1512,34
bird5,4,78,0.01,-0.3135508713167164,1512,34
bird5,4,78,0.1,-0.3142777767468094,1512,34
bird5,5,78,0.001,-0.32311570945683693,9072,37
bird5,5,78,0.01,-0.32181071946023015,9072,37
bird5,5,78,0.1,-0.32332599338558293,9072,37
bird5,0,79,0.001,-1.1735820389834208,1,1
bird5,0,79,0.01,-1.1735818626688863,1,1
bird5,0,79,0.1,-1.1735801062607552,1,1
bird5,1,79,0.001,-0.3473200098227299,7,7
bird5,1,79,0.01,-0.3473443900839302,7,7
bird5,1,79,0.1,-0.3475884372701652,7,7
bird5,2,79,0.001,-0.2894227116335532,42,14
bird5,2,79,0.01,-0.28744540285338877,42,14
bird5,2,79,0.1,-0.2860058571318125,42,14
bird5,3,79,0.001,-0.3005578851932201,252,23
bird5,3,79,0.01,-0.2932872298839939,252,23
bird5,3,79,0.1,-0.28802548156615104,252,23
bird5,4,79,0.001,-0.30214944956823864,1512,32
bird5,4,79,0.01,-0.29682741266708573,1512,32
bird5,4,79,0.1,-0.2939271985876408,1512,32
bird5,5,79,0.001,-0.3822858096671852,9072,39
bird5,5,79,0.01,-0.3777926124146872,9072,39
bird5,5,79,0.1,-0.3758996327587154,9072,39
bird5,0,80,0.001,-1.1650730237722913,1,1
bird5,0,80,0.01,-1.1650728862501163,1,1
bird5,0,80,0.1,-1.1650715179732705,1,1
bird5,1,80,0.001,-0.37650623109855696,7,7
bird5,1,80,0.01,-0.372140010422512,7,7
bird5,1,80,0.1,-0.3679666842314406,7,7
bird5,2,80,0.001,-0.3140551120534653,42,18
bird5,2,80,0.01,-0.3112488403892049,42,18
bird5,2,80,0.1,-0.3098944481695119,42,18
bird5,3,80,0.001,-0.4087663393058129,252,27
bird5,3,80,0.01,-0.3778742733186064,252,27
bird5,3,80,0.1,-0.3531624606128282,252,27
bird5,4,80,0.001,-0.3846055506970891,1512,36
bird5,4,80,0.01,-0.3524568552702491,1512,36
bird5,4,80,0.1,-0.32804534922904166,1512,36
bird5,5,80,0.001,-0.44722671114631546,9072,45
bird5,5,80,0.01,-0.4068997803642342,9072,45
bird5,5,80,0.1,-0.3768676105299911,9072,45
bird5,0,81,0.001,-1.1807186390731734,1,1
bird5,0,81,0.01,-1.180718083072991,1,1
bird5,0,81,0.1,-1.1807125318304441,1,1
bird5,1,81,0.001,-0.37394411699882896,7,7
bird5,1,81,0.01,-0.37316945057153034,7,7
bird5,1,81,0.1,-0.3725656289915446,7,7
bird5,2,81,0.001,-0.301426527004061,42,16
bird5,2,81,0.01,-0.29892682043991886,42,16
bird5,2,81,0.1,-0.2972324786023197,42,16
bird5,3,81,0.001,-0.3060543440065277,252,25
bird5,3,81,0.01,-0.2998962273689472,252,25
bird5,3,81,0.1,-0.29521616385281124,252,25
bird5,4,81,0.001,-0.343748856962507,1512,36
bird5,4,81,0.01,-0.3394182099839581,1512,36
bird5,4,81,0.1,-0.3368883371559798,1512,36
bird5,5,81,0.001,-0.3853790238020021,9072,44
bird5,5,81,0.01,-0.38074948732230957,9072,44
bird5,5,81,0.1,-0.379033034839924,9072,44
bird5,0,82,0.001,-1.1303797531876514,1,1
bird5,0,82,0.01,-1.1303799245404667,1,1
bird5,0,82,0.1,-1.1303816447867934,1,1
bird5,1,82,0.001,-0.36751324277844194,7,7
bird5,1,82,0.01,-0.3667766568734147,7,7
bird5,1,82,0.1,-0.3661806062321151,7,7
bird5,2,82,0.001,-0.3034406206687225,42,16
bird5,2,82,0.01,-0.3010934248615908,42,16
bird5,2,82,0.1,-0.2996693060757305,42,16
bird5,3,82,0.001,-0.3186354564138541,252,24
bird5,3,82,0.01,-0.31399494844754827,252,24
bird5,3,82,0.1,-0.31124793025251046,252,24
bird5,4,82,0.001,-0.32344671191662583,1512,34
bird5,4,82,0.01,-0.3193666340457433,1512,34
bird5,4,82,0.1,-0.3173058776897873,1512,34
bird5,5,82,0.001,-0.36954766244764053,9072,39
bird5,5,82,0.01,-0.3661908867578665,9072,39
bird5,5,82,0.1,-0.36514516465217495,9072,39
bird5,0,83,0.001,-1.1021713330746703,1,1
bird5,0,83,0.01,-1.1021719061701958,1,1
bird5,0,83,0.1,-1.10217764174535,1,1
bird5,1,83,0.001,-0.3388854686627467,7,7
bird5,1,83,0.01,-0.3379832114200119,7,7
bird5,1,83,0.1,-0.337257118230092,7,7
bird5,2,83,0.001,-0.2902542414105993,42,14
bird5,2,83,0.01,-0.2871833598515428,42,14
bird5,2,83,0.1,-0.28446934932033613,42,14
bird5,3,83,0.001,-0.2918566210449271,252,23
bird5,3,83,0.01,-0.2852231962106777,252,23
bird5,3,83,0.1,-0.279911920070909,252,23
bird5,4,83,0.001,-0.3076320245960936,1512,32
bird5,4,83,0.01,-0.3046690297842356,1512,32
bird5,4,83,0.1,-0.30293346386119274,1512,32
bird5,5,83,0.001,-0.3641041128649348,9072,38
bird5,5,83,0.01,-0.36054847488246,9072,38
bird5,5,83,0.1,-0.3589853648233982,9072,38
bird5,0,84,0.001,-1.1100145608362013,1,1
bird5,0,84,0.01,-1.1100149392549774,1,1
bird5,0,84,0.1,-1.1100187291468542,1,1
bird5,1,84,0.001,-0.35468186277688046,7,7
bird5,1,84,0.01,-0.3530326772225775,7,7
bird5,1,84,0.1,-0.3515487659410152,7,7
bird5,2,84,0.001,-0.3167813673862987,42,16
bird5,2,84,0.01,-0.3123240305824528,42,16
bird5,2,84,0.1,-0.30947863762155897,42,16
bird5,3,84,0.001,-0.42715418981480047,252,25
bird5,3,84,0.01,-0.3994010326902129,252,25
bird5,3,84,0.1,-0.3774915147146004,252,25
bird5,4,84,0.001,-0.4192530157065976,1512,34
bird5,4,84,0.01,-0.3896682982105753,1512,34
bird5,4,84,0.1,-0.36761281516056526,1512,34
bird5,5,84,0.001,-0.422731907360205,9072,40
bird5,5,84,0.01,-0.3895378302626386,9072,40
bird5,5,84,0.1,-0.36557099299902257,9072,40
bird5,0,85,0.001,-1.131392301647612,1,1
bird5,0,85,0.01,-1.1313923995426727,1,1
bird5,0,85,0.1,-1.1313933850060345,1,1
bird5,1,85,0.001,-0.34372180685525033,7,7
bird5,1,85,0.01,-0.34374378435216074,7,7
bird5,1,85,0.1,-0.34396411565013574,7,7
bird5,2,85,0.001,-0.28653111172733764,42,14
bird5,2,85,0.01,-0.2856517584796563,42,14
bird5,2,85,0.1,-0.28552639291909854,42,14
bird5,3,85,0.001,-0.3091310051863783,252,23
bird5,3,85,0.01,-0.30218224514749437,252,23
bird5,3,85,0.1,-0.29857961696090723,252,23
bird5,4,85,0.001,-0.34410944313266256,1512,34
bird5,4,85,0.01,-0.3364521643539718,1512,34
bird5,4,85,0.1,-0.33254151582586283,1512,34
bird5,5,85,0.001,-0.3930140546941367,9072,43
bird5,5,85,0.01,-0.3860667291447986,9072,43
bird5,5,85,0.1,-0.38431151175117484,9072,43
bird5,0,86,0.001,-1.1490363949821436,1,1
bird5,0,86,0.01,-1.1490363337525942,1,1
bird5,0,86,0.1,-1.1490357288761512,1,1
bird5,1,86,0.001,-0.37612598453059026,7,7
bird5,1,86,0.01,-0.37396022116939515,7,7
bird5,1,86,0.1,-0.3719785781131323,7,7
bird5,2,86,0.001,-0.328842722122674,42,18
bird5,2,86,0.01,-0.32568982112337813,42,18
bird5,2,86,0.1,-0.3231149388325062,42,18
bird5,3,86,0.001,-0.36036958015711346,252,29
bird5,3,86,0.01,-0.35165079081857886,252,29
bird5,3,86,0.1,-0.34455455707502286,252,29
bird5,4,86,0.001,-0.3300140599255602,1512,40
bird5,4,86,0.01,-0.32493415820136157,1512,40
bird5,4,86,0.1,-0.3222595748473722,1512,40
bird5,5,86,0.001,-0.34603543930185493,9072,48
bird5,5,86,0.01,-0.33570195348959403,9072,48
bird5,5,86,0.1,-0.329606823889263,9072,48
bird5,0,87,0.001,-1.1338434260721226,1,1
bird5,0,87,0.01,-1.13384337078119,1,1
bird5,0,87,0.1,-1.133842824674573,1,1
bird5,1,87,0.001,-0.34202052127635807,7,7
bird5,1,87,0.01,-0.34203956551731096,7,7
bird5,1,87,0.1,-0.3422321759369522,7,7
bird5,2,87,0.001,-0.28451545174718695,42,14
bird5,2,87,0.01,-0.28348062999779317,42,14
bird5,2,87,0.1,-0.2830512444803764,42,14
bird5,3,87,0.001,-0.28854405723746657,252,21
bird5,3,87,0.01,-0.28168487661917696,252,21
bird5,3,87,0.1,-0.27674942934055685,252,21
bird5,4,87,0.001,-0.2794681511455259,1512,27
bird5,4,87,0.01,-0.27667645443712063,1512,27
bird5,4,87,0.1,-0.27614480372727285,1512,27
bird5,5,87,0.001,-0.3047711270520615,9072,30
bird5,5,87,0.01,-0.30165626354625696,9072,30
bird5,5,87,0.1,-0.30129897760402696,9072,30
bird5,0,88,0.001,-1.14148510103985,1,1
bird5,0,88,0.01,-1.1414852622491536,1,1
bird5,0,88,0.1,-1.1414868807274938,1,1
bird5,1,88,0.001,-0.36498534132816757,7,7
bird5,1,88,0.01,-0.3620153133418621,7,7
bird5,1,88,0.1,-0.3592805480863446,7,7
bird5,2,88,0.001,-0.31472822298651787,42,16
bird5,2,88,0.01,-0.3122869030447014,42,16
bird5,2,88,0.1,-0.3103246484817297,42,16
bird5,3,88,0.001,-0.32731115811199213,252,24
bird5,3,88,0.01,-0.3233211279554897,252,24
bird5,3,88,0.1,-0.32024166352409156,252,24
bird5,4,88,0.001,-0.3199516503638932,1512,34
bird5,4,88,0.01,-0.31457839869016513,1512,34
bird5,4,88,0.1,-0.3112871910604041,1512,34
bird5,5,88,0.001,-0.3216915121800556,9072,41
bird5,5,88,0.01,-0.3159556843721061,9072,41
bird5,5,88,0.1,-0.3144220437675683,9072,41
bird5,0,89,0.001,-1.105151885320296,1,1
bird5,0,89,0.01,-1.105152461651508,1,1
bird5,0,89,0.1,-1.1051582295475333,1,1
bird5,1,89,0.001,-0.3470222735712648,7,7
bird5,1,89,0.01,-0.34520576430829064,7,7
bird5,1,89,0.1,-0.3435550378252793,7,7
bird5,2,89,0.001,-0.2954348993146808,42,16
bird5,2,89,0.01,-0.2934123495594493,42,16
bird5,2,89,0.1,-0.29202381364657004,42,16
bird5,3,89,0.001,-0.28546590177995695,252,24
bird5,3,89,0.01,-0.2828087706729585,252,24
bird5,3,89,0.1,-0.28176265848588483,252,24
bird5,4,89,0.001,-0.2784466273963105,1512,31
bird5,4,89,0.01,-0.27543713582345275,1512,31
bird5,4,89,0.1,-0.2749962572490938,1512,31
bird5,5,89,0.001,-0.35334399336348726,9072,33
bird5,5,89,0.01,-0.3516670668157025,9072,33
bird5,5,89,0.1,-0.3531798975103114,9072,33
bird5,0,90,0.001,-1.1364147813995011,1,1
bird5,0,90,0.01,-1.1364148732129689,1,1
bird5,0,90,0.1,-1.1364157977354394,1,1
bird5,1,90,0.001,-0.3501324500123232,7,7
bird5,1,90,0.01,-0.3501552636094599,7,7
bird5,1,90,0.1,-0.3503837058498265,7,7
bird5,2,90,0.001,-0.2993972988705271,42,14
bird5,2,90,0.01,-0.29944517655238945,42,14
bird5,2,90,0.1,-0.29992876787234035,42,14
bird5,3,90,0.001,-0.31167395528159725,252,24
bird5,3,90,0.01,-0.3059270666705814,252,24
bird5,3,90,0.1,-0.3026671492884108,252,24
bird5,4,90,0.001,-0.32597177016378437,1512,37
bird5,4,90,0.01,-0.31588654984603476,1512,37
bird5,4,90,0.1,-0.3127549633273811,1512,37
bird5,5,90,0.001,-0.41816326657967134,9072,48
bird5,5,90,0.01,-0.4110237719058844,9072,48
bird5,5,90,0.1,-0.40951370263296893,9072,48
bird5,0,91,0.001,-1.106339494629936,1,1
bird5,0,91,0.01,-1.1063399772869145,1,1
bird5,0,91,0.1,-1.1063448092751371,1,1
bird5,1,91,0.001,-0.3473808116105075,7,7
bird5,1,91,0.01,-0.3473966706284933,7,7
bird5,1,91,0.1,-0.34755838635351766,7,7
bird5,2,91,0.001,-0.30600387123902656,42,14
bird5,2,91,0.01,-0.30454599599918164,42,14
bird5,2,91,0.1,-0.3052821630027571,42,14
bird5,3,91,0.001,-0.3271347328173163,252,23
bird5,3,91,0.01,-0.3231062045950788,252,23
bird5,3,91,0.1,-0.3229680920979938,252,23
bird5,4,91,0.001,-0.3314619184855696,1512,37
bird5,4,91,0.01,-0.32947830891338037,1512,37
bird5,4,91,0.1,-0.3320078838631055,1512,37
bird5,5,91,0.001,-0.3805857798965871,9072,47
bird5,5,91,0.01,-0.37843760647117825,9072,47
bird5,5,91,0.1,-0.382869612339522,9072,47
bird5,0,92,0.001,-1.1621147593988115,1,1
bird5,0,92,0.01,-1.1621146675922904,1,1
bird5,0,92,0.1,-1.1621137561292951,1,1
bird5,1,92,0.001,-0.3420478602216463,7,7
bird5,1,92,0.01,-0.342071282539388,7,7
bird5,1,92,0.1,-0.34230585666990715,7,7
bird5,2,92,0.001,-0.2834572980416528,42,14
bird5,2,92,0.01,-0.2835091010054897,42,14
bird5,2,92,0.1,-0.2840316526395209,42,14
bird5,3,92,0.001,-0.2855280208188182,252,25
bird5,3,92,0.01,-0.28184869731357787,252,25
bird5,3,92,0.1,-0.2803677138819205,252,25
bird5,4,92,0.001,-0.28778701081747815,1512,35
bird5,4,92,0.01,-0.28398670004098314,1512,35
bird5,4,92,0.1,-0.2845787721262802,1512,35
bird5,5,92,0.001,-0.3177715960733069,9072,40
bird5,5,92,0.01,-0.31516799424734515,9072,40
bird5,5,92,0.1,-0.31803137390465525,9072,40
bird5,0,93,0.001,-1.1687378081394393,1,1
bird5,0,93,0.01,-1.1687372887035485,1,1
bird5,0,93,0.1,-1.1687321035087208,1,1
bird5,1,93,0.001,-0.3711206172240801,7,7
bird5,1,93,0.01,-0.371144886668727,7,7
bird5,1,93,0.1,-0.3713881569824147,7,7
bird5,2,93,0.001,-0.31039544929022855,42,13
bird5,2,93,0.01,-0.3078012908544541,42,13
bird5,2,93,0.1,-0.3057447227748846,42,13
bird5,3,93,0.001,-0.3037275319177604,252,20
bird5,3,93,0.01,-0.3007175781682545,252,20
bird5,3,93,0.1,-0.29890918254280585,252,20
bird5,4,93,0.001,-0.33799159240620047,1512,29
bird5,4,93,0.01,-0.33707813134247994,1512,29
bird5,4,93,0.1,-0.33790880773796056,1512,29
bird5,5,93,0.001,-0.32466150170319913,9072,38
bird5,5,93,0.01,-0.3225372553464307,9072,38
bird5,5,93,0.1,-0.32356859324551007,9072,38
bird5,0,94,0.001,-1.0986488816735809,1,1
bird5,0,94,0.01,-1.098649392453869,1,1
bird5,0,94,0.1,-1.098654505427772,1,1
bird5,1,94,0.001,-0.34343535615163295,7,7
bird5,1,94,0.01,-0.34345382401900565,7,7
bird5,1,94,0.1,-0.3436393593336257,7,7
bird5,2,94,0.001,-0.296821650873723,42,14
bird5,2,94,0.01,-0.2948853751995232,42,14
bird5,2,94,0.1,-0.29329388570757187,42,14
bird5,3,94,0.001,-0.321876157160651,252,23
bird5,3,94,0.01,-0.3139111706035943,252,23
bird5,3,94,0.1,-0.307129920692851,252,23
bird5,4,94,0.001,-0.3329073048703284,1512,32
bird5,4,94,0.01,-0.328548856648878,1512,32
bird5,4,94,0.1,-0.32595850514731767,1512,32
bird5,5,94,0.001,-0.35226281158986844,9072,39
bird5,5,94,0.01,-0.34739554947510753,9072,39
bird5,5,94,0.1,-0.34556127074942883,9072,39
bird5,0,95,0.001,-1.092769500005393,1,1
bird5,0,95,0.01,-1.0927701992194485,1,1
bird5,0,95,0.1,-1.0927771958424048,1,1
bird5,1,95,0.001,-0.3310671530843733,7,7
bird5,1,95,0.01,-0.3294224381127903,7,7
bird5,1,95,0.1,-0.32793453872564143,7,7
bird5,2,95,0.001,-0.27045980019474913,42,17
bird5,2,95,0.01,-0.270534417345212,42,17
bird5,2,95,0.1,-0.2712683640930185,42,17
bird5,3,95,0.001,-0.28698236392821447,252,25
bird5,3,95,0.01,-0.28458498344878697,252,25
bird5,3,95,0.1,-0.28403798720490686,252,25
bird5,4,95,0.001,-0.27278223748180924,1512,33
bird5,4,95,0.01,-0.27158129157647937,1512,33
bird5,4,95,0.1,-0.2731008367513324,1512,33
bird5,5,95,0.001,-0.3073748372387733,9072,38
bird5,5,95,0.01,-0.3061698369849946,9072,38
bird5,5,95,0.1,-0.30895319388667153,9072,38
bird5,0,96,0.001,-1.1335814278284788,1,1
bird5,0,96,0.01,-1.1335817093228635,1,1
bird5,0,96,0.1,-1.1335845300506344,1,1
bird5,1,96,0.001,-0.36121258459847966,7,7
bird5,1,96,0.01,-0.3596792173229184,7,7
bird5,1,96,0.1,-0.35833490207006946,7,7
bird5,2,96,0.001,-0.31297811882879256,42,16
bird5,2,96,0.01,-0.31138307893498535,42,16
bird5,2,96,0.1,-0.31096209327041047,42,16
bird5,3,96,0.001,-0.3923150635723008,252,25
bird5,3,96,0.01,-0.3671549327311848,252,25
bird5,3,96,0.1,-0.3457406558680526,252,25
bird5,4,96,0.001,-0.3988475178833626,1512,34
bird5,4,96,0.01,-0.36937966769964303,1512,34
bird5,4,96,0.1,-0.34598288680723127,1512,34
bird5,5,96,0.001,-0.42442045199469,9072,41
bird5,5,96,0.01,-0.3888018023357309,9072,41
bird5,5,96,0.1,-0.36223241526317546,9072,41
bird5,0,97,0.001,-1.1594232354149372,1,1
bird5,0,97,0.01,-1.1594230475048415,1,1
bird5,0,97,0.1,-1.159421175810536,1,1
bird5,1,97,0.001,-0.3594997934259608,7,7
bird5,1,97,0.01,-0.35871434851806844,7,7
bird5,1,97,0.1,-0.3581327470004853,7,7
bird5,2,97,0.001,-0.3039556919021563,42,15
bird5,2,97,0.01,-0.30224358393643674,42,15
bird5,2,97,0.1,-0.3012803902103964,42,15
bird5,3,97,0.001,-0.3149982604092725,252,25
bird5,3,97,0.01,-0.310818948462769,252,25
bird5,3,97,0.1,-0.3095128347243344,252,25
bird5,4,97,0.001,-0.3228923098649114,1512,31
bird5,4,97,0.01,-0.32185214082433106,1512,31
bird5,4,97,0.1,-0.3224366855744653,1512,31
bird5,5,97,0.001,-0.31365630571633574,9072,36
bird5,5,97,0.01,-0.3125940354613822,9072,36
bird5,5,97,0.1,-0.3140410007839427,9072,36
bird5,0,98,0.001,-1.1458051165138545,1,1
bird5,0,98,0.01,-1.145805102789583,1,1
bird5,0,98,0.1,-1.1458049718830867,1,1
bird5,1,98,0.001,-0.3429298374074121,7,7
bird5,1,98,0.01,-0.3410070603118564,7,7
bird5,1,98,0.1,-0.339311510161628,7,7
bird5,2,98,0.001,-0.2965087419536595,42,15
bird5,2,98,0.01,-0.2954294738830852,42,15
bird5,2,98,0.1,-0.2947658692117223,42,15
bird5,3,98,0.001,-0.30686969937107816,252,23
bird5,3,98,0.01,-0.3054826388717993,252,23
bird5,3,98,0.1,-0.3051947228644012,252,23
bird5,4,98,0.001,-0.30906001422796353,1512,34
bird5,4,98,0.01,-0.30618176601031083,1512,34
bird5,4,98,0.1,-0.3066399480865109,1512,34
bird5,5,98,0.001,-0.3088560260068351,9072,42
bird5,5,98,0.01,-0.3024517661781153,9072,42
bird5,5,98,0.1,-0.3024949233909098,9072,42
bird5,0,99,0.001,-1.1733944832288945,1,1
bird5,0,99,0.01,-1.1733941624434179,1,1
bird5,0,99,0.1,-1.1733909621242762,1,1
bird5,1,99,0.001,-0.3659810801605998,7,7
bird5,1,99,0.01,-0.36599899751918424,7,7
bird5,1,99,0.1,-0.36618070986977314,7,7
bird5,2,99,0.001,-0.3097741229377618,42,16
bird5,2,99,0.01,-0.30607543991957414,42,16
bird5,2,99,0.1,-0.3031702916211273,42,16
bird5,3,99,0.001,-0.3285528252282227,252,28
bird5,3,99,0.01,-0.3206339532011513,252,28
bird5,3,99,0.1,-0.3161440188351477,252,28
bird5,4,99,0.001,-0.3643136657775963,1512,37
bird5,4,99,0.01,-0.35813913692541666,1512,37
bird5,4,99,0.1,-0.35491900114274527,1512,37
bird5,5,99,0.001,-0.4084247740737159,9072,41
bird5,5,99,0.01,-0.40175179900991154,9072,41
bird5,5,99,0.1,-0.3986518957287255,9072,41
bird5,0,100,0.001,-1.140562159593218,1,1
bird5,0,100,0.01,-1.1405620231870246,1,1
bird5,0,100,0.1,-1.1405606669592259,1,1
bird5,1,100,0.001,-0.3598238035522422,7,7
bird5,1,100,0.01,-0.3583311945200882,7,7
bird5,1,100,0.1,-0.3570404255475031,7,7
bird5,2,100,0.001,-0.2919284059118938,42,16
bird5,2,100,0.01,-0.2903410297266459,42,16
bird5,2,100,0.1,-0.28922423053132496,42,16
bird5,3,100,0.001,-0.3091127801014935,252,25
bird5,3,100,0.01,-0.30242993845459126,252,25
bird5,3,100,0.1,-0.2974449281218266,252,25
bird5,4,100,0.001,-0.304987373525215,1512,37
bird5,4,100,0.01,-0.29890922596005115,1512,37
bird5,4,100,0.1,-0.2948347491933589,1512,37
bird5,5,100,0.001,-0.3744438940557395,9072,47
bird5,5,100,0.01,-0.36779725298659033,9072,47
bird5,5,100,0.1,-0.3635792081148829,9072,47
bird6,0,1,0.001,-1.7162191426669375,1,1
bird6,0,1,0.01,-1.716219192976097,1,1
bird6,0,1,0.1,-1.7162196963140963,1,1
bird6,1,1,0.001,-0.8835376918602974,7,7
bird6,1,1,0.01,-0.8835352687449252,7,7
bird6,1,1,0.1,-0.8835125002356953,7,7
bird6,2,1,0.001,-0.7076550026609738,42,35
bird6,2,1,0.01,-0.7057582746128214,42,35
bird6,2,1,0.1,-0.7043672707183604,42,35
bird6,3,1,0.001,-0.721667974285028,252,99
bird6,3,1,0.01,-0.7137946404803897,252,99
bird6,3,1,0.1,-0.7091717608046418,252,99
bird6,4,1,0.001,-0.7500362688384018,1512,179
bird6,4,1,0.01,-0.7322826574245468,1512,179
bird6,4,1,0.1,-0.7207094716677207,1512,179
bird6,5,1,0.001,-0.815804876580288,9072,276
bird6,5,1,0.01,-0.777791946362064,9072,276
bird6,5,1,0.1,-0.751487902078669,9072,276
bird6,0,2,0.001,-1.7251810509015577,1,1
bird6,0,2,0.01,-1.7251810605101996,1,1
bird6,0,2,0.1,-1.7251811568591593,1,1
bird6,1,2,0.001,-0.8891693931681393,7,7
bird6,1,2,0.01,-0.88916643736712,7,7
bird6,1,2,0.1,-0.8891384687095951,7,7
bird6,2,2,0.001,-0.7183695316247037,42,34
bird6,2,2,0.01,-0.7167158809531708,42,34
bird6,2,2,0.1,-0.7154118668129074,42,34
bird6,3,2,0.001,-0.7464742096317967,252,97
bird6,3,2,0.01,-0.735653597682012,252,97
bird6,3,2,0.1,-0.7280434992339911,252,97
bird6,4,2,0.001,-0.7685099349246485,1512,176
bird6,4,2,0.01,-0.7505403239956476,1512,176
bird6,4,2,0.1,-0.7384218144545958,1512,176
bird6,5,2,0.001,-0.791670953328107,9072,271
bird6,5,2,0.01,-0.7705156795382702,9072,271
bird6,5,2,0.1,-0.757844476731389,9072,271
bird6,0,3,0.001,-1.7400963536956953,1,1
bird6,0,3,0.01,-1.7400962997659701,1,1
bird6,0,3,0.1,-1.7400957607579077,1,1
bird6,1,3,0.001,-0.902519611500562,7,7
bird6,1,3,0.01,-0.9025185315403121,7,7
bird6,1,3,0.1,-0.9025097193332126,7,7
bird6,2,3,0.001,-0.7307230804499316,42,31
bird6,2,3,0.01,-0.7286187928629952,42,31
bird6,2,3,0.1,-0.7269215160182889,42,31
bird6,3,3,0.001,-0.7345616349196205,252,92
bird6,3,3,0.01,-0.7253009689507143,252,92
bird6,3,3,0.1,-0.7182409457943517,252,92
bird6,4,3,0.001,-0.781111272565794,1512,171
bird6,4,3,0.01,-0.7594293572587855,1512,171
bird6,4,3,0.1,-0.7424392254789549,1512,171
bird6,5,3,0.001,-0.7887352176328508,9072,257
bird6,5,3,0.01,-0.7661247534588375,9072,257
bird6,5,3,0.1,-0.750134352979519,9072,257
bird6,0,4,0.001,-1.7266280495565434,1,1
bird6,0,4,0.01,-1.7266280475249227,1,1
bird6,0,4,0.1,-1.7266280274955341,1,1
bird6,1,4,0.001,-0.9120952446497227,7,7
bird6,1,4,0.01,-0.9120967900665785,7,7
bird6,1,4,0.1,-0.9121128512207352,7,7
bird6,2,4,0.001,-0.736973649094789,42,35
bird6,2,4,0.01,-0.7340075293694853,42,35
bird6,2,4,0.1,-0.731378400874288,42,35
bird6,3,4,0.001,-0.740234804952024,252,92
bird6,3,4,0.01,-0.7327194989473871,252,92
bird6,3,4,0.1,-0.7274956072238066,252,92
bird6,4,4,0.001,-0.7802439534160641,1512,168
bird6,4,4,0.01,-0.7605314362203895,1512,168
bird6,4,4,0.1,-0.7458419071093053,1512,168
bird6,5,4,0.001,-0.811627772117518,9072,261
bird6,5,4,0.01,-0.7854677569549079,9072,261
bird6,5,4,0.1,-0.7678705434592193,9072,261
bird6,0,5,0.001,-1.726560452853293,1,1
bird6,0,5,0.01,-1.7265604614600014,1,1
bird6,0,5,0.1,-1.7265605477757735,1,1
bird6,1,5,0.001,-0.8968587017398183,7,7
bird6,1,5,0.01,-0.8968612324411304,7,7
bird6,1,5,0.1,-0.896887083886778,7,7
bird6,2,5,0.001,-0.7192700245112307,42,33
bird6,2,5,0.01,-0.717508461997369,42,33
bird6,2,5,0.1,-0.7160721836822517,42,33
bird6,3,5,0.001,-0.7586616425677861,252,94
bird6,3,5,0.01,-0.7407051158273245,252,94
bird6,3,5,0.1,-0.7266992100990094,252,94
bird6,4,5,0.001,-0.8018201840065277,1512,182
bird6,4,5,0.01,-0.7724167319699444,1512,182
bird6,4,5,0.1,-0.7488301716383466,1512,182
bird6,5,5,0.001,-0.8180592563078067,9072,274
bird6,5,5,0.01,-0.7908640792467418,9072,274
bird6,5,5,0.1,-0.770859664843895,9072,274
bird6,0,6,0.001,-1.7343608664710053,1,1
bird6,0,6,0.01,-1.7343608399655044,1,1
bird6,0,6,0.1,-1.7343605751888467,1,1
bird6,1,6,0.001,-0.9104588004620355,7,7
bird6,1,6,0.01,-0.9104586618055902,7,7
bird6,1,6,0.1,-0.9104582462856056,7,7
bird6,2,6,0.001,-0.7158263432077426,42,35
bird6,2,6,0.01,-0.7146635591968888,42,35
bird6,2,6,0.1,-0.7140102647924214,42,35
bird6,3,6,0.001,-0.7178232184907302,252,90
bird6,3,6,0.01,-0.71209014748537,252,90
bird6,3,6,0.1,-0.7081950009106075,252,90
bird6,4,6,0.001,-0.7440517621962002,1512,166
bird6,4,6,0.01,-0.7300563138186625,1512,166
bird6,4,6,0.1,-0.7208479422096964,1512,166
bird6,5,6,0.001,-0.7746722300585671,9072,261
bird6,5,6,0.01,-0.7507204636938798,9072,261
bird6,5,6,0.1,-0.7355220444583876,9072,261
bird6,0,7,0.001,-1.7300496260646605,1,1
bird6,0,7,0.01,-1.7300496231843303,1,1
bird6,0,7,0.1,-1.7300495946542285,1,1
bird6,1,7,0.001,-0.8986059553578811,7,7
bird6,1,7,0.01,-0.8986084128861255,7,7
bird6,1,7,0.1,-0.8986335456361362,7,7
bird6,2,7,0.001,-0.7219742137777264,42,32
bird6,2,7,0.01,-0.7212301677245258,42,32
bird6,2,7,0.1,-0.7207608036592688,42,32
bird6,3,7,0.001,-0.7173807455656827,252,84
bird6,3,7,0.01,-0.7115326733407367,252,84
bird6,3,7,0.1,-0.7076310989685126,252,84
bird6,4,7,0.001,-0.7488076795466587,1512,159
bird6,4,7,0.01,-0.7318413297713182,1512,159
bird6,4,7,0.1,-0.720206271663977,1512,159
bird6,5,7,0.001,-0.7891495517348773,9072,246
bird6,5,7,0.01,-0.7598091199045284,9072,246
bird6,5,7,0.1,-0.7397770732527963,9072,246
bird6,0,8,0.001,-1.7347404524330257,1,1
bird6,0,8,0.01,-1.734740422510247,1,1
bird6,0,8,0.1,-1.7347401235705107,1,1
bird6,1,8,0.001,-0.9089250044010613,7,7
bird6,1,8,0.01,-0.9089224574489352,7,7
bird6,1,8,0.1,-0.908898068543428,7,7
bird6,2,8,0.001,-0.7402318605344561,42,35
bird6,2,8,0.01,-0.7374723637591013,42,35
bird6,2,8,0.1,-0.7351904022879779,42,35
bird6,3,8,0.001,-0.7510338060823203,252,100
bird6,3,8,0.01,-0.7421595475504313,252,100
bird6,3,8,0.1,-0.7365211417163695,252,100
bird6,4,8,0.001,-0.7873997226996802,1512,191
bird6,4,8,0.01,-0.7646547123263898,1512,191
bird6,4,8,0.1,-0.7486190839097082,1512,191
bird6,5,8,0.001,-0.8249927566366402,9072,294
bird6,5,8,0.01,-0.7925302005799486,9072,294
bird6,5,8,0.1,-0.7699279173513975,9072,294
bird6,0,9,0.001,-1.7250674355192595,1,1
bird6,0,9,0.01,-1.725067438738721,1,1
bird6,0,9,0.1,-1.7250674712046348,1,1
bird6,1,9,0.001,-0.8866169518851263,7,7
bird6,1,9,0.01,-0.8866170794916044,7,7
bird6,1,9,0.1,-0.8866196117644494,7,7
bird6,2,9,0.001,-0.7075922105200118,42,35
bird6,2,9,0.01,-0.7068124908347795,42,35
bird6,2,9,0.1,-0.7063071853519237,42,35
bird6,3,9,0.001,-0.7269878496193549,252,90
bird6,3,9,0.01,-0.7145917466373207,252,90
bird6,3,9,0.1,-0.7052615888000128,252,90
bird6,4,9,0.001,-0.7819689471901974,1512,165
bird6,4,9,0.01,-0.7511734296816126,1512,165
bird6,4,9,0.1,-0.7271594752005863,1512,165
bird6,5,9,0.001,-0.8153880338698518,9072,244
bird6,5,9,0.01,-0.7801504936498741,9072,244
bird6,5,9,0.1,-0.7528744317543037,9072,244
bird6,0,10,0.001,-1.7237736310112624,1,1
bird6,0,10,0.01,-1.7237736485198745,1,1
bird6,0,10,0.1,-1.7237738238611586,1,1
bird6,1,10,0.001,-0.8788449935274201,7,7
bird6,1,10,0.01,-0.8788487755750168,7,7
bird6,1,10,0.1,-0.8788869806771281,7,7
bird6,2,10,0.001,-0.7152273129573105,42,34
bird6,2,10,0.01,-0.710252349275694,42,34
bird6,2,10,0.1,-0.7057167854601584,42,34
bird6,3,10,0.001,-0.7203443136279175,252,88
bird6,3,10,0.01,-0.7118083714976492,252,88
bird6,3,10,0.1,-0.7050782458559264,252,88
bird6,4,10,0.001,-0.7323710572474645,1512,166
bird6,4,10,0.01,-0.7205526287376097,1512,166
bird6,4,10,0.1,-0.7124820222453105,1512,166
bird6,5,10,0.001,-0.7594636291545139,9072,246
bird6,5,10,0.01,-0.7406614795217644,9072,246
bird6,5,10,0.1,-0.7284839088061635,9072,246
bird6,0,11,0.001,-1.7252435649499591,1,1
bird6,0,11,0.01,-1.725243568968986,1,1
bird6,0,11,0.1,-1.7252436094286199,1,1
bird6,1,11,0.001,-0.922090327407815,7,7
bird6,1,11,0.01,-0.9220831686062886,7,7
bird6,1,11,0.1,-0.9220145012440957,7,7
bird6,2,11,0.001,-0.7641199809340611,42,35
bird6,2,11,0.01,-0.7575962126260586,42,35
bird6,2,11,0.1,-0.7517559122339323,42,35
bird6,3,11,0.001,-0.7815547302427902,252,105
bird6,3,11,0.01,-0.7692948428826902,252,105
bird6,3,11,0.1,-0.7607064863681909,252,105
bird6,4,11,0.001,-0.82686037819149,1512,193
bird6,4,11,0.01,-0.8004542515138467,1512,193
bird6,4,11,0.1,-0.7807189254308434,1512,193
bird6,5,11,0.001,-0.8877570592393554,9072,298
bird6,5,11,0.01,-0.8451469983616797,9072,298
bird6,5,11,0.1,-0.8135598250266299,9072,298
bird6,0,12,0.001,-1.7336886528325894,1,1
bird6,0,12,0.01,-1.7336886259973672,1,1
bird6,0,12,0.1,-1.7336883579327218,1,1
bird6,1,12,0.001,-0.9135192014299249,7,7
bird6,1,12,0.01,-0.9135202571897468,7,7
bird6,1,12,0.1,-0.9135315235657907,7,7
bird6,2,12,0.001,-0.731390477300024,42,36
bird6,2,12,0.01,-0.72832378064207,42,36
bird6,2,12,0.1,-0.725626167333438,42,36
bird6,3,12,0.001,-0.7364313542736534,252,96
bird6,3,12,0.01,-0.727748982763824,252,96
bird6,3,12,0.1,-0.7214201692045854,252,96
bird6,4,12,0.001,-0.7761567244516859,1512,179
bird6,4,12,0.01,-0.7552282253165282,1512,179
bird6,4,12,0.1,-0.7392405694880797,1512,179
bird6,5,12,0.001,-0.8108239892637212,9072,278
bird6,5,12,0.01,-0.7809332128649331,9072,278
bird6,5,12,0.1,-0.7596372304290538,9072,278
bird6,0,13,0.001,-1.7293383588853226,1,1
bird6,0,13,0.01,-1.729338346245368,1,1
bird6,0,13,0.1,-1.729338220139101,1,1
bird6,1,13,0.001,-0.888264481751022,7,7
bird6,1,13,0.01,-0.888268903204225,7,7
bird6,1,13,0.1,-0.8883135610518609,7,7
bird6,2,13,0.001,-0.7033902511879941,42,33
bird6,2,13,0.01,-0.7023318842535425,42,33
bird6,2,13,0.1,-0.7016726358754384,42,33
bird6,3,13,0.001,-0.7018776767200827,252,84
bird6,3,13,0.01,-0.6978423895513117,252,84
bird6,3,13,0.1,-0.6953275202030377,252,84
bird6,4,13,0.001,-0.7312158314517717,1512,159
bird6,4,13,0.01,-0.7146982993932365,1512,159
bird6,4,13,0.1,-0.7027449145415823,1512,159
bird6,5,13,0.001,-0.7540977263610859,9072,251
bird6,5,13,0.01,-0.7305703447773746,9072,251
bird6,5,13,0.1,-0.714366848106228,9072,251
bird6,0,14,0.001,-1.7395522577609885,1,1
bird6,0,14,0.01,-1.739552203683816,1,1
bird6,0,14,0.1,-1.7395516632089132,1,1
bird6,1,14,0.001,-0.8880933090914988,7,7
bird6,1,14,0.01,-0.8880968111357168,7,7
bird6,1,14,0.1,-0.8881323465941244,7,7
bird6,2,14,0.001,-0.7165121681314736,42,33
bird6,2,14,0.01,-0.7144748183328704,42,33
bird6,2,14,0.1,-0.712682834919792,42,33
bird6,3,14,0.001,-0.7178465756088032,252,90
bird6,3,14,0.01,-0.7107129383028747,252,90
bird6,3,14,0.1,-0.705501328785853,252,90
bird6,4,14,0.001,-0.7456986692836062,1512,165
bird6,4,14,0.01,-0.729568073876228,1512,165
bird6,4,14,0.1,-0.7177742843346874,1512,165
bird6,5,14,0.001,-0.7919541656309336,9072,251
bird6,5,14,0.01,-0.7647716548273574,9072,251
bird6,5,14,0.1,-0.7454425048068765,9072,251
bird6,0,15,0.001,-1.746207672532628,1,1
bird6,0,15,0.01,-1.7462075975990248,1,1
bird6,0,15,0.1,-1.7462068485655264,1,1
bird6,1,15,0.001,-0.8884360586747229,7,7
bird6,1,15,0.01,-0.8884373211823613,7,7
bird6,1,15,0.1,-0.8884506537824567,7,7
bird6,2,15,0.001,-0.712317697081516,42,35
bird6,2,15,0.01,-0.7106654327012872,42,35
bird6,2,15,0.1,-0.7093728874860743,42,35
bird6,3,15,0.001,-0.7315051976562026,252,94
bird6,3,15,0.01,-0.7165193978506771,252,94
bird6,3,15,0.1,-0.7055307467281444,252,94
bird6,4,15,0.001,-0.7880638969587322,1512,175
bird6,4,15,0.01,-0.7563209627594333,1512,175
bird6,4,15,0.1,-0.7319433403839316,1512,175
bird6,5,15,0.001,-0.7803217878193391,9072,263
bird6,5,15,0.01,-0.757532246461848,9072,263
bird6,5,15,0.1,-0.742724967636187,9072,263
bird6,0,16,0.001,-1.7261251648520124,1,1
bird6,0,16,0.01,-1.7261251767998385,1,1
bird6,0,16,0.1,-1.7261252965247058,1,1
bird6,1,16,0.001,-0.8883488433464605,7,7
bird6,1,16,0.01,-0.888352058022238,7,7
bird6,1,16,0.1,-0.8883846028058364,7,7
bird6,2,16,0.001,-0.7148194465336399,42,31
bird6,2,16,0.01,-0.7139525627854634,42,31
bird6,2,16,0.1,-0.7132725254527856,42,31
bird6,3,16,0.001,-0.7237216773943191,252,87
bird6,3,16,0.01,-0.7151497863167932,252,87
bird6,3,16,0.1,-0.7089540880516771,252,87
bird6,4,16,0.001,-0.7679771502758691,1512,166
bird6,4,16,0.01,-0.7452544436432806,1512,166
bird6,4,16,0.1,-0.7279298286643535,1512,166
bird6,5,16,0.001,-0.7840124146519132,9072,258
bird6,5,16,0.01,-0.7584720866001083,9072,258
bird6,5,16,0.1,-0.7416064337066361,9072,258
bird6,0,17,0.001,-1.7102321518240298,1,1
bird6,0,17,0.01,-1.7102322198219688,1,1
bird6,0,17,0.1,-1.7102329000249197,1,1
bird6,1,17,0.001,-0.8990906684104109,7,7
bird6,1,17,0.01,-0.899089062616961,7,7
bird6,1,17,0.1,-0.8990740484587009,7,7
bird6,2,17,0.001,-0.7306132549987324,42,36
bird6,2,17,0.01,-0.7275033989443278,42,36
bird6,2,17,0.1,-0.724719805430715,42,36
bird6,3,17,0.001,-0.7396660423243762,252,102
bird6,3,17,0.01,-0.7273839885728908,252,102
bird6,3,17,0.1,-0.7188445165934649,252,102
bird6,4,17,0.001,-0.7725730023240455,1512,182
bird6,4,17,0.01,-0.7505548007563891,1512,182
bird6,4,17,0.1,-0.7346524162717302,1512,182
bird6,5,17,0.001,-0.8078096300995737,9072,268
bird6,5,17,0.01,-0.7787541953861591,9072,268
bird6,5,17,0.1,-0.7587643986839138,9072,268
bird6,0,18,0.001,-1.7216997074517246,1,1
bird6,0,18,0.01,-1.721699727631665,1,1
bird6,0,18,0.1,-1.7216999296973956,1,1
bird6,1,18,0.001,-0.9031418907938321,7,7
bird6,1,18,0.01,-0.9016015756166018,7,7
bird6,1,18,0.1,-0.9000839964505357,7,7
bird6,2,18,0.001,-0.7273590405587481,42,36
bird6,2,18,0.01,-0.7250111352373158,42,36
bird6,2,18,0.1,-0.7229244682357695,42,36
bird6,3,18,0.001,-0.7389713935631917,252,97
bird6,3,18,0.01,-0.7313829690242423,252,97
bird6,3,18,0.1,-0.7260992262695621,252,97
bird6,4,18,0.001,-0.7608016122834688,1512,174
bird6,4,18,0.01,-0.7450861735877836,1512,174
bird6,4,18,0.1,-0.7340664425213909,1512,174
bird6,5,18,0.001,-0.7789097992444026,9072,265
bird6,5,18,0.01,-0.7590109675493698,9072,265
bird6,5,18,0.1,-0.7464752756148353,9072,265
bird6,0,19,0.001,-1.7161863024979702,1,1
bird6,0,19,0.01,-1.716186356018185,1,1
bird6,0,19,0.1,-1.7161868914483247,1,1
bird6,1,19,0.001,-0.8856384246527621,7,7
bird6,1,19,0.01,-0.8856373008289818,7,7
bird6,1,19,0.1,-0.8856270700992932,7,7
bird6,2,19,0.001,-0.7116742784345554,42,35
bird6,2,19,0.01,-0.7065248984292107,42,35
bird6,2,19,0.1,-0.7020513484333291,42,35
bird6,3,19,0.001,-0.7189298725737963,252,91
bird6,3,19,0.01,-0.7090939460223109,252,91
bird6,3,19,0.1,-0.7017078217590416,252,91
bird6,4,19,0.001,-0.7385224565708164,1512,162
bird6,4,19,0.01,-0.7232518058990166,1512,162
bird6,4,19,0.1,-0.7127644483592864,1512,162
bird6,5,19,0.001,-0.7691090590635142,9072,243
bird6,5,19,0.01,-0.7469335957514571,9072,243
bird6,5,19,0.1,-0.7323659626201681,9072,243
bird6,0,20,0.001,-1.7272269545128576,1,1
bird6,0,20,0.01,-1.727226960959203,1,1
bird6,0,20,0.1,-1.7272270256926467,1,1
bird6,1,20,0.001,-0.895647484155804,7,7
bird6,1,20,0.01,-0.8956489832481154,7,7
bird6,1,20,0.1,-0.8956645884571373,7,7
bird6,2,20,0.001,-0.723247067619593,42,35
bird6,2,20,0.01,-0.7190332899122611,42,35
bird6,2,20,0.1,-0.7151601510949289,42,35
bird6,3,20,0.001,-0.7295326672699215,252,101
bird6,3,20,0.01,-0.7224527542606383,252,101
bird6,3,20,0.1,-0.7175901254905667,252,101
bird6,4,20,0.001,-0.7703213100182057,1512,189
bird6,4,20,0.01,-0.7493715882745793,1512,189
bird6,4,20,0.1,-0.7336933891196148,1512,189
bird6,5,20,0.001,-0.8073408203082114,9072,288
bird6,5,20,0.01,-0.7796720706784842,9072,288
bird6,5,20,0.1,-0.7596804487561276,9072,288
bird6,0,21,0.001,-1.7318966832308345,1,1
bird6,0,21,0.01,-1.7318966585812454,1,1
bird6,0,21,0.1,-1.731896412367949,1,1
bird6,1,21,0.001,-0.9181930050804546,7,7
bird6,1,21,0.01,-0.9173748828401335,7,7
bird6,1,21,0.1,-0.9165599291746317,7,7
bird6,2,21,0.001,-0.7431185710508502,42,36
bird6,2,21,0.01,-0.7376717692249762,42,36
bird6,2,21,0.1,-0.7325621277652727,42,36
bird6,3,21,0.001,-0.7566384171655737,252,98
bird6,3,21,0.01,-0.7437524138729329,252,98
bird6,3,21,0.1,-0.7337362019388536,252,98
bird6,4,21,0.001,-0.8084620372773453,1512,184
bird6,4,21,0.01,-0.7810826371657897,1512,184
bird6,4,21,0.1,-0.7594862158395526,1512,184
bird6,5,21,0.001,-0.814887472468574,9072,276
bird6,5,21,0.01,-0.7900129934254387,9072,276
bird6,5,21,0.1,-0.7718447437051782,9072,276
bird6,0,22,0.001,-1.7176327227318355,1,1
bird6,0,22,0.01,-1.7176327662677628,1,1
bird6,0,22,0.1,-1.717633201875518,1,1
bird6,1,22,0.001,-0.8860262735816186,7,7
bird6,1,22,0.01,-0.8860278909725489,7,7
bird6,1,22,0.1,-0.8860446905751849,7,7
bird6,2,22,0.001,-0.718201134653417,42,35
bird6,2,22,0.01,-0.7127351742151887,42,35
bird6,2,22,0.1,-0.7079511508138041,42,35
bird6,3,22,0.001,-0.7218495882937129,252,102
bird6,3,22,0.01,-0.7109116381863768,252,102
bird6,3,22,0.1,-0.7021955888201267,252,102
bird6,4,22,0.001,-0.7568827784718376,1512,186
bird6,4,22,0.01,-0.7338605216637396,1512,186
bird6,4,22,0.1,-0.716560557527514,1512,186
bird6,5,22,0.001,-0.7695107471653045,9072,284
bird6,5,22,0.01,-0.7447644679968316,9072,284
bird6,5,22,0.1,-0.7282568082440276,9072,284
bird6,0,23,0.001,-1.7203270107932573,1,1
bird6,0,23,0.01,-1.720327045524136,1,1
bird6,0,23,0.1,-1.7203273930764458,1,1
bird6,1,23,0.001,-0.8858426686698956,7,7
bird6,1,23,0.01,-0.8858387609789452,7,7
bird6,1,23,0.1,-0.8858036707605221,7,7
bird6,2,23,0.001,-0.7058115574917684,42,35
bird6,2,23,0.01,-0.7016938008488929,42,35
bird6,2,23,0.1,-0.6981247865941035,42,35
bird6,3,23,0.001,-0.7184350383767573,252,95
bird6,3,23,0.01,-0.7089467693937459,252,95
bird6,3,23,0.1,-0.7013861149544863,252,95
bird6,4,23,0.001,-0.7298450952554024,1512,168
bird6,4,23,0.01,-0.718268004125023,1512,168
bird6,4,23,0.1,-0.7104720363630252,1512,168
bird6,5,23,0.001,-0.754179092817913,9072,254
bird6,5,23,0.01,-0.7335683625401708,9072,254
bird6,5,23,0.1,-0.7199328148448734,9072,254
bird6,0,24,0.001,-1.7122963566036646,1,1
bird6,0,24,0.01,-1.7122964238959413,1,1
bird6,0,24,0.1,-1.7122970970631637,1,1
bird6,1,24,0.001,-0.8721114658259963,7,7
bird6,1,24,0.01,-0.8713820680090305,7,7
bird6,1,24,0.1,-0.8706904980617096,7,7
bird6,2,24,0.001,-0.6906565624051061,42,35
bird6,2,24,0.01,-0.689554556471632,42,35
bird6,2,24,0.1,-0.6887456230033826,42,35
bird6,3,24,0.001,-0.6991204400125905,252,91
bird6,3,24,0.01,-0.6903010945671342,252,91
bird6,3,24,0.1,-0.6840481087267614,252,91
bird6,4,24,0.001,-0.7351239527093522,1512,164
bird6,4,24,0.01,-0.7161358328595888,1512,164
bird6,4,24,0.1,-0.7010799389245985,1512,164
bird6,5,24,0.001,-0.7349451659499759,9072,245
bird6,5,24,0.01,-0.7161784633203954,9072,245
bird6,5,24,0.1,-0.7041191524850382,9072,245
bird6,0,25,0.001,-1.708971356904207,1,1
bird6,0,25,0.01,-1.708971435905502,1,1
bird6,0,25,0.1,-1.708972226138925,1,1
bird6,1,25,0.001,-0.9100969913875357,7,7
bird6,1,25,0.01,-0.9100988789788649,7,7
bird6,1,25,0.1,-0.910118212929208,7,7
bird6,2,25,0.001,-0.7298390698307967,42,33
bird6,2,25,0.01,-0.7273100680180147,42,33
bird6,2,25,0.1,-0.7250323967005089,42,33
bird6,3,25,0.001,-0.7465816884460953,252,90
bird6,3,25,0.01,-0.7374271160558927,252,90
bird6,3,25,0.1,-0.7304457996914653,252,90
bird6,4,25,0.001,-0.7750021866190334,1512,167
bird6,4,25,0.01,-0.7546531181769869,1512,167
bird6,4,25,0.1,-0.7391399409110115,1512,167
bird6,5,25,0.001,-0.8259463145549619,9072,264
bird6,5,25,0.01,-0.7950003647107919,9072,264
bird6,5,25,0.1,-0.7719966520348674,9072,264
bird6,0,26,0.001,-1.727581338868317,1,1
bird6,0,26,0.01,-1.7275813366592907,1,1
bird6,0,26,0.1,-1.7275813148323915,1,1
bird6,1,26,0.001,-0.9157723863249326,7,7
bird6,1,26,0.01,-0.9157715347928411,7,7
bird6,1,26,0.1,-0.9157639284999921,7,7
bird6,2,26,0.001,-0.7495598480443814,42,35
bird6,2,26,0.01,-0.7478607962375752,42,35
bird6,2,26,0.1,-0.7464950299390012,42,35
bird6,3,26,0.001,-0.7649468548784144,252,92
bird6,3,26,0.01,-0.7551739525189444,252,92
bird6,3,26,0.1,-0.7473829416779564,252,92
bird6,4,26,0.001,-0.8060348234532785,1512,175
bird6,4,26,0.01,-0.7789002143069489,1512,175
bird6,4,26,0.1,-0.7584163488469959,1512,175
bird6,5,26,0.001,-0.8513840402498214,9072,273
bird6,5,26,0.01,-0.8120381700767202,9072,273
bird6,5,26,0.1,-0.7832343040611381,9072,273
bird6,0,27,0.001,-1.7319889401373028,1,1
bird6,0,27,0.01,-1.7319889169778622,1,1
bird6,0,27,0.1,-1.731988685659791,1,1
bird6,1,27,0.001,-0.9006790102378539,7,7
bird6,1,27,0.01,-0.8998371322949408,7,7
bird6,1,27,0.1,-0.8989188954205479,7,7
bird6,2,27,0.001,-0.7293627176995634,42,37
bird6,2,27,0.01,-0.7230525927524907,42,37
bird6,2,27,0.1,-0.7175665188379408,42,37
bird6,3,27,0.001,-0.7506752549084877,252,100
bird6,3,27,0.01,-0.7367363895272286,252,100
bird6,3,27,0.1,-0.7266778778337116,252,100
bird6,4,27,0.001,-0.7877086901868413,1512,182
bird6,4,27,0.01,-0.7612251816228257,1512,182
bird6,4,27,0.1,-0.7433977509516365,1512,182
bird6,5,27,0.001,-0.8209929286950891,9072,274
bird6,5,27,0.01,-0.7847938190376497,9072,274
bird6,5,27,0.1,-0.7605088827403051,9072,274
bird6,0,28,0.001,-1.737385474780273,1,1
bird6,0,28,0.01,-1.7373854309580206,1,1
bird6,0,28,0.1,-1.7373849930291572,1,1
bird6,1,28,0.001,-0.8953674738443641,7,7
bird6,1,28,0.01,-0.8945816729396145,7,7
bird6,1,28,0.1,-0.8938321173816772,7,7
bird6,2,28,0.001,-0.7266509937269202,42,35
bird6,2,28,0.01,-0.7242441704986808,42,35
bird6,2,28,0.1,-0.7220732680417029,42,35
bird6,3,28,0.001,-0.7491516445710179,252,89
bird6,3,28,0.01,-0.7356786811083148,252,89
bird6,3,28,0.1,-0.7238130188951514,252,89
bird6,4,28,0.001,-0.7743821087134413,1512,164
bird6,4,28,0.01,-0.751725262630651,1512,164
bird6,4,28,0.1,-0.7330290831987211,1512,164
bird6,5,28,0.001,-0.7966072428821467,9072,248
bird6,5,28,0.01,-0.7725666552101275,9072,248
bird6,5,28,0.1,-0.7544808206267012,9072,248
bird6,0,29,0.001,-1.7336087417160506,1,1
bird6,0,29,0.01,-1.7336087175174173,1,1
bird6,0,29,0.1,-1.7336084757990764,1,1
bird6,1,29,0.001,-0.889526584524104,7,7
bird6,1,29,0.01,-0.8886567483353685,7,7
bird6,1,29,0.1,-0.8878057102091886,7,7
bird6,2,29,0.001,-0.7020829515096438,42,35
bird6,2,29,0.01,-0.700319229656843,42,35
bird6,2,29,0.1,-0.6988939543727802,42,35
bird6,3,29,0.001,-0.710486406852461,252,91
bird6,3,29,0.01,-0.704001516895648,252,91
bird6,3,29,0.1,-0.6995933655918797,252,91
bird6,4,29,0.001,-0.7495386157325332,1512,162
bird6,4,29,0.01,-0.7305022060221669,1512,162
bird6,4,29,0.1,-0.7168114171970428,1512,162
bird6,5,29,0.001,-0.7712206683361065,9072,241
bird6,5,29,0.01,-0.7497031200065233,9072,241
bird6,5,29,0.1,-0.734903043981162,9072,241
bird6,0,30,0.001,-1.7216939406605434,1,1
bird6,0,30,0.01,-1.721693968014325,1,1
bird6,0,30,0.1,-1.7216942417905006,1,1
bird6,1,30,0.001,-0.9069344703864907,7,7
bird6,1,30,0.01,-0.90605014425313,7,7
bird6,1,30,0.1,-0.9051704435419272,7,7
bird6,2,30,0.001,-0.7333189937972358,42,37
bird6,2,30,0.01,-0.7283696848396887,42,37
bird6,2,30,0.1,-0.7238889966771305,42,37
bird6,3,30,0.001,-0.7419339684021213,252,90
bird6,3,30,0.01,-0.7339835441579239,252,90
bird6,3,30,0.1,-0.7283465520636034,252,90
bird6,4,30,0.001,-0.7651626878166959,1512,159
bird6,4,30,0.01,-0.7491921078207231,1512,159
bird6,4,30,0.1,-0.7384199622803083,1512,159
bird6,5,30,0.001,-0.804774572734363,9072,238
bird6,5,30,0.01,-0.778255294156378,9072,238
bird6,5,30,0.1,-0.7607384325717644,9072,238
bird6,0,31,0.001,-1.7272880572190832,1,1
bird6,0,31,0.01,-1.7272880549822602,1,1
bird6,0,31,0.1,-1.7272880328912021,1,1
bird6,1,31,0.001,-0.8881806520298567,7,7
bird6,1,31,0.01,-0.8881834500928186,7,7
bird6,1,31,0.1,-0.8882120633724659,7,7
bird6,2,31,0.001,-0.715085578437987,42,32
bird6,2,31,0.01,-0.7143254429289511,42,32
bird6,2,31,0.1,-0.7137931482275471,42,32
bird6,3,31,0.001,-0.7165685564178745,252,87
bird6,3,31,0.01,-0.7113919619556925,252,87
bird6,3,31,0.1,-0.7080180760977455,252,87
bird6,4,31,0.001,-0.7585511731167286,1512,160
bird6,4,31,0.01,-0.738485357289271,1512,160
bird6,4,31,0.1,-0.7231241016886781,1512,160
bird6,5,31,0.001,-0.7702909087489421,9072,245
bird6,5,31,0.01,-0.7472178341596579,9072,245
bird6,5,31,0.1,-0.7317326562298754,9072,245
bird6,0,32,0.001,-1.738036213993823,1,1
bird6,0,32,0.01,-1.7380361661361863,1,1
bird6,0,32,0.1,-1.7380356878523244,1,1
bird6,1,32,0.001,-0.9062101439815827,7,7
bird6,1,32,0.01,-0.906205585177591,7,7
bird6,1,32,0.1,-0.9061635045395868,7,7
bird6,2,32,0.001,-0.7436061147731613,42,34
bird6,2,32,0.01,-0.7411392516522544,42,34
bird6,2,32,0.1,-0.7389423500497646,42,34
bird6,3,32,0.001,-0.7712454118954722,252,93
bird6,3,32,0.01,-0.7592060588134706,252,93
bird6,3,32,0.1,-0.7495488560282332,252,93
bird6,4,32,0.001,-0.8036452753141511,1512,180
bird6,4,32,0.01,-0.7808635059416661,1512,180
bird6,4,32,0.1,-0.7630922322673815,1512,180
bird6,5,32,0.001,-0.8393682745626333,9072,282
bird6,5,32,0.01,-0.8090692626866443,9072,282
bird6,5,32,0.1,-0.7869592913264317,9072,282
bird6,0,33,0.001,-1.7222767139760247,1,1
bird6,0,33,0.01,-1.7222767424577452,1,1
bird6,0,33,0.1,-1.7222770275233859,1,1
bird6,1,33,0.001,-0.8914686605980527,7,7
bird6,1,33,0.01,-0.8914724601088025,7,7
bird6,1,33,0.1,-0.8915108636305726,7,7
bird6,2,33,0.001,-0.7120669752134327,42,33
bird6,2,33,0.01,-0.7088408057285475,42,33
bird6,2,33,0.1,-0.7062159583843223,42,33
bird6,3,33,0.001,-0.706741589617033,252,81
bird6,3,33,0.01,-0.6987739053909304,252,81
bird6,3,33,0.1,-0.692825683992685,252,81
bird6,4,33,0.001,-0.7225860598866058,1512,153
bird6,4,33,0.01,-0.7096524737944581,1512,153
bird6,4,33,0.1,-0.7005865363730275,1512,153
bird6,5,33,0.001,-0.7622314039515355,9072,232
bird6,5,33,0.01,-0.7387298903368611,9072,232
bird6,5,33,0.1,-0.7225846969793419,9072,232
bird6,0,34,0.001,-1.7338073427590353,1,1
bird6,0,34,0.01,-1.7338073191069006,1,1
bird6,0,34,0.1,-1.7338070828616348,1,1
bird6,1,34,0.001,-0.9137330090930308,7,7
bird6,1,34,0.01,-0.9137358488371001,7,7
bird6,1,34,0.1,-0.9137647315586748,7,7
bird6,2,34,0.001,-0.7439171442031128,42,31
bird6,2,34,0.01,-0.7389913777070188,42,31
bird6,2,34,0.1,-0.7342247010864014,42,31
bird6,3,34,0.001,-0.743609191449406,252,83
bird6,3,34,0.01,-0.7338800833765752,252,83
bird6,3,34,0.1,-0.7256671646283199,252,83
bird6,4,34,0.001,-0.7862503942114029,1512,162
bird6,4,34,0.01,-0.7661143175783811,1512,162
bird6,4,34,0.1,-0.7499125833205675,1512,162
bird6,5,34,0.001,-0.8250087967966605,9072,256
bird6,5,34,0.01,-0.7923369645227163,9072,256
bird6,5,34,0.1,-0.7679517960403096,9072,256
bird6,0,35,0.001,-1.7171463609685003,1,1
bird6,0,35,0.01,-1.7171464067492186,1,1
bird6,0,35,0.1,-1.7171468648118715,1,1
bird6,1,35,0.001,-0.8898603580593647,7,7
bird6,1,35,0.01,-0.8898595589106627,7,7
bird6,1,35,0.1,-0.8898525996417891,7,7
bird6,2,35,0.001,-0.7154678441667667,42,37
bird6,2,35,0.01,-0.7128740965984555,42,37
bird6,2,35,0.1,-0.7107782112854821,42,37
bird6,3,35,0.001,-0.726720671968166,252,101
bird6,3,35,0.01,-0.7168973454821994,252,101
bird6,3,35,0.1,-0.7112669474575604,252,101
bird6,4,35,0.001,-0.7683050004367079,1512,181
bird6,4,35,0.01,-0.746765367165757,1512,181
bird6,4,35,0.1,-0.7318639488075598,1512,181
bird6,5,35,0.001,-0.8178255795879111,9072,273
bird6,5,35,0.01,-0.7828794137068851,9072,273
bird6,5,35,0.1,-0.7587504514107095,9072,273
bird6,0,36,0.001,-1.740265864618531,1,1
bird6,0,36,0.01,-1.7402658078776436,1,1
bird6,0,36,0.1,-1.7402652407774555,1,1
bird6,1,36,0.001,-0.9157781600677075,7,7
bird6,1,36,0.01,-0.9150268387664561,7,7
bird6,1,36,0.1,-0.9142436983825473,7,7
bird6,2,36,0.001,-0.7406831092976351,42,37
bird6,2,36,0.01,-0.7349905396604696,42,37
bird6,2,36,0.1,-0.7297676143927815,42,37
bird6,3,36,0.001,-0.7645047943507733,252,103
bird6,3,36,0.01,-0.7484465970942958,252,103
bird6,3,36,0.1,-0.7355084005220028,252,103
bird6,4,36,0.001,-0.7953820295274124,1512,190
bird6,4,36,0.01,-0.7718218992810182,1512,190
bird6,4,36,0.1,-0.7538487638753928,1512,190
bird6,5,36,0.001,-0.8210120632241058,9072,295
bird6,5,36,0.01,-0.7937819450630195,9072,295
bird6,5,36,0.1,-0.7745691817941355,9072,295
bird6,0,37,0.001,-1.7228764307903552,1,1
bird6,0,37,0.01,-1.7228764446943288,1,1
bird6,0,37,0.1,-1.7228765839880487,1,1
bird6,1,37,0.001,-0.9331052284666931,7,7
bird6,1,37,0.01,-0.9330992921616081,7,7
bird6,1,37,0.1,-0.9330414397863045,7,7
bird6,2,37,0.001,-0.76641683238824,42,36
bird6,2,37,0.01,-0.7612175671292254,42,36
bird6,2,37,0.1,-0.7565775662279204,42,36
bird6,3,37,0.001,-0.7830229826387015,252,102
bird6,3,37,0.01,-0.7684500838873101,252,102
bird6,3,37,0.1,-0.7585631386876328,252,102
bird6,4,37,0.001,-0.8683717721754725,1512,196
bird6,4,37,0.01,-0.8282296570428848,1512,196
bird6,4,37,0.1,-0.798112473254458,1512,196
bird6,5,37,0.001,-0.9066327026526707,9072,291
bird6,5,37,0.01,-0.8611971707358215,9072,291
bird6,5,37,0.1,-0.8277478339804919,9072,291
bird6,0,38,0.001,-1.728271265847265,1,1
bird6,0,38,0.01,-1.7282712633399633,1,1
bird6,0,38,0.1,-1.7282712385561834,1,1
bird6,1,38,0.001,-0.9181532053743993,7,7
bird6,1,38,0.01,-0.9174343222911008,7,7
bird6,1,38,0.1,-0.9166446504265153,7,7
bird6,2,38,0.001,-0.7437676816912397,42,39
bird6,2,38,0.01,-0.738743486664741,42,39
bird6,2,38,0.1,-0.7343290606398063,42,39
bird6,3,38,0.001,-0.7628753885101067,252,111
bird6,3,38,0.01,-0.749914310260295,252,111
bird6,3,38,0.1,-0.7398854315891067,252,111
bird6,4,38,0.001,-0.8085311680527582,1512,198
bird6,4,38,0.01,-0.780596978387052,1512,198
bird6,4,38,0.1,-0.7590352654743712,1512,198
bird6,5,38,0.001,-0.8462646850727561,9072,301
bird6,5,38,0.01,-0.8099517121107369,9072,301
bird6,5,38,0.1,-0.782994376600999,9072,301
bird6,0,39,0.001,-1.7350071393605044,1,1
bird6,0,39,0.01,-1.735007101341418,1,1
bird6,0,39,0.1,-1.7350067214277798,1,1
bird6,1,39,0.001,-0.9152022346245655,7,7
bird6,1,39,0.01,-0.9152003043518687,7,7
bird6,1,39,0.1,-0.915182076641154,7,7
bird6,2,39,0.001,-0.7394865590136971,42,35
bird6,2,39,0.01,-0.7385916186916335,42,35
bird6,2,39,0.1,-0.7379852065815689,42,35
bird6,3,39,0.001,-0.7428241110749301,252,97
bird6,3,39,0.01,-0.7367548250244877,252,97
bird6,3,39,0.1,-0.7332496540011879,252,97
bird6,4,39,0.001,-0.7762858009714912,1512,177
bird6,4,39,0.01,-0.75695737752087,1512,177
bird6,4,39,0.1,-0.7434262617969788,1512,177
bird6,5,39,0.001,-0.8307636901054798,9072,270
bird6,5,39,0.01,-0.7969328724920324,9072,270
bird6,5,39,0.1,-0.7727233536996942,9072,270
bird6,0,40,0.001,-1.7078374761702642,1,1
bird6,0,40,0.01,-1.7078375580595626,1,1
bird6,0,40,0.1,-1.7078383771791612,1,1
bird6,1,40,0.001,-0.8884656950852442,7,7
bird6,1,40,0.01,-0.8876640711042941,7,7
bird6,1,40,0.1,-0.8868753471831161,7,7
bird6,2,40,0.001,-0.7080943487947066,42,37
bird6,2,40,0.01,-0.7060850994688774,42,37
bird6,2,40,0.1,-0.7045120507190857,42,37
bird6,3,40,0.001,-0.7153805336928716,252,101
bird6,3,40,0.01,-0.708243800648484,252,101
bird6,3,40,0.1,-0.7036619370902929,252,101
bird6,4,40,0.001,-0.7409984762009393,1512,179
bird6,4,40,0.01,-0.7241002741966969,1512,179
bird6,4,40,0.1,-0.7131843415955745,1512,179
bird6,5,40,0.001,-0.7700949937147049,9072,271
bird6,5,40,0.01,-0.7482698321526162,9072,271
bird6,5,40,0.1,-0.7356221250073295,9072,271
bird6,0,41,0.001,-1.7400940044955997,1,1
bird6,0,41,0.01,-1.7400939419571944,1,1
bird6,0,41,0.1,-1.740093316868103,1,1
bird6,1,41,0.001,-0.8824229663154586,7,7
bird6,1,41,0.01,-0.8824255621739094,7,7
bird6,1,41,0.1,-0.8824522895726058,7,7
bird6,2,41,0.001,-0.7077556466823167,42,33
bird6,2,41,0.01,-0.7046487799147184,42,33
bird6,2,41,0.1,-0.7020337655664624,42,33
bird6,3,41,0.001,-0.7071403057277937,252,85
bird6,3,41,0.01,-0.7025428513379488,252,85
bird6,3,41,0.1,-0.6999324981913861,252,85
bird6,4,41,0.001,-0.7518364011993454,1512,158
bird6,4,41,0.01,-0.7299304390993763,1512,158
bird6,4,41,0.1,-0.7142232887906753,1512,158
bird6,5,41,0.001,-0.7748668586009692,9072,235
bird6,5,41,0.01,-0.7454697717169462,9072,235
bird6,5,41,0.1,-0.72568918352535,9072,235
bird6,0,42,0.001,-1.7211004697487449,1,1
bird6,0,42,0.01,-1.721100494722623,1,1
bird6,0,42,0.1,-1.721100744698002,1,1
bird6,1,42,0.001,-0.8921460082860184,7,7
bird6,1,42,0.01,-0.8921440975113613,7,7
bird6,1,42,0.1,-0.8921262157104627,7,7
bird6,2,42,0.001,-0.7130530345642192,42,34
bird6,2,42,0.01,-0.7111638958841336,42,34
bird6,2,42,0.1,-0.709612248235397,42,34
bird6,3,42,0.001,-0.7181347796071238,252,82
bird6,3,42,0.01,-0.7092331153209428,252,82
bird6,3,42,0.1,-0.70250700740878,252,82
bird6,4,42,0.001,-0.7564630099578161,1512,143
bird6,4,42,0.01,-0.7340760195419035,1512,143
bird6,4,42,0.1,-0.7172896336532151,1512,143
bird6,5,42,0.001,-0.7803793411651454,9072,212
bird6,5,42,0.01,-0.7517913145394496,9072,212
bird6,5,42,0.1,-0.7308071394034114,9072,212
bird6,0,43,0.001,-1.7295889783091045,1,1
bird6,0,43,0.01,-1.7295889669410145,1,1
bird6,0,43,0.1,-1.7295888535196462,1,1
bird6,1,43,0.001,-0.9090710742020415,7,7
bird6,1,43,0.01,-0.9090713276057595,7,7
bird6,1,43,0.1,-0.909074626056237,7,7
bird6,2,43,0.001,-0.7151679398425052,42,34
bird6,2,43,0.01,-0.7142763394857737,42,34
bird6,2,43,0.1,-0.7136613923904265,42,34
bird6,3,43,0.001,-0.7247070042669139,252,93
bird6,3,43,0.01,-0.7159115243355699,252,93
bird6,3,43,0.1,-0.7097968376741967,252,93
bird6,4,43,0.001,-0.7518468969701619,1512,170
bird6,4,43,0.01,-0.734864094190502,1512,170
bird6,4,43,0.1,-0.7231344078299845,1512,170
bird6,5,43,0.001,-0.8065800042130288,9072,254
bird6,5,43,0.01,-0.7744324200834191,9072,254
bird6,5,43,0.1,-0.7514081112952051,9072,254
bird6,0,44,0.001,-1.7366800035950771,1,1
bird6,0,44,0.01,-1.7366799642229656,1,1
bird6,0,44,0.1,-1.7366795707991711,1,1
bird6,1,44,0.001,-0.9088323299648812,7,7
bird6,1,44,0.01,-0.9088327957851707,7,7
bird6,1,44,0.1,-0.9088384278895065,7,7
bird6,2,44,0.001,-0.7234771596751002,42,36
bird6,2,44,0.01,-0.7223487099818595,42,36
bird6,2,44,0.1,-0.7214839110413762,42,36
bird6,3,44,0.001,-0.7344232958520498,252,98
bird6,3,44,0.01,-0.7242459559216741,252,98
bird6,3,44,0.1,-0.7170867532098921,252,98
bird6,4,44,0.001,-0.7781632825321934,1512,179
bird6,4,44,0.01,-0.754078070150462,1512,179
bird6,4,44,0.1,-0.7365008090642431,1512,179
bird6,5,44,0.001,-0.8146476049416145,9072,274
bird6,5,44,0.01,-0.7834219054112743,9072,274
bird6,5,44,0.1,-0.7617100195152934,9072,274
bird6,0,45,0.001,-1.721028263499019,1,1
bird6,0,45,0.01,-1.7210282997908517,1,1
bird6,0,45,0.1,-1.72102866296849,1,1
bird6,1,45,0.001,-0.9033116322379088,7,7
bird6,1,45,0.01,-0.902601796389943,7,7
bird6,1,45,0.1,-0.9019070538019622,7,7
bird6,2,45,0.001,-0.7303938893411521,42,34
bird6,2,45,0.01,-0.728232906688502,42,34
bird6,2,45,0.1,-0.7263722585870852,42,34
bird6,3,45,0.001,-0.7401420299945113,252,97
bird6,3,45,0.01,-0.7297156189002815,252,97
bird6,3,45,0.1,-0.7215539016324052,252,97
bird6,4,45,0.001,-0.7770039547371641,1512,182
bird6,4,45,0.01,-0.7547988169631114,1512,182
bird6,4,45,0.1,-0.7377976719004622,1512,182
bird6,5,45,0.001,-0.7953013151765344,9072,285
bird6,5,45,0.01,-0.7708276753904535,9072,285
bird6,5,45,0.1,-0.754415865850645,9072,285
bird6,0,46,0.001,-1.7341234122479592,1,1
bird6,0,46,0.01,-1.734123386371095,1,1
bird6,0,46,0.1,-1.7341231278859437,1,1
bird6,1,46,0.001,-0.8805158764397206,7,7
bird6,1,46,0.01,-0.8805193469837557,7,7
bird6,1,46,0.1,-0.8805546097560739,7,7
bird6,2,46,0.001,-0.7055583274925985,42,34
bird6,2,46,0.01,-0.702804024950355,42,34
bird6,2,46,0.1,-0.7004937387767396,42,34
bird6,3,46,0.001,-0.6974667265841645,252,92
bird6,3,46,0.01,-0.6903111136159504,252,92
bird6,3,46,0.1,-0.6858807728629822,252,92
bird6,4,46,0.001,-0.7336881526582865,1512,163
bird6,4,46,0.01,-0.7161047652242606,1512,163
bird6,4,46,0.1,-0.7032078960015566,1512,163
bird6,5,46,0.001,-0.7501704092561204,9072,246
bird6,5,46,0.01,-0.7292494651677258,9072,246
bird6,5,46,0.1,-0.715016061974187,9072,246
bird6,0,47,0.001,-1.7185579317940902,1,1
bird6,0,47,0.01,-1.7185579665166302,1,1
bird6,0,47,0.1,-1.7185583139914995,1,1
bird6,1,47,0.001,-0.9070892489407049,7,7
bird6,1,47,0.01,-0.9070829507790577,7,7
bird6,1,47,0.1,-0.9070231746877675,7,7
bird6,2,47,0.001,-0.7194384053824956,42,34
bird6,2,47,0.01,-0.71737078866383,42,34
bird6,2,47,0.1,-0.7155158200288495,42,34
bird6,3,47,0.001,-0.7380378911302699,252,98
bird6,3,47,0.01,-0.7287319728364159,252,98
bird6,3,47,0.1,-0.7225252262188898,252,98
bird6,4,47,0.001,-0.7852875698108903,1512,176
bird6,4,47,0.01,-0.761221717049336,1512,176
bird6,4,47,0.1,-0.7434121193369726,1512,176
bird6,5,47,0.001,-0.8107500782797199,9072,264
bird6,5,47,0.01,-0.7805157815215251,9072,264
bird6,5,47,0.1,-0.7590786152960189,9072,264
bird6,0,48,0.001,-1.7123715186882034,1,1
bird6,0,48,0.01,-1.7123715849418564,1,1
bird6,0,48,0.1,-1.7123722476992407,1,1
bird6,1,48,0.001,-0.885207876051781,7,7
bird6,1,48,0.01,-0.8852080598265846,7,7
bird6,1,48,0.1,-0.8852106670014337,7,7
bird6,2,48,0.001,-0.7109275978412354,42,33
bird6,2,48,0.01,-0.7078336593174347,42,33
bird6,2,48,0.1,-0.7051812326010918,42,33
bird6,3,48,0.001,-0.7341778079220231,252,88
bird6,3,48,0.01,-0.7235052488606136,252,88
bird6,3,48,0.1,-0.7157307613767059,252,88
bird6,4,48,0.001,-0.7667368388117516,1512,167
bird6,4,48,0.01,-0.7477405097736983,1512,167
bird6,4,48,0.1,-0.734209384957874,1512,167
bird6,5,48,0.001,-0.8248811116596922,9072,258
bird6,5,48,0.01,-0.7923396130721434,9072,258
bird6,5,48,0.1,-0.7693251396999417,9072,258
bird6,0,49,0.001,-1.7254386755671347,1,1
bird6,0,49,0.01,-1.7254386884558215,1,1
bird6,0,49,0.1,-1.7254388175941087,1,1
bird6,1,49,0.001,-0.8962192310238982,7,7
bird6,1,49,0.01,-0.8962217146055365,7,7
bird6,1,49,0.1,-0.8962470887060393,7,7
bird6,2,49,0.001,-0.7214381366486403,42,33
bird6,2,49,0.01,-0.7188696716082688,42,33
bird6,2,49,0.1,-0.7166147162571377,42,33
bird6,3,49,0.001,-0.7237134745189859,252,87
bird6,3,49,0.01,-0.7174943243473595,252,87
bird6,3,49,0.1,-0.7130509620286258,252,87
bird6,4,49,0.001,-0.7575382951814023,1512,164
bird6,4,49,0.01,-0.738008463299897,1512,164
bird6,4,49,0.1,-0.7234715221464764,1512,164
bird6,5,49,0.001,-0.8048210944293533,9072,258
bird6,5,49,0.01,-0.7739706572498196,9072,258
bird6,5,49,0.1,-0.7523052987917975,9072,258
bird6,0,50,0.001,-1.728084475904336,1,1
bird6,0,50,0.01,-1.7280844742373933,1,1
bird6,0,50,0.1,-1.7280844578346142,1,1
bird6,1,50,0.001,-0.9045140302360024,7,7
bird6,1,50,0.01,-0.9045131219538044,7,7
bird6,1,50,0.1,-0.9045051536238357,7,7
bird6,2,50,0.001,-0.7472675934952745,42,35
bird6,2,50,0.01,-0.7411258402563446,42,35
bird6,2,50,0.1,-0.7356076815701247,42,35
bird6,3,50,0.001,-0.7487809564507049,252,103
bird6,3,50,0.01,-0.7356528622718583,252,103
bird6,3,50,0.1,-0.7250123211982824,252,103
bird6,4,50,0.001,-0.7866231466691236,1512,191
bird6,4,50,0.01,-0.7603653403344016,1512,191
bird6,4,50,0.1,-0.7395515371521437,1512,191
bird6,5,50,0.001,-0.8033237049448853,9072,282
bird6,5,50,0.01,-0.7746481420295337,9072,282
bird6,5,50,0.1,-0.753879093816677,9072,282
bird6,0,51,0.001,-1.7426543938391539,1,1
bird6,0,51,0.01,-1.7426543342383454,1,1
bird6,0,51,0.1,-1.7426537385217866,1,1
bird6,1,51,0.001,-0.8928993483217663,7,7
bird6,1,51,0.01,-0.8929015438035239,7,7
bird6,1,51,0.1,-0.8929240939100902,7,7
bird6,2,51,0.001,-0.7205123585683554,42,34
bird6,2,51,0.01,-0.7180478359003769,42,34
bird6,2,51,0.1,-0.7160917283854807,42,34
bird6,3,51,0.001,-0.718292189383681,252,92
bird6,3,51,0.01,-0.7114521472440938,252,92
bird6,3,51,0.1,-0.7065330729331973,252,92
bird6,4,51,0.001,-0.7486183098733267,1512,177
bird6,4,51,0.01,-0.7309044532831165,1512,177
bird6,4,51,0.1,-0.7182071853143999,1512,177
bird6,5,51,0.001,-0.7908130892713006,9072,267
bird6,5,51,0.01,-0.7621649551146896,9072,267
bird6,5,51,0.1,-0.7415720389953886,9072,267
bird6,0,52,0.001,-1.7390028590230517,1,1
bird6,0,52,0.01,-1.7390028076699287,1,1
bird6,0,52,0.1,-1.7390022944403323,1,1
bird6,1,52,0.001,-0.9020936169899303,7,7
bird6,1,52,0.01,-0.9020931525047616,7,7
bird6,1,52,0.1,-0.9020896453730464,7,7
bird6,2,52,0.001,-0.7272445459471685,42,35
bird6,2,52,0.01,-0.7233688400483796,42,35
bird6,2,52,0.1,-0.7199303754625325,42,35
bird6,3,52,0.001,-0.7307727433066358,252,99
bird6,3,52,0.01,-0.7212301183623631,252,99
bird6,3,52,0.1,-0.7139574698589741,252,99
bird6,4,52,0.001,-0.7633887575245708,1512,187
bird6,4,52,0.01,-0.7432855135440735,1512,187
bird6,4,52,0.1,-0.7285040545989211,1512,187
bird6,5,52,0.001,-0.8052196461934714,9072,286
bird6,5,52,0.01,-0.7747917195414026,9072,286
bird6,5,52,0.1,-0.7526557839797309,9072,286
bird6,0,53,0.001,-1.7170426339214837,1,1
bird6,0,53,0.01,-1.7170426842729916,1,1
bird6,0,53,0.1,-1.7170431880465824,1,1
bird6,1,53,0.001,-0.8907744887964483,7,7
bird6,1,53,0.01,-0.8907752235827489,7,7
bird6,1,53,0.1,-0.8907835886743444,7,7
bird6,2,53,0.001,-0.7123050755472841,42,35
bird6,2,53,0.01,-0.7098440826234609,42,35
bird6,2,53,0.1,-0.7077188363372704,42,35
bird6,3,53,0.001,-0.724995301339931,252,97
bird6,3,53,0.01,-0.7166406418843501,252,97
bird6,3,53,0.1,-0.7102794713791644,252,97
bird6,4,53,0.001,-0.7642974639430005,1512,179
bird6,4,53,0.01,-0.741663074116977,1512,179
bird6,4,53,0.1,-0.7244181108432969,1512,179
bird6,5,53,0.001,-0.7871591549233804,9072,273
bird6,5,53,0.01,-0.7640760670569796,9072,273
bird6,5,53,0.1,-0.747897943447808,9072,273
bird6,0,54,0.001,-1.718713639306582,1,1
bird6,0,54,0.01,-1.718713673548459,1,1
bird6,0,54,0.1,-1.7187140162139471,1,1
bird6,1,54,0.001,-0.8926421025034792,7,7
bird6,1,54,0.01,-0.8926409255652603,7,7
bird6,1,54,0.1,-0.8926300798428837,7,7
bird6,2,54,0.001,-0.7170347013273433,42,33
bird6,2,54,0.01,-0.7170675121541618,42,33
bird6,2,54,0.1,-0.7173844930384755,42,33
bird6,3,54,0.001,-0.7304571485489317,252,88
bird6,3,54,0.01,-0.7221155566195465,252,88
bird6,3,54,0.1,-0.7162003324087952,252,88
bird6,4,54,0.001,-0.7708729725862654,1512,165
bird6,4,54,0.01,-0.7481379815093605,1512,165
bird6,4,54,0.1,-0.7303715653730684,1512,165
bird6,5,54,0.001,-0.8091282443999047,9072,252
bird6,5,54,0.01,-0.7749495640784282,9072,252
bird6,5,54,0.1,-0.7488219671479909,9072,252
bird6,0,55,0.001,-1.7218579363246038,1,1
bird6,0,55,0.01,-1.7218579637147882,1,1
bird6,0,55,0.1,-1.72185823786287,1,1
bird6,1,55,0.001,-0.893101035067209,7,7
bird6,1,55,0.01,-0.8931013773190482,7,7
bird6,1,55,0.1,-0.8931057439663898,7,7
bird6,2,55,0.001,-0.7169483017085976,42,33
bird6,2,55,0.01,-0.7140150328941889,42,33
bird6,2,55,0.1,-0.7115451945863907,42,33
bird6,3,55,0.001,-0.7250413696168151,252,96
bird6,3,55,0.01,-0.7163477415005638,252,96
bird6,3,55,0.1,-0.7099512454613462,252,96
bird6,4,55,0.001,-0.7508896824215813,1512,174
bird6,4,55,0.01,-0.7332464242598653,1512,174
bird6,4,55,0.1,-0.7201514717148471,1512,174
bird6,5,55,0.001,-0.7736287864902965,9072,263
bird6,5,55,0.01,-0.7494092786973359,9072,263
bird6,5,55,0.1,-0.732853239350922,9072,263
bird6,0,56,0.001,-1.7290107030297643,1,1
bird6,0,56,0.01,-1.7290106943796364,1,1
bird6,0,56,0.1,-1.7290106081482066,1,1
bird6,1,56,0.001,-0.9048156564896724,7,7
bird6,1,56,0.01,-0.9048134215649348,7,7
bird6,1,56,0.1,-0.9047925922040685,7,7
bird6,2,56,0.001,-0.7281546397278787,42,34
bird6,2,56,0.01,-0.7273320766716203,42,34
bird6,2,56,0.1,-0.7267556487252207,42,34
bird6,3,56,0.001,-0.7247409269610561,252,95
bird6,3,56,0.01,-0.720962713730965,252,95
bird6,3,56,0.1,-0.7191814678641046,252,95
bird6,4,56,0.001,-0.7821322963409038,1512,182
bird6,4,56,0.01,-0.757412212662147,1512,182
bird6,4,56,0.1,-0.73981726822417,1512,182
bird6,5,56,0.001,-0.8305065127381436,9072,280
bird6,5,56,0.01,-0.7898885806280691,9072,280
bird6,5,56,0.1,-0.7611812921794703,9072,280
bird6,0,57,0.001,-1.7216455996447089,1,1
bird6,0,57,0.01,-1.7216456248222345,1,1
bird6,0,57,0.1,-1.721645876855012,1,1
bird6,1,57,0.001,-0.9158305491064063,7,7
bird6,1,57,0.01,-0.9150474517083101,7,7
bird6,1,57,0.1,-0.9142473403778908,7,7
bird6,2,57,0.001,-0.7355415268972312,42,38
bird6,2,57,0.01,-0.7347657986547261,42,38
bird6,2,57,0.1,-0.7342099481251697,42,38
bird6,3,57,0.001,-0.7544391820705314,252,104
bird6,3,57,0.01,-0.7405740867776512,252,104
bird6,3,57,0.1,-0.7298479282113919,252,104
bird6,4,57,0.001,-0.7822364607972003,1512,182
bird6,4,57,0.01,-0.7597238330451113,1512,182
bird6,4,57,0.1,-0.7422854706426114,1512,182
bird6,5,57,0.001,-0.8234546577353645,9072,275
bird6,5,57,0.01,-0.7971806237613602,9072,275
bird6,5,57,0.1,-0.7773582361167898,9072,275
bird6,0,58,0.001,-1.7229431369239991,1,1
bird6,0,58,0.01,-1.7229431518036284,1,1
bird6,0,58,0.1,-1.722943300851776,1,1
bird6,1,58,0.001,-0.9142399301334088,7,7
bird6,1,58,0.01,-0.9142411951862678,7,7
bird6,1,58,0.1,-0.9142543772887234,7,7
bird6,2,58,0.001,-0.7399362133092244,42,33
bird6,2,58,0.01,-0.7377301094016788,42,33
bird6,2,58,0.1,-0.7357886421157213,42,33
bird6,3,58,0.001,-0.7616204761157248,252,95
bird6,3,58,0.01,-0.7487405279332908,252,95
bird6,3,58,0.1,-0.7389838482263705,252,95
bird6,4,58,0.001,-0.8027132289904129,1512,182
bird6,4,58,0.01,-0.7790503228769484,1512,182
bird6,4,58,0.1,-0.7602798069421607,1512,182
bird6,5,58,0.001,-0.8400985003507638,9072,274
bird6,5,58,0.01,-0.8069276238670509,9072,274
bird6,5,58,0.1,-0.7817937395221615,9072,274
bird6,0,59,0.001,-1.7274600377459097,1,1
bird6,0,59,0.01,-1.7274600419540407,1,1
bird6,0,59,0.1,-1.7274600842962622,1,1
bird6,1,59,0.001,-0.9079708099725033,7,7
bird6,1,59,0.01,-0.907968945190337,7,7
bird6,1,59,0.1,-0.9079522988088232,7,7
bird6,2,59,0.001,-0.7522862547152193,42,35
bird6,2,59,0.01,-0.7502589149316149,42,35
bird6,2,59,0.1,-0.7485336503219256,42,35
bird6,3,59,0.001,-0.7651580407982062,252,96
bird6,3,59,0.01,-0.7521178187603319,252,96
bird6,3,59,0.1,-0.7420251594376827,252,96
bird6,4,59,0.001,-0.8227677022909926,1512,186
bird6,4,59,0.01,-0.790213107269022,1512,186
bird6,4,59,0.1,-0.7649547904803379,1512,186
bird6,5,59,0.001,-0.8530512002697707,9072,289
bird6,5,59,0.01,-0.8149095907880434,9072,289
bird6,5,59,0.1,-0.787882024655878,9072,289
bird6,0,60,0.001,-1.7275995409286813,1,1
bird6,0,60,0.01,-1.7275995299315177,1,1
bird6,0,60,0.1,-1.7275994202467901,1,1
bird6,1,60,0.001,-0.9027723674443374,7,7
bird6,1,60,0.01,-0.9027714240227215,7,7
bird6,1,60,0.1,-0.9027629544987835,7,7
bird6,2,60,0.001,-0.7361941585497938,42,34
bird6,2,60,0.01,-0.7342416754858503,42,34
bird6,2,60,0.1,-0.7326793350361696,42,34
bird6,3,60,0.001,-0.758774264314746,252,97
bird6,3,60,0.01,-0.7466930620553949,252,97
bird6,3,60,0.1,-0.7386258438953214,252,97
bird6,4,60,0.001,-0.8083566212559776,1512,178
bird6,4,60,0.01,-0.7801268590046659,1512,178
bird6,4,60,0.1,-0.7597603956855086,1512,178
bird6,5,60,0.001,-0.8459501346858663,9072,281
bird6,5,60,0.01,-0.8120888011903903,9072,281
bird6,5,60,0.1,-0.7886220361347077,9072,281
bird6,0,61,0.001,-1.7224059245392416,1,1
bird6,0,61,0.01,-1.7224059551625146,1,1
bird6,0,61,0.1,-1.7224062616455171,1,1
bird6,1,61,0.001,-0.8724399219537297,7,7
bird6,1,61,0.01,-0.8724434839153942,7,7
bird6,1,61,0.1,-0.8724795519020069,7,7
bird6,2,61,0.001,-0.6998401567707008,42,34
bird6,2,61,0.01,-0.6978917406210619,42,34
bird6,2,61,0.1,-0.6963280128246275,42,34
bird6,3,61,0.001,-0.7235862680785501,252,95
bird6,3,61,0.01,-0.7107816162489151,252,95
bird6,3,61,0.1,-0.7005328063215172,252,95
bird6,4,61,0.001,-0.7363471227234203,1512,174
bird6,4,61,0.01,-0.7197705736144747,1512,174
bird6,4,61,0.1,-0.707915595863295,1512,174
bird6,5,61,0.001,-0.776367021261642,9072,265
bird6,5,61,0.01,-0.7516510634832672,9072,265
bird6,5,61,0.1,-0.7346338532286253,9072,265
bird6,0,62,0.001,-1.735638274885282,1,1
bird6,0,62,0.01,-1.735638235145726,1,1
bird6,0,62,0.1,-1.7356378380342234,1,1
bird6,1,62,0.001,-0.8903671735987542,7,7
bird6,1,62,0.01,-0.8895253876949775,7,7
bird6,1,62,0.1,-0.8886825415587901,7,7
bird6,2,62,0.001,-0.7195215947000916,42,36
bird6,2,62,0.01,-0.7148032516210318,42,36
bird6,2,62,0.1,-0.7105707051748934,42,36
bird6,3,62,0.001,-0.7303532409236265,252,101
bird6,3,62,0.01,-0.7187654837945318,252,101
bird6,3,62,0.1,-0.7094987824014161,252,101
bird6,4,62,0.001,-0.7694362161104606,1512,175
bird6,4,62,0.01,-0.7463990587925956,1512,175
bird6,4,62,0.1,-0.7284488496198416,1512,175
bird6,5,62,0.001,-0.7850167161759979,9072,252
bird6,5,62,0.01,-0.7629640754318123,9072,252
bird6,5,62,0.1,-0.7470491652166111,9072,252
bird6,0,63,0.001,-1.7366899469443011,1,1
bird6,0,63,0.01,-1.7366899148488852,1,1
bird6,0,63,0.1,-1.736689594153158,1,1
bird6,1,63,0.001,-0.9133900590347929,7,7
bird6,1,63,0.01,-0.9133914024271538,7,7
bird6,1,63,0.1,-0.913405279739513,7,7
bird6,2,63,0.001,-0.7393668839290232,42,34
bird6,2,63,0.01,-0.7374085543941624,42,34
bird6,2,63,0.1,-0.7357589572930184,42,34
bird6,3,63,0.001,-0.7691084744775306,252,95
bird6,3,63,0.01,-0.7533535602334009,252,95
bird6,3,63,0.1,-0.7420467044733398,252,95
bird6,4,63,0.001,-0.8069599079171802,1512,170
bird6,4,63,0.01,-0.7802601277298383,1512,170
bird6,4,63,0.1,-0.7601059353851197,1512,170
bird6,5,63,0.001,-0.8292811753115388,9072,250
bird6,5,63,0.01,-0.8024294754325615,9072,250
bird6,5,63,0.1,-0.7834760336490562,9072,250
bird6,0,64,0.001,-1.7394559414844466,1,1
bird6,0,64,0.01,-1.7394558863326572,1,1
bird6,0,64,0.1,-1.7394553351190363,1,1
bird6,1,64,0.001,-0.8863059501142975,7,7
bird6,1,64,0.01,-0.8863053884964917,7,7
bird6,1,64,0.1,-0.8863019561878155,7,7
bird6,2,64,0.001,-0.7084180123689827,42,32
bird6,2,64,0.01,-0.7049050954746633,42,32
bird6,2,64,0.1,-0.7018237095352156,42,32
bird6,3,64,0.001,-0.7092052075563955,252,87
bird6,3,64,0.01,-0.7003418282353966,252,87
bird6,3,64,0.1,-0.693562047751754,252,87
bird6,4,64,0.001,-0.7358801192037133,1512,153
bird6,4,64,0.01,-0.7190748394416974,1512,153
bird6,4,64,0.1,-0.7062439358874063,1512,153
bird6,5,64,0.001,-0.7553891676753396,9072,232
bird6,5,64,0.01,-0.7296041717094063,9072,232
bird6,5,64,0.1,-0.7106570835619891,9072,232
bird6,0,65,0.001,-1.7436779291615705,1,1
bird6,0,65,0.01,-1.7436778641637285,1,1
bird6,0,65,0.1,-1.7436772144655757,1,1
bird6,1,65,0.001,-0.9048211020772237,7,7
bird6,1,65,0.01,-0.9048194366954075,7,7
bird6,1,65,0.1,-0.9048039743395212,7,7
bird6,2,65,0.001,-0.7282090735397035,42,35
bird6,2,65,0.01,-0.7253614608325326,42,35
bird6,2,65,0.1,-0.7231216181054023,42,35
bird6,3,65,0.001,-0.7349021611207259,252,87
bird6,3,65,0.01,-0.7265478711757172,252,87
bird6,3,65,0.1,-0.7210941927626657,252,87
bird6,4,65,0.001,-0.783309855365216,1512,160
bird6,4,65,0.01,-0.7582065663892061,1512,160
bird6,4,65,0.1,-0.7405134853827827,1512,160
bird6,5,65,0.001,-0.8284802847318856,9072,237
bird6,5,65,0.01,-0.7904391220754601,9072,237
bird6,5,65,0.1,-0.7633145526701667,9072,237
bird6,0,66,0.001,-1.7185981476261212,1,1
bird6,0,66,0.01,-1.7185981836222042,1,1
bird6,0,66,0.1,-1.7185985438327773,1,1
bird6,1,66,0.001,-0.8798792189429506,7,7
bird6,1,66,0.01,-0.8798821946871243,7,7
bird6,1,66,0.1,-0.8799126675907254,7,7
bird6,2,66,0.001,-0.6968086641201184,42,31
bird6,2,66,0.01,-0.6956117151909997,42,31
bird6,2,66,0.1,-0.6947745452192369,42,31
bird6,3,66,0.001,-0.6890662017034167,252,83
bird6,3,66,0.01,-0.683689222667185,252,83
bird6,3,66,0.1,-0.6799910578805597,252,83
bird6,4,66,0.001,-0.7133732456531575,1512,154
bird6,4,66,0.01,-0.700459455896929,1512,154
bird6,4,66,0.1,-0.6916536896497357,1512,154
bird6,5,66,0.001,-0.755578754679523,9072,234
bird6,5,66,0.01,-0.7289469875171891,9072,234
bird6,5,66,0.1,-0.7100989379400141,9072,234
bird6,0,67,0.001,-1.7276265455842585,1,1
bird6,0,67,0.01,-1.7276265476226516,1,1
bird6,0,67,0.1,-1.7276265682842171,1,1
bird6,1,67,0.001,-0.8880523432796651,7,7
bird6,1,67,0.01,-0.8880540994653984,7,7
bird6,1,67,0.1,-0.8880722753586155,7,7
bird6,2,67,0.001,-0.72096096551004,42,33
bird6,2,67,0.01,-0.7180101172480828,42,33
bird6,2,67,0.1,-0.7154092731840596,42,33
bird6,3,67,0.001,-0.7216601974905521,252,95
bird6,3,67,0.01,-0.7125748570371476,252,95
bird6,3,67,0.1,-0.7057212562809168,252,95
bird6,4,67,0.001,-0.7521942994446388,1512,181
bird6,4,67,0.01,-0.7330889715929017,1512,181
bird6,4,67,0.1,-0.7193118366986861,1512,181
bird6,5,67,0.001,-0.7835853641076637,9072,278
bird6,5,67,0.01,-0.7572824550870583,9072,278
bird6,5,67,0.1,-0.7393306896874358,9072,278
bird6,0,68,0.001,-1.7414368523934383,1,1
bird6,0,68,0.01,-1.7414367897035592,1,1
bird6,0,68,0.1,-1.7414361631082698,1,1
bird6,1,68,0.001,-0.9074404281803039,7,7
bird6,1,68,0.01,-0.9074424403547847,7,7
bird6,1,68,0.1,-0.9074631119209139,7,7
bird6,2,68,0.001,-0.7322726749152659,42,35
bird6,2,68,0.01,-0.7298759635968383,42,35
bird6,2,68,0.1,-0.727825474532323,42,35
bird6,3,68,0.001,-0.7588347378313063,252,96
bird6,3,68,0.01,-0.7455070549104923,252,96
bird6,3,68,0.1,-0.735457860758405,252,96
bird6,4,68,0.001,-0.8068324561471555,1512,177
bird6,4,68,0.01,-0.7782172188694367,1512,177
bird6,4,68,0.1,-0.7561616042491842,1512,177
bird6,5,68,0.001,-0.8243920154275839,9072,275
bird6,5,68,0.01,-0.7957758126367536,9072,275
bird6,5,68,0.1,-0.7757156162460392,9072,275
bird6,0,69,0.001,-1.7373821105931797,1,1
bird6,0,69,0.01,-1.7373820698907327,1,1
bird6,0,69,0.1,-1.7373816631512005,1,1
bird6,1,69,0.001,-0.9004674456913665,7,7
bird6,1,69,0.01,-0.9004688410732244,7,7
bird6,1,69,0.1,-0.9004835458823146,7,7
bird6,2,69,0.001,-0.7308599484822389,42,33
bird6,2,69,0.01,-0.7296309001981056,42,33
bird6,2,69,0.1,-0.7286521485258284,42,33
bird6,3,69,0.001,-0.7383497722199712,252,92
bird6,3,69,0.01,-0.7281359259290834,252,92
bird6,3,69,0.1,-0.7202717877403707,252,92
bird6,4,69,0.001,-0.7792822300402592,1512,177
bird6,4,69,0.01,-0.756804328351334,1512,177
bird6,4,69,0.1,-0.7396025128497621,1512,177
bird6,5,69,0.001,-0.8038566895086934,9072,274
bird6,5,69,0.01,-0.7768166668374348,9072,274
bird6,5,69,0.1,-0.7583890767228866,9072,274
bird6,0,70,0.001,-1.7432193703387242,1,1
bird6,0,70,0.01,-1.7432193035459058,1,1
bird6,0,70,0.1,-1.7432186359112183,1,1
bird6,1,70,0.001,-0.8992591384462452,7,7
bird6,1,70,0.01,-0.8992579124602371,7,7
bird6,1,70,0.1,-0.8992467226009914,7,7
bird6,2,70,0.001,-0.7212188516725624,42,35
bird6,2,70,0.01,-0.7173192129175919,42,35
bird6,2,70,0.1,-0.7140315584310278,42,35
bird6,3,70,0.001,-0.7305827329633772,252,98
bird6,3,70,0.01,-0.722484897625965,252,98
bird6,3,70,0.1,-0.717020051686171,252,98
bird6,4,70,0.001,-0.7735730700880536,1512,174
bird6,4,70,0.01,-0.7502872875792733,1512,174
bird6,4,70,0.1,-0.7328025678640002,1512,174
bird6,5,70,0.001,-0.774952152689397,9072,263
bird6,5,70,0.01,-0.7541775417893456,9072,263
bird6,5,70,0.1,-0.7406174640309813,9072,263
bird6,0,71,0.001,-1.7299857324635617,1,1
bird6,0,71,0.01,-1.7299857257451388,1,1
bird6,0,71,0.1,-1.7299856588303042,1,1
bird6,1,71,0.001,-0.9078416191052653,7,7
bird6,1,71,0.01,-0.9078404313672905,7,7
bird6,1,71,0.1,-0.9078295283021478,7,7
bird6,2,71,0.001,-0.7428203403065045,42,35
bird6,2,71,0.01,-0.7383443277473347,42,35
bird6,2,71,0.1,-0.7341768473306236,42,35
bird6,3,71,0.001,-0.7486870692450309,252,98
bird6,3,71,0.01,-0.7366866293338321,252,98
bird6,3,71,0.1,-0.7283067012041136,252,98
bird6,4,71,0.001,-0.77769185084425,1512,184
bird6,4,71,0.01,-0.7592089321441642,1512,184
bird6,4,71,0.1,-0.7462169565159148,1512,184
bird6,5,71,0.001,-0.8044445452852006,9072,280
bird6,5,71,0.01,-0.7780322858940312,9072,280
bird6,5,71,0.1,-0.7605302453305245,9072,280
bird6,0,72,0.001,-1.7155393601778062,1,1
bird6,0,72,0.01,-1.715539405548368,1,1
bird6,0,72,0.1,-1.7155398594936833,1,1
bird6,1,72,0.001,-0.9252341221583731,7,7
bird6,1,72,0.01,-0.9252305580667876,7,7
bird6,1,72,0.1,-0.9251959328217098,7,7
bird6,2,72,0.001,-0.759071960730282,42,35
bird6,2,72,0.01,-0.7543492359232774,42,35
bird6,2,72,0.1,-0.7501142324251326,42,35
bird6,3,72,0.001,-0.7826975574115305,252,103
bird6,3,72,0.01,-0.7675809274506306,252,103
bird6,3,72,0.1,-0.7562168768502702,252,103
bird6,4,72,0.001,-0.8554732595338045,1512,191
bird6,4,72,0.01,-0.8149710282662823,1512,191
bird6,4,72,0.1,-0.782418393546572,1512,191
bird6,5,72,0.001,-0.8823213274599107,9072,299
bird6,5,72,0.01,-0.8406424099748787,9072,299
bird6,5,72,0.1,-0.8092608928025543,9072,299
bird6,0,73,0.001,-1.7431766418168402,1,1
bird6,0,73,0.01,-1.743176567791451,1,1
bird6,0,73,0.1,-1.7431758278428484,1,1
bird6,1,73,0.001,-0.9466323906511505,7,7
bird6,1,73,0.01,-0.9466195376503569,7,7
bird6,1,73,0.1,-0.9464963184882661,7,7
bird6,2,73,0.001,-0.7854325275968257,42,35
bird6,2,73,0.01,-0.7807583314052939,42,35
bird6,2,73,0.1,-0.7765448387340516,42,35
bird6,3,73,0.001,-0.8032721260978476,252,107
bird6,3,73,0.01,-0.7902005865869283,252,107
bird6,3,73,0.1,-0.780194731358298,252,107
bird6,4,73,0.001,-0.8841625938309038,1512,201
bird6,4,73,0.01,-0.8459454898264335,1512,201
bird6,4,73,0.1,-0.8161730942105897,1512,201
bird6,5,73,0.001,-0.934527113749043,9072,313
bird6,5,73,0.01,-0.885162808866936,9072,313
bird6,5,73,0.1,-0.8474265861908914,9072,313
bird6,0,74,0.001,-1.7396236920042119,1,1
bird6,0,74,0.01,-1.739623642857047,1,1
bird6,0,74,0.1,-1.73962315166144,1,1
bird6,1,74,0.001,-0.8962024965105381,7,7
bird6,1,74,0.01,-0.8962035022908742,7,7
bird6,1,74,0.1,-0.8962143320010518,7,7
bird6,2,74,0.001,-0.7263983036543382,42,35
bird6,2,74,0.01,-0.7236235506317503,42,35
bird6,2,74,0.1,-0.7212150412196274,42,35
bird6,3,74,0.001,-0.7441245878136935,252,94
bird6,3,74,0.01,-0.7314181063371668,252,94
bird6,3,74,0.1,-0.7210557962741871,252,94
bird6,4,74,0.001,-0.7735760888429254,1512,169
bird6,4,74,0.01,-0.7493939810077249,1512,169
bird6,4,74,0.1,-0.7313109825254983,1512,169
bird6,5,74,0.001,-0.806109983915898,9072,244
bird6,5,74,0.01,-0.7770508803187824,9072,244
bird6,5,74,0.1,-0.7555920835105698,9072,244
bird6,0,75,0.001,-1.7205682293436724,1,1
bird6,0,75,0.01,-1.7205682629851498,1,1
bird6,0,75,0.1,-1.7205685996374067,1,1
bird6,1,75,0.001,-0.8937659963734754,7,7
bird6,1,75,0.01,-0.8937682680094388,7,7
bird6,1,75,0.1,-0.8937915419069042,7,7
bird6,2,75,0.001,-0.7295914409430393,42,32
bird6,2,75,0.01,-0.7257066699337403,42,32
bird6,2,75,0.1,-0.7222174129641803,42,32
bird6,3,75,0.001,-0.7334299325742736,252,93
bird6,3,75,0.01,-0.724434172360841,252,93
bird6,3,75,0.1,-0.7173185374812813,252,93
bird6,4,75,0.001,-0.7734629767111062,1512,180
bird6,4,75,0.01,-0.7505470208972248,1512,180
bird6,4,75,0.1,-0.7331404007524186,1512,180
bird6,5,75,0.001,-0.8005754018077326,9072,278
bird6,5,75,0.01,-0.7698024412991612,9072,278
bird6,5,75,0.1,-0.7480176477558191,9072,278
bird6,0,76,0.001,-1.7254214926190545,1,1
bird6,0,76,0.01,-1.725421492640089,1,1
bird6,0,76,0.1,-1.7254214931252225,1,1
bird6,1,76,0.001,-0.9022947105843178,7,7
bird6,1,76,0.01,-0.9014939137578152,7,7
bird6,1,76,0.1,-0.9006798433110708,7,7
bird6,2,76,0.001,-0.7258734078961709,42,39
bird6,2,76,0.01,-0.7198148396083851,42,39
bird6,2,76,0.1,-0.714419202321944,42,39
bird6,3,76,0.001,-0.7472653242934753,252,99
bird6,3,76,0.01,-0.7325221035887943,252,99
bird6,3,76,0.1,-0.7206372441580153,252,99
bird6,4,76,0.001,-0.7884238232984239,1512,176
bird6,4,76,0.01,-0.7587294548507875,1512,176
bird6,4,76,0.1,-0.7353134907786499,1512,176
bird6,5,76,0.001,-0.7872568299847846,9072,267
bird6,5,76,0.01,-0.7634748958622899,9072,267
bird6,5,76,0.1,-0.7461314222048583,9072,267
bird6,0,77,0.001,-1.7512322984792972,1,1
bird6,0,77,0.01,-1.751232198419813,1,1
bird6,0,77,0.1,-1.7512311981376754,1,1
bird6,1,77,0.001,-0.9040997841718135,7,7
bird6,1,77,0.01,-0.9032580282401169,7,7
bird6,1,77,0.1,-0.9024296116351161,7,7
bird6,2,77,0.001,-0.7304744213611695,42,37
bird6,2,77,0.01,-0.7274877897739896,42,37
bird6,2,77,0.1,-0.724854149050377,42,37
bird6,3,77,0.001,-0.7560263104162617,252,89
bird6,3,77,0.01,-0.7425595781748768,252,89
bird6,3,77,0.1,-0.7308554329479412,252,89
bird6,4,77,0.001,-0.7779416392492471,1512,159
bird6,4,77,0.01,-0.755644979786494,1512,159
bird6,4,77,0.1,-0.7371229950736853,1512,159
bird6,5,77,0.001,-0.8138515718192978,9072,238
bird6,5,77,0.01,-0.7820127945672675,9072,238
bird6,5,77,0.1,-0.7565308412408317,9072,238
bird6,0,78,0.001,-1.7310465024067125,1,1
bird6,0,78,0.01,-1.731046486552329,1,1
bird6,0,78,0.1,-1.7310463282699575,1,1
bird6,1,78,0.001,-0.9359654845729425,7,7
bird6,1,78,0.01,-0.9359567179975622,7,7
bird6,1,78,0.1,-0.9358721198478347,7,7
bird6,2,78,0.001,-0.7867333598222986,42,36
bird6,2,78,0.01,-0.780249892069265,42,36
bird6,2,78,0.1,-0.7742372929089874,42,36
bird6,3,78,0.001,-0.7981548430659202,252,104
bird6,3,78,0.01,-0.7837806936120459,252,104
bird6,3,78,0.1,-0.7732470671533593,252,104
bird6,4,78,0.001,-0.8457420453666153,1512,188
bird6,4,78,0.01,-0.8180059640547536,1512,188
bird6,4,78,0.1,-0.7958889166230444,1512,188
bird6,5,78,0.001,-0.9033715109426227,9072,285
bird6,5,78,0.01,-0.859596652921939,9072,285
bird6,5,78,0.1,-0.8255116463648049,9072,285
bird6,0,79,0.001,-1.713850013643935,1,1
bird6,0,79,0.01,-1.7138500659456908,1,1
bird6,0,79,0.1,-1.7138505892086124,1,1
bird6,1,79,0.001,-0.9148243952778808,7,7
bird6,1,79,0.01,-0.9148227326904755,7,7
bird6,1,79,0.1,-0.9148072309913164,7,7
bird6,2,79,0.001,-0.7449267664631251,42,35
bird6,2,79,0.01,-0.7409157446426744,42,35
bird6,2,79,0.1,-0.7374413915171396,42,35
bird6,3,79,0.001,-0.7638859821822929,252,99
bird6,3,79,0.01,-0.7541850351029904,252,99
bird6,3,79,0.1,-0.7468141510802317,252,99
bird6,4,79,0.001,-0.8065772716792174,1512,181
bird6,4,79,0.01,-0.7841829578206688,1512,181
bird6,4,79,0.1,-0.7668071704306805,1512,181
bird6,5,79,0.001,-0.8499068623039092,9072,277
bird6,5,79,0.01,-0.81717951912791,9072,277
bird6,5,79,0.1,-0.793800496536714,9072,277
bird6,0,80,0.001,-1.74528250281423,1,1
bird6,0,80,0.01,-1.7452824187445901,1,1
bird6,0,80,0.1,-1.7452815783557902,1,1
bird6,1,80,0.001,-0.9084545721768608,7,7
bird6,1,80,0.01,-0.9084547119730713,7,7
bird6,1,80,0.1,-0.9084571007582524,7,7
bird6,2,80,0.001,-0.7257356038852287,42,35
bird6,2,80,0.01,-0.7231407819673189,42,35
bird6,2,80,0.1,-0.721114123288169,42,35
bird6,3,80,0.001,-0.7401932215486352,252,94
bird6,3,80,0.01,-0.7275864723715062,252,94
bird6,3,80,0.1,-0.7180438727716931,252,94
bird6,4,80,0.001,-0.769337030572688,1512,170
bird6,4,80,0.01,-0.7500187035265306,1512,170
bird6,4,80,0.1,-0.7356307592704444,1512,170
bird6,5,80,0.001,-0.783386030070138,9072,256
bird6,5,80,0.01,-0.7618329051599462,9072,256
bird6,5,80,0.1,-0.7471252627749143,9072,256
bird6,0,81,0.001,-1.71953174641492,1,1
bird6,0,81,0.01,-1.7195317817249973,1,1
bird6,0,81,0.1,-1.719532135065127,1,1
bird6,1,81,0.001,-0.874604721037318,7,7
bird6,1,81,0.01,-0.8746071517522328,7,7
bird6,1,81,0.1,-0.8746320887067848,7,7
bird6,2,81,0.001,-0.7038402393666161,42,32
bird6,2,81,0.01,-0.7034138769517511,42,32
bird6,2,81,0.1,-0.7032002090023316,42,32
bird6,3,81,0.001,-0.7208813141174091,252,81
bird6,3,81,0.01,-0.713495306255619,252,81
bird6,3,81,0.1,-0.708756793958194,252,81
bird6,4,81,0.001,-0.7643830369287755,1512,146
bird6,4,81,0.01,-0.7443428094786433,1512,146
bird6,4,81,0.1,-0.729101525578022,1512,146
bird6,5,81,0.001,-0.7803293893921212,9072,222
bird6,5,81,0.01,-0.7552319308648922,9072,222
bird6,5,81,0.1,-0.7377856665049716,9072,222
bird6,0,82,0.001,-1.7195991436025657,1,1
bird6,0,82,0.01,-1.7195991823258743,1,1
bird6,0,82,0.1,-1.719599569807386,1,1
bird6,1,82,0.001,-0.887097821057109,7,7
bird6,1,82,0.01,-0.88710155982965,7,7
bird6,1,82,0.1,-0.8871394730468894,7,7
bird6,2,82,0.001,-0.694838187719157,42,32
bird6,2,82,0.01,-0.693678465883646,42,32
bird6,2,82,0.1,-0.6927684093532078,42,32
bird6,3,82,0.001,-0.6982949837913838,252,89
bird6,3,82,0.01,-0.6930532851223261,252,89
bird6,3,82,0.1,-0.689612395059887,252,89
bird6,4,82,0.001,-0.7251386419684759,1512,163
bird6,4,82,0.01,-0.7091568638741107,1512,163
bird6,4,82,0.1,-0.6978468842345875,1512,163
bird6,5,82,0.001,-0.7688767758928909,9072,248
bird6,5,82,0.01,-0.7408725272043338,9072,248
bird6,5,82,0.1,-0.7211314121553664,9072,248
bird6,0,83,0.001,-1.736337896360735,1,1
bird6,0,83,0.01,-1.7363378653246888,1,1
bird6,0,83,0.1,-1.7363375552421811,1,1
bird6,1,83,0.001,-0.9148559089858389,7,7
bird6,1,83,0.01,-0.9148542723487675,7,7
bird6,1,83,0.1,-0.9148390023549334,7,7
bird6,2,83,0.001,-0.7325077443822079,42,36
bird6,2,83,0.01,-0.7292630394046686,42,36
bird6,2,83,0.1,-0.7266047713387103,42,36
bird6,3,83,0.001,-0.7316414928798936,252,99
bird6,3,83,0.01,-0.725406478912231,252,99
bird6,3,83,0.1,-0.7215764004671197,252,99
bird6,4,83,0.001,-0.7744432161709874,1512,181
bird6,4,83,0.01,-0.7526679118824924,1512,181
bird6,4,83,0.1,-0.7368573507033798,1512,181
bird6,5,83,0.001,-0.8098695783813211,9072,278
bird6,5,83,0.01,-0.779626841342881,9072,278
bird6,5,83,0.1,-0.7584070205808422,9072,278
bird6,0,84,0.001,-1.7313599266029982,1,1
bird6,0,84,0.01,-1.7313599092178331,1,1
bird6,0,84,0.1,-1.731359735647583,1,1
bird6,1,84,0.001,-0.8852076454393988,7,7
bird6,1,84,0.01,-0.8852108080846338,7,7
bird6,1,84,0.1,-0.8852430043928757,7,7
bird6,2,84,0.001,-0.704280547418743,42,33
bird6,2,84,0.01,-0.701946862927594,42,33
bird6,2,84,0.1,-0.7000311639348578,42,33
bird6,3,84,0.001,-0.713598735269964,252,79
bird6,3,84,0.01,-0.7074678302676424,252,79
bird6,3,84,0.1,-0.7028585567552414,252,79
bird6,4,84,0.001,-0.7597133231977583,1512,142
bird6,4,84,0.01,-0.7364803989371015,1512,142
bird6,4,84,0.1,-0.71797594644633,1512,142
bird6,5,84,0.001,-0.7555047907997976,9072,222
bird6,5,84,0.01,-0.7341242539455509,9072,222
bird6,5,84,0.1,-0.7193431060965854,9072,222
bird6,0,85,0.001,-1.7311340702988958,1,1
bird6,0,85,0.01,-1.7311340540913458,1,1
bird6,0,85,0.1,-1.7311338922961934,1,1
bird6,1,85,0.001,-0.8772795268076838,7,7
bird6,1,85,0.01,-0.87728208634937,7,7
bird6,1,85,0.1,-0.8773084432527145,7,7
bird6,2,85,0.001,-0.6942909207525068,42,35
bird6,2,85,0.01,-0.6931290041066713,42,35
bird6,2,85,0.1,-0.6923460267423283,42,35
bird6,3,85,0.001,-0.7062606552394831,252,94
bird6,3,85,0.01,-0.698835375371887,252,94
bird6,3,85,0.1,-0.6934138693879525,252,94
bird6,4,85,0.001,-0.7340274101531028,1512,171
bird6,4,85,0.01,-0.7172980094502188,1512,171
bird6,4,85,0.1,-0.7050202805053831,1512,171
bird6,5,85,0.001,-0.760806008705256,9072,251
bird6,5,85,0.01,-0.7380966996454158,9072,251
bird6,5,85,0.1,-0.7224434588450336,9072,251
bird6,0,86,0.001,-1.7314218340378895,1,1
bird6,0,86,0.01,-1.7314218116212925,1,1
bird6,0,86,0.1,-1.731421587714648,1,1
bird6,1,86,0.001,-0.8877157466344857,7,7
bird6,1,86,0.01,-0.8877193234993307,7,7
bird6,1,86,0.1,-0.88775551182025,7,7
bird6,2,86,0.001,-0.7015265069327795,42,32
bird6,2,86,0.01,-0.6995169081110372,42,32
bird6,2,86,0.1,-0.6977652019979691,42,32
bird6,3,86,0.001,-0.7169217327815963,252,84
bird6,3,86,0.01,-0.7053229941551018,252,84
bird6,3,86,0.1,-0.6966562154530879,252,84
bird6,4,86,0.001,-0.759220690124963,1512,150
bird6,4,86,0.01,-0.7345163892762845,1512,150
bird6,4,86,0.1,-0.7166542720404377,1512,150
bird6,5,86,0.001,-0.8055328646646027,9072,217
bird6,5,86,0.01,-0.7683581316401288,9072,217
bird6,5,86,0.1,-0.7418049878602386,9072,217
bird6,0,87,0.001,-1.7227460461348347,1,1
bird6,0,87,0.01,-1.7227460563848143,1,1
bird6,0,87,0.1,-1.7227461591451383,1,1
bird6,1,87,0.001,-0.894331068721083,7,7
bird6,1,87,0.01,-0.8943308143812462,7,7
bird6,1,87,0.1,-0.8943296251991117,7,7
bird6,2,87,0.001,-0.7093914573470935,42,34
bird6,2,87,0.01,-0.7068236106481924,42,34
bird6,2,87,0.1,-0.7047068232861174,42,34
bird6,3,87,0.001,-0.7237737474802416,252,89
bird6,3,87,0.01,-0.716155381914276,252,89
bird6,3,87,0.1,-0.7107376840894485,252,89
bird6,4,87,0.001,-0.7696208560432685,1512,158
bird6,4,87,0.01,-0.7450125654912065,1512,158
bird6,4,87,0.1,-0.7254125494418743,1512,158
bird6,5,87,0.001,-0.7887913291370025,9072,238
bird6,5,87,0.01,-0.7611555085146755,9072,238
bird6,5,87,0.1,-0.7403464437049876,9072,238
bird6,0,88,0.001,-1.7281151971372972,1,1
bird6,0,88,0.01,-1.7281151935602996,1,1
bird6,0,88,0.1,-1.7281151580891345,1,1
bird6,1,88,0.001,-0.8922944713026895,7,7
bird6,1,88,0.01,-0.8922927936376844,7,7
bird6,1,88,0.1,-0.8922775002006139,7,7
bird6,2,88,0.001,-0.7140231427912679,42,36
bird6,2,88,0.01,-0.7116570834956809,42,36
bird6,2,88,0.1,-0.7098302386939597,42,36
bird6,3,88,0.001,-0.714929207367242,252,102
bird6,3,88,0.01,-0.7070996616847948,252,102
bird6,3,88,0.1,-0.7028760900328266,252,102
bird6,4,88,0.001,-0.7594337492680514,1512,194
bird6,4,88,0.01,-0.7379167245839744,1512,194
bird6,4,88,0.1,-0.723150247951218,1512,194
bird6,5,88,0.001,-0.7902791501178156,9072,301
bird6,5,88,0.01,-0.7605684774182147,9072,301
bird6,5,88,0.1,-0.741154710684612,9072,301
bird6,0,89,0.001,-1.7276734205409063,1,1
bird6,0,89,0.01,-1.7276734157418308,1,1
bird6,0,89,0.1,-1.7276733680372693,1,1
bird6,1,89,0.001,-0.8937634232817491,7,7
bird6,1,89,0.01,-0.8937640284889526,7,7
bird6,1,89,0.1,-0.8937711021799672,7,7
bird6,2,89,0.001,-0.7105767960478467,42,36
bird6,2,89,0.01,-0.7083392867871524,42,36
bird6,2,89,0.1,-0.7064641800813418,42,36
bird6,3,89,0.001,-0.731579690674427,252,103
bird6,3,89,0.01,-0.7196367647994454,252,103
bird6,3,89,0.1,-0.7104058002673898,252,103
bird6,4,89,0.001,-0.7698563879828937,1512,195
bird6,4,89,0.01,-0.7463363466723038,1512,195
bird6,4,89,0.1,-0.7282589308597421,1512,195
bird6,5,89,0.001,-0.7898639219447872,9072,291
bird6,5,89,0.01,-0.764120467408575,9072,291
bird6,5,89,0.1,-0.7453297136329169,9072,291
bird6,0,90,0.001,-1.7261467756570672,1,1
bird6,0,90,0.01,-1.726146779745451,1,1
bird6,0,90,0.1,-1.7261468209046427,1,1
bird6,1,90,0.001,-0.8903952932473023,7,7
bird6,1,90,0.01,-0.8903957870358037,7,7
bird6,1,90,0.1,-0.8904015399319525,7,7
bird6,2,90,0.001,-0.719279278807571,42,35
bird6,2,90,0.01,-0.7162374024722786,42,35
bird6,2,90,0.1,-0.713610124648723,42,35
bird6,3,90,0.001,-0.7286386368233614,252,101
bird6,3,90,0.01,-0.7177101646411506,252,101
bird6,3,90,0.1,-0.710010200916155,252,101
bird6,4,90,0.001,-0.7618302923787268,1512,187
bird6,4,90,0.01,-0.7410785383995835,1512,187
bird6,4,90,0.1,-0.7266402629078195,1512,187
bird6,5,90,0.001,-0.7916994857026483,9072,280
bird6,5,90,0.01,-0.7636461243176412,9072,280
bird6,5,90,0.1,-0.7454500331873347,9072,280
bird6,0,91,0.001,-1.7384838720683666,1,1
bird6,0,91,0.01,-1.7384838229682806,1,1
bird6,0,91,0.1,-1.7384833322572633,1,1
bird6,1,91,0.001,-0.9112619648902144,7,7
bird6,1,91,0.01,-0.9112530451306686,7,7
bird6,1,91,0.1,-0.9111682500621656,7,7
bird6,2,91,0.001,-0.7577502467245071,42,37
bird6,2,91,0.01,-0.7510210174163929,42,37
bird6,2,91,0.1,-0.7448620670693161,42,37
bird6,3,91,0.001,-0.7680775210518119,252,107
bird6,3,91,0.01,-0.7517782003318328,252,107
bird6,3,91,0.1,-0.7400794767710207,252,107
bird6,4,91,0.001,-0.829809874553734,1512,197
bird6,4,91,0.01,-0.7947414177561171,1512,197
bird6,4,91,0.1,-0.7671536715692024,1512,197
bird6,5,91,0.001,-0.8825893291004411,9072,293
bird6,5,91,0.01,-0.8339450427785216,9072,293
bird6,5,91,0.1,-0.7967128129334895,9072,293
bird6,0,92,0.001,-1.7187399415220925,1,1
bird6,0,92,0.01,-1.7187399836392834,1,1
bird6,0,92,0.1,-1.7187404050530595,1,1
bird6,1,92,0.001,-0.9051956252841132,7,7
bird6,1,92,0.01,-0.9051968328899299,7,7
bird6,1,92,0.1,-0.9052096246289,7,7
bird6,2,92,0.001,-0.7343437392190962,42,34
bird6,2,92,0.01,-0.732757553194793,42,34
bird6,2,92,0.1,-0.7315126791771418,42,34
bird6,3,92,0.001,-0.7382132672474513,252,94
bird6,3,92,0.01,-0.7300332230694254,252,94
bird6,3,92,0.1,-0.7242537615466441,252,94
bird6,4,92,0.001,-0.7777296745592046,1512,180
bird6,4,92,0.01,-0.7597609083989999,1512,180
bird6,4,92,0.1,-0.746940624367756,1512,180
bird6,5,92,0.001,-0.8501447332530269,9072,278
bird6,5,92,0.01,-0.8122113218361017,9072,278
bird6,5,92,0.1,-0.7845069684037603,9072,278
bird6,0,93,0.001,-1.721345076182466,1,1
bird6,0,93,0.01,-1.7213451008771157,1,1
bird6,0,93,0.1,-1.7213453480679062,1,1
bird6,1,93,0.001,-0.8878651143693511,7,7
bird6,1,93,0.01,-0.8878669522403619,7,7
bird6,1,93,0.1,-0.8878860397409605,7,7
bird6,2,93,0.001,-0.7151468223369809,42,36
bird6,2,93,0.01,-0.7112786411738404,42,36
bird6,2,93,0.1,-0.7081374632469718,42,36
bird6,3,93,0.001,-0.7117727764639246,252,96
bird6,3,93,0.01,-0.7055198326340392,252,96
bird6,3,93,0.1,-0.7011341384855291,252,96
bird6,4,93,0.001,-0.7416474791184947,1512,163
bird6,4,93,0.01,-0.7248417285143565,1512,163
bird6,4,93,0.1,-0.7128705082746125,1512,163
bird6,5,93,0.001,-0.789270177540052,9072,240
bird6,5,93,0.01,-0.7607828680735492,9072,240
bird6,5,93,0.1,-0.7407382988901784,9072,240
bird6,0,94,0.001,-1.7383272092825053,1,1
bird6,0,94,0.01,-1.7383271586995424,1,1
bird6,0,94,0.1,-1.7383266531770085,1,1
bird6,1,94,0.001,-0.9038281274232679,7,7
bird6,1,94,0.01,-0.9038282187489053,7,7
bird6,1,94,0.1,-0.9038303509169542,7,7
bird6,2,94,0.001,-0.7141415291942652,42,35
bird6,2,94,0.01,-0.7130145129525771,42,35
bird6,2,94,0.1,-0.7122015089729506,42,35
bird6,3,94,0.001,-0.7240166521258946,252,97
bird6,3,94,0.01,-0.7154953458037867,252,97
bird6,3,94,0.1,-0.7096001757675336,252,97
bird6,4,94,0.001,-0.7663449965503468,1512,178
bird6,4,94,0.01,-0.7427088305306893,1512,178
bird6,4,94,0.1,-0.7257753311764642,1512,178
bird6,5,94,0.001,-0.8082821564240381,9072,263
bird6,5,94,0.01,-0.7748337543547594,9072,263
bird6,5,94,0.1,-0.7511004433309205,9072,263
bird6,0,95,0.001,-1.7138329289090755,1,1
bird6,0,95,0.01,-1.7138329900503355,1,1
bird6,0,95,0.1,-1.7138336016929392,1,1
bird6,1,95,0.001,-0.8740625118191188,7,7
bird6,1,95,0.01,-0.8740658182207756,7,7
bird6,1,95,0.1,-0.8740993259956855,7,7
bird6,2,95,0.001,-0.6988583929670973,42,32
bird6,2,95,0.01,-0.6975955731160106,42,32
bird6,2,95,0.1,-0.696506425194875,42,32
bird6,3,95,0.001,-0.7240175484555152,252,85
bird6,3,95,0.01,-0.711566686142639,252,85
bird6,3,95,0.1,-0.7014294577831724,252,85
bird6,4,95,0.001,-0.7668731338659913,1512,161
bird6,4,95,0.01,-0.7409404623222123,1512,161
bird6,4,95,0.1,-0.7201672671935146,1512,161
bird6,5,95,0.001,-0.7814914327744946,9072,240
bird6,5,95,0.01,-0.7564341563040113,9072,240
bird6,5,95,0.1,-0.7373868176722789,9072,240
bird6,0,96,0.001,-1.7155166554135266,1,1
bird6,0,96,0.01,-1.715516694918399,1,1
bird6,0,96,0.1,-1.7155170902162131,1,1
bird6,1,96,0.001,-0.895927692192012,7,7
bird6,1,96,0.01,-0.8950989159393492,7,7
bird6,1,96,0.1,-0.894252397470037,7,7
bird6,2,96,0.001,-0.7127590278017306,42,36
bird6,2,96,0.01,-0.709427840627207,42,36
bird6,2,96,0.1,-0.7066439505260284,42,36
bird6,3,96,0.001,-0.7266580297342627,252,95
bird6,3,96,0.01,-0.7175693393328982,252,95
bird6,3,96,0.1,-0.7114974304319766,252,95
bird6,4,96,0.001,-0.7465170739662185,1512,165
bird6,4,96,0.01,-0.7311725268274655,1512,165
bird6,4,96,0.1,-0.7210738893650898,1512,165
bird6,5,96,0.001,-0.8075817147111349,9072,246
bird6,5,96,0.01,-0.774601562523046,9072,246
bird6,5,96,0.1,-0.7513974305633103,9072,246
bird6,0,97,0.001,-1.7096068221026128,1,1
bird6,0,97,0.01,-1.7096068984082926,1,1
bird6,0,97,0.1,-1.7096076616786942,1,1
bird6,1,97,0.001,-0.9134899688283376,7,7
bird6,1,97,0.01,-0.9134834893165481,7,7
bird6,1,97,0.1,-0.913421519242881,7,7
bird6,2,97,0.001,-0.7615720933359903,42,35
bird6,2,97,0.01,-0.7560684727887189,42,35
bird6,2,97,0.1,-0.7511782775288175,42,35
bird6,3,97,0.001,-0.7812200653229144,252,101
bird6,3,97,0.01,-0.765940059262587,252,101
bird6,3,97,0.1,-0.7547257121939067,252,101
bird6,4,97,0.001,-0.8642461290974854,1512,186
bird6,4,97,0.01,-0.8252636177671314,1512,186
bird6,4,97,0.1,-0.7933352412902619,1512,186
bird6,5,97,0.001,-0.9083277973910192,9072,286
bird6,5,97,0.01,-0.8608753848162487,9072,286
bird6,5,97,0.1,-0.8234121632025263,9072,286
bird6,0,98,0.001,-1.7234761616788505,1,1
bird6,0,98,0.01,-1.723476171346702,1,1
bird6,0,98,0.1,-1.723476268279072,1,1
bird6,1,98,0.001,-0.8905156557306649,7,7
bird6,1,98,0.01,-0.8905169326934124,7,7
bird6,1,98,0.1,-0.8905302997589989,7,7
bird6,2,98,0.001,-0.700222857638418,42,35
bird6,2,98,0.01,-0.69797872625606,42,35
bird6,2,98,0.1,-0.6961487764488627,42,35
bird6,3,98,0.001,-0.7109111931232253,252,91
bird6,3,98,0.01,-0.7010159882650224,252,91
bird6,3,98,0.1,-0.6937629317004098,252,91
bird6,4,98,0.001,-0.750361101473928,1512,160
bird6,4,98,0.01,-0.7261732935094568,1512,160
bird6,4,98,0.1,-0.7081141552410163,1512,160
bird6,5,98,0.001,-0.7840771642402108,9072,243
bird6,5,98,0.01,-0.7535270305685736,9072,243
bird6,5,98,0.1,-0.7316772558077964,9072,243
bird6,0,99,0.001,-1.7339216807211864,1,1
bird6,0,99,0.01,-1.7339216557154111,1,1
bird6,0,99,0.1,-1.7339214059319088,1,1
bird6,1,99,0.001,-0.9121088881257249,7,7
bird6,1,99,0.01,-0.9121036036598654,7,7
bird6,1,99,0.1,-0.9120533630478918,7,7
bird6,2,99,0.001,-0.7408977895054351,42,35
bird6,2,99,0.01,-0.7366230013250302,42,35
bird6,2,99,0.1,-0.7329355833670071,42,35
bird6,3,99,0.001,-0.7653491982191872,252,98
bird6,3,99,0.01,-0.7493399714517472,252,98
bird6,3,99,0.1,-0.7366171524730681,252,98
bird6,4,99,0.001,-0.8023577914615877,1512,179
bird6,4,99,0.01,-0.7737258207605642,1512,179
bird6,4,99,0.1,-0.7514641321912495,1512,179
bird6,5,99,0.001,-0.8090168524480508,9072,266
bird6,5,99,0.01,-0.7806800529046442,9072,266
bird6,5,99,0.1,-0.7606366728265684,9072,266
bird6,0,100,0.001,-1.726466909228014,1,1
bird6,0,100,0.01,-1.7264669189003776,1,1
bird6,0,100,0.1,-1.726467015895548,1,1
bird6,1,100,0.001,-0.8800430339329309,7,7
bird6,1,100,0.01,-0.8800465891180321,7,7
bird6,1,100,0.1,-0.8800826169597619,7,7
bird6,2,100,0.001,-0.6955841358521686,42,32
bird6,2,100,0.01,-0.6937167246318425,42,32
bird6,2,100,0.1,-0.692117265052172,42,32
bird6,3,100,0.001,-0.705780826071306,252,88
bird6,3,100,0.01,-0.6979967191019262,252,88
bird6,3,100,0.1,-0.692189911189754,252,88
bird6,4,100,0.001,-0.7338559320686946,1512,165
bird6,4,100,0.01,-0.7173173818578986,1512,165
bird6,4,100,0.1,-0.7052674891155462,1512,165
bird6,5,100,0.001,-0.762357745219592,9072,249
bird6,5,100,0.01,-0.7409705953538773,9072,249
bird6,5,100,0.1,-0.726487316421477,9072,249
