"bird","fullPrefix"
"bird1","qqqqqqqqqqqaaaauuuuuuuuuuugggggggbeeeeee"
"bird1","qqqqqqqqqqqqqqqqaaaaaauuuuuuuuuuuuuuu"
"bird1","qqqqqqqqqqqqqqqqaaaaaauuuuuuuuuugggggggggbeee"
"bird1","qqqqqqqaaaaaauuuuuuuuuuuuuuggggggggbeeee"
"bird1","qqqqqqqqqqqqqqaaaaaaaauuuuuuuuuuuugggggggggbeeehhhhhhhlaaauuuuubeeebbbbeeeeeehheeelaaauuuubeeehhhhh"
"bird1","qqqqqaaaaaauuuuuugggggggbeeehhhhhhlaaauuuuubeeebeeehhhhhee"
"bird1","qqqqqqqqaaaaaauuuuuuuuuugggggggbeeehhhhhhlaaauuuuuuuuubeeebbbbeeeeeeeehheeelaaauuuuuuubeeebbbbeeeeeeeeee"
"bird1","qqqqqqqqqqqqqqqaaaaauuuuuuuuuuuu"
"bird1","qqqqqqqqqqqaaaaaauuuuuuuuuuuuggggggggggbeeeehhhhhhhhhhhee"
"bird1","qqqqqqqqqqaaaaauuuuuuuuuuuu"
"bird1","qqqqqqqqqqqqqqqaaaaaaauuuuuuuuu"
"bird1","qqqqqqqqqqqaaaaaauuuuuuugggggggbeeehhhhhlaaauuubeeebbbbeeeeeeelaaauuuuubeee"
"bird1","qqqqqqqqqqqqaaaaaauuuuuuuuuuuggggggbeeeehhhhhhlaaauuuuubeeebbbbeeeeeeee"
"bird1","qqqqqqqaaaaauuuuuuuuuuggggggbeeee"
"bird1","qqqqqqqqqaaaaaauuuuuuuugggggggbeeeehhhhhhlaaauuubeeebbbbeeeehheeeeeelaaauuuubeeehhhhhhh"
"bird1","qqqqqqqqaaaaaaauuuuuuuuuuugggggggggbeeehhhhhhlaaauuuuubeee"
"bird1","qqqqqqqqqqaaaaauuuuuuuuuuuuu"
"bird1","qqqqqqqqaaaaaaaauuuuuuuuuuuggggggggbeeehhhhhhhlaaauubeeebbbbeeeeeeehheeelaaauuuuubeeebeee"
"bird1","qqqqqqqqqqqqqaaaaauuuuuuuuuuuugggggbeeehhhhhhlaaauuuuubeeebeee"
"bird1","qqqqqqqqqqqaaaaauuuuuuuuuu"
"bird1","qqqqqqqqqaaaaaaauuuuuuuuuuuggggggggbeeehhhhhhlaaaauuuuuubeeebbbbeeeeeehheee"
"bird1","qqqqqqqqqqqqqqqqqaaaaaaauuuuuuuuuugggggggbeeeehhhhhhlaaauuuuubeeebbbbeeeeee"
"bird1","qqqqqqqqqqqaaaaaauuuuuuuuuuuuggggggbeeeehhhhhhe"
"bird1","qqqqqqqqqqqaaaaaauuuuuuuuuuuuggggggggbeeeeeehhhhlaaauuuuuubeeebbbbeeeeeeelaaauuuuubeee"
"bird1","qqqqqqqqqqqqaaaaauuuuuuuuugggggggbeeeeehhhhhhhlaaauuuuuuubeeee"
"bird1","qqqqqqqqqqqqaaaaaaauuuuuuuuuuuuuu"
"bird1","qqqqqqqqqqqqqaaaaaaauuuuuuuuuggggggggbeeeehhhhhhlaaauuuuubeeebbbbeeeeee"
"bird1","qqqqqqqqqaaaaaauuuuuuuuuggggggbeeeehhhhhhlaaauuuubeeebbbbeeeeeelaaauuubeee"
"bird1","qqqqqqqqqqaaaaaauuuuuuuuuuuugggggggbeeeehhhhhhlaaauuuuubeee"
"bird1","qqqqqqqqqqqqqqaaaaaauuuuuuuuuuu"
"bird1","qqqqqqqqqqqqqqqqqaaaaauuuuuuuuuuuuugggggbeeehhhhhee"
"bird1","qqqqqqqqqqqaaaaaauuuuuuuugggggggggbeee"
"bird1","qqqqqqqqqqqqaaaaaaaauuuuuuuuuuuuugggggggbeeehhhhhhhlaaauuuubeee"
"bird1","qqqqqqqaaaaaauuuuuuuuuuugggggggbeeehhhhhhlaaauuuuubeeebbbbeeeeeelaaauuuuubeee"
"bird1","qqqqqqqqaaaaaaaauuuuuuuuuuuugggggggggggbeeeeeehhhhhlaaauuuuuubeee"
"bird1","qqqqqqqqaaaaaauuuuuuuuuuugggggggbeeehhhhhhhhhhhee"
"bird1","qqqqqqqqqqqqqaaaaaaauuuuuuuuuu"
"bird1","qqqqqqqqqqaaaaaauuuuuuuuuuu"
"bird1","qqqqqqqqqqqaaaaaaaaauuuuuuuuuuuugggggggbe"
"bird1","qqqqqqqqqqaaaaaaaauuuuuuuuuugggggggbeeeehhhhhhhhlaaauuuuubeeebbbbbeeeeeeeelaaauuuubeee"
"bird1","qqaaaaaauuuuuuuuuu"
"bird1","qqqqqqqqqqqqqqqqqqqqqqaaaaaauuuuuuuuuuuggggggggbeeeehhhhhhhhhlaaauuubeeebbbbeeeeeee"
"bird1","qqqqqqqqqqqqqaaaaaaauuuuuuuuuuu"
"bird1","qqqqqqqaaaaaauuuuuuuuuugggggggggbeeehhhhhhhhhe"
"bird1","qqqqqqqqqqaaaaaaauuuuuuuuuggggggggbee"
"bird1","qqqqqqaaaaaauuuuuuuuuuugggggggbeeehhhhhhhhlaaauuuubebbbbeeeee"
"bird1","qqqqqqaaaaaaauuuuuuuu"
"bird1","qqqqqqqqqqqqqqqqqqqaaaaauuuuuuuuuugggggggggbeeehhhhhhhhlaaauuuubeeebbbbeeeeeelaaauuuubeee"
"bird1","qqqqqqqqqaaaaaauuuuuuuuuugggggggbeeehhhhhhhhlaaauuubeeebbbbeeeeelaaauuuuuu"
"bird1","qqqqqqqqqqqaaaaaauuuuuuuuuggggggggbeee"
"bird1","qqqqqqqaaaaaaauuuuuuuuuuuggggggggbeeehhhhhhhhlaaauuuuuuuuuubeee"
"bird1","qqqqqqqqqqaaaaaauuuuuuuuuuuuuggggggbeeeehhhhhheeeee"
"bird1","qqqqqqqqqqqaaaaaauuuuuuuuggggggggbeeeehhhhhhhee"
"bird1","qqaaaaauuuuuuuuuuuuggggggggggbeeeehhhhhhlaaauuuuuuuubeeebbbbeeeeeelaaauuuuuuuuubeee"
"bird1","qqqqqqqaaaaaauuuuuuuuugggggggbeeeehhhhhhhhhlaaauubeeebbbbeeeeeelaaauuu"
"bird1","qqqqqqqqqqqaaaaaaauuuuuuuuuugggggggggbeeeeehhhhhhlaaauuubeeebbbbeeeeeeeeelaaauuubeee"
"bird1","qqqqqqqqqqqqaaaaaauuuuuuuu"
"bird1","qqqqqqqaaaaaauuuuuuuuuu"
"bird1","qqqqqqaaaaauuuu"
"bird1","qqqqqqqqaaaaauuuuuuuuuggggggggbeeeehhhhhhlaaauuubeeebbbbeeeeee"
"bird1","qqqqqqqqaaaaaauuuuuuuugggggggggbeeeeehhhhhlaaauuubeeebbbbeeeeeeehhee"
"bird1","qqqqqqqqqaaaaauuuuuuuuuuggggggggbeeeeeehhhhhhhlaaauuubeeebbbbeeeeeehheeelaaauuubeeebbbbeeeeeee"
"bird1","qqqqqqqqqqqqqaaaaauuuuuuuuggggggggbeeeeehhhhheee"
"bird1","qqqqqqqqaaaaaauuuuuuuuuggggggggbeeeeehhhhhhhlaaauuubbeeebbbbeeeeeeehheee"
"bird1","qqqqqqaaaaaauuuuuuuugggggggbeeeehhhhhhhe"
"bird1","qqqqqqqqqaaaaaauuuuuuuuuugggggggbeeeeeeehhhhhhhlaaauuubeee"
"bird1","qqqqqqqqqaaaaaaauuuuuuuuuu"
"bird1","qqqqqqqqqqaaaaaaauuuuuuuuuuuggggggggbeeehhhhhhhhe"
"bird1","qqqqqqqqqqaaaaaauuuuuuuuuuuggggggggbeeeeehhhhhhlaaauuubeeebbbbeeeeehheee"
"bird1","qqqqqqqqqqqaaaaaauuuuuuuuuugggggggbeeehhhhhhlaaauuuubeeeebbbbeeeeelaaauuuubeee"
"bird1","qqqqqqqqqqqqqqqqqqqaaaaaaauuuuuuuuuggggggbeeeeeeehhhhhhhheeee"
"bird1","qqqqqqqqqqqaaaaaauuuuuuuuggggggggbeeeehhhhhhhhlaaauuubeeebbbbeeeeeeee"
"bird1","qaaaaauuu"
"bird1","qqqqqqqqqqaaaaaauuuuuuuuuu"
"bird1","qqqqqqqqqqqqqqqqqaaaaaaaauuuuuuuuugggggggggbeeeeehhhhhhlaaauuubeeebbbbeeeeeeee"
"bird1","qqqqqqqqqaaaaauuuuuuuggggggbeeee"
"bird1","qqqqqqqqaaaaaauuuuuu"
"bird1","qqqqqqaaaaauuuuuu"
"bird1","qqqqqqaaaaaauuu"
"bird1","qqqqqqqqaaaaauuuuuuugggggggbeeeeehhhhhlaaauuubeeebbbbeeeeee"
"bird1","qqqqqqqaaaaauuuuuuuuu"
"bird1","qqqqaaaaaaaaauuuuuuu"
"bird1","qqqqqqqqqqaaaaaaaauuuuuuuu"
"bird1","qqqqqqqqqqqqaaaaauuuuuuuggggggggbeeeeehhhhhhhheeee"
"bird1","qqqqqqqaaaaaauuuuuuggggggbeeeeehhhhhhhhe"
"bird1","qqqqqqqqqaaaaauuuuuuuggggggggbeeeeehhhhhhhhlaaauubeeebbbbeeeeeeelaaauuubeee"
"bird1","qqqqqqqqaaaaaauuuuuuuuuugggggggbeeeeeee"
"bird1","qqqqqqaaaaaaauuuuuuuuuuugggggggbeeeeeehhhhhhlaaauuubeeebbbbeeee"
"bird1","qqqqqqaaaaaauuuuuuuuuuuggggggbeeehhhhhhhlaaauuuubeeebbbbeeeeehheee"
"bird1","qqqqqqqqqqqaaaaaauuuuuuuuuuuu"
"bird1","qqqqqqqqqqaaaaaauuuugggggggbeeehhhhhhee"
"bird1","qqqqqqqqqaaaaaauuuuuuuggggggggbeeeeee"
"bird1","qqqqqqqaaaaaauuuuuuuuuuuugggggggbeeeeeeee"
"bird1","qqqqqqqqaaaaaauuuuuuuuggggggggbeeeeeeeehhhhlaaauubeeeebbbbeeeeehheee"
"bird1","qqqqqqqqqqqaaaaaaauuuuuuuuuggggggggbeeeeeehhhhhlaaauuubeeebbbbbeeehheee"
"bird1","qqqqqqqqqaaaaauuuuuuuuuggggggbeeeee"
"bird1","qqqqqqqaaaaauuuuuuuuugggggggbeeeehhhhlaaaauubeeebbbbeeeeehheeelaaauuubeeebbbbeeeeee"
"bird1","qqqqqqqaaaaaaaauuuuuuuuuugggggggbeeeeehhhhhhee"
"bird1","qqqqqqqqaaaaaauuuuuuuuuuggggggggbeeeeehhhhhlaaauubeeebbbbeeeeeehheee"
"bird1","qqqqqqqqqqqaaaaaaauuuuuuuuugggggggggbeeeeeehhhhhhhhlaaauuubeeebbbbeeeeeelaaauuubeee"
"bird1","qqqqqqqaaaaaauuuuuuuuuuuu"
"bird1","qqqqqqqqqaaaaauuuuuuuuuuuuu"
"bird1","qqqqqqqqqaaaaaaaauuuuuuuuuu"
"bird1","qqqqqqqqaaaaaauuuuuuuuuugggggggbeeeeehhhhlaaauuubeeebbbbeeeeee"
"bird1","qqqqqaaaaaauuuuuuuugggggggggbeeeehhhhhhhlaaauu"
"bird1","qqqqqqqaaaaauuuuuuuuuugggggggbeeeeehhhhhlaaauuuuuubeeebbbbeeeeehheeelaaauuuuubeeebbbbeeeeee"
"bird1","qqqqqqqqaaaaaaauuuuuuuu"
"bird1","qqqqqqqqqqqqqaaaaauuuuuuuuuu"
"bird1","qqqqqqqqqqqqqaaaaauuuuuuuuuuuuuugggggggbeeehhhhhhlaaauuuuuuu"
"bird1","qqqqqqqqqaaaaaaaaauuuuuuuuuuuuggggggggbeeeeehhhhlaaauuuuuubeeebbbbeeeee"
"bird1","qqqqqqqaaaaaauuuuuuuuuuuggggggggbeeeeeeeehhhhhlaaauuuuubeee"
"bird1","qqqqqqqqaaaaaauuuuuuuuuuuuu"
"bird1","qqqqqqqqqqaaaaaaaauuuuuuuuuugggggggbeeeeeehhhhhhhlaaauuubeeebbbbeeeeeeelaaauuuubeee"
"bird1","qqqqqqqqqqaaaaaaauuuuuuuuuu"
"bird1","qqqqqqaaaaaaauuuuuuuuugggggggbbeeeeeehhhhhhlaaauuubeeebbbbeeeeeeehheeelaaauuuubeeehhhhhh"
"bird1","qqqqqqqqqqaaaaaauuuuuuuuuugggggggbeeeeehhhhhlaaauuuubeeebbbbeeeeeehhee"
"bird1","qqqqqqqqqqaaaaaaaaauuuuuuuuuggggggggbeeee"
"bird1","qqqqqqqqqqaaaaauuuuuuuuugggggggggbeeeehhhhhlaaauubeeeeebbbbeeeeeehheeelaaaauuuuubeeebeee"
"bird1","qqqqqqqqqqqaaaaaauuuuuuuuggggggggggbeeeeehhhhhhhhlaaauuuuubeeebbbbeeeelaaauuubeee"
"bird1","qqqqqqqqqaaaaauuuuuuuuugggggggbeeeehhhhhhheeeee"
"bird1","qqqqqqaaaaaauuuuuuuuuuuuugggggggbeeeeeeehhhhhhlaaauuuubeeebbbbeeeeeee"
"bird1","qqqqqqqqaaaaaauuuuuuuuuuuuugggggggggbeeehhhhhhhlaaauubeeebbbbeeeeeeeehheeeelaaauuubeeehhhhh"
"bird1","qqqqqaaaaaaauuuuuuuuugggggggggbeeeehhhhhhheeeeeeee"
"bird1","qqaaaaaaauuuuuuuuuuuggggggggbeeeeehhhhhhlaaauuuubeeebbbbeeeeee"
"bird1","qqqqqqqqqqqqqqqqqqqqaaaaaaauuuuuuu"
"bird1","qqqqqqqaaaaaaaauuuuuuu"
"bird1","qqqqqqqaaaaaaauuuuuuuuugggggggbeeeeeehhhhheeeeee"
"bird1","qqqqqqqqqqqqqqaaaaaaauuuuuuuuuuggggggggbeeeehhhhhhlaaauuubeeebbbbeeeeeeelaaauuubeee"
"bird1","qqqqqqqaaaaauuuuuuuuuugggggggbeeeeehhhhhlaaauuubeeebbbbeeeeeeeelaaauuubeee"
"bird1","qqqqqqqqqaaaaaauuuuuuuuuuuggggggbeeeehhhhhhlaaauubeeebbbbeeeeeehheeeeelaaauubeeebbbbeeeee"
"bird1","qqqqqqqqaaaaauuuuuuuuuuuuugggggggbeeeeeehhhhhhhlaaauuubeeebbbbeeeeeelaaauuuubeee"
"bird1","qqqqqqqqqqaaaaaauuuuuuuuuggggggbeeeeeehhhhhhe"
"bird1","qqqqqqqqqqqqqqaaaaaauuuuuuuuuu"
"bird1","qqqqqqqaaaaauuuuuugggggggbeeeeehhhhhhhe"
"bird1","qqqqqaaaaaauuuuuuuuuugggggggbeeeehhhhhhlaaauuuubeee"
"bird1","qqqqqaaaaaauuuuuuuuggggggbeeeeehhhhhlaaauuubeeebbbbeeeeehheeelaaauuu"
"bird1","qqqqqqaaaaaauuuuuuuuuugggggggbeeeeeehhhhhhheeeee"
"bird1","qqqqqqqqaaaaaauuuuuuuuuuuuggggggggbeeeehhhhhhhlaaauuubeeebbbbeeeeeehheeeelaaauuubeeebeeehhhhh"
"bird1","qqqqqqqqqqaaaaaaaauuuuuuuuuuuu"
"bird1","qqqqqqqqaaaaauuuuuuuuuuuu"
"bird1","qqqqqqqqqaaaaaaauuuuuuuuugggggggbeeeeehhhhhhlaaauubeeebbbbeeeeehheee"
"bird1","qqqqqqqqqqaaaaaauuuuuuuuugggggggbeeeehhhhhlaaauuuubeeebbbbeeeeeeehheee"
"bird1","qqqqqqqqqqqaaaaauuuuuuuugggggggbeeeeeehhhhhlaaauuuuubeeebbbbeeeeeeehheeelaaauuuubeeebbbbeeeehhhhh"
"bird1","qqqqqqqqaaaaaauuuuuuuuuuuugggggggggbeeeeehhhhhlaaauuuubeeebbbbeeeeehheeelaaauuuuubeeebbbbeeeee"
"bird1","qqqqqqqaaaaauuuuuuugggggggbeeeee"
"bird1","qqqqqqqqqqqqaaaaaauuuuuuuuuuuggggggggbeeehhhhhhlaaauuuubeeebbbbeeeeeee"
"bird1","qqqqqqqqaaaaaauuuuuuuuuugggggggbeeeeehhhhlaaauuuubeeeebbbbeeeeeeehheeelaaauuuubeeehhhhhh"
"bird1","qqqqqqqqqqqqqaaaaaaauuuuuuuuugggggggbeeeeehhhhhlaaauuuubeeebbbbeeeeeehheee"
"bird1","qqqqqaaaaauuuuuuuu"
"bird1","qqqqqqqqaaaaaauuuuuuuuuggggggggbeeeeeehhhhhhhhe"
"bird1","qqqqqqqqqqqqqqqaaaaauuuuuuuugggggggbeeeeehhhhhlaaauuuubeeebbbbeeeeeeehheee"
"bird1","qqqqqqqqqqqaaaaaaaauuuuuuuuuuugggggggbeeeeeehhhhhllaaauuubeeebbbbeeeelaaauuuuubeee"
"bird1","qqqqqqqqqqqqaaaaaaauuuuuuuuuuggggggbeeeeeeehhhhhlaaauuubeeebbbbeeeeeeehheeeela"
"bird1","qqqqqqqaaaaaauuuuuuuuggggggggbeeehhhhhlaaauuubebeee"
"bird1","qqqqqqqqqaaaaaauuuuuuuuuugggggggbeeeee"
"bird1","qqqqqqaaaaauuuuuuuuugggggggbeeeeeehhhhhheeeeeee"
"bird1","qqqqqqqqqaaaaaauuuuuuuuugggggggbeeeee"
"bird1","qqqqqqqqqqqqqqqqqaaaaaaauuuuuuuuuugggggggbeeeehhhhhlaaauuubeeebbbbeeeeeehheee"
"bird1","qqqqqqqqqqqqqqqqaaaaaauuuuuuggggggggbeeeee"
"bird1","qqqqqqqqqqqqqqqqqqqqaaaaaauuuuuuuuugggggggbeeeeeehhhhhhhhe"
"bird1","qqqqqqqqqaaaaaauuuuuuuuugggggggggbeeeehhhhhhhhe"
"bird1","qqqqqqqqqqqqqqaaaaaaaauuuuuuuu"
"bird1","qqqqqqaaaaaauuuuuuuuugggggggbeeeeeehhhhlaaauuuubeeebbbbeeeeehheeelaaauuubeeebbbbeeeehh"
"bird1","qqqqqqqqqqqaaaaaauuuuuuuuugggggggggbeeeeehhhhhhlaaauuuuubeeebbbbeeeeeehheeelaaauuuuuubeeebbbbeee"
"bird1","qqqqqqqqqqaaaaaauuuuuuuuuuugggggggggbeeeehhhhhhhe"
"bird1","qqqqqqqqqqqqqqqaaaaaauuuuuuugggggggbeeeeeeehhhhhhlaaauuubeeebeee"
"bird1","qqqqqqqqqaaaaaauuuuuuuuugggggggbeeeeehhhhhhe"
"bird1","qqqqqqaaaaaauuuuuuuuggggggggbeeeehhhhhhhlaaauuuuuubeeebbbbeeeeehheeeelaaauuuuubeeebbbbeeee"
"bird1","qqqqqqqqqaaaaaaauuuuuuuuuuu"
"bird1","qqqqqqqqqqqaaaaaauuuuuuuuuggggggggbeeeeehhhhhhlaaauuuubeeebbbbeeeehhhhhhhhe"
"bird1","qqqqqqqqqqaaaaaaauuuuuuuggggggbeeeeehhhhhhe"
"bird1","qqqqqqqaaaaauuuuuuuuugggggggggbeeeeeehhhhhhhlaaauuuuubeeebbbbeeeeeeehheeeelaaauuuubeeehhhh"
"bird1","qqqqqqqqaaaaaauuuuuuuuuggggggggbeeehhhhhhhlaaauuuuubeeebbbbeeeeeelaaauuuuubeee"
"bird1","qqqqqqqqqqaaaaaauuuuuuuuuggggggggbeeeeehhhhhlaaauuubeeebbbbeeeehheeelaaauuuuuubeeebbbbeeeehh"
"bird1","qqqqqqqqqaaaaaauuuu"
"bird1","qqqqqqqqqqaaaaaauuuuuuuugggggggbeeehhhhhlaaauuuuubeeebeee"
"bird1","qqqqqqqaaaaaauuuuuuuuuuugggggggbeeeehhhhhlaaauuuubeeebbbbeeeeeehheee"
"bird1","qqqqqqqqqqqqaaaaaaauuuuuuuuuggggggbeee"
"bird1","qqqqqqqqaaaaaauuuuuuugggggggbeeeeehhhhhhlaaauu"
"bird1","qqqqqqqqqaaaaaauuuuuuuggggggggbeeeeehhhhhlaaauuubeeebbbbeeee"
"bird1","qqqqqqqqqqqqaaaaaauuuuuuuuugggggggbeeeehhhhhlaaauuubeeebbbbeeeeelaaauuubeee"
"bird1","qqqqqqqaaaaaauuuuuuuu"
"bird1","qqqqqqqqaaaaaauuuuuuuuuugggggggggbeeehhhhhheeee"
"bird1","qqqqqqqqqqaaaaaauuuuuuuggggggggbeeehhhhhhhlaaauuuubeeebbbbeeeeehheeeeelaaauuuubeeebeee"
"bird1","qqqqqqqqaaaaauuuuuuugggggggbeeeehhhhhlaaauuubeeebbbbeeeehheeelaaauuubeeebeee"
"bird1","qqqqqqqqqqaaaaauuuuuuuugggggggbeeeeeehhhhhlaaauuuubeee"
"bird1","qqqqqqqqaaaaaauuuuuuuuuugggggggbeeeehhhhhlaaauuuubeeebbbbeeeeeeeeehheeelaaauuuubeeehhhhh"
"bird1","qqqqqqqqqqqqqqqqqaaaaaauuuuuuugggggbeeee"
"bird1","qqqqqqqqqqqqqqqqqaaaaaaauuuuuuuuuggggggggbeeeehhhhlaaauuubeeeebbbbeeeeeelaaauuuubeee"
"bird1","qqqqqqqaaaaauuuuuuuuugggggggbeeeehhhhhhlaaauubeeebbbbeeeeeeehheeeelaaauuubeeehhhh"
"bird1","qqqqqaaaaaaauuuuuuuuuuuugggggggbeeehhhhhlaaauuuubeeebbbbeeeeehheeelaaauuuubeeebbbbee"
"bird1","qqqqqqqqqaaaauuuuuuuuggggggggbe"
"bird1","qqqqqqqqqqqqqqaaaaaauuuuuuuuuuuggggggggbeeehhhhhlaaauuuubeeebbbbeeeeehheeee"
"bird1","qqqqqqqqaaaaaaauuuu"
"bird1","qqqqqqaaaaauuuugggggggbeeeehhhhhhhlaaauuubeeebbbbeeeeehheeelaaauuubeeebbbbeeeeeehh"
"bird1","qqqqqqaaaaaaaauuuuuuuuu"
"bird1","qqqqqqqqqaaaaauuuuuuuuuuggggggggbeeeehhhhhhhhlaaauuuuubeeebbbbeeeehheeee"
"bird1","qqqqqqqqqqaaaaaaauuuuuuuuuuggggggggbeeehhhhlaaauuuubeeeebbbbeeeeee"
"bird1","qqqqqqqqqqqaaaaaauuuuuuuuuggggggggbeeeehhhhhlaaauuuubeeeeeebbbbeeeeeeeehheelaaauuuuubeeebbbbeeeeehh"
"bird1","qqqqqqaaaaaaaauuuuuugggggggggbeeeehhhhhlaaauuubeee"
"bird1","qqqqqqqqqqaaaaaauuuuuuuuuggggggggbeee"
"bird1","qqqqqqqqqaaaaaaauuuuuuuuuugggggggbeeehhhhhlaaauuuuu"
"bird1","qqqqqaaaaaauuuuuugggggggggbeeehhhhhhhlaaauuuuuuubeeeeebbbbeeeeeehheeelaaauubeeehhhhhh"
"bird1","qqqqqqqqqqqaaaaauuuuuuuuggggggbeeeehhhhlaaauuuuubeeebbbbeeeehheee"
"bird1","qqqqqqqqqqqqqqaaaaaauuuuuuuuuugggggggggbeeehhhhhhhlaaauuubeeebbbbeeeeeelaaauuuubeee"
"bird1","qqqqqqqqqqaaaaaauuuuuuuuuuggggggggbbeeeehhhhhhlaaauuubeeebbbbeeeeehheeelaaauuuubeeehhhhh"
"bird1","qqqqqqqaaaaaaauuuuuuuuggggggggggbeeeeehhhhhhlaaauuuubeeebbbbeeeehheeeelaaauuuuuubeeehhhhhh"
"bird1","qqqqqqqqqqqaaaaaaauuuuuuuuuuggggggggbeeeehhhhhlaaauuuuuubeeebbbbeeeeeeeehheee"
"bird1","qqqqqqqqqqqqqqqqqqqqqqaaaaaaaauuuuuuuuuu"
"bird1","qqqqqqqqqqqaaaaaauuuuuuuuuuggggggggbeeeehhhhhlaaauuuubeeebbbbeeeeehheeelaaauuuuubeeehhhh"
"bird1","qqqqqqqqqqqaaaaaaauuuuuuuuugggggggbeeeeehhhhhhe"
"bird1","qqqqqqqqqqqqaaaaaaauuuuuuuuuuuugggggggggbeeehhhhhlaaauuubeeebbbbeeeeeehheeeelaaauuuubeeebbbbeeehhhhhh"
"bird1","qqqqqqqqqqqqaaaaaauuuuuuuuugggggggbeee"
"bird1","qqqqqqqqqqaaaaaauuuuuuugggggggbeeeehhhhhlaaauuubeeebbbbeeeee"
"bird1","qqqqqqqaaaaaaauuuuuuuuuuggggggggbeeeehhhhhhhee"
"bird1","qqqqqqqqqqaaaaaaaaauuuuuuggggggggbeeehhhhhhhlaaauuubeeebbbbeeeehheeelaaauuuubbee"
"bird1","qqqqqqqqaaaaaaauuuuuuuuuggggggggbeeeeehhhhhhlaaauuuubeeebbbbeeeeeelaaauuuubeee"
"bird1","qqqqqqqqqqaaaaaaaauuuuuuuuuggggggggbeeeeehhhhhheee"
"bird1","qqqqqqqqqaaaaaauuuuuuuuuugggggggbeeeeeehhhhhhhlaaauuubeeebbbbeeeee"
"bird1","qqqqqqqqaaaaaaaauuuuuuuuuugggggggbeeehhhhhhlaaauuubeeebbbbbeeeehheeelaaauuuubeeehhhhh"
"bird1","qqqqqqqqqqaaaaaauuuuuuuuuugggggggbeeeehhhhhhlaaauuubeeebbbbeeeeeeehhheeelaaauuubeeehhhhh"
"bird1","qqqqqqqqqaaaaaaauuuuuuuuuggggggggbeeehhhhhhhhlaaauuubeeebbbbeeeeehheee"
"bird1","qqqqqqqqqaaaaaaaaauuuuuuuuggggggbeee"
"bird1","qqqqqqqqqaaaaauuuuuugggggggbeeeee"
"bird1","qqqqqqqqqqqaaaaaauuuuuuuuuu"
"bird1","qqqqqqqqaaaaaauuuuuuuuuggggggggbeeehhhhhhlaaauuubeeebbbbeeeeeeeelaaauuubeee"
"bird1","qqqqqqqqaaaaaaauuuuuuuuuuggggggggbeeeehhhhhhhlaaauuuubeee"
"bird1","qqqqqqqqqaaaaaauuuuuuuuuggggggbeeeehhhhhlaaauuubeeebbbbeeeeehheeeelaaauuuubeeehhhhhh"
"bird1","qqqqqqqqqaaaaaaauuuuuuuuugggggggbeeehhhhhlaaauuubeeebbbbeeeeeehheeelaaauuuuubeeehhhhh"
"bird1","qqqqqqqqqqqqqqqaaaaauuuuuuuuuugggggggbeeeeee"
"bird1","qqqqqqqaaaaaauuuuuuuuuugggggggggbeeehhhhhlaaauuubeeebbbbeeeeeeehheeelaaauuuubeeehhhh"
"bird1","qqqqqqqaaaaaaauuuuuuuugggggggggbeeeehhhhhhhlaaauuuubeee"
"bird1","qqqqqqqaaaaaaaauuuuuuuuuggggggggbeeeeehhhhhhhheeee"
"bird1","qqqqqqqqqqqqqqaaaaaaauuuuugggggggbeeehhhhhhlaaauuubeeebbbbeeeeeehhheeelaaauuubeeehhhhh"
"bird1","qqqqqqqqqqqqqaaaaaauuuuuuggggggggbeeeehhhhhhhlaaauuuubeeebbbbeeeeeeelaaauuuubeee"
"bird1","qqqqqqqqqqqaaaaaaaaaauuuuuuuuugggggggbeeeehhhhhhhlaaauuuubeeeebbbbeeeeeeee"
"bird1","qqqqqqqqqqqaaaaaauuuuuuuuggggggggbeeeehhhhhhhlaaauuuuubeee"
"bird1","qqqqqqqqqqqqqaaaaaaaaaauuuuuuuuuuggggggggbeeeeehhhhhhhlaaauuuubeeebbbbeeeeeeeehheeelaaauuuubeeebbbbeeeeee"
"bird1","qqqqqqqqqaaaaaaauuuuuuuu"
"bird1","qqqqqqqaaaaauuuuuuugggggggbeeehhhhhhlaaauuubeeebbbbeeeeelaaauuuubeee"
"bird1","qqqqqqqqaaaaaaaauuuuuuuuggggggggbeeeehhhlaaauuubeeeebbbbeeeeeeehheeelaaauuubeeehhhhhhh"
"bird1","qqqqqqaaaaaauuuuuuugggggggggbeeehhhhhlaaauuubeeebbbbeeeeeeehheeelaaauuuuubeeebbbbeeeeeehh"
"bird1","qqqqqqqqqqaaaaaauuuuuuuuuugggggggbeeeehhhhhhlaaauuubeeeebbbeeeeeeeeeehhe"
"bird1","qqqqqqqqqqqaaaaaaauuuuuuuuggggggggbeeehhhhhlaaauuuubeeebeee"
"bird1","qqqqqqqqqqqaaaaaauuuuuugggggggggbeeeehhhhhhlaaauuuuubeeebbbbeeeeeeeeeelaaauuubeee"
"bird1","qqqqqqqqqqqqqqqaaaaaaaaaauuuuuuugggggggbeeeeehhhhhlaaauuuubeeebbbbeeeeeehheeelaaauuuubeeebbbbeeeeee"
"bird1","qqqqqqqqqaaaaaauuuuuuuuuuuuugggggggggbeeeehhhhhhhhhhlaaauuubeeebbbbeeeeehheeelaaauuuuuubeeehhhhhh"
"bird1","qqqqqqqqqqqqqqaaaaaauuuuuuuuuuuggggggggbeeehhhhhhhhlaaauubeee"
"bird1","qqqqqqqqaaaaaauuuuuuuuuuggggggggbeeeehhhhhlaaauuuuuubeeebbbbeeeeeehheeelaaauuuubeeehhhhhh"
"bird1","qqqqqqqqqqqqaaaaaaauuuuuuuuuggggggggbeeeehhhhhhlaaauuubeeebbbbeeeeeee"
"bird1","qqqqqqqqqqqaaaaaaaaaauuuuuuuuggggggggbeeehhhhhhlaaauuuubeeebbbbeeeeehheeelaaauuuuu"
"bird1","qqqqqqqqaaaaaaaauuuuuuuuugggggggggbeeeeeeehhhhhhlaaauuuuuuuuubeeebbbbeeeeeehheeelaaauuuuuubeeebbbbeeeehh"
"bird1","qqqqqqqqqqqqqqaaaaaaauuuuuuuuuuuggggggggbeeeehhhhhhhe"
"bird1","qqqqqqqqqaaaaauuuuuuuuuuuuggggggggbeeehhhhhhlaaauuubbeeeebbbbeeeeehheeelaaauuubeeebbbbeeeeee"
"bird1","qqqqqqqqaaaaaauuuuuuuuuuggggggggbeeeehhhhhhhhhhhe"
"bird1","qqqqqqqqqqqaaaaaaauuuuuuuggggggggbeeehhhhhhhhe"
"bird1","qqqqqqqqqqqaaaaauuuuuuuugggggggbeee"
"bird1","qqqqqqqqqqaaaaaaaauuuuuuuugggggggggbeeehhhhhlaaaauuuubeeebbbbeeeeeeehhee"
"bird1","qqqqqqqaaaaaauuuuuuuuuuggggggggbeeehhhhhhhlaaauubbeee"
"bird1","qqqqqqqqaaaaaauuuuuuuuuuggggggggbeeeehhhhhhhlaaauuubeeebbbbeeeeeehheeelaaauuuuubeeehhhhhhh"
"bird1","qqqqqqqqqqqqaaaaauuuuuuuuuuuggggggggbeeeehhhhhlaaauuuubeeebbbbeeeeehheeelaaauuubeeebbbbeeee"
"bird1","qqqqqqqqqqaaaaaauuuuuuuugggggggggbeeeehhhhhlaaauuubeee"
"bird1","qqqqqqqqaaaaaauuuuuuuuu"
"bird1","qqqqqqqqqqaaaaaaauuuuuuuuuuuggggggggbeeeeee"
"bird1","qqqqqqqqqqqaaaaaauuuuuuuuuuugggggggggbeeeehhhhhhhhlaauuuuubeeebbbbeeeeeeehheeeelaaauuuuubeeebbbbeehhhhhhhh"
"bird1","qqqqqqqqqqqqqqaaaaaaaauuuuuuuuuuugggggggbeeehhhhhhlaaauuuubeeebbbbeeeeeeeelaaauuuubeee"
"bird1","qqqqqqqqqqaaaaaauuuuuuuuuggggggggbeeeehhhhhlaaauuubeeebbbbeeeeeee"
"bird1","qqqqqqqaaaaaaauuuuuuuuuugggggggbeeee"
"bird1","qqqqqqqqqqqqaaaaaauuuuuuugggggggbeeehhhhhlaaauuuubeeee"
"bird1","qqqqqqqqqaaaaaauuuuuuuuuuuggggggggggbeeehhhhhhlaaauuuubbeeebbbbeeeeeeeeeehheeelaaauuubeeehhhhh"
"bird1","qqqqqqqqqqqqaaaaaauuuuuuuugggggggbeeeehhhhlaaauuubeee"
"bird1","qqqqqqqqqaaaaaaauuuuuuggggggggbeeehhhhhhhhhlaaauuubeeebbbbeeeeeeehheeelaaauuuubeeebbbbeeeeehh"
"bird1","qqqqqqqqqqaaaaaauuuuuuuggggggggbeeehhhhhhhlaaauuubeeebbbbeeeeeelaaauuuu"
"bird1","qqqqqqqqqqqqqaaaaaauuuuuuuuuggggggggbeee"
"bird1","qqqqqqqqqqqqqaaaaaaauuuuuuuugggggggbeeeehhhhhlaaauuuuubeeebbbbbeeeeehheeelaaauuuubeeehhhh"
"bird1","qqqqqqqqqqqqaaaaaauuuuuuuuuuggggggggggbeeeehhhhhhlaaauuubeeebbbbeeeeeehheeeeeelaaauubbeeebbbbeeeeeehh"
"bird1","qqqqqqqqqqqqqaaaaaauuuuuuuuggggggggbeeeeeehhhhhhlaaauuubeeebbbbeeeeeehheeeelaaauuubeeebbbbeeeeee"
"bird1","qqqqqqqqqqqaaaaaaauuuuuuuuuugggggggbeeeehhhhhhlaaauuubeeebbbbeeeeeehheeelaaauuubeeehhhhh"
"bird1","qqqqqqqqqqaaaaaauuuuuuuugggggggggbeeeeehhhhhlaaauuuubeeebbbbeeeeeeehheeeelaaauuuubeeebeeehhhhh"
"bird1","qqqqqqqqqqqqqqaaaaaaauuuuuuuuuggggggggggbeeeeeehhhhhhhlaaauuuubeeebbbbeeeeehheeelaaauuuubeeebbbbeeeeeehh"
"bird1","qqqqqqqqqqqqqqqaaaaauuuuuuuuuugggggggbeeeeehhhhlaaauuuuubeee"
"bird1","qqqqqqqqaaaaaaauuuuuuuuuuuggggggggbeeeeehhhhlaaaauuuubeee"
"bird1","qqqqqqqqqqqqqqaaaaaaaaauuuuuuuugggggggggbeeee"
"bird1","qqqqqqqqqqqqqaaaaaaauuuuuuuuuu"
"bird1","qqqqqqqqqqqqaaaaaaaauuuuuuuugggggggbeeeeehhhhhhhlaaauuubeee"
"bird1","qqqqqqqqqaaaaaauuuuuuuuuuggggggggbeeeeehhhhhhhlaaauuubeeeebbbbeeeeehhee"
"bird1","qqqqqqqqqaaaaaauuuuuuuggggggbeeeehhhhlaaauuubeeeebbbbeeeeehheeelaaauuubeeeehhhhhh"
"bird1","qqqqqqqqqaaaaaaaauuuuuuggggggggbeeeeehhhhhheeeeeee"
"bird1","qqqqqqqqqaaaaaaauuuuuuuuugggggggggbeeeeehhhhlaaauuubeeee"
"bird1","qqqqqqqqqqqaaaaaaauuuuuuuuugggggggbeeeeeeehhhhhlaaauuubeeeebbbbeeee"
"bird1","qqqqqqqqqqaaaaaaaauuuuuuuu"
"bird1","qqqqqqqqaaaaaauuuuuuuuuu"
"bird1","qqqqqqqqqaaaaaauuuuuuuuuuggggggggbeeeeehhhhhhlaaauuuubeeebbbbeeeee"
"bird1","qqqqqqqqqqaaaaaaaauuuuuuuuuuggggggggbeeeehhhhhlaaauubeeebbbbeeeeeehheeeelaaauubeeebbbbeeeeehhhhhh"
"bird1","qqqqqqqqqqqqqqqqqaaaaaaaauuuuuuuuu"
"bird1","qqqqqqqqaaaaauuuuuuuggggggbeeeehhhhhhhhlaaauuubeeebbbbeeeehheeelaaauuuuuubeeehhhh"
"bird1","qqqqqqqqaaaaaaaauuuuuuuuuu"
"bird1","qqqqqqqqqaaaaaaauuuuuuuugggggggggbeeeehhhhhhlaaauuubeeebbbbeeeeehheee"
"bird1","qqqqqqqqqqaaaaaauuuuuuuuuu"
"bird1","qqqqqqqqaaaaaauuuuuuuuuuuuu"
"bird1","qqqqqqqqqqqqqaaaaaauuuuuuuu"
"bird1","qqqqqqqqqaaaaaaauuuuuuuugggggggbeeeeehhhhhhlaaauuubeee"
"bird1","qqqqqqqqaaaaauuuuuuuuu"
"bird1","qqqqqqqqqqaaaaaaauuuuuuuuugggggggbeeeeehhhhhlaaauuuubeeebbbbeeeeeehheeeelaaauuubeeebbbbeeeeehh"
"bird1","qqqqqqqqaaaaaauuuuuuuggggggbeeehhhhhlaaauuuubeeebbbbeeeeeeeehheeeelaaauuuubeeehhhhh"
"bird1","qqqqqqqqqqaaaaaauuuuuuuuuuggggggbeeeehhhhhlaaauuuubeeebbbbeeeeehheeeeelaaauuuuubeeebbbbeeeehh"
"bird1","qqqqqqqqqqqqaaaaaaauuuuuuuu"
"bird1","qqqqqqqqqaaaaauuuuuuuuu"
"bird1","qqqqqqqqqqaaaaaaaaauuuuuuuugggggggbeeeehhhhhlaaauuuuuubbeeebbbbeeeehheeelaaauuuuuu"
"bird1","qqqqqqqqqqqqqaaaaaauuuuuuuuuggggggggbeeeeehhhhhhlaaauuubeeebbbbeeeeeeehheeelaaauuuubeeebeeehhhh"
"bird1","qqqqqqqqqqqqqqqqqqaaaaaaaauuuuuuuuugggggggbeeeee"
"bird1","qqqqqqqqqqaaaaaaaaauuuuuuuuuggggggbeeehhhhhhlaaauuubeee"
"bird1","qqqqqqqqqaaaaaauuuuuuugggggggggbeeehhhhhhhlaaauuuubeee"
"bird1","qqqqqqqqqqqqqqqaaaaaaauuuuuggggggggbeeehhhhhhee"
"bird1","qqqqqqqqqaaaaaaaauuuuugggggggbeeeeehhhhhhlaaauuubeeebbbbeehheee"
"bird1","qqqqqqqqqqqqqqaaaaaauuuuuugggggggggbeeeeehhhhhlaaauuuubeeebbbbeeeeehheee"
"bird1","qqqqqqqqqqqaaaaaauuuuuuuuuggggggggbeeeehhhhhhhhee"
"bird1","qqqqqqqqaaaaaaauuuuuggggggggbeeehhhhhhlaaauuuubeeebbbbeeeeehheeeelaaauuuubbeeeehhhhh"
"bird1","qqqqqqqqqaaaaaauuuuuuuuu"
"bird1","qqqqqqaaaaaaauuugggggggggbeeehhhhhhlaaauubeeebbbbeeeeehheeelaaauuuubeeebbbbeeeehh"
"bird1","qqqqqqqqqqqqaaaaaauuuuuggggggggggbeeehhhhhlaaauuuubeeebbbbeeeeehheelaaauuuuu"
"bird1","qqqqqqqqqqaaaaauuuuuuuuggggggbeeeeeeehhhhhlaaauuuuuuubeeebbbbeeeehheee"
"bird1","qqqqqqqqqqqqqqqqqqqaaaaaaaauuuuuuuu"
"bird1","qqqqqqqqaaaaaauuuuuuuuuuggggggggbeeeehhhhhhhlaaauuubeeebbbbeeeeelaaauuubeee"
"bird1","qqqqqqqqaaaaaaauuuu"
"bird1","qqqqqqqqqqqqqqqqqaaaaaauuuuuuuuuuuggggggbeeehhhhhhlaaauuuubeeebeee"
"bird1","qqqqqqqqqqqqqqqaaaaaaaauuuuuuuuuuuugggggggbeeeeeeehhhhhlaaauuuuubeee"
"bird1","qqqqqqqqqaaaaaauuuuuuuuuggggggggbeeeehhhhhhhlaaauuubeeebbbbeeeeelaaauuuubeee"
"bird1","qqqqqqqqqqqqaaaaaaauuuuugggggggbeeeeehhhhhlaaauuuubeeeebbbeeeeeeehheeelaaauuuuubeeehhh"
"bird1","qqqqqqqqqqqqqaaaaauuuuuuuuu"
"bird1","qqqqqqqqqaaaaaauuuuuuugggggggggbeeehhhhhhlaaauuubeeebbbbeeeeehheee"
"bird1","qqqqqqqqqqaaaaaauuuuuuugggggggbeeeee"
"bird1","qqqqqqqqqqqqaaaaaauuuuuuugggggggbeeee"
"bird1","qqqaaauuuuuuuuuuu"
"bird1","qqqqqqqqqqqaaaaaauuuuuuuuuuugggggggbeee"
"bird1","qqqqqqqqqqaaaaaauuuuuuuugggggggbeeee"
"bird1","qqqqqqqqqqqqaaaaaauuuuuuuuuggggggbeeeeehhhhhhhheeee"
"bird1","qqqqqqqqaaaaaaauuuuuuuugggggggbeeeehhhhhlaaauuubeeebbbbeeeeehheee"
"bird1","qqqqqqqqaaaaaaauuuuuuuuuugggggggggggbeeee"
"bird1","qqqqqqaaaaaauuuuuu"
"bird1","qqqqqqqqqqqqqaaaaaaauuuuugggggggbeee"
"bird1","qqqqqqqqqaaaaaaauuuuuuuuuuuggggggggbeeehhhhhlaaauuuubeeebbbbeeeeehheeelaaauuuuuubeeebbbbeeeeeeehh"
"bird1","qqqqqqqqqqaaaaaauuuuuuuuugggggggbeeeehhhhlaaauuubeeebbbbeeeehheelaaauuuuuu"
"bird1","qqqqqqqqaaaaaaauuuuuuuuggggggggbeeeeee"
"bird1","qqqqqqqqqqqaaaaaaauuuuuuuuu"
"bird1","qqqqqqqqqqqqqqqqqqqqqqaaaaauuuuuuuuuggggggbeeeehhhhhhhlaaauuuubeeebbbbeeeeee"
"bird1","qqqqqqqaaaaaaauuuuuuu"
"bird1","qqqqqqqqqqaaaaauuuuuuuggggggggbeeeehhhhhlaaauuuuuubeeebbbbeeeeeehheeelaaauuuuubeeehhhhh"
"bird1","qqqqqqqqqqqqqqaaaaaaauuuuuuuuuuggggggggbeeehhhhlaaauuuubeeebbbbeeeehheeeelaaauuuubeeehhhhhh"
"bird1","qqqqqqqqqqqaaaaaauuuuuuuuuuuugggggggbeeehhhhhhlaaaauubeee"
"bird1","qqqqqqqqaaaaaauuuuuuuuuuggggggggbeeehhhhhhlaaauuuubeeebbbbeeeeeehheeeelaaauuubeeebbbbeeeehh"
"bird1","qqqqqqqqqqqqaaaaaauuuuuuuuuuggggggggbeeeeehhhhhhlaaauuuuubeeebbbbeeeeehheeeeeelaaauuuubeeehh"
"bird1","qqqqqqqqqaaaaauuuuuuuugggggggbeeeehhhhhhhlaaauuuubeeebbbbeeeeeehheeeelaaauuubeeebbbbeeeehhhhhh"
"bird1","qqqqqqqqaaaaaaaauuuuuuuuggggggggbeeeehhhhhlaaauuubeeebbbbeeeehheeelaaauuubeeebbbbeeeeeehh"
"bird1","qqqqqqqqqaaaaauuuuuuuuugggggggbeeeeeehhhhheeee"
"bird1","qqqqqqqqqqaaaaaaauuuuuuuuuuuggggggggbeeeeehhhhlaaauuubeeebbbbeeeeeeehheeelaaauuuubeeehhhhh"
"bird1","qaaaaaauuuuuuuuggggggggbeeeehhhhlaaauuuuubeeebbbbeeeeeeee"
"bird1","qqqqqqqqqqqqaaaaauuuuuuuuuggggggggbeeehhhhhhhlaaauuubbeeebbbbeeeeeeehheeeelaaauuubeeehhhhhhhh"
"bird1","qqqqqqqqqqqaaaaauuuuuuuugggggggbeeeehhhhhhhlaaauuuuubeeebbbbeeeeehheeelaaauuuubeeebbbbeeeeee"
"bird1","qqqqqqqqqaaaaaaauuuuuuuugggggggbeeehhhhhhlaaauuubeeebbbbeeeeeee"
"bird1","qqqqqqqqqaaaaaauuuuuuuuuugggggggggbeeehhhhhlaaauuuubeeebbbbeeeehheeeeelaaauuuubeeebbbbeeeeeehh"
"bird1","qqqqqqqqqqqqaaaaaaauuuuuuuuuggggggggbeeeehhhhlaaauuubeee"
"bird1","qqqqqqqqqqqqqqqaaaaaaaauuuuuuuuuggggggggbeeeeeehhhhhlaaauuubeeebbbbeeeeeeehheeelaaauuubeeehhhhh"
"bird1","qqqqqqqqqqaaaaaaaauuuuuggggggggbeeehhhhhhlaaauuuubeeebbbbeeeehheeelaaauuuubeeebbbbeeeehh"
"bird1","qqqqqqqqaaaaaauuuuuuuuuuugggggggbeeehhhhhhhlaaauuubeeebbbbeeeeeehheeeelaaauuuuubeeehhhhhh"
"bird1","qqqqqqqqqaaaaaaauuuuuuuugggggggggbeeeeehhhhhhhlaaauuuubeeebbbbeeeeeeeehheeelaaauuuubeeebbbbeeeehh"
"bird1","qqqqqqqqqqqaaaaaauuuuuuuuugggggggbeeeeeeehhhhhlaaaauuubeeebbbbeeeeeelaaauuubeee"
"bird1","qqqqqqqqqqaaaaaaaauuuuuuuuuu"
"bird1","qqqqqqqqaaaaaaauuuuuuuu"
"bird1","qqqqqqqqaaaaaaauuuuuggggggggbeeehhhhhhlaaauuubeeebbbbeeeeeeeehheeelaaauuuubeeebbbbeeeeehhhhhh"
"bird1","qqqqqqqqqaaaaaaaauuuuuuuu"
"bird1","qqqqqqqqqqqqqaaaaaauuuuuuuuuuggggggggbeeeeeeehhhhhlaaauuuubeeebbbbeeeeee"
"bird1","qqqqqqqaaaaauuuuuuuuuuugggggggbeeehhhhhhlaaauuubeeebbbbeeeeeehheeelaaauuubeeebbbbeeeeeeehh"
"bird1","qqqqqqqqqqqaaaaaauuuuuuuuuuuuuggggggggbeeeeehhhhhlaaauuuuubeeebbbbeeeeeeehheeelaaauuuubeeehhhhhhh"
"bird1","qqqqqqqqqqqaaaaaauuuuuuuuuuggggggggbeeeehhhhhhlaaauuubeee"
"bird1","qqqqqqqqqqaaaaaaauuuuuuggggggggbeeee"
"bird1","qqqqqqqqaaaaaaauuuuuuugggggggbeeehhhhhhlaaauuuuubeeeeebbbbeeeeeelaaauuuubeee"
"bird1","qqqqqqqqqaaaaaaauuuuuuuuuuuuugggggggbeeehhhhlaaauuuubeeebbbbeeeeeeeeehheeelaaauuuubeeebbbbeeee"
"bird1","qqqqqqqqqqqaaaaaauuuuuuuuuuuggggggbeeehhhhhhlaaauuuuubeeebbbbeeeeeeelaaauuuubeee"
"bird1","qqqqqqqqaaaaauuuuuuuuugggggggbeeeehhhhhlaaauuubeeee"
"bird1","qqqqqqqqqqaaaaauuuuuuuuuggggggggbeeeeeee"
"bird1","qqqqqqqqqqaaaaauuuuuuuuggggggbeeee"
"bird1","qqqqqqqqqqqqqaaaaaaauuuuuuugggggggggggbeeehhhhhlaaauuuuubeeebbbbeeeehheeelaaauuuu"
"bird1","qqqqqqqqaaaaaauuuuugggggggbeeehhhhhhhhlaaauuubeeebbbbeeeeee"
"bird1","qqqqqqqaaaaaaaauuuuuuuuggggggbeeeeeehhhhhhlaaauuuubeeebbbbeeeehheeelaaauuuubeeebbbbeeeehh"
"bird1","qqqqqqqqqqaaaaaaaauuuuuuuuuuuugggggggggbeeehhhhhhhhlaaauuubeeebbbbeeeeehheee"
"bird1","qqqqqqqqqqqaaaaauuuuuuuuuugggggggbeeeeehhhhhhlaaauuubeeebbbbeeeeeeee"
"bird1","qqqqqqqaaaaaaauuuuuuuuggggggggbeeee"
"bird1","qqqqqqqqqqaaaaauuuuuuggggggggbeeeehhhhlaaauubeeebbbbeeeeeeelaaauuu"
"bird1","qqqqqqqqqqqqqaaaaauuuuuuuuuuuggggggggbeeeeehhhhhlaaauuubeeebbbbeeeeeeehheeelaaauuuubeeebbbbeeee"
"bird1","qqqqqqqqqqqaaaaaaauuuuuugggggggbeeeeehhhhhe"
"bird1","qqqqqqqqqqqaaaaauuuuuuuuugggggggbeeeee"
"bird1","qqqqqqqqqqqqqaaaaauuuuuuuugggggggggbeeeeeehhhhhhhee"
"bird1","qqqqqqqaaaaaaauuuuuuuuggggggggbeeeee"
"bird1","qqqqqqqqqaaaaaaauuuuuuuugggggggbeeeeeehhhhhhlaaauuuubeeebbbbeeeee"
"bird1","qqqqqqqqqaaaaaauuuuuuugggggggbeeeee"
"bird1","qqqqqqqqqaaaaaauuuuuuuuuggggggggbeeeeehhhhhlaaauubeeebbbbeeeeeeehheeelaaauuuubeeehhhhh"
"bird1","qqqqqqqqqqqaaaaaaauuuuuuuuuuuuggggggggbeeeeehhhhhhlaaauuubeeebbbbeeeeehheeee"
"bird1","qqqqqqaaaaaauuuuuuuugggggggbeeeehhhhhlaaauuubeeebbbbeeeeeehheeelaaauuuubeeehhhhhhh"
"bird1","qqqqqqqaaaaauuuuuuuggggggggbeeehhhhhhhlaaauuubeeebbbbeeeehheeelaaauuuubeeebbbbeeeehhhhh"
"bird1","qqqqqqqqqqqqqqqqqqaaaaaaaauuuuuuuuuggggggbeeehhhhhlaaauuuubeeebbbbeeeehheee"
"bird1","qqqqqqqqqaaaaaaauuuuuuuuggggggggbeeeehhhhhlaaauuuuuu"
"bird1","qqqqqqqqqqaaaaaauuuuuuuuu"
"bird1","qqqqqqqqqqaaaaaauuuugggggggbeee"
"bird1","qqqqqqqqqqqqqqqqaaaaaauuuuuuugggggggbeeeee"
"bird1","qqqqqqqqqaaaaaaauuuuuuuuuu"
"bird1","qqqqqqqqqqaaaaaauuuuuuuuugggggggbeeeeeehhhhheee"
"bird1","qqqqqqqqqqqqqqqaaaaaaaauuuuugggggggggbeee"
"bird1","qqqqqqqqqaaaaaauuuuuuuugggggggbeehhhhhhlaaauuubeeebbbbeeeeeeehheeelaaaauubeeebbbbeeehhhh"
"bird1","qqqqqqqqaaaaaauuu"
"bird1","qqqqqqqqaaaaaauuuuuuuuuuugggggggggggbeeehhhhhhlaaauuuubeeebbbbeeeeeehheeelaaauuuubeeehhhh"
"bird1","qqqqqqqqqaaaaauuuuuuuuuu"
"bird1","qqqqqqqqqqqqqaaaaauuu"
"bird1","qqqqqqqqqaaaaaauuuuuuuuuuggggggggbeeeehhhhlaaauuuubeeebbbbeeeeeeelaaauuuuuubeee"
"bird1","qqqqqqqqqqqaaaaauuuuuuuuugggggggbeeeehhhhhhlaaauubeeebbbbeee"
"bird1","qqqqqqqqqqqqqqaaaaaauuuuuuuuuuuggggggggbeeeehhhhhhhlaaauuubeeebbbbeeeee"
"bird1","qqqqqqqaaaaauuuuuuuuuuugggggggbeeehhhhlaaauuuubeee"
"bird1","qqqqqqqqaaaaaauuuuuuuuggggggggggbeeeeehhhhlaaauuuubeeeebbbbeeeeeeehheeelaaauuuuu"
"bird1","qqqqqqqqqaaaaaaaauuuuuuuuugggggggggbeeehhhhhhhlaaauuuubeeebbbbeeeeeeeelaaauuuuubeee"
"bird1","qqqqqqqqaaaaaauuuuuuuuugggggggbeee"
"bird1","qqqqqaaaaaauuuuuggggggggbeee"
"bird1","qqqqqqqqqqqqqqqaaaaauuuuuuu"
"bird1","qqqqqqqqqaaaaaauuuuuuuu"
"bird1","qqqqqqqqqqqqqqqqqaaaaaauuuuuuugggggggggbeeeeeehhhhhhhlaaauuuuubeeebbbbeeeehheeelaaauubeeebbbbeeeehhhh"
"bird1","qqqqqqqqaaaaaaauuuuggggggbeeehhhhhllaaauuuubeeebbbbeeeehheee"
"bird1","qqqqqqqaaaaaaauuuuuuuuggggggggbeeeehhhhhhlaaauubeeee"
"bird1","qqqqqqqqqqqaaaaaaauuuuuuuuu"
"bird1","qqqqqqqqqqaaaaaauuuuuuuggggggggbeeehhhhhlaaauuuubeeebbbbeeeeeehheee"
"bird1","qqqqqqqqqqqqqqaaaaaauuuuuuuuuuggggggbeeeeehhhhhhhlaaauubeeebbbbeeeeeelaaauuuubeee"
"bird1","qqqqqqqqqaaaaaauuuuuuuuugggggggbeee"
"bird1","qqqqqqqaaaaaaaauuuuugggggggbee"
"bird1","qqqqqaaaaaauuu"
"bird1","qqqqqqqqaaaaaaauuuuuuuggggggggbeeeehhhhhhlaaauuubeeebbbbbeee"
"bird1","qqqqqqaaaaaaauuuuuuuuuuugggggggbeee"
"bird1","qqqqqaaaaauuuuuugggggggbeeehhhhhhlaaauuubeeebbbbeeeehheeelaaauubeeebbbbeee"
"bird1","qqqqqqaaaaaaauuuuuuuuu"
"bird1","qqqqqqqqqqqqaaaaauuuuuuuuuuuugggggggbeeeehhhhhhhlaaauuubbbbeeeeee"
"bird1","qqqqqqqaaaaaaauuuuuuuggggggggbee"
"bird1","qqqqqqqqqqaaaaaaauuuuuuuuuggggggbbeeeeehhhhhlaauuuubeeebbbbeeeehheeelaaauuuuubeeebbbbeeeeehh"
"bird1","qqqqqqqaaaaaauuuuugggggggbeeee"
"bird1","qqqqqqqqqqaaaaaaauuuuugggggggbeeehhhhhlaaauuubeeebbbbeeeeeeehheeeeelaaauuuuubeeehhhh"
"bird1","qqqqqqqqaaaaaauuuuuugggggggbeeehhhhhlaaauuuubeeebbbbeeeehheeelaaauuu"
"bird1","qqqqqqqqqqqqqqaaaaaauuuuuuuuggggggggbeeeehhhhhhlaaauuubeee"
"bird1","qqqqqqqqqqaaaauuuuuuuggggggggbeeeeehhhhhlaaauuuubeee"
"bird1","qqqqqqaaaaauuuu"
"bird1","qqqqqqqqqqqaaaaaaauuuuuuggggggggbeeehhhhhlaaauuubeeebbbbeeeeehheeelaaauuuuuubeeebbbbeeeeehh"
"bird1","qqqqqqqqqaaaaaauuuugggggggbeeeee"
"bird1","qqqqqqqqqqaaaaauuuggggggggbeee"
"bird1","qqqqqqqaaaaauuuuuuuuuuggggggggbeeeeeeehhhhhhlaaauuubeeebeee"
"bird1","qqqqqqqqqaaaaaauuuuuuuuggggggggbeeehhhhhlaaauubeeebbbbeeeeeee"
"bird1","qqqqqqqqqaaaaauuuuuuuugggggggbeeeehhhhhhlaaauuuubeeebbbbeeeeeehheeeelaaauuubeeehhhhhh"
"bird1","qqqqqqqqqqaaaaauuuuuuggggggggbeeeehhhhhhlaaauuubeeebbbbeeeeeeehheelaaauuuubeeehhhhhhh"
"bird1","qqqqqqqqqqaaaaaaauuuuuuggggggbeeeehhhhhlaaauuubeeebbbbeeeeeehheeelaaauuuuubeeehhhhhhh"
"bird1","qqqqqqqaaaaaauuuuuuuggggggggbeee"
"bird1","qqqqqqqqqqaaaaaauuuuuuugggggggbeeehhhhhlaaauuubeeebbbbeeeeehheeelaaauuubbeeebbbbeee"
"bird1","qqqqqqqqaaaaauuuuuuuuuggggggggbeeee"
"bird1","qqqqqqqqqqaaaaaauuuuuuugggggggbbe"
"bird1","qqqqqqqqqqaaaaaauuuuggggggggggbeeehhhhhlaaauuubeeebbbbeeeeeehheeelaaauuuubeeehhhh"
"bird1","qqqqqqqqqaaaaauuuuuugggggggbeeee"
"bird1","qqqqqqqqqqqaaaaaauuuuuuuuugggggggbeee"
"bird1","qqqqqqqqaaaaaaaauuuuuugggggggbeeeeeehhhhee"
"bird1","qqqqqqqaaaaauuuuuuugggggggggbeeeehhhhhheeee"
"bird1","qqqqqqaaaaaauuuuuugggggggbeeehhhhhhhlaaauuuubeeebbbbeeeee"
"bird1","qqqqqqaaaaaaauuuuugggggggbeeehhhhhhhlaaauubeeeebbbbeeeeeeehheeelaaauuuuubeeebbbbeeeeeehh"
"bird1","qqqqqqqqqaaaaauuuuuuuu"
"bird1","qqqqqqqqqqqaaaaaauuuuuuugggggggggggbeeeehhhhhhhlaaauuuuubeeebbbbeeeehheeelaaauuubeeehhhh"
"bird1","qqqqqqqqaaaaauuuuuuuggggggggbeee"
"bird1","qqqqqqqqqqqqqqqqqqqqqaaaaaaaauuuuugggggggbeeeeeehhhhhlaaauuubeeebbbbeeeeehheeeelaa"
"bird1","qqqqqqqqqaaaaauuuuuuuuggggggggbeeehhhhhlaaauuubbeee"
"bird1","qqqqqqqqqqaaaaauuuuuuggggggggbeeehhhhhhlaaauuubeeebbbbeeeeeeehheeelaaauuuubeeehhhhh"
"bird1","qqqqqqqqqqqaaaaauuuuuuggggggggbeeeehhhhhlaaauuubeeebbbbeeeeee"
"bird1","qqqqqqqqaaaaaauuuuuuuuuggggggggbeeehhhhhhhlaaauubeeebbbbeeeee"
"bird1","qqqqqqqaaaaauuuuuuuugggggggggbeeehhhhlaaauuuuubeee"
"bird1","qqqqqqqqaaaaaaauuuuuuugggggggbeeeehhhhhlaauuuubeeebbbbeeeeeehheeelaaauuuubeeehhhhh"
"bird1","qqqqqqqqqqqaaaaaauuuuuuuuggggggggggggbeeeehhhhlaaauuubeeebbbbeeeeeehheee"
"bird1","qqqqqqqqqaaaaaauuuuuuuuuggggggggbeeeeehhhhhhlaaauuubeeebbbbeeeeehheeeelaaauuubeeebbbbeeeeeeehhh"
"bird1","qqqqqqqaaaauuuuuuuugggggggggbeeeeehhhhhhhlaaauuubeeebbbbeeeeeehheeelaaauuuubeeebbbbeeeeee"
"bird1","qqqqqqqaaaaaauuuuuuuggggggggbeeehhhhhee"
"bird1","qqqqqqqqqqaaaaaauuuuuuugggggggbeeee"
"bird1","qqqqqqqqqaaaaaauuuuuuuuugggggggggbeeeehhhhhlaaauuuubeeebbbbeeeeeeehheeeelaaauuubeeehhhhhhh"
"bird1","qqqqqqqqqaaaaaauuuuuugggggggggbeeehhhhlaaauuuubeeebbbbeeeeeehheeeeee"
"bird1","qqqqqqqqqqqaaaaaaaauuuuuuuuuggggggggbe"
"bird1","qqqqaaaauuu"
"bird1","qqqqqqqqaaaaauuuuuuuuggggggggbeeeeeehhhhlaaauuuubeeebbbbeeeeeehheeelaaauuuubeeehhhhhh"
"bird1","qqqqqqqqqqqaaaaaauuuuuugggggggggbeeeeehhhhlaaauuuubeeebbbbeeeeeeehheeelaaauuuubeeebbbbeeeeehhhh"
"bird1","qqqqqqqqqqqqqqqaaaaaauuuuuuuuugggggggggbeeehhhhhhlaaauu"
"bird1","qqqqqqqqqqaaaaaauuuuuuuuuuggggggggbeeehhhhhhhhlaaauuubeeebbbbeeeeeehhhhhe"
"bird1","qqqqqqqqqqqqqqaaaaaauuuuuuuuuuuggggggbeeeee"
"bird1","qqqqqqqqqqqqaaaaaauuuuuuugggggggggbeeeeeehhhhhheee"
"bird1","qqqqqqqqqqaaaaauuuuuuuggggggggbeeeehhhhhlaaauuuubeeebbbbeeeeeehheeelaaauuuubeeebbbbeeee"
"bird1","qqqqqqqqqqqqaaaaaaauuuuuugggggggbeeeeeeehhhhhhlaaauuuuubeeebbbbeeeeeehheeeeelaaauuuuuubeeehhhhh"
"bird1","qqqqqqqqqaaaaauuuuuuuuugggggggggbeeee"
"bird1","qqqqqqqqqqqaaaaaauuuuuuuggggggggbeeehhhhhlaaauubeeebbbbeeeehheeelaaauuuuubeeebbbbeeee"
"bird1","qqqqqqqqqqqqqqqqqqqqqqqqqqqqqqaaaaaauuuuuuuugggggggggbeeeeehhhhhlaaauuubeeebbbbeeeeeehheeeeelaaauuuubeeehhhhhh"
"bird1","qqqqqqqqqqqqqaaaaaauuuuuuugggggggggbeeeeehhhhhlaaauuuuuuuubeeebbbbeeeeeeeehheeelaaauuuubeeebbbbeeehhhhhh"
"bird1","qqqqqqqqqqqqqqqaaaaauuuugggggggggbeeehhhhhhe"
"bird1","qqqqqqqqqaaaaauuuuuuuuugggggggbeeee"
"bird1","qqqqqqqqqqqqaaaaaauuuuuuuuggggggggbeeehhhhhhee"
"bird1","qqqqqqqqqqqaaaaaauuuuuuuuuggggggggggggbeeeeeehhhhhhlaaauuuubeeebbbbeeeeeehheeelaaauuubeeehhhhhhh"
"bird1","qqqqqqqqqaaaaauuuuuuu"
"bird1","qqqqqqqqaaaaauuuuuuuugggggggbeeehhhhhhlaaauuuubeeebbbbeeeeeeehhe"
"bird1","qqqqqqqqqaaaaaaauuuuuuuugggggggggbeeeeehhhhhhlaaauubeeebbbbeeeeeeehheeelaaauuuubbeeebbbbeeeeeehh"
"bird1","qqqqqqqqqqqaaaaaaauuuuuuuuugggggggbeeeeeehhhhhhlaaauuubeeebbbbeeeeelaaauu"
"bird1","qqqqqqqqqqqqqqqqaaaaauuuuuuuuuuuggggggggbeeeeeeeehhhhhlaaauuubeeebbbbeeeeeeeeehheeelaaauuuubeeehhhhhhh"
"bird1","qqqqqqqqqqqqqqqaaaaaauuuuuuuu"
"bird1","qqqqqqaaaaaauuuuuuugggggggggbeeeeeeehhhhhhhe"
"bird1","qqqqqqqqqqaaaaauuuuuuuuuugggggggggbeeeeehhhhlaaauuubeeebbbbeeeehheeelaaauuuubeeehhhhhh"
"bird1","qqqqqqqaaaaauuuuuuuuugggggggggbeeeeehhhhhhhee"
"bird1","qqqqqqqqaaaaauuuuuugggggggggbeeeeehhhhlaaauuuubeeebbbbeeeehheeeelaaauuuubeeebbbbeeehhhh"
"bird1","qqqqqqqqqqaaaaaauuuuuuuuugggggggggbeeehhhhhlaaauuuuubeee"
"bird1","qqqqqqqqaaaaaauuuuuuuu"
"bird1","qqqqqqqqqaaaaaauuuuuuuugggggggggbeeeeehhhhhhhlaaauubeeebbbbeeeeeeehheee"
"bird1","qqqqqqaaaaauuuuuuuuuggggggggggbeeeehhhhhhlaaauuubeeebbbbeeeeehheeelaaauuuubeeehhhhhhhh"
"bird1","qqqqqqqaaaaauuuuuuuuugggggggggbeee"
"bird1","qqqqqqqaaaaaauuuuuuuuugggggggggbeeehhhhhhhlaaauuuuubbeeebbbbeeeeeehheee"
"bird1","qqqqqqqqqqqqqqqqqqaaaaaaaauuuuuuggggggggbeeeehhhhhlaaauuu"
"bird1","qqqqqqaaaaaauuuuuuuuugggggggggbeeehhhhhhe"
"bird1","qqqqqqqqqqqqqqqqaaaaaaaauuuuuuuuuuuggggggggbeeehhhhhe"
"bird1","qqqqqqqqqqaaaaaauuuuuuuggggggggbeeeeeehhhhhhlaaauuuubeeebbbbeeeeeehheeelaaauubeee"
"bird1","qqqqqqaaaaaauuuuuu"
"bird1","qqqqqqqaaaaauuuuuuu"
"bird1","qqqqqqqqqaaaaaauuuuuugggggggbeeehhhhhhlaaauuuubeeebbbbeeelaaau"
"bird1","qqqqqqqqaaaaaauuuuuggggggggbeeeehhhhhlaaauuuubeee"
"bird1","qqqqqqqqqqaaaauuuuuuugggggggbeeehhhhhhlaaauuubeeebbbbeeeehheee"
"bird1","qqqqqqqqqaaaaaauuuuuuu"
"bird1","qqqqqqqaaaaauuuuuuuuggggggggbeeeehhhhhlaaauuubeeebbbbeeeeehheeeelaaauuuuubeeebbbbeeeeee"
"bird1","qqqqqqqaaaaauuuuuuuuggggggggbeeeeehhhhhhhlaaauuubeeebbbbeeeeelaaauuuu"
"bird1","qqqqqqqaaaaaauuuugggggggbeeee"
"bird1","qqqqqqqqqaaaaaauuuuuuugggggggggbeeehhhhhhlaaauuuubeeebbbbeeeeehheeeelaaauuuubeeehh"
"bird1","qqqqqqqqaaaaaauuuuuu"
"bird1","qqqqqqqaaaaauuuuuuuu"
"bird1","qqqqqqqqaaaaaauuuuuuuggggggggbeeeee"
"bird1","qqqqqqqaaaaauuuuugggggggggbeeehhhhhhe"
"bird1","qqqqqqqqqqqqaaaaaauuuuuuuuugggggggbeeehhhhhlaaauuuubeeebbbbeeeeehheee"
"bird1","qqqqqaaaaauuuuuuuggggggggbeeee"
"bird1","qqqqqqqaaaaauuuuuuuuggggggggbeeeeehhhhhlaaauuubeeebbbbeeeeeehheeelaaauuuuubeeebbbbeeeee"
"bird1","qqqqqqqqaaaaaaauuuuuuuugggggggggbeeeehhhhhhhlaaauuuubeeebbbbeeeeeehheeee"
"bird1","qqqqqqqqqqaaaaauuuuuuuuuggggggggbeeeeehhhhhhhhlaaauuubbeeebbbbeeeeehheeee"
"bird1","qqqqqqqqqqqaaaaaauuuuuuggggggggbeeeeeehhhhhhlaaauuubeee"
"bird1","qqqqqqqqqaaaaaauuuuuuuuugggggggbeeehhhhhlaaauubeeebbbbeeeeeeeehheeelaaauuubeeehhhhh"
"bird1","qqqqqqaaaaauuuuuuuuu"
"bird1","qqqqqqqqqqqqqaaaaaaauuuuuuuuggggggggbeeeehhhhhhlaaauubbeee"
"bird1","qqqqqqqqqaaaaauuuuuuuuuugggggggbeeeehhhhhhe"
"bird1","qqqqqqqaaaaauuuuuggggggggbeee"
"bird1","qqqqqqqqqqqaaaaaaauuuuuuuggggggggbeeehhhhhlaaauuubeeebbbbeeeeehheeelaaauuuubeeehhhhh"
"bird1","qqqqqqqaaaaauuuuuuugggggggbeeeeeehhhhhhhlaaauuuubeeebbbbeeeeee"
"bird1","qqqqqqaaaauuuuuuuuuggggggggbeeeehhhhhhhlaaauuubeeebbbbeeeeehheeelaaauubeeebbbbeeeehh"
"bird1","qqqqqqqaaaaauuuuuuuuuggggggggbeeehhhhhe"
"bird1","qqqqqqqqqaaaaaauuuugggggggbeee"
"bird1","qqqqqqqqaaaaaauuuuuggggggggggbeee"
"bird1","qqqqqqqqqqaaaaaaauuuuuuuu"
"bird1","qqqqqqqqqaaaaauuuuuuuuuggggggggbeeeehhhhhhhlaaauuubeeebbbbeeeeeehheeelaaauuubeeebbbbeeeeee"
"bird1","qqqqqqaaaaauuuuugggggggbeeeee"
"bird1","qqqqqqqaaaaaaauuuuggggggggbeeee"
"bird1","qqqqqqqqaaaaauuuuuuuugggggggggbeeeehhhhhlaaauuubeeebbbbeeeeeehheeelaaauuubeeebbbbeeee"
"bird1","qqqqqqaaaaaauuuuuuuuugggggggggbeeehhhhhlaaauuubeeebbbbeeeeeehheeelaaauuuuubbbbeeeee"
"bird1","qqqqqqqqqqqqqqqaaaaaauuuuuuugggggggggbeeeee"
"bird1","qqqqqqqqqqqqaaaaaaauuuuuuuuu"
"bird1","qqqqqqqqqqqaaaaauuuuuuuuuggggggggbeeee"
"bird1","qqqqqqaaaauuuuuuuuggggggggbeeehhhhhhe"
"bird1","qqqqqqqqaaaaauuuuuugggggggggggbeeehhhhhhlaaauuuuubeee"
"bird1","qqqqqaaaaaauuuuuuggggggggbeeehhhhhhhe"
"bird1","qqqqqqqqqqqqqaaaauuuuuuuuuuggggggggbeee"
"bird1","qqqqqqqqaaaaauuuuuuuuuuggggggggbeeeeeehhhhhlaaauuuuubeeebbbbeeeeeeelaaauuuuuuubeee"
"bird1","qqqqqqqqaaaauuuuuuugggggggggbeeeehhhhhhlaaauuubeeebbbbeeeeeeelaaauuubeee"
"bird1","qqqqqqqaaaaauuuuuuuugggggggggbeeee"
"bird1","qqqqqqqqqaaaaaauuuuuuggggggggbeee"
"bird1","qqqqqqqqaaaaaauuuuuuuggggggggbeeehhhhhe"
"bird1","qqqqqqqqqqaaaaauuuuuuuuggggggggbe"
"bird1","qqqqqqqqqqqaaaaaauuuuuuuuu"
"bird1","qqqqqqqqaaaaauuuuuuuuggggggggbeeehhhhhlaaauuubeeebbbbeeeeeeeehheee"
"bird1","qqqqqqqqaaaauuuuuuuuugggggggggbeeehhhhhhlaaauuubee"
"bird1","qqqqqaaaauuuuu"
"bird1","qqqqqqqqqqqaaaaauuuuuuuuggggggggbeeehhhhhhlaaaauuubeeebbbbeeeeehheeelaaauuuuuu"
"bird1","qqqqqqqqqqqaaaaaauuuuuugggggggggbeeeehhhhhlaaauuuuubeeebbbbeeeeeeehheeelaaauuubbeeehhhhh"
"bird1","qqqqqqqqqqqaaaaauuuuuuuuugggggggggbeeeeeehhhhhlaaauuubeeebbbbeeeeeeehheeelaaauuuubeeebbbbeeeeehhhh"
"bird1","qqqqqqqqaaaaaauuuuuuuggggggggbeeehhhhhhlaaauuubeeebbbbeeeeeeee"
"bird1","qqqqqqqqqqqqqqaaaaauuuuuugggggggbeeee"
"bird1","qqqqqqqqqqqqaaaauuuuuuuugggggggbeeeee"
"bird1","qqqqqaaaaauuuuugggggggbeeehhhhhlaaauubeeebbbbeeeeeehheeelaaauuubeeehhhhhh"
"bird1","qqqqqqaaaaaaauuuuuuuggggggggbeeeehhhhhhhe"
"bird1","qqqqqqqqqaaaaaauuuuuuu"
"bird1","qqqqqqqqqaaaaauuuuuuu"
"bird1","qqqqqqaaaauuuuuuugggggggggbeee"
"bird1","qqqqqqqqaaaaaauuuuuuuugggggggbeeeeehhhhhhheee"
"bird1","qqqqqqqqaaaaauuuuuuuu"
"bird1","qqqqqqqqqaaaaauuuuuggggggggbeeehhhhhhlaauuuubeeebbbbeeeeeeehheeelaaauuuubeeehhhhhhhh"
"bird1","qqqqqqqqqqqqqqqqqaaaaauuuuugggggggggggbeeee"
"bird1","qqqqqqqqaaaaauuugggggggbeeeeehhhhhhhlaaauuuuuubeeeebbbbeeeeeeehheeelaaauuuuuubeeebbbbeeeeee"
"bird1","qqqqqqqqqqqaaaaaauuuuuuuuuggggggggbeeeeehhhhhhhhlaaauuuubeeebbbbeeeee"
"bird1","qqqqqqqqqqqqqqqqqqqaaaauuuuggggggggbeeehhhhhhhlaaauuuubeeeebbbbeeeeee"
"bird1","qqqqqqqqaaaaauuuuuggggggggbeee"
"bird1","qqqqqqqqqqqaaaaaaauuuuuuu"
"bird1","qqaaaaauuuu"
"bird1","qqqqqqqqqqaaaaaauuuuuuuggggggggbeeee"
"bird1","qqqqqqaaaaaaauuuuuggggggggbeeee"
"bird1","qqqqqqqqqqaaaaaauuuuuuuuuuuugggggggggbeeeehhhhhhlaaauuuubeeebbbbeeeeee"
"bird1","qqqqqqqqqqqqqqqqqqaaaaaauuuuuuuuuuggggggggbeee"
"bird1","qqqqaaaaauuuuuuu"
"bird1","qqqqqqqqqqqqaaaaaaaaauuuuuuuu"
"bird1","qqqqqqqqqqqqqqqqaaaaauuuuuuuu"
"bird1","qqqqqqqaaaaauuuuuuu"
"bird1","qqqqqqaaaaaauuuuuuuggggggggbeeehhhhhhlaaauuubeeebbbbeeeeehheeelaaauuuubeeebbbbeeeeee"
"bird1","qqqqqqqaaaaaauuuuuu"
"bird2","ebbbccccccdfdgaecbbbccdfdga"
"bird2","bbbbccccdfdgaecbbcccdfdga"
"bird2","ebbbcccccdfdgaecbbbccdfdga"
"bird2","ebbbbcccccbbbbbbccccdfdgaeebbbccd"
"bird2","bbbbcccccdfdgaecbbccdfdga"
"bird2","ebcccccdfdgaecbbbccdfdga"
"bird2","ebbbccccccbbbcccdfdgaeebbbccd"
"bird2","eebbbccccbbbcd"
"bird2","bbbccccbbccdfdgaeebbbccdfdga"
"bird2","ebbccccccbbbbbccdfdgaeebbbbccd"
"bird2","bbbbbbcccbbbbbcccdfdgaeebbbccdfdga"
"bird2","eebbcccccdfdgaecbbbccdfdga"
"bird2","bbccccdfdgaecbbbccdfdga"
"bird2","ebbbccccbbbbbcccdfdgaeebbccd"
"bird2","ebbccccbbccdfdgae"
"bird2","eebbbcbbccd"
"bird2","eebbcccccbbbbbcccdfdgaeebbbbccd"
"bird2","ebbccccbbbbbccdfd"
"bird2","ebbbcccccbbbbbccdfdgae"
"bird2","ebbbbcccccbbbbccdfdgaeebbccd"
"bird2","ebbbccccbbbccdfdgae"
"bird2","ebbbcccccdfdgaecbbbcccdfdga"
"bird2","ebbcccccdfdgaecbbbccdfdga"
"bird2","eebbbbccbbbbbcccdfdgaeebbbccd"
"bird2","bbbcccccccccdfdgaeebbbccdfdga"
"bird2","bbbbccccccdfdgaeebbbccdfdga"
"bird2","eebbbccccbbbbccdfdgaeebbbbbccd"
"bird2","ebbcccccccdfdgaecbbbccccdfdga"
"bird2","ebbbbccccdfdgaeebbbccdfdgaeebbb"
"bird2","bbbbcccccdfdgaeccbbbbccdfdga"
"bird2","ebbcccccdfdgaeebbbbccc"
"bird2","bbbbcccccbbbbbbccccdfdgaeebbbbbccdfdga"
"bird2","ebbcccbbbcccdfdgae"
"bird2","bbbbcccccccdfdgaecbbbbccdfdga"
"bird2","ebbbbbbbbccccdfdgaeebbbbccdfdgaeebbbbb"
"bird2","ebbbbbcccdfdgaecbbbbccdfdga"
"bird2","ebbbcccccdfdgaecbbbcdfdga"
"bird2","ebbbcccccbbccdfdgaeebbbccd"
"bird2","ebbbccccdfdgaeebbbccdfdgaeebbb"
"bird2","bbbcccccdfdgaecbbbbbbbccdfdga"
"bird2","bbbbcccccdfdgaeebbbbccdfdga"
"bird2","bbbbccccdfdgaecbbccdfdga"
"bird2","ebbbbcccdfdgaecbbbccdfdga"
"bird2","bbcccccdfdgaeebbbccdfdga"
"bird2","ebbbbcccccbbbbbccdfdgaeee"
"bird2","ebbcccccdfdgaeebbbcc"
"bird2","bbccccdfdgaecbbbbbbcccdfdga"
"bird2","bbbccbbbbccccdfdgaeebbbccdfdga"
"bird2","eebbccccccbbbbccdfdgaeebbbccd"
"bird2","bbbbccccdfdgaeebbbbccdfdga"
"bird2","ebbbcccccbbbbbccd"
"bird2","ebbbcccccdfdgaeebbbbccdfdgaeeb"
"bird2","bbbbbcccccdfdgaeebbbccdfdga"
"bird2","ebbbcccccbbbbbccd"
"bird2","eebbbcccbbbbbccdfdgaeebbbccd"
"bird2","eebccccbbcccdfdgaeebbbccd"
"bird2","ebbccccccbbbbccdfdgae"
"bird2","eebbbbcccbbbccdfdgaeebbbccd"
"bird2","ebbbbcccccdfdgaeebbbccdfdgaeebbb"
"bird2","eebbbbccccbbbbbccdfdgaee"
"bird2","eebbbccccdfdgaeebbbccdfdgaeebbbb"
"bird2","bbbbbcccccdfdgaecbbbccdfdga"
"bird2","bbbccbbbbbcccdfdgaeebbbccdfdga"
"bird2","eebbbccccccdfdgaeebbbcc"
"bird2","ebccccdfdgaeebbbbccdfdgaeebbbb"
"bird2","eeebcccccbbbbccdfdgaeebbbccd"
"bird2","ebbbcccccdfdgaeebbbbccdfdgaeebbbbb"
"bird2","eeebbccbbbbbccdfdgaeebbbbccd"
"bird2","bbbbbbcccccdfdgaeebbbccdfdga"
"bird2","eebbbbcccccbbbbbbccdfdgaee"
"bird2","bbbbbccccccdfdgaeebbbccdfdga"
"bird2","eeebbbbbccccdfdgaecbbbccdfdga"
"bird2","ebbbcccccdfdgaecbbbccdfdga"
"bird2","ebbbbccccccbbbbbccdfdgae"
"bird2","ebbbbcccccdfdgaeebbbcc"
"bird2","ebbccccdfdgaecbbbccdfdga"
"bird2","ebbcccccccbbbbcccd"
"bird2","ebbbcccccbbbbbbccdfdgaeebbbbccd"
"bird2","bbbbcccccdfdgaeebbbccdfdga"
"bird2","ebbbccccccdfdgaeebbbcccdfdgaeebbb"
"bird2","eebbccccccdfdgaeebbcc"
"bird2","eebbcccbbbbbbcccdfdgaeeb"
"bird2","eeebbbbcccccbbbccccdfd"
"bird2","eebbbcccccbbbbbbccccdfdgaeebbbbccd"
"bird2","eebbbcccccbbbbbbbbccdfdgaeebbbccd"
"bird2","ebbccccbbccdfdgaeebbbccd"
"bird2","eebbbccccbbbbccdfdgae"
"bird2","eeebbcccccccccbbbbbbbbbccdfdgaeebbb"
"bird2","eebbbbccccccdfdgaeebbbcc"
"bird2","ebbbcccccbbbbbccdfdgaeebbbccd"
"bird2","ebbbccccccbbbbcccdfdgaeebbbccd"
"bird2","bbcccccccccdfdgaecbbbccdfdga"
"bird2","ebbccccccdfdgaeebbbbbbbccdfdgaeebbbb"
"bird2","bbbcccccdfdgaecbbbccccdfdga"
"bird2","ebbccccccbbbbbbbccccdfd"
"bird2","eeebbcccccdfdgaeebbbccdfdgaeebbbb"
"bird2","eebbbcccccdfdgaeebbbccdfdgaeebbb"
"bird2","ebbbbbbcccccdfdgaeebbbcc"
"bird2","bbccccdfdgaecbbbccdfdga"
"bird2","bbbccccccccdfdgaeebbbbccdfdga"
"bird2","ebbccccccbbbbccdfdgaeebbbccd"
"bird2","bbbbcccccdfdgaeebbbccdfdga"
"bird2","ebbccccbbbbcccdfdgae"
"bird2","bbbbcccccccdfdgaecbbbbccdfdga"
"bird2","ebbbccccccdfdgaecbbbbccdfdga"
"bird2","bbcccccccbbbbbbcccdfdgaeebbbccdfdga"
"bird2","ebbbccccccdfdgaeebbbccdfdgaeebbb"
"bird2","bbbccccdfdgaecbbbbccdfdga"
"bird2","bbccccccccdfdgaeebbbbccdfdga"
"bird2","bbbcccbbbbccdfdgaeebbbccdfdga"
"bird2","bbbbcccccdfdgaeebbbccdfdga"
"bird2","bbbcccccdfdgaeebbbccdfdga"
"bird2","ebbbbcccccdfdgaeebbbccdfdgaeebbb"
"bird2","eebbbbccccccbbbbbbbccccdfdgaeeb"
"bird2","eebbccccccdfdgaecccbbbbccdfdga"
"bird2","ebbcccccdfdgaeebbbbbbbcccc"
"bird2","bbbbcccccccdfdgaecbbbbccdfdga"
"bird2","eebbbcccccdfdgaeebbbbcc"
"bird2","ebbbbbbbcccdfdgaeebbbbbccdfdgaeebb"
"bird2","eebbbbbcccccbbbbbbbcccdfd"
"bird2","ebbccccccdfdgaecbbbbccccdfdga"
"bird2","ebbbbcccccbbbbbcccd"
"bird2","bbccccccccbbbbbbbccdfdgaeebbbbcccdfdga"
"bird2","ebbbbcccccdfdgaeebbbccdfdgaeeb"
"bird2","ebbbbbccccccdfdgaeebbbbccdfdgaeebbb"
"bird2","bbbcccdfdgaecbbbbbbccdfdga"
"bird2","ebbbccccccdfdgaeebbbbbccdfdgaeebbbb"
"bird2","ebbbbbccccbbbbccdfd"
"bird2","ebbcccccccbbcccdfdgaeebbb"
"bird2","eebbbcccbbbbbbccccdfd"
"bird2","ebbbcccdfdgaecbbbccdfdga"
"bird2","eebbbcccccccdfdgaeebbbccdfdgaeebbb"
"bird2","bbbbccccccccdfdgaeebbbccdfdga"
"bird2","bbbccccccccdfdgaeebbbbccdfdga"
"bird2","bbbcccccbbbbbbccdfdgaeebbbbbccdfdga"
"bird2","bbbbcccccbbbbbbbccdfdgaeebbbccdfdga"
"bird2","eebbbbbbbcccccccdfdgaeeb"
"bird2","eebbbbbccccccbbbbccdfdgaeebbbbbccd"
"bird2","eebbbcccccbbbbbbbbccdfdgaeebbbbbbccd"
"bird2","ebbbccccbbbbbcccdfdgaeebbbbbccd"
"bird2","ebbbbcccccdfdgaecbbbbccdfdga"
"bird2","eebbbbbccccdfdgaecbbbbbbbccdfdga"
"bird2","bbbccccccbbbbbccdfdgaeebbbbbccdfdga"
"bird2","bbbbbccccccdfdgaeebbbbccdfdga"
"bird2","eebbbbbbcccccdfdgaeebbbccdfdgaeebbbb"
"bird2","bbbbccccccbbbbbbbbccdfdgaeebbbccdfdga"
"bird2","ebbbbcccccbbbbbbbccccdfdgaeeb"
"bird2","eebbbcccccdfdgaeebbbccdfdgaeeb"
"bird2","bbbcccdfdgaeccbbbbccdfdga"
"bird2","eebbbbccccccdfdgaeebbbc"
"bird2","bbbbccccdfdgaeebbbccdfdga"
"bird2","eebbcccccdfdgaeebbbbbccc"
"bird2","ebbbbccccccdfdgaeebbbbccdfdgaeebbbbb"
"bird2","eebbbbccccdfdgaeebbbccdfdgaeebbbb"
"bird2","bbbcccccdfdgaecbbccdfdga"
"bird2","ebbbcccbbbbbbccccdfdgaeebbbbbccd"
"bird2","ebbbcccccccdfdgaeebbbcc"
"bird2","bbbbbbccccdfdgaeebbbbbccdfdga"
"bird2","bbbbcccccdfdgaeebbbbccdfdga"
"bird2","bbbbccccccdfdgaecbbbccccdfdga"
"bird2","bbbbcccccccbbbbbbccdfdgaeebbbccdfdga"
"bird2","bbbbcccccccbbbbbbccdfdgaeebbbbbccdfdga"
"bird2","ebbbbcccccbbbcdfdgae"
"bird2","ebbbcccccccbbbbbbbccdfdgaeebbbbccd"
"bird2","ebbbbbccccbbbbbccdfdgaeebbbbccd"
"bird2","eebbbbbbbccccdfdgaeebbbccdfdgaeebbb"
"bird2","bbbbbcccccdfdgaeebbbccdfdga"
"bird2","bbbbbbbcccccdfdgaeebbbbccdfdga"
"bird2","bbbbcccccdfdgaecbbbccdfdga"
"bird2","bbbcccccbbbbbcccdfdgaeebbbbbcccdfdga"
"bird2","bbbbcccccdfdgaecbbbccdfdga"
"bird2","bbbbbcccccbbbccdfdgaeebbbbccdfdga"
"bird2","bbbbbcccccbbbbbbccdfdgaeebbbbccdfdga"
"bird2","eebbcccccdfdgaecbbbbbcccdfdga"
"bird2","ebbccccccdfdgaebbbbccc"
"bird2","ebbbccccbbbbbbccdfdgaeebbbbbccd"
"bird2","ebbbbbcccbbbbccdfdgaee"
"bird2","ebbbbccccbbbccdfdgaeebbbbccd"
"bird2","bbbccccbbbbbcccdfdgaeebbbccdfdga"
"bird2","bbbbbcccccbbccdfdgaeebbbbbbccdfdga"
"bird2","bbbbcccccbbbbccdfdgaeebbbccdfdga"
"bird2","bbbccccccccdfdgaeebbbbccdfdga"
"bird2","bbbbccccbbbccdfdgaeebbbccdfdga"
"bird2","ebbbcccccbbbbbbcccdfdgaeebbbccd"
"bird2","ebbbbccccccbbbccdfdgaeebbbccd"
"bird2","ebbbccccdfdgaecbbbccdfdga"
"bird2","bbbcccccccbbbbccdfdgaeebbbbbccdfdga"
"bird2","ebbbcccccbbbbccdfdgaebbbccd"
"bird2","ebbbccccccdfdgaecbbccdfdga"
"bird2","ebbbcccccdfdgaeebbbbbbccdfdgaeebbbb"
"bird2","bbbbccccccdfdgaebbbbbccdfdga"
"bird2","bbbbbccccdfdgaeebbbbbcccdfdga"
"bird2","bbbbcccccdfdgaecbbbccdfdga"
"bird2","bbbcccccccbbbbccdfdgaeebbbccdfdga"
"bird2","bbbbccccccdfdgaecbbbbbbccdfdga"
"bird2","ebbcccbbbbccdfdgaeebbbbccd"
"bird2","ebbbbccccccbbbbbbccdfdgaeebbbccd"
"bird2","eebbbbccccdfdgaeebbbccdfdgaeebbb"
"bird2","bbbbbccccdfdgaeebbbbbccdfdga"
"bird2","ebbbcccccbbbbccdfdgaeebbbbccd"
"bird2","bbbbccccccbbbccdfdgaeebbbbbbbccdfdga"
"bird2","bbbcccccbbbbbccdfdgaeebbbbccdfdga"
"bird2","eebbbbbccccdfdgaeebbbccdfdgaeebbb"
"bird2","bbccccbbbccdfdgaeebbbbbccdfdga"
"bird2","ebbbccccccbbbbccdfdgaeebbbbccd"
"bird2","ebbbbccccccdfdgaeebbbccdfdgaeebbbb"
"bird2","bcccccccccbbbbbbccdfdgaeebbbbccdfdga"
"bird2","ebbccccbbbbccdfdgaeebbbbbccd"
"bird2","bbbccccdfdgaeebbbccdfdga"
"bird2","ebbbbccccccdfdgaecbbbccdfdga"
"bird2","ebbcccccbbccdfdgaeebbbccd"
"bird2","eebbccccbbbbbbccdfdgaeebbbccd"
"bird2","bbbbcccccccdfdgaeebbbccdfdga"
"bird2","bbbcccccdfdgaecbbccdfdga"
"bird2","bbbbccccdfdgaecbbbccdfdga"
"bird2","bbbbccccdfdgaecbbbccdfdga"
"bird2","bbbccccccdfdgaecbbccdfdga"
"bird2","bbbbbccccccdfdgaeebbbccdfdga"
"bird2","ebbbcccccdfdgaeebbbbccdfdgaeebbb"
"bird2","ebbccccbbbbbccdfdgaeebbbccd"
"bird2","ebbccccccdfdgaecbbbbbccdfdga"
"bird2","ebbbcccccbbbbbbccdfd"
"bird2","bbbcccccccdfdgaecbbbbbccdfdga"
"bird2","ebbccccccdfdgaecbbbbbccdfdga"
"bird2","bbbbcccccbbbbbbccdfdgaeebbbbccdfdga"
"bird2","eebbbccccccdfdgaecbbbbbccdfdga"
"bird2","ebbbccccbbbbbccdfdgaeebbbbbccd"
"bird2","ebbbccbbbbccdfdgaeeb"
"bird2","ebbbcccccccbbbbbbccd"
"bird2","bbbcccccdfdgaecbbbbbccdfdga"
"bird2","eebbbbccccdfdgaecbbbbbccdfdga"
"bird2","bbbbccccccbbbbccdfdgaeebbbccdfdga"
"bird2","ebbbbccccbbbbbbccdfdgaeeb"
"bird2","eebbccccccbbbbccdfdgaeebbbccd"
"bird3","iiiiddddbbbiiidiidi"
"bird3","iiiiddddbbiidbbbiiiiiiccccccccccccceeeee"
"bird3","iiiiiiidddddbbb"
"bird3","iiiiiidddb"
"bird3","iiiiiiidddbbbiiidbbbiicccccccccccccceeeee"
"bird3","iiiiiiddddbbbidbbbiccccccccccccceeeee"
"bird3","iiiidddbbbiiidiicccccccccccccceeee"
"bird3","iiiiiiidddbbbidiii"
"bird3","iddddbbbiiiidbbbidi"
"bird3","iiiiiddddiiiiidii"
"bird3","iiidddiiidi"
"bird3","iiiiiidddbbbicccccccccccceeeee"
"bird3","iiiiddbbbiiccccccccccccccceeeee"
"bird3","iiiiiddddiddbbbii"
"bird3","iiiiiiiiiidb"
"bird3","iiiiiidddi"
"bird3","iiiddddbbbidddbbbiicccccccccccceeeee"
"bird3","iiiiidddbbbiididbbbii"
"bird3","iiiddddbbbii"
"bird3","iiiiidddbbbiiiididdii"
"bird3","iiiiiidddddbbbiccccccccccccccccceeeee"
"bird3","iiiiiiddbbbiccccccccccccceeeee"
"bird3","iiiiiiidddbbbiiiiicccccccccccccccceeeee"
"bird3","iiiidddddiiiiidii"
"bird3","iiiiidddbbbidbbbiicccccccccccccceeeee"
"bird3","iiiidddddbbbiiidddbbbiiccccccccccccccceeeee"
"bird3","iiiiidddddbbbiiccccccccccccccccceeeee"
"bird3","iiiiiiiidiiii"
"bird3","idddbbbiicccccccccccceeeee"
"bird3","iiiiddddbbbiiiicccccccccccceeeee"
"bird3","iiiidddiiii"
"bird3","iiiiiddbbbiiiiiiddiiiid"
"bird3","iiiddddbbb"
"bird3","iiiiidddddbbbiidbbbiicccccccccccccceeeee"
"bird3","iiiiiddddii"
"bird3","iddbbbiicccccccccccccccccceeeee"
"bird3","iiiidddddbbbiiidbbbiiicccccccccccccccceeee"
"bird3","iiiiiiiiiidddbbb"
"bird3","iiiiddddddiidiii"
"bird3","iiiiiiddddbbbiiccccccccccccccceeee"
"bird3","iiiiiiiiiiiiidddbbbiicccccccccccccccccceeeee"
"bird3","iiiiiddddddbbbiccccccccccccceeeee"
"bird3","iiiiiddddddiiii"
"bird3","iiiiiiddddbbbiicccccccccccccceeeee"
"bird3","iiiidddbbbiicccccccccccccceeee"
"bird3","iiiidddbbbiiiiidiiccccccccccccccccccceeeeedbbbii"
"bird3","iiiiiiiddddbbbiiccccccccccceeeee"
"bird3","iiiiddddbbbicccccccccccccccceeeee"
"bird3","iiiiidddddbbbiiiiiddbbbiiccccccccccccccccceeeeee"
"bird3","i"
"bird3","iiiiiiidddbbbiiccccccccccccccccccceeeee"
"bird3","iiiiiidb"
"bird3","iiiiddbbbiiiidbbbiccccccccccccccceeeee"
"bird3","iiiiiidddbbbiiiccccccccccccccccceeeee"
"bird3","iiiiiiiddddddbbbiiiidiiidbbbiii"
"bird3","iiiidddbbbiiidbbbiicccccccccccccccccccceeeee"
"bird3","iiiiddiddbbbiiii"
"bird3","iiiiiddddddbbbiiiccccccccccccccccceeeeee"
"bird3","iiiiiididdddbbbiii"
"bird3","iiiidddddiiiidddbbbii"
"bird3","iiidddbbbiiccccccccccccccccceeeee"
"bird3","iiiidii"
"bird3","idddiiidbbbi"
"bird3","iiiiidddbbbicccccccccccccccceeeee"
"bird3","iiiidddiddbbbi"
"bird3","iiidddddbbbiiidiicccccccccccccccccceeeeedddbbbiid"
"bird3","iiiiiiiddiiiiiidddbbbii"
"bird3","iiiiidddddbbbiiiiiiddiiiiidbbbi"
"bird3","iiiiidddbbbiiiddbbbiccccccccccccccccceeeee"
"bird3","iiiddddbbbiiiiiiiiiiiidiicccccccccccccccceeeeedbbbii"
"bird3","iiiiiiiiidddbbbiiccccccccccccceeeee"
"bird3","iiddbbbiididi"
"bird3","iiiidddddddbbbicccccccccccccccceeeee"
"bird3","iiiiidddddbbbiiiiiidiicccccccccccccceeeedbbbii"
"bird3","iiiidddddiiiidbbbiii"
"bird3","iiiiiiddbbbiiiidiiicccccccccccccccceeeeedbbbii"
"bird3","iiiiiiddbbbiiccccccccccccceeeee"
"bird3","iiiiiiiddbbbiccccccccccccccccceeeee"
"bird3","iiiiiiddddddiidbbbi"
"bird3","iiiddddiiiiiidii"
"bird3","iiiiiiiiddddbbbiicccccccccccccceeee"
"bird3","iiiiiiiiiddddiiiiidbbbiii"
"bird3","iiiiiiiddiiii"
"bird3","iiiiiiiiiiiidddddbbbiiiccccccccccccceeeee"
"bird3","iiiiddddddbbbiiiccccccccccccceeeee"
"bird3","iiiidddddbbbiiiiccccccccccccccceeee"
"bird3","iiiiiiiiddiddiiiiii"
"bird3","iiiididdddbbbi"
"bird3","iiiiiddddiiiiiidbbbii"
"bird3","idddddbbbiiiccccccccccccccccceeeee"
"bird3","iiiiiiiiidddddiiiidbbbii"
"bird3","iidddiddiiiii"
"bird3","iiiiiidddddbbbiiii"
"bird3","iiiiiiidddbbbiiiccccccccccccceeeee"
"bird3","iiiiiiddbbbidiiiccccccccccccccceeeeedbbbi"
"bird3","iiiiddddbbbiiiidiiidbbbi"
"bird3","iiiiidddbbbiiiidbbbiiicccccccccccccceeeee"
"bird3","iiiiidddbbbidbbb"
"bird3","iiiiiidddbbbiccccccccccccceeee"
"bird3","iiiiiiddddddiidbbbiiiiiiii"
"bird3","iiiiiiddbbbidbbbiiiidbbb"
"bird3","iiiiiidddbbbidbbbiiiccccccccccccceeeee"
"bird3","iiiidddddbbbidbbbiiiiiiiiiidbbb"
"bird3","iiiidddbbbidbbbiiccccccccccccccceeeeee"
"bird3","iiiiiiiidddddbbbiiiidbbbiicccccccccccccceeeee"
"bird3","iiiiiddddddbbbiiiiiiiiididbbbi"
"bird3","iiiiiidddddbbbidiidbbbii"
"bird3","iiiiiidddbbbiiiiiiidbbbiicccccccccccccccceeee"
"bird3","iiiiidddbbbiidbbbiidiiiii"
"bird3","iiiiidddbbbiiiiidddbbbidiiiccccccccccccccccccceeeee"
"bird3","iddddbbbiiiicccccccccccccccceeeee"
"bird3","iiiiiddddbbbidbbbicccccccccccccceeeee"
"bird3","iiiiiidiiiddbbbiii"
"bird3","iiiiiiiidddbbbiiiicccccccccccccccceeee"
"bird3","iiiiiidddddiiiiiiiidbbbi"
"bird3","iiiiiddddddbbbiicccccccccccccceeeeee"
"bird3","iiidddbbbiidbbbidiiiiiiiii"
"bird3","iiiiiiiidddbbbidbbbiicccccccccccccccceeee"
"bird3","iiiiidddddddbbbiiiiiiiiiiidiiccccccccccccccccceeeeedbbbii"
"bird3","iiiiiddddiii"
"bird3","iiiiiidddbbbidbbbiiiiiiidbbb"
"bird3","iiiiiiddddbbbiiiiiiidiidii"
"bird3","iiiiiiidddddbbbiiiiiiidiiiiccccccccccccccccceeeeedbbbid"
"bird3","iiiiiiiidddddiiiiiidddbbbi"
"bird3","iiiiiiiidddbbbiiiidbbbiiccccccccccccccccccceeeeee"
"bird3","iiiidddddbbbiiidddiiiicccccccccccccccceeeeeidbbbi"
"bird3","iiiiiiidddbbbiiiidbbbidddiiiiii"
"bird3","iiiiiiiidddbbbiiccccccccccccccceeeee"
"bird3","iiiiiiddddddbbbiiidiiccccccccccccccccceeeeeeidbbbii"
"bird3","iiiiiidddiddbbbiiiii"
"bird3","iiiiiiiiiiiddddddbbbiiiididbbbii"
"bird3","iiiiidddbbbiiiiidbbbiicccccccccccccccceeeee"
"bird3","iiidddiiiiidiiiii"
"bird3","iiiiiiiiddddddbbbiiiidiiccccccccccccccccccceeeeedbbbi"
"bird3","iiiiiidddddbbbiiiiiiiidiidi"
"bird3","iiiiiiiiiiddddbbbiiiiiiidiidbbbi"
"bird3","iiiiiiiiiiiiddddiiiiiiiiiiidi"
"bird3","iiiiiiiiiddbbbiidbbbiicccccccccccccceeeee"
"bird3","iiiiiiiiidddddbbbiidiiccccccccccccccceeeiidbbbii"
"bird3","iiiiiiiiiddddddbbbicccccccccccccccceeeee"
"bird3","iiiiiidddiiii"
"bird3","idddddddbbbiiidbbbii"
"bird3","iiiiiiiiddiiidbbbi"
"bird3","iiiiddbbbiiccccccccccccccceeeeee"
"bird3","iiiiiiddddiiidbbbiiiiiiiii"
"bird3","iiiiiiiidddbbbidbbbiiiiccccccccccccccccee"
"bird3","iiiidddbbbidiidbbbiiiii"
"bird3","iiiiidddddbbbididb"
"bird3","iiiiiddddbbbidbbbiccccccccccccccccccceeeee"
"bird3","iiiididdddbbbiiiii"
"bird3","iiiiiddddbbbiiiiiiidbbbiicccccccccccccceeeee"
"bird3","iiiidddbbbiidbbbiiiiidddbbb"
"bird3","iiiidddddddbbbiiiidiiiiicccccccccccccccceeeedbbbiiid"
"bird3","iiiiiiddddddbiiidiicccccccccccccccceeeeeiid"
"bird3","iiiiidddbbbiiidbbbiicccccccccccccceeeee"
"bird3","iiiiiidddddbbbidiicccccccccccceeeeedbbbiiiid"
"bird3","iiiidddddbbbiiiiidiicccccccccccccccccceeeeeedbbbid"
"bird3","iiiiiiddddddii"
"bird3","iiiiiidddddbbbiiiiiidicccccccccccccccccceeeeeiiddbbbi"
"bird3","iiiiiiddddbbbidbbbiicccccccccccccceeeeee"
"bird3","iiiiiiddddbbbidbbbidiiiii"
"bird3","iiiidddbbbiiidiicccccccccccccccceeeeeiidbbbiiiiiiiii"
"bird3","iiiidddddddbbbiiidiiccccccccccccccccceeeeeidbbbi"
"bird3","iiiiiiddddddiiiiiiiidiiiii"
"bird3","iiiiiddddiiiidiii"
"bird3","iiiiddddbbbiiiiiiiiiiddbbbiiiccccccccccccccceeeee"
"bird3","iiiddiddbbbiiii"
"bird3","iiiiidddbbbiddbbbidbbb"
"bird3","iiiiidddbbbiidiiicccccccccccccccccccceeeeeiidbbbii"
"bird3","iiiiiidddbbbidiiiiiiidii"
"bird3","iiidddiii"
"bird3","iiiiiiidddddbbbiidiiiicccccccccccccccccccccceeeeedbbbiii"
"bird3","iiiiddddbbbiidiiiiccccccccccccccccccceeeeeedbbbii"
"bird3","iddddbbbididbbbii"
"bird3","iiiiiidddddddbbbidiiiiiiidiiii"
"bird3","iiiiidiiiiiiiiiddbbbiii"
"bird3","iiiiiiiiddddbbbiiidddddbbbiiiiiiidbbb"
"bird3","iiiiiddddbbbiiidddiiiiiidiii"
"bird3","iiidddddbbbidiiiccccccccccccccceeeeedbbbiiii"
"bird3","iiiiiidddiidiiiiii"
"bird3","iiiiiididdbbbiiiii"
"bird3","iiiiiiidddbbbii"
"bird3","iiidddbbbidddbbbiiiccccccccccccccccceeeeee"
"bird3","iiiddddddbbbiiiiidiiccccccccccccccccccceeeeedbbbii"
"bird3","iiiiiiiddddiidddi"
"bird3","iiiiiddddbbbiiiiiiiidbbbiiccccccccccccccceeeee"
"bird3","iiiidddddbbbiidbbbiidi"
"bird3","iiidddbbbiiiidbbbiiiccccccccccccccccceeeeee"
"bird3","iddbbbiiiiiididddii"
"bird3","iiiiiiiddbbbiiiiiicccccccccccccccceeeee"
"bird3","iiiiiddddbbbiiccccccccccccccccccceeeee"
"bird3","iiiiidddddbbbiiiccccccccccccccceeeee"
"bird3","iiiiiddddidi"
"bird3","iddddiiidi"
"bird3","iiiiidddddddbbbiccccccccccccccceeeee"
"bird3","iiiiidddbbbiiidiicccccccccccccccceeeeedbbbid"
"bird3","iiiiiiddddbbbiiiiiiiidiiiiiiccccccccccccccccccccceeeeeedbbbii"
"bird3","iiiiiddddbbbididdbbbiiiiiiiiiiii"
"bird3","iiiiiddbbbiiiiidiicccccccccccccccccccccceeeeedbbbii"
"bird3","iiii"
"bird3","iiiiddddbbbiiiidiiicccccccccccccccceeeeeedbbbiii"
"bird3","iiiiiiiiddddddbbbiddddbbbiiccccccccccccceeeee"
"bird3","iiiiidddbbbiiiiidiiccccccccccccccccceeeeedbbbiiiid"
"bird3","iiiiddddiiiidii"
"bird3","iiidddidii"
"bird3","iiii"
"bird3","iidddiddbbbiiiii"
"bird3","iiiidddbbbiiidddidi"
"bird3","idddddbbbiidbbbiiiiidiicccccccccccccccceeeee"
"bird3","iiiiidddbbbiiiidiiiiccccccccccccccceeeeeeiidbbbii"
"bird3","iiiiiiddddddddbbbiiiiiiiiidiiccccccccccccccceeeeeedbbbii"
"bird3","iiiididi"
"bird3","iiiddiiiidbbbiiiii"
"bird3","iiiiiidddddbbbiicccccccccccccccccceeeee"
"bird3","iidddb"
"bird3","iiidddb"
"bird3","iidddddiiiiiiidii"
"bird3","iiddbbbidiiiicccccccccccccceeeeedbbbii"
"bird3","iiiddddbbbiiiiiiiiidiiiiidii"
"bird3","iiiiidddiddddbbbiiiiiiii"
"bird3","iiddddddbbbiiiccccccccccccccccceeeeee"
"bird3","iiiidddbbbiiiiiiiidiiiicccccccccccccccccccceeeeidbbbii"
"bird3","iiiiddddb"
"bird3","iiiiidddbbbidddbbbidiccccccccccccccceeeee"
"bird3","iidddbbbidiiccccccccccccccceeeeeeidbbbi"
"bird3","iiiiddddddbbbidicccccccccccccccccceeeeedbbbiiiid"
"bird3","iiiiiddbbbiiiiiddbbbiicccccccccccccccccceeeee"
"bird3","iiiddddddbbbidddbbbiiidiii"
"bird3","iiiddddddbbbiiididdbbbi"
"bird3","iddb"
"bird3","iddi"
"bird3","iiddddbiiidbbbidb"
"bird3","iiddddbbbidddbbbiidi"
"bird3","iiiiiiddddbbbidiicccccccccccccccccccceeeeedbbbiiiiiiid"
"bird3","iiiiiidddbbbiidiicccccccccccccccceeeeedbbbii"
"bird3","iiiiidddddddbbbidbbbiiidiiicccccccccccceeeee"
"bird3","iiii"
"bird3","iii"
"bird3","idddddbbbiidbbbiiicccccccccccccccceeeee"
"bird3","iddddbbbiicccccccccccceeeeee"
"bird3","iiiiiidddddbbbiiidiicccccccccccccccccceeeeedbbbid"
"bird3","iiiiddddddbbbiiidbbbiicccccccccccccccceeeee"
"bird3","iiidddiddbbbii"
"bird3","iidddbbbiiiiiddbbbidbbb"
"bird3","iiiiddddbbbiiiiiiiiiiidiicccccccccccccccceeeeeedbbb"
"bird3","iiiiiddddddbbbiiiiiiiidiiicccccccccccccccccccccceeeeedbbbii"
"bird3","iiiiidddddbbbiiiiidiiccccccccccccccceeeeeddbbid"
"bird3","idddbbbidbbbidddiicccccccccccccccceeeee"
"bird3","iiiddbbbiddbbiicccccccccccccccceeeee"
"bird3","iiidddddbbbidbbbiiidbbb"
"bird3","iiiiiiiidddbbbidbbbiccccccccccccceeeeee"
"bird3","iiiiiidddbbbiiddbbbiiicccccccccccccccceeeee"
"bird3","iiddddbbbiidiiiiiidiii"
"bird3","iiiddddbbbiidddbbbidiiicccccccccccccccceeeeee"
"bird3","iiiiidddbbbidiiiccccccccccccccccceeeeeedbbbiiid"
"bird3","iiddii"
"bird3","iiiii"
"bird3","iiiiiddbbbiiiddbbbiiidbbb"
"bird3","iiiiiddddbbbiiiiiiidbbbiiiccccccccccccccccccceeeee"
"bird3","iiiiiiiidddbbbiidbbbiiiidiccccccccccccccceeeee"
"bird3","iiiiddbbbiiiiiidbbbiiiiccccccccccccceeeee"
"bird3","iiiddddddddddddddddiiii"
"bird3","idddbbbiddbbbiiccccccccccccccccceeeeee"
"bird3","iiiiddddbbbidiicccccccccccccceeeeedbbbiid"
"bird3","iiiii"
"bird3","iiddddidiiii"
"bird3","iiddddbbbidiiiccccccccccccccceeeeedbbbidd"
"bird3","iiiddb"
"bird3","idddb"
"bird3","ii"
"bird3","iiiiidddddii"
"bird3","iiidddbbbidddbbbiidiicccccccccccccccceeeee"
"bird3","iiidddiiiidiiiii"
"bird3","iiiidddbbbiiidiiccccccccccccccceeeeedbbbiddd"
"bird3","iidddddbbbiiddiidbbbiii"
"bird3","iidddddddbbbidiiddbbbiii"
"bird3","idddddbbbiiiidiiccccccccccccccccceeeeedbbbii"
"bird3","iiiiiddb"
"bird3","iiiddbbbiiiiiidiiiccccccccccccccceeeeeedbbbiiid"
"bird3","iiiiddbiiiiddbbbidbbb"
"bird3","iiiiddidddbbbiiii"
"bird3","iiiddbbbidddiiidii"
"bird3","idddbbbiiiiiiidiiccccccccccccccccceeeeedbbbii"
"bird3","iddddddiiiidbbbi"
"bird3","iiidddbbbiiidddbbbidiii"
"bird3","iiiiiiidddddbbbiiiiidiiicccccccccccccceeeeedbbbii"
"bird3","idddbbbidiiiiiddi"
"bird3","iidddidbbbiiiiii"
"bird3","iiiiiidddb"
"bird3","iidddbbbidbbbiicccccccccccceeeee"
"bird3","iiidddbbbiiiiiiidiiccccccccccccccccccceeeee"
"bird3","iiiidddbbbiiiiidiiccccccccccccccceeeeedbbbid"
"bird3","iiiiiddbbbiidii"
"bird3","iiiiidddbbbidbbbiiiiiiiiddbbb"
"bird3","iiiddddbbbiiidddbbbiiicccccccccccceeeee"
"bird3","iiiiidddbbbiiiidiiicccccccccccccccccccceeeeeidbbbii"
"bird3","idddb"
"bird3","iiiidddiiddbbbi"
"bird3","iiiiddidddbbbiii"
"bird3","idddddbiiidbbbiicccccccccccccccceeeee"
"bird3","iiiiiiiiddddddbbbiiidii"
"bird3","iidddb"
"bird3","iiidddbbbiiiddiccccccccccccccceeeeedbbbid"
"bird3","iiiiidddbbbiiidiiccccccccccccccccceeeeedbbbiiiiiid"
"bird3","iiidb"
"bird3","iiiddddbbbiiddbbbiiiddb"
"bird3","iiiiidbbbidiiiccccccccccccccccceeeeeedbbbiid"
"bird3","iiiiiiddbbbiiiiiidbbbidbbb"
"bird3","iiiidddbbbiiiiiiiiiidbbbiidii"
"bird3","iiiiidddbbbidi"
"bird3","idbbbidbbbiiiccccccccccccccccceeeee"
"bird3","iiiiidddddddbbbidiiiccccccccccccccccceeeeeddbbbiiid"
"bird3","iddbbbiiiddbbbidiicccccccccccccceeeee"
"bird3","iidddbbbidbbbiiiiiiidbbb"
"bird3","iiiiddddbbbiiiiiiiiidiiicccccccccccccceeeeedddbbbii"
"bird3","iiiddidbbbi"
"bird3","iiidddddbbbiidiiicccccccccccccccccceeeeeddddbbbii"
"bird3","iiiidddddiidiiiii"
"bird3","iiiiddddbbbiiiddbbbii"
"bird3","iidi"
"bird3","iiiddddddddiiidbbbii"
"bird3","iiiiiddbbbididbbbii"
"bird3","iiiidddbbbiiiiidiiiccccccccccccccccccccceeeeeiidbbbiiii"
"bird3","iiiiidddbbbidddbbbiiiicccccccccccccccccccc"
"bird3","iiidddddbbbiiiiidiiiiiiiiidbbbii"
"bird3","iiiddddddiidiii"
"bird3","iiididbbbi"
"bird3","iiiiiidddbbidbbbiiicccccccccccccceeeee"
"bird3","iiiidddbbbidiiiiccccccccccccccceeeeeiidbbbi"
"bird3","idddddidbbbiiiiiii"
"bird3","iiiiiddddbbiddbbbiiiiiiiiiddicccccccccccceeeeee"
"bird3","iiidddbbidbbbiiiidbbb"
"bird3","iiiiiiddidbbbi"
"bird3","iiiiiiiiiddddddiidbbbi"
"bird3","iiiiiiddddbbbidiiiiiiiidbbbi"
"bird3","iiiiiiiiiidddbbbiiidicccccccccccccceeeeedbbbid"
"bird3","iiiddbbbidddbbbiiiiidiiccccccccccccceeeee"
"bird3","iddddiiiiiiiiiiiidddbbbi"
"bird3","iddddidddiiii"
"bird3","iiiiidddbbbiiiiiiiiiddidbbbi"
"bird3","iiddbbbidbbbidiicccccccccccccccceeeeee"
"bird3","iiiiddddbbbiiiiiiidbbbiicccccccccccccccceeeee"
"bird3","iiiidddidiiiii"
"bird3","iiiiddddddiidbbbi"
"bird3","ididddbbbiiiiiiiiii"
"bird3","iiiididddddbbbiiii"
"bird3","iiidddidbbbiiiii"
"bird3","iiiiiddddddbbiddbbb"
"bird3","iiiiddddbbbiiidiidbbbii"
"bird3","iddddddiiidbbbiiiii"
"bird3","iddiiiiiiiidiii"
"bird3","iiiddii"
"bird3","iiiiiiddiddddbbbi"
"bird3","iiiiidddiiddiii"
"bird3","iiidddiidiiii"
"bird3","iiidddiidddbbbi"
"bird3","iii"
"bird3","iiddddbbbidbbbiiiidbbb"
"bird3","iiidiiiidiiiii"
"bird3","iiiiddddiddbbbii"
"bird3","iiiiiiiidddbbbidbbbiiiidiii"
"bird3","iiiidddbbbiidiiiiiidbbbiii"
"bird3","iiiiidddbbbidiiccccccccccccccceeeee"
"bird3","iiiiidddddbbbiiiidiiiccccccccccccccceeeeedbbbid"
"bird3","iiiiiiiidddiiii"
"bird3","iiiiidddbbbiiiiiddi"
"bird3","iiiiiiddddddbbbidiiiidii"
"bird3","iiiiiidddbbbidiiiiii"
"bird3","iiiddddbbbidiidiii"
"bird3","iiiiidddbbbidbbbiii"
"bird3","iiiiiidddiddbbbiiii"
"bird3","iiiidddddbbbidddbbbbidi"
"bird3","iddiddbbbiii"
"bird3","iiiiiidddbbbiiiiiiiiidbbbiiccccccccccccccc"
"bird3","iiiiiiiidddbbbidiiicccccccccccccccceeeeeiidbbbi"
"bird3","iiiiidddbbbidddbbbii"
"bird3","iiiiidddbbbidiiiccccccccccccccceeeeedbbbid"
"bird3","iiiiiidddbbbiiiddbbbidiicccccccccccccceeeee"
"bird3","iiiddbbbiiiiiiiidii"
"bird3","iiidddddddbbbiiiidbbii"
"bird3","iiiiiiiiddbb"
"bird3","iiiidddbbbidbbbidii"
"bird3","iiii"
"bird3","iiiiiddddddidbbbiiiiiiiii"
"bird3","iiiii"
"bird3","iiidi"
"bird3","iiiiiiiiddddddddiiiidii"
"bird3","iiiiiiddddddbbbidicccccccccccccccceeeeeeeidbbbi"
"bird3","iiiidddddddbbbidiiiiiiiidi"
"bird3","iiiidddbbbiiiiiidiicccccccccccceeeeedbbbid"
"bird3","iiiiiiddddddb"
"bird3","iidddbbbiiii"
"bird3","iiiiiddddbbbidbbbiiiidiccccccccccccccccccceeeee"
"bird3","iiidddbbbidbbbidiiiiiiii"
"bird3","iiiiddddbbbididdbbbi"
"bird3","iiiiiidddb"
"bird3","iiiddddbbbiiidddbbbiiiiiiidii"
"bird3","iiiiiddddbbbidddbbbidiiiiccccccccccccceeeeee"
"bird3","iiiiidddbbbidiicccccccccccccceeeeeidbbbi"
"bird3","iiiddddbbbiddddiddiii"
"bird3","iiiiidddiiiidii"
"bird3","iiiddddbbbiiiiidiiiccccccccccccccceeeeedbbbid"
"bird3","iiii"
"bird3","iiiiidddbbbidiiicccccccccccccceeeeeidbbbi"
"bird3","iiiidddbbbididiiiiiii"
"bird3","iiiiiiddddiiiiiiiiiddbbbi"
"bird3","iiiidddddbbbiddbbbiidbbb"
"bird3","iiidb"
"bird3","iiiiiddddbbbiddicccccccccccccccceeeeedbbbidd"
"bird3","iiiiiidddbbbidiiccccccccccccccccccccceeeee"
"bird3","iiiiddddbbbidbbbiiiiiidbbb"
"bird3","iiidddbbbid"
"bird3","iiiiddddbbbidiiidii"
"bird3","iiiiidddddbbbiidiii"
"bird3","iiiiddddbbbiiiiiiiidicccccccccccccceeeeeidbbbi"
"bird3","iiiddddbbbiddddbbbidiiiii"
"bird3","iiiiiiiiiddddddbbbidbbbiiiccccccccccccccceeeee"
"bird3","iiiiidddbbbidiii"
"bird3","iiidddbbbiiiidddiiidi"
"bird3","iiiiiiiiddddbbbidbbbiiddbbb"
"bird3","iiddddbbbiddbbbidbbb"
"bird3","iiiidddddbbbidbiiiiidiii"
"bird3","iiiiiddddddiddddbbbi"
"bird3","iddddbbbididiiii"
"bird3","iidddddbbbidbbbiiidddbbb"
"bird3","iiiiddddbbbidiiicccccccccccccccccccceeeeeedbbbidd"
"bird3","iiiiiidddddbbbididi"
"bird3","iiidddddiddbbbi"
"bird3","iiiidddbbbiiidi"
"bird3","iddidii"
"bird3","idddddddbbbiddidddi"
"bird3","iiddddddbbbiidiiicccccccccccccccceeeeeidbbbi"
"bird3","iiidddddbbbidb"
"bird3","iiiidddbbbididddbbbi"
"bird3","iiiddddbbbiidiidddiii"
"bird3","iiiidddbbbidiiidddbbbi"
"bird3","iiiiiddddbbbiiiiiidddbbbidbbb"
"bird3","iiiidddiiddbbbi"
"bird3","idddb"
"bird3","iiiddddbbbiiiiidbbbii"
"bird3","iiiiiiiiidddbbbidiiccccccccccccccccceeeeeidbbbi"
"bird3","iiiiiddddbbbidiicccccccccccccceeeeedbbbii"
"bird3","iiiiiiiidddbbbidbbbidiccccccccccccccceeeee"
"bird3","iiiidddddbbbiiidiiiccccccccccccceeeee"
"bird3","idddddbbbidiiiccccccccccccccceeeeeeidbbbii"
"bird3","iiiidddddddbbbiiiiidiicccccccccccccccceeeeedbbbi"
"bird3","iiiiiiiiidddbbbidiiiccccccccccccccceeeeeidbbbi"
"bird3","iiddddb"
"bird3","iiiidddbbbidiiiidbbbii"
"bird3","iiiiddddbbbidiidiiii"
"bird3","iiiddidddbbbi"
"bird3","idddbbbidbbbidiicccccccccccccceeeee"
"bird3","iiiiii"
"bird3","iiiiidddbbbidiicccccccccccceeeeedbbbii"
"bird3","iiiidddddbbbiiiiiiiiidiiccccccccccccccccceeeeedbbbi"
"bird3","iiidddddddbbbiiiiidiicccccccccccccceeeeedbbbi"
"bird3","iiiidddddb"
"bird3","iiiiiddbbbiiiidiiiccccccccccccccceeeeei"
"bird3","idddbbbiidiiccccccccccccceeeeedbbbiii"
"bird3","iiiiddbbbidiicccccccccccccceeeee"
"bird3","iddddbbbidiiccccccccccccccceeeee"
"bird3","iiiddddddbbbidiiccccccccccccceeeee"
"bird3","iiidddbbbididbbbiii"
"bird3","iiiddddbbbidiiiiidii"
"bird3","iiiiiidddbbbidiccccccccccccccceeeeedbbbid"
"bird3","iiiidddddbbbidddbbbiidiiccccccccccccccccceeeee"
"bird3","iiiiidddbbbidiicccccccccccceeeeeidbbbiiiii"
"bird3","iiiidddddbbbiiiiiiiidiiccccccccccccccccccceeeeeddbbbiid"
"bird3","iiiiidddbbbidiccccccccccccccceeeeeiidbbbi"
"bird3","iiiidddbiiddiiiddbbbi"
"bird3","iiiidddddbbbididii"
"bird3","iiiidddbbbidbbbiiiiiidbbb"
"bird3","iiiiidddddbbbididdbbbii"
"bird3","iiidddbbbidbbbiicccccccccccccceeeee"
"bird3","ididdbbbi"
"bird3","iiddiddi"
"bird3","iiiddddb"
"bird3","iiiiiddddbbb"
"bird3","iiiiddddbbbidbbbidiii"
"bird3","iidddidddi"
"bird3","iidddddddbbbidiiccccccccccccceeeeeidbbbiiii"
"bird3","iidddbbbidddbbbiiiidicccccccccccccceeeee"
"bird3","iiiiddddbbbidiicccccccccccceeeeeidbbbii"
"bird3","iiiddddbbbididbbbii"
"bird3","iiiiddddbbbidiiidi"
"bird3","idddddbbbidddiicccccccccccccceeeeedbbbid"
"bird3","ii"
"bird3","iiiidddiidiii"
"bird3","idddddbbbidbbbidiiiccccccccccccceeeee"
"bird3","iidddddddidbbbii"
"bird3","iiiiddddbbbiidiiicccccccccccccceeeee"
"bird3","iddddbbbidiidii"
"bird3","iiiiddddbbbidicccccccccccccccceeeeedbbbiiiid"
"bird3","idddddbbbidiiiidii"
"bird3","iidddddbbbidiidddbbbiiii"
"bird3","iddddddddii"
"bird3","idddddbbbididiii"
"bird3","iiddddddddbbbidiiiiidiii"
"bird3","iiiidddbbbiiddbbbiiccccccccccccceeeee"
"bird3","iiiiiiiiddddbbbiididii"
"bird3","iidddbbbidbbbiiidiiicccccccccccceeeee"
"bird3","ii"
"bird3","iiidddddiddiiii"
"bird3","iiddddddbbbidbbbidiiccccccccccccccceeeee"
"bird3","iii"
"bird3","iiiddddddbbbiidiidi"
"bird3","iiidddddbbbidiiiccccccccccccccccccccceeeee"
"bird3","iddddbbbidiiiiccccccccccccccccccceeeee"
"bird3","iidddddddbbbidiiiccccccccccccccceeeeedbbbid"
"bird3","iiiiddddddbbbiiiiidiiiccccccccccccccceeeeeidbbbi"
"bird3","iiiiidddddbbbiidiiccccccccccccceeeeedbbbid"
"bird3","iiidddddiiidiii"
"bird3","iiddddddbbbidiiiiiidii"
"bird3","idddddbbbidiiiiiiidii"
"bird3","iiiddddddbbbiiiidiiiccccccccccccccceeeeedbbbid"
"bird3","iddddbbbidicccccccccccccccceeeeeidbbbi"
"bird3","iddddddbbbidiccccccccccccceeeeedbbbiii"
"bird3","iiidddddddbbbiiiiddbbbidiccccccccccccceeeee"
"bird3","iiiiidddbbbidddidddbbbi"
"bird3","iidddddddddbbbidiccccccccccccccceeeeeddbbbid"
"bird3","iiiiddddiidddbbbi"
"bird3","idddddbbbidbiiccccccccccccccceeeee"
"bird3","iiiddddddbbbidiiccccccccccccccccceeeeeedbbbiid"
"bird3","iiiddddddbbbiiidiiiccccccccccccccceeeeeedbbbid"
"bird3","iidddbbbidiiiiidii"
"bird3","iddbbbidbbbiidiiccccccccccceeeeee"
"bird3","iiiddddddbbbidiiiccccccccccccceeeeeidbbbii"
"bird3","iiiddddiiiiidii"
"bird3","iiiiddddbbbiiiiiiiiidiccccccccccccceeeeeedbbbid"
"bird3","iiiddddddbbbiiiidbbbiiidiicccccccccccccccccceeeee"
"bird3","iiiidddbbidbbbiiii"
"bird3","iiiddddiiiidbbii"
"bird3","iidddddb"
"bird3","iiii"
"bird3","iiiiiidddbbbiddiiiiiiddbbbii"
"bird3","iiiiddddbbbidiiccccccccccccceeeee"
"bird3","iiidddbbbidbbbidbbb"
"bird3","iiiiiddddbbbidiiicccccccccccceeeeedbbbii"
"bird3","iiddiiiidbbbi"
"bird3","iiidddbbbidiiidbbbiiii"
"bird3","iiidddiddbbbii"
"bird3","iiiiiidddddbbbididbbbiiiii"
"bird3","iidddbidiiiidi"
"bird3","idddddddbbbidbbbiiiiidiiicccccccccccccccceeeee"
"bird3","iiiiii"
"bird3","iiiddddddbbbidiiccccccccccccccccceeeeedbbbid"
"bird3","iiddddddii"
"bird3","iiiddddddbbbiidiiiiccccccccccccceeeeeid"
"bird3","iiidddddbbbiiiidiiiiiidiii"
"bird3","iiiiidddb"
"bird3","iiiiddidiiiii"
"bird3","iii"
"bird3","iiddddbbbiiiidicccccccccccccceeeeedbbbiid"
"bird3","iiiiddddddbbbidbbbiiiccccccccccccceeeeee"
"bird3","iidddddiiidii"
"bird3","iiiiidddddbbbiiidiicccccccccccccccceeeeeidbbbi"
"bird3","iiiiddddbbbiiiidiiccccccccccccccceeeeeee"
"bird3","iiiddddiiidiii"
"bird3","idddddddbbbiidiiiccccccccccccceeeeeedbbbii"
"bird3","iiiddddbbbiidb"
"bird3","iiidddddbbbidiiiidi"
"bird3","iiiidddddbbbiidiiccccccccccccceeeeee"
"bird3","iddddddddbbbidbbbiidbbb"
"bird3","iiiiiiddbbbidbbbidbbb"
"bird3","iiiidddbbbiiidiccccccccccceeeeeiii"
"bird3","iidddbbbbidiiidbbbi"
"bird3","iiiiiidddbbb"
"bird3","iiiiiidddbbbiiiidbbbiiicccccccccccceeeee"
"bird3","iiiiddddbbbidbbbi"
"bird3","idddbbbiiiiiiiiiiiidbbbiiiccccccccccccceeeeee"
"bird3","iiiiddddiidbbbi"
"bird3","iddddbbbiidiccccccccccccceeeeedbbbid"
"bird3","iiiidddddiiiddbbbi"
"bird3","iiiddddiiiiidddbbbii"
"bird3","iiiiddddbiiiidiiccccccccccccccccceeeeeiiidbbbii"
"bird3","iiiddddddbbbiidiiccccccccccccccceeeeeeeeeeidbbbii"
"bird3","iiiiiddiddbbbi"
"bird3","iiidiiiddddiiiii"
"bird3","iidddiddbbbi"
"bird3","iiiddddddbbbidiiccccccccccccceeeeeidbbbi"
"bird3","iiddddddbbbidiiiidbbbiiiii"
"bird3","iiiidddddbbbiiidiccccccccccccccceeeeedbbbid"
"bird3","iiidddddddbbbiiidiiiiccccccccccccceeeeeedbbbii"
"bird3","iiiiiiddddddiiidi"
"bird3","idddddddddddbbbiidiicccccccccccccccceeeeeiidbbbi"
"bird3","iiiiiddddddidbbbii"
"bird3","iddddddddbbbiidi"
"bird3","iiiiiiiiiiiiiiidddbbbidiicccccccccccccceeeeedddbbbid"
"bird3","iiidddddbbbiddddbbbii"
"bird3","iiiidddbbbiiiiidiicccccccccccccceeeeeidbbbiii"
"bird3","iiiiiiidddddiiiiddi"
"bird3","iiiddddbbbidbbbidbbb"
"bird3","iiiiidddbbbidiidbbbii"
"bird3","iiiddddddbbbidiiiiidbbbi"
"bird3","iiiiiddb"
"bird3","iiiiddddbbbidbiiddbbb"
"bird3","iiiddddiddddiiii"
"bird3","iiiiiddddddddddbbbidiicccccccccccccceeeee"
"bird3","iidddddbbbiiiiiidiiicccccccccccceeeeeidbbbiii"
"bird3","iidddddddbbbidicccccccccccccccceeeeeedbbb"
"bird3","iiddddbbbiiiiiiiiidiiiiicccccccccccccceeeeedbbbid"
"bird3","iiiiddddbbbiiiiiidiicccccccccccceeeeedbbbiii"
"bird3","iiii"
"bird3","iiddddbbbiidiiidii"
"bird3","iiiiiiddddbbiiiidbbbiiidbbb"
"bird3","iiiddddbbbiiiidbbbidiiii"
"bird3","iidddiddddbbbi"
"bird3","iiiiddddddbbbidiiiiid"
"bird3","iiidddddddiiidbbbi"
"bird3","iiiddddbbbiiddbbbidiccccccccccccccceeeee"
"bird3","iiiddddb"
"bird3","iiii"
"bird3","iiiidddddiidbbbii"
"bird3","iiiiddddbbbidiiiidii"
"bird3","iiiiddddbbbiidiiccccccccccccccccceeeeeidbbbii"
"bird3","iiiiiiddidbbbi"
"bird3","iiiidddddbbbiiidb"
"bird3","iiiiddiddddbbbi"
"bird3","iidb"
"bird3","iiiidddiidddbbbi"
"bird3","iiiidddb"
"bird3","iiidddbbbidiiiidbbbii"
"bird3","iddddbbbiiiiddbbbiidddicccccccccccccccceeeee"
"bird3","iiiiiiidddbbbiiddddbbbidiii"
"bird3","iiiiiidddddbbbiiidbbbiiccccccccccccccceeeee"
"bird3","iiiiiiiidddbbbidiiccccccccccccccccceeeee"
"bird3","iiiddddbbbiiidbbbidbbb"
"bird3","iiiidddddddbbbidicccccccccccccccceeeeeidbbbiiii"
"bird3","iiiiiddddiddbbbii"
"bird3","iiiddddbbbiiiiidii"
"bird3","iiiiidddbbbidbbbiiiiiiiidii"
"bird3","iiiiiii"
"bird3","iiiddddbbbidbbbidbbb"
"bird3","iiiidddbbbidbbbidbbb"
"bird3","iiiddddbbbidiiidbbbiii"
"bird3","iiddddbbbidiiiicccccccccccccceeeeeidbbbi"
"bird3","iiiiddddbbbidbbbii"
"bird3","idddbbbidii"
"bird3","ii"
"bird3","iiiddddbbbiiidii"
"bird3","iiiiidddddbbbidbbbiii"
"bird3","iiiidddddddbbbidii"
"bird3","iiddddiidii"
"bird3","iiiiiidddbbbidiicccccccccccceeeeeeidbbbiii"
"bird3","iiiiiidddiiiddbbbi"
"bird3","iiiiiddddddbbbiidiiicccccccccccccccceeeee"
"bird3","iiiiiiiiddddidbbbii"
"bird3","iiiddiddi"
"bird3","iiiiiidddddbbbiidbbbidiicccccccccccccccceeeee"
"bird3","iiidddddbbbiidii"
"bird3","iiiiiiidddbbbidbbbiiidddbbb"
"bird3","iiidddbbbidbbbidiicccccccccccccccceeeee"
"bird3","iiiddddbbbiiiiiiiiiidi"
"bird3","iiiiiddddbbbiiiii"
"bird3","iiiiiiddddbbbididbbbi"
"bird3","iiiidddbbbidii"
"bird3","iiiiiiiiiddddbbbbidbiddddbbb"
"bird3","iiiiiidddbbbidiiiiidiiii"
"bird3","iiiddddbbbidiiiidiii"
"bird3","iiiidddbbbidi"
"bird3","iiidddbbbiiiiiidii"
"bird3","iiiiddddbbbidiiiidii"
"bird3","iiiiidddbbbidicccccccccccceeeeeiidbbbii"
"bird3","iidddbbbiddidbbbi"
"bird3","iiiiidddbbbidiiiidiii"
"bird3","iiiiidddddbbbidbbbidii"
"bird3","iiiiiddbbbiddbbbi"
"bird3","iiiiiddddbidiiiiiii"
"bird3","iiddddbbbidiicccccccccccccccceeeeedbbbiid"
"bird3","iiii"
"bird3","iddddbbbidiiccccccccccccccceeeeeddbbbid"
"bird3","iiddddbbbidiidddbbbi"
"bird3","iiiddddddbbbidi"
"bird3","idddbbbidiidbbbiii"
"bird3","idddbbbididii"
"bird3","iiiiddddbbbi"
"bird3","iiiddddbbbidiiiiidii"
"bird3","iiiiddidddbbbiiiiiiiii"
"bird3","iiiddddbbbidiii"
"bird3","iiiidddbbbidiiicccccccccccccccceeeee"
"bird3","iiiiiidddbbbiiidbbbidiiccccccccccccccccccceeeee"
"bird3","iiddddbbbiiccccccccccccccccccceeeee"
"bird3","iiiiddddbbbiiiiiidiiicccccccccccccceeeeeeddbbbiiid"
"bird3","iiiddddbbbidbbbidi"
"bird3","iiiddddddddbbbidiccccccccccccccceeeeeiidbbbiii"
"bird3","iiiddddbbbidiiiiccccccccccccccceeeeedbbbid"
"bird3","iiiddddbbbidiccccccccccccccceeeeeddbbbid"
"bird3","iiidddddidbbbi"
"bird3","iiiidddddbbbidiccccccccccccccceeeeeddbbbid"
"bird3","iiiidddddidiiii"
"bird3","iiiiiddddbbbidiidbbbi"
"bird3","iiiiiiiddddbbbidbbbiiiccccccccccccccceeee"
"bird3","iiiidddddbbbidiiiiiiiddddbbbiii"
"bird3","iiiiddddbbbiiiidiiccccccccccccccceeeeeeidbbbii"
"bird3","iiiiiidddbbbidbbbiii"
"bird3","iddddddbbbidddbbbiccccccccccccccceeeee"
"bird3","iiiiddddbbbidbbbicccccccccccccceeeeee"
"bird3","iddddidddbbbiiiiiii"
"bird3","iiiiddddddbbbiiiiiddbbbiiiidiii"
"bird3","iiidddddddbbbidiccccccccccccceeeeedbbbid"
"bird3","iiiddddbbbidiiiiidi"
"bird3","iiiddddddbbbidiicccccccccccccceeeeedbbbi"
"bird3","iiidddbbidbbbidbbb"
"bird3","iiiddddddbbbiidbbbicccccccccccccccceeeeee"
"bird3","iiiddddbbbiiiidiiccccccccccceeeeedbbbidd"
"bird3","iddddddddddbbbidi"
"bird3","iiiiddddbbbidbbbidiicccccccccccccceeeee"
"bird3","iiddddddbbbiddbbbidiccccccccccccccceeeee"
"bird3","iiiddiidddddbiiii"
"bird3","iiiiiiiddddddddbbbidiiicccccccccccccccccceeeeeidbbbi"
"bird3","iiiiidddbbbiidiiiddddbbbi"
"bird3","iddddddbbbiiiiiiiiidiccccccccccccceeeeeidbbbi"
"bird3","iidddbbbiiiiddbbbiidiiccccccccccccccccceeeee"
"bird3","ii"
"bird3","iiiiddddddiiiddii"
"bird3","iidddddbbbididii"
"bird3","iiiidddddbbbidddddbbbiiicccccccccccccccccceeeee"
"bird3","iidddddddbbbiidiiccccccccccccccceeeeeid"
"bird3","iidddddbbbiidbbbiidiiiicccccccccccccccceeeee"
"bird3","iiiiidddddbbbidbbbiidiicccccccccccccccceeeee"
"bird3","iiiiddddbbbidbbbiiiiidiiicccccccccccccccceeeee"
"bird3","iiiidddddbbbidbbbiidbbb"
"bird3","iidddbbbidiiccccccccccccccccccceeeeeidbbbiii"
"bird3","iiiddddbbbiiddiiccccccccccccccceeeeedbbbii"
"bird3","iiidddddddbbbiddbbbidiiccccccccccccccceeeee"
"bird3","iddb"
"bird3","iiidddbbbididi"
"bird3","iiiiddddbbbiidiicccccccccccceeeeedbbbii"
"bird3","iiidddddddbbbiidbbbicccccccccccccccccceeeeee"
"bird3","iiiddddddbbbidiiccccccccccccccccceeeedbbbid"
"bird3","iiidb"
"bird3","iiiidddddbbbidiiiiiiiiiidbbbii"
"bird3","iiiiddddbbbiiidddbbbiccccccccccccceeeee"
"bird3","iiiiddiddddbbbi"
"bird3","iiiiddddbbbidiidbbbi"
"bird3","iiiidddbbbidbbbiiiiddbbb"
"bird3","iiiiiddddbbbiiiidbbbiicccccccccccceeeee"
"bird3","iiiiiiiiddddbbbiidiiiddiiii"
"bird3","iiddddddbiiiddbbbiiiidiiccccccccccccccccceeeeee"
"bird3","iiiddidddddbbbi"
"bird3","iiiddddddddbbbidiiiiccccccccccccccceeeeedbbbii"
"bird3","idddddddbbbidbbbiidiiicccccccccccccccccceeeee"
"bird3","iddddddbiiiidbbbidbbb"
"bird3","idddddbbbiiidbbbidi"
"bird3","iiiiddddddddbbbidbbbid"
"bird3","iiiiddddddbbbidiicccccccccccccccceeeee"
"bird3","iiddddbbbiidiicccccccccccceeeeedbbbii"
"bird3","iiiddddiiiiiidbbbi"
"bird3","iiiiddddddbbbidiidbbbii"
"bird3","iidddddiidi"
"bird3","iidddddddbbbiiiiiidbbbidiicccccccccccceeeee"
"bird3","iiidddddbbbidbbbiiiiidicccccccccccccccceeeee"
"bird3","iddddddbbbiiiidiiccccccccccccccccccceeeee"
"bird3","iiiiddddbbbidicccccccccccccceeeeeidbbbii"
"bird3","iiiiiiidddddiiidbbbi"
"bird3","iiiiddddbbbidddbbbidbbb"
"bird3","iiiidddbbbidddbbbiiicccccccccccccceeeee"
"bird3","iiiddddddbbbidiiiiddddbbbi"
"bird3","iiiiddddddbbbidbbbiiccccccccccccceeeee"
"bird3","iiiiiiiiiiiidddddbbbiddbbbiidddbbb"
"bird3","iiidddbbbiddiiicccccccccccccceeeeeidbbbiii"
"bird3","iiiidddiiddbbi"
"bird3","iiddddbbbiiiiiidbbbiiiiidiicccccccccccccceeeee"
"bird3","iiiididdbbbi"
"bird3","iiddddbbbiiiidbbbiiccccccccccccccccceeeee"
"bird3","iiiiiiddddbbbiddbbbidi"
"bird3","iiidddbbbidbbbidbbb"
"bird3","iiiiddddbbbidiiiiiiddbbb"
"bird3","iiiidbiiiidbbbiiicccccccccccccceeee"
"bird3","iiiiiiiddbbbiiidbbbiicccccccccccccccccceeeee"
"bird3","iiiiddddbbbiiiiiidbbbiicccccccccccccee"
"bird3","iiiiiddbbbiiiiiiidbbbiiccccccccccccceeeee"
"bird3","iiiidddddbbbiiiidiiiccccccccccccccceeeeedbbbi"
"bird3","iiiidddbbbidddbbbiidddbbb"
"bird3","iddddbbbidiiiiiidiiii"
"bird3","iiiiiiiddddbbbiddddbbbiiiiddbbb"
"bird3","iiddddddiiiiiddddiiii"
"bird3","iddddiddbbbi"
"bird3","iddidddbbbi"
"bird3","iiiiiddddbbbidbbbiidiii"
"bird3","iidddddb"
"bird3","iiiidiiddbbbi"
"bird3","iiddiidi"
"bird3","iiidddddddbbbiicccccccccccccceeeee"
"bird3","iiiidddddbbbidiii"
"bird3","idddiiiiiiidi"
"bird3","idddddb"
"bird3","iiiddddddb"
"bird3","iiddddiiiidbbbi"
"bird3","iiiidddbbbidbbbidbbb"
"bird3","iiiiiddbbbidbbbidiiiiii"
"bird3","idddbbbidbbbii"
"bird3","iiidddbbbidbbbiiiiidddddbbb"
"bird3","iidddddbbbidiiiiidbbbiii"
"bird3","iiiiiiiiiddddbbbidbbbidbbb"
"bird3","iiiidddbbbidbbbidbbb"
"bird3","iiiiidddddbbbidddbbbidiiiiiiii"
"bird3","iiiiidddddddiiiiiiddbbbi"
"bird3","iiiiddddbbbidbbbidiiiii"
"bird3","iiidddddbbbidbbbidbbb"
"bird3","iiiiiddddiiiii"
"bird3","iiiiddddbbbidbbbidiiiii"
"bird3","iiiiddddiddbbbi"
"bird3","iiiiiiiddddbbbidbbbidiiii"
"bird3","iiiiddddidddddbbbiiiii"
"bird3","idddbbbidbbbiiiiidbbb"
"bird3","iiddbbbidi"
"bird3","iiidddbbbidbbbidiiicccccccccccccceeeee"
"bird3","idddbbbidbbbidicccccccccccceeeee"
"bird3","iiidddddb"
"bird3","iidddbbbidiiiiiidi"
"bird3","iiiidddbbbidbbbii"
"bird3","iidddbbbidiiiiiddbbbiii"
"bird3","iiiiiddddbbbidbbbidbbb"
"bird3","ii"
"bird3","iidddbbbidbbbiiiiccccccccccccccceeeee"
"bird3","iiiddddbbbiiiiidiiccccccccccccceeeeeiidbbbiii"
"bird3","iiiiiiiiiidddbbbiiiiiiddbbbiiicccccccccccccccceeeee"
"bird3","iiiiiiiiiidddbbbidbbbiiiiidiiiccccccccccccceeee"
"bird3","idddbbbidbbbi"
"bird3","iiiiddbbbidii"
"bird3","iiiiiidddbbbidiiiiddbbbiii"
"bird3","iiiiiiidddbbbididbbbi"
"bird3","iidddbbbiddbbbiiidbbb"
"bird3","iiiiiiiiidddddbbbidbbbidi"
"bird3","iiidddddbbbidiii"
"bird3","iiddbbbidbbbii"
"bird3","iiiiiiiiddddbbbiiiiiiddbbbiiicccccccccccccccceeeee"
"bird3","iddbbbidiiiicccccccccccceeeeeiidbbbi"
"bird3","iiiiiiidddbbbidiccccccccccccccccccceeidbbbii"
"bird3","iiiiiddddbbbidii"
"bird3","iiiidddbbbiidiiicccccccccccccceeeee"
"bird3","iiiiddddddbbbididii"
"bird3","iidddb"
"bird3","iiiiddddbbbidbbbiiiidiccccccccccccceeeee"
"bird3","iiiidddddbbbidiidii"
"bird3","iiiddddddbbbidiicccccccccccceeeeedbbbiddd"
"bird3","iiiiiidddbbbidiiiccccccccccceeeee"
"bird3","iidddbbbidii"
"bird3","iiiiddddbbbiiddbbbiiiccccccccccccccceeeee"
"bird3","iiiiddddddidii"
"bird3","iiiiidddbbbidiiidi"
"bird3","iidddbbbidbbbiiiidbbb"
"bird3","iiiiiidddbbbiiidbbbiiccccccccccccceeeeee"
"bird3","iiiiiiiddddbbbidii"
"bird3","iiddddbbbiidbbbidi"
"bird3","iiiidddbbbidiiidddbbbi"
"bird3","iiiiidddddbbbiiidbbbiidbbb"
"bird3","iiiddddbbbiidii"
"bird3","iiiiddddbbbidiiiiidi"
"bird3","iiiidddddddbbbiidbbbidi"
"bird3","iiiiiiidddbbbiii"
"bird3","iiiiiiidddbbbiiiicccccccccccccceeeee"
"bird3","iiiddddbbbidddbbbiiiidii"
"bird3","iiidddbbbidbbbi"
"bird3","iiiddddddddbbbididii"
"bird3","iiiiiiddddddbbbidbbbii"
"bird3","iiiiiddddiidbbbi"
"bird3","iiiiiddddbbbidiiccccccccccccccceeeeeidbbbi"
"bird3","iiddddbbbidii"
"bird3","iiiiddddbbbiddbbb"
"bird3","iiiiidddbbbidbbbidii"
"bird3","iddddddbbbiiidiii"
"bird3","iddbbbidbbbidi"
"bird3","iddbbbiiiiiiididddbbbii"
"bird3","iiiiiiiddddbbbidbbbiiiiidii"
"bird3","iiiddddi"
"bird3","iiiiddbbbiddbbiii"
"bird3","iiiiiiiiiddddbbbiiidbbbiidii"
"bird3","iidddddbbbidbbbiiiiiiiiidii"
"bird3","iiiiddddbbbidbbb"
"bird3","idddddbbbidbbbidiicccccccccccccceeee"
"bird3","iiiidddbbbidiiiicccccccccccccccccceeeeeeidbbbiii"
"bird3","iddddbbbidbbbiddbbb"
"bird3","iiiiddddddbbbidiiicccccccccceeeee"
"bird3","iiiiddddddbbbidbbbiddbbb"
"bird3","iiddddbbbidiiiii"
"bird3","iii"
"bird3","iiiddddbbbiidbbbiidiiiii"
"bird3","iiiddddbbbidiicccccccccccccceeeeeidbbb"
"bird3","iiiddddbbbiddbbbidii"
"bird3","iiiiddddbbbididii"
"bird3","iidddddbbbidiiccccccccccceeeee"
"bird3","iiidddddbbbidbbbiiiidbbb"
"bird3","iiiddddddbiiiiddbbbidii"
"bird3","iddddbbbiiidb"
"bird3","iidddddbbbiidbbbiiccccccccccceeeee"
"bird3","iiddddddbbbiidbbbicccccccccccccccceeeee"
"bird3","iiiiiiddddbbiddbbbidbbb"
"bird3","iiiddddbbbidbbbiiiiccccccccccccccceeeee"
"bird3","iiidddbbbidbbbiddb"
"bird3","iiidddddddiiddi"
"bird3","iiiidddddb"
"bird3","ii"
"bird3","iiidddddbbbidbbbidbbb"
"bird3","iiddddbbbidbbbiiidiicccccccccccccceeeee"
"bird3","iiiidddddiiddiiii"
"bird3","iiiddddbbbiddbbbiidbbb"
"bird3","iiidddbbbiidddbbbiiiicccccccccccccceeeee"
"bird3","iiiddddbbbidbbbiiidiiiii"
"bird3","idddbbbidbbbiiicccccccccccceeeee"
"bird3","iiiididdbbbi"
"bird3","iddddbbbiddbbbiiccccccccccccceeeee"
"bird3","iiiidddbbbidiiicccccccccceeeeedbbbiii"
"bird3","iii"
"bird3","ii"
"bird3","iiiiddddbbbidiiiidbbbi"
"bird3","iiidddddbbbiiiiccccccccccceeeee"
"bird3","iidddddddbbbidiiiiiddbbbiii"
"bird3","iiiiddddbbbididdbbiii"
"bird3","iiidddbbbiicccccccccccceeee"
"bird3","iidddbbbidiiiiddb"
"bird3","iiidddbbbiddddbbbiccccccccccccceeeee"
"bird3","iiiiddddbbbiiidbbbiiicccccccccccccccccceeeee"
"bird3","iiiiiiidddbbbidbbbiiiiidbbb"
"bird3","iiiidddbbbiiddbbbiiiii"
"bird3","iidddbbbidiiccccccccccccccccceeeeedbbbi"
"bird3","iiiddddbbbiddbbbiiidddbbb"
"bird3","iiiiiiiiidddbbbidbbbidiiii"
"bird3","iiidddbbbidbbbii"
"bird3","iiddbbbidbbbiidii"
"bird3","iiiidddbbbidbbbiicccccccccccccccceeeee"
"bird4","iiiiiiiiiiibbbkiiieeeeeeeeebkkiiiiiiiiiiiiibb"
"bird4","iiiiiiiibbkiiiiiiiiiiiiiiieeeeeeeeeee"
"bird4","iiiiiiiibbbkkkiiieeeeeeeebkkkiiiiiiiiiiiiieeeeeee"
"bird4","iiiiiiiii"
"bird4","iibbbkkkiiiiiiiiiiiiibbkkkkiiiiiiiiiiiieeeeeee"
"bird4","iiiiiiiiibkkkiiiiiiiiiiieeeeeeeebkkb"
"bird4","iiiiiiibbbbbkkiiiiiiiiiiiieeeeeeeeeebkkkb"
"bird4","iiiiiiiiiiiibbbbbkkiiiieeeeeeeeee"
"bird4","iibbbkkkkkiiiieeeeee"
"bird4","iiiiiiiiiiibbkkkkiiiiiiiiiiiiiibbbkkkiiiiiiiiiiiiiieeeeeeeee"
"bird4","iibbbbkkkiiiiiiiiiiiiiiiibbbkiiiieeeeeeeeeebk"
"bird4","iiiiiiiibbbkkkiiiiiiiiiiiiieeeeeeeebkkb"
"bird4","iibbbbkiiiiiiiiiiiiiieeeeeeeebkbbbbbbbkkiiiiiiiiiiiiiieeeeeee"
"bird4","iiiiiiiiiii"
"bird4","iiiiiiiibbbbbbkkiiiiiiiiiiiieeeeeeeebkkiiiiiiiiiiiieeeeeeeeebkkiiiiiiiiiiiieeee"
"bird4","iiiiiiiiiibbbbbkkkiiiiiiiiiiiiiiieeeeeebkkkiiiiiiiiiiieeeeeeeeebkkiiiiiiiiiiiiieeeeeeebbbbkk"
"bird4","iiiiiiibbbbbkkkiiiiiiiieeeeeeebkkkib"
"bird4","iiiiiiiiiiiibbbbbkkiiiiiiiiiiiieeeeeeeebkbbbkkiiiiiiiiiiiieeeeeeeee"
"bird4","iiiiiiiiiibbkkkiiiiiiiiiiieeeeeebkkkiiiiiiiiiiiiieeeeeeebkiiiiiiiiiiie"
"bird4","iiiiiiiibbbkkiiiiiiiiiiiiiieeeeeeeeeebkkiiieeeeeee"
"bird4","iiiiiiiiiiiiibbbkkiiiiiiiiiiiiieeeeeeeeeebkkkiiiiiiiiiiiiieeeeee"
"bird4","iiiiiiiiibkiiiieeeeeeeeebkkkiiiiiiiiiiiiieeeeeeebkkkiiiiiiiiiiieeeeeeeeebbbkk"
"bird4","iiiiiiiibbbkkiiiiiiiiiiiiibbbkkiiiiiiiiiiiiiieeeeeeeee"
"bird4","iiiiiiiibbbbkkiiiiiiiiiiiiiiiiiiiieeeeeeeeeebkkkkiiiiiiiiiiieeeeeeeeebkbbbbbkkiiiiiiiiiiiii"
"bird4","iiiiiiiiiiiibbbbbbkkiiiiiiiiiiiieeeeeeebkkkkiiiiiiiiiieeeeeeebkkbbbkii"
"bird4","iiiiiiiiiiii"
"bird4","iiiiiiiiiiiiiiiibbbbbkkiiiiiiiiiiiiiieeeeeeeebkkkiiiiiiiiiieeeeeeee"
"bird4","iiiiiiiibkkkiiiiiiiiiiiiieeeeeeeeebkkkkiiiiiiiiiiiieeeeeeeee"
"bird4","iiiiiiiibbkkiiiiiiiiiieeeeeeeeebkkiibbb"
"bird4","iiiiiiiiiiiii"
"bird4","iii"
"bird4","iiiiiiii"
"bird4","iiibbbkkiiiiiiiiiiiiiii"
"bird4","iiiiiiiiibkiiiiiiiiiiiiiibbkiieeeeeeeeeebkk"
"bird4","iiiiiiiiiibbkiiiiiiiiiiiiiieeeeeeeeeebkkkkiiiiiiiiiiiieeeeeeeebbbb"
"bird4","iiiiiiiii"
"bird4","iiiibbbbkkkieeeeeeeeeeebkkkkiiiiiiiiiiiiiib"
"bird4","iiiiiiibbbkiiiiiiiiiiiibkkkiiiiiiiiiiiiii"
"bird4","iiiiiiiiiibbbkiiiiiiiiiiiibbbbkkkkkkiiiiiiiiiieeeeeeeeeebk"
"bird4","iiiiiiiiiiii"
"bird4","iiiiiibbbkkiiiiiiiiiiiieeeeeeebkbbbbbb"
"bird4","iiiiiiiiiibbbkkiiiiiiiiiiiiiibbbkkiiiiiiiiiiiiieeeeeeeeebk"
"bird4","iiiiiiiiiiiibbbbkkiiiiiiiiiiiibkkkkiiiiiiiiiiiieeeeeeeebkkiieeeeeeee"
"bird4","iiiiiiiiiiiibbbkiiiiiiiiiiiibkkiiiiiiiiiiiieeeeeeeeeebk"
"bird4","iiiiiiiiiiiibbbbkiiiiiiiiiiiiiiiiiiiieeeeeeeeebkkk"
"bird4","iiiiiii"
"bird4","iiiiiiiiiibbkkkiieeeeeeeeeebkbb"
"bird4","iiiiiiiiiiiibbkkkiiiiiiiiiiiibbbkiieeeeeeeeeeebkkkiiiiiiiiiieeeeeee"
"bird4","iiiiiiiiibbbbbbkkiiiiiiiiiiiieeeeeebbkkbbkkiiiiiiiiiie"
"bird4","iiiiiiiiiiiiiiibbkkiiiiiiiiiiiibbbbbbbbkkkkiiiiiiiiiieeeeeee"
"bird4","iiiiiiiiibbbbbbbkkiiiiiiiiiiiieeeeeeeebkkkkkiiiiiiiiiieeeeee"
"bird4","iiiiiiiiiiiiiiiibbbbbkiiiiiiiiiiiieeeeeeebkkkkiiiiiiiiiiiibbbbbb"
"bird4","iiiiiiiibbbbkkiiiiiiiiiiiibkkkkkkiiiiiiiiiiiieeeeeeeeebkk"
"bird4","iiiiiiiiibbbkiiiiiiiiiiiibbbbkkiiiiiiiiiiiiiieeeeeeeebkkiiiiiiiiiieeeeeee"
"bird4","iiiiiiiiiiiiibbkkiieeeeeeeebkkiiiiiiiiiiiiiieeeeeeeebbbkiiiiiiiiiiiieeeeeeebkkk"
"bird4","iiiiiiiibkiiiiiiiiiiiiiiibkkkiiiiiiiiiiiieeeeeeeebk"
"bird4","iiiiiiiiibbbkkiiiiiiiiiiiieeeeeeeeebkbbkkiieeee"
"bird4","iiiiiiiiibkkkiiiiiiiiiibbbbkiiiiiiiiiiiieeeeeeee"
"bird4","iiiiiiiiibbbbkkkiiiiiiiiiiiiiiibbkkkkiieeeeeeeebkkkkkiiiiiiiiiiii"
"bird4","iiibbkiiiiiiiiiiiiibbbbkkkiiiiiiiiiiiieeeeeeeebkkiiiiiiiiiiiieeeeeeee"
"bird4","iiiiiiiiiibbbbkkkkiiiiiiiiiiiiiiiieeeeeeeeee"
"bird4","iiibbbbkiiiiiiiiiiiiiiiibkkiiiiiiiiiiiii"
"bird4","iiiiiiiiiibbbbbbkkiiiiiiiiiieeeeeeeeeebkbbbkiiiiiiiiiiiieeeeeee"
"bird4","iiiiiiiibbbbbkkiiiiiiiiiiiiiiiiiiiiiiieeeeeeeebkkkiieeeeeeeeeebkkkiieeeeeeebbbbbkkk"
"bird4","iiiiiiiiiibbkkiiiiiiiiiiiiiibbbbkkkkiieeeeeeeeee"
"bird4","iiiiiiibbbkkkkiiiiiiiiiiiibbbbbbkkiiiiiiiiiiiieeeeeeeeee"
"bird4","iiiiiiiiibbbkkkkiiiiiiiiiiiieeeeeeeebkkkiieeeeeeee"
"bird4","iiiibbbbbbbkkkkkiiiiiiiiiiiiiieeeeeeeebkkkkkiiiiiiiiiiiieeeeeeee"
"bird4","iiiiibbbbkkiiiiiiiiiiiibbbbbbkiiiiiiiiiiiieeeeeeee"
"bird4","iiiiiiiiiiibbbbkkiiiiiiiiiiiiiibbbbkkiieeeeeeeee"
"bird4","iii"
"bird4","iiiiiiiibbkkkiiiiiiiiiiieeeeeeeeebkkiieeeeeeebkkbbbbk"
"bird4","iiiiiiiiiiibbbkkkkiiiiiiiiiiieeeeeeeeebkkkiiiiiiiiiiiiiieeeeeee"
"bird4","iiiiiiibbbbbkkkkiiiiiiiiiiiiieeeeeeeeeebkkkkiiiiiiiiiiiiieeeeeee"
"bird4","iiiiiiibbbkiiiiiiiiiiiibkkiiiiiieeeeeeeebkiiiiiiiiiiiieeeeeeee"
"bird4","iiiiiiiiiibbbbbbbbkkiiiiiiiiiiiieeeeeeeebkkk"
"bird4","iiiiiiiibbbbbkiiiiiiiiiiiieeeeeeebbkkkiiiiiiiiiiiieeeeeeeeebkbbbbbbkkiiiiiiiiiii"
"bird4","iiiiiiiiiiiibbbbbkkkiiiiiiiiiiieeeeeeebkkiiiiiiiiiiiieeeeeeeebkkiieeeeee"
"bird4","iiiiibbbkkkiiiiiiiiiiibbbkkkkiiiiiiiiiiiiiieeeeeeeeebk"
"bird4","iiiibbkiiiiiiiiiiiiii"
"bird4","i"
"bird4","iiiiiiiiibbbbkiiiiiiiiiieeeeeeeebkkiiiiiiiiiiiieeeeeee"
"bird4","iibbbbbbkkkkiiiiiiiiiiiieeeeeeeebkkkiiiiiibbbbb"
"bird4","iiiiiiiiibbbbbbbkkkiiiiiiiiiiiiiiiiiiiieeeeeeeebkkkkkiiiiiiiiiiiieeeeeee"
"bird4","iiiiiiiibbbkkiiiiiiiiiiibkkk"
"bird4","iiiiiiiiiiiiibbbkkkiiiiiiiiiiiieeeeebkkkiiiiiiiiiieeeeeeebki"
"bird4","iiiiiiiiiiibbbbbkkiiiiiiiiiiiieeeeeebkkiiiiiiiiiiiiieeeeeeeebkkkiieeeeeee"
"bird4","iiiiiiiiiiiiiiibbbbbbbkkkkkiiiiiiiiiiiieeeebkiiiiiiiiiiiieeeeeebbkbbbk"
"bird4","iiiiiiiiibbbkiiiiiiiiiiiieeeeeeebkkbb"
"bird4","ibbbbkkiiiiiiiiiiiieeeee"
"bird4","iiiiiibbkiiiiiiiiiiiieeeeeeebkiiiiiiiiiiibbbb"
"bird4","iiiiiiii"
"bird4","iiiiiibbbbbbbkkkkkkiiiiiiiiiiiiiieeeeeeeeebkkbbbbbkiiiiiiiiiiiieeeeeee"
"bird4","iiiiiiiii"
"bird4","iiiiiibbbbkkiiiiiiiiiiiieeeeeeeeeebkkkiiiiiiiiiiieeeeeebkkkiiiiiiiiiiii"
"bird4","iiiiiiiiiiiiiii"
"bird4","iiiiiiiibbbbbbbbkkkiiiiiiiiiiiieeeeeeebkkbbbbkkiiiiiiiiiiieeeeeeee"
"bird4","iiiiiiiiiiibbbbkkkkiiiiiiiiiiiiibkkkkiiiiiiiiiieeeeebkkkiiiiiiiiiiiieeeeee"
"bird4","iiiiiiiibbbkkiiiiiiiiiieeeeeebkbbbbbbkkiiiiiiiiiieeeeeeee"
"bird4","iiiiiiiiiiii"
"bird4","iiiiiiii"
"bird4","iiiiiiiiibbkiieeeeeeeeebkkkkiiiiiiiiiiiieeeeeeebkkiiiiiiiiiiii"
"bird4","iiiiiibbbbbkiiiiiiiiiiiiiiiiiiiiiiiibkkiiiiiiiiiiii"
"bird4","iiiiiiiiiibbbbbkkkiiiiiiiiiiiieeeeeeeeeebkkiiiiiiiiiiiiieeeeeeee"
"bird4","ibbbbkkiiiiiiiiiiiiieeeeeebkkkkiiiiiiiiiiieeeeeeebbbbkkiiiiiiiiiiiieeeeeeee"
"bird4","iiiiiibbbkiiiiiiiiiiiiiieeeeeeeee"
"bird4","iiiiiiiiibbkiiiiiiiiiiiieeeeeeeeeebkkkkiiiiiiiiiiiiiieeeeeeeeeebkkkiiiiiiiiiiieeeeeeeebk"
"bird4","iiiiiiiiiiibbbbbbbkkkkiiiiiiiiiiiieeeeeeeebkbbbkkkiiiiiiiiiiiiiiiiiiiiiieeeeeee"
"bird4","iiiiiiiiiiibbbbbkibkkkiiiiiiiiiieeeeeeebkkkkiiiiiiiiiiiieeeeeee"
"bird4","iiiiiiiiiibbbbbkkkiiiiiiiiiiiieeeeeeeebkkiiiiiiiiiiiieeeeee"
"bird4","iiiiiiiiiiibbbbbbkkkiiiiiiiiiiieeeeeeeebkkk"
"bird4","iiiiiiiiiiibbbbbbkkkkiiiiiiiiiiiiii"
"bird4","iiiiiiiiiiiiibbbbbkkkiiiiiiiiiiieeeeeeebkkiiiiiiiiiiiieeeeeeeebkkkkkiiiiiiiiiiiiieeeeee"
"bird4","iiiiiiiiiibbbbbbkkkiiiiiiiiiiiieeeeeeebkkkkiiiiiiiiiiiieeeeeeebkkiiiiiiiiiieeeeeeebkk"
"bird4","iiiiiiiibbbbbkkkkiiiiiiieeeeeeebkbbbbbbkkkiiiiiiiieeeeeee"
"bird4","iiiiiiiiibbbbbkkkiiiiiiiiiieeeeeeeebbbbkkkiiiiiiiiiiiieeeee"
"bird4","iiiiiiiiiiibbbbbbkiiiiiiiiiiiiiibkkiiiiiiiiiiiiieeeeeeeeebk"
"bird4","iiibbbbkkiiiiiiiiiiiiiieeeeeeeebkkkiieeeeeeebkkkkieeeeeeebbbbkk"
"bird4","ii"
"bird4","iiiiiiii"
"bird4","iiiiiiiiiiibbbbbkiiiiiiiiiii"
"bird4","iiiiiiibbbkiiiiiiiiiiibbbkkkkiiiiiiiiiiieeeeeeeeeebkkkiiiiiiiiiieeeeeeee"
"bird4","iiiiiiiiiiibbbbkkiiiiiiiiiibkkkkiiieeeeeeeeebkkiiiiiiiiiiiieeeeeeeee"
"bird4","iiiiiiiiiiiibbkkkiiiiiiiiiiiiiieeeeeeeebkkiiiiiiiiieeeeeeeebkkbbbbbbkiiiiiiiiiiii"
"bird4","iiiiiiiiibbbbbkkkkiiiiiiiiieeeeeeebkkkiiiiiiiiiieeeeeeeebkkiieeeeeeeebkk"
"bird4","iiiiiiiiiiibbbkkiiiiiiiiiiiiiiiiiiiiiiiiieeeeeeeeeebkkbbbbbbkkiiiiiiiiiiiiiieeeeeeeee"
"bird4","iiiiiiiiibbbbbbkkkiiiiiiiiiiiiiieeeeeeeeebkkkiiiiiiiiiiiiiiii"
"bird4","ii"
"bird4","iiiiiiiiiii"
"bird4","iiiibbbkiiiiiiiiiiiiiiii"
"bird4","iiiiiiiiiibbbbkkkkiiiiiiiiiiiieeeeeeeeebkkkkkiiiiiiiiiiieeeeeeeebkkiiiiiiiiiiiiiieeeeeeeeebkk"
"bird4","iiiiiiiibbbbkkkkiiiiiiiiiiiiiiiieeeeeeeee"
"bird4","iiiiiiiiibbbbbbkkkkkiiiiiiiiiiiiieeeeeeeeebkkkkiiiiiiiiiiiiieeeeeebkbbbbbkiiiiiiiiiiiiii"
"bird4","iiiiiiibbbbbbkkkkiiiiiiiiiiiiiiieeeeeeeebkkkiiiiiiiiiiiiiiieeeeeeebkbbbbkiiiiiiiiiii"
"bird4","ibbbbkkkiiiiiiiiiiiieeeeeeebkibbbb"
"bird4","iiiiiiiiiiiiibbbbkkiiiiiiiiiiiiiieeeeeeeeebkkiiiiiiiiiiieeeeeebkkkiiiiiiiiiieeeeee"
"bird4","iiiiiiiiiiiiibbbbkkkiiiiiiiiiiiiiieeeeee"
"bird4","iiiiiiiiibbbbkkkiiiiiiiiiiiiiiiieeeeeeeebkkbbbbkiiiiiiiiiiiieeeeeeee"
"bird4","iiiiiiiiiiiiibbbbbkkiiiiiiiiiiiiiiiiieeeeeeeebkkiiiiiiiiiiiiiieeeeeeeebk"
"bird4","iiiiibbbbbbbbkkiiiiiiiiiiiiieeeeeeeebkbbbbbkkkiiiiiiiiiiiiiiiiieeeeeee"
"bird4","iiiiiiiiiiiibbbbbbbkiiiiiiiiiiiiieeeeeeeebkkiiiiiiiiiiiiiiii"
"bird4","iiiiiiiibbbkkiiiiiiiiiiiiiiiieeeeeeeeebkkkbbbbbbbkkiiiiiiiiiiiieeeeee"
"bird4","iiiiiiiiiiiiiibbbbbkiieeeeeeeeebbkkkkiiiiiiiiiiiiiieeeeeeeebkkkiiiiiiiiiiiiiieeeeeeeebkk"
"bird4","iiiiiiiiiiibbbbbkkkiiiiiiiiiiiiieeeeeeeeebkkkiiiiiiiiiiiiiiiiieeeeeeebbkbbbbbkiiiiiiiiiiiiii"
"bird4","iiiiiiiiiiibbbbkkiiiiiiiiiiiiiiieeeeeeeebkkiiiiiiiiiiiibbbbb"
"bird4","iiiiiiiiiiiiibbbbkkiiiiiiiiiiiiieeeeeeeeebkkbbbbbkiiiiiiiiiiiiiiieeeeeee"
"bird4","iiiiiiiiibbbbbbbkkkkkiiiiiiiiiiiiiiieeeeeeeebkkkiiiieeeeeebkkiiiiiiiiiiiii"
"bird4","iibbbbbbkiiiiiiiiiieeeeebbbbbbbkkkiiiiiiiiiiiiieeeeeeebkkkiiiiieeeeeee"
"bird4","iii"
"bird4","iiiiiiiii"
"bird4","ibbbbkiiiiiiiiiiiibbbbkkiiiiiiiiiiiiiiieeeeeeeeebkkkkiiiiiiiiiiiiieeeeeeee"
"bird4","iiiiiibbbbbbbkkiiiiiiiiiiibbbkkkiiiiiiiiiiiiieeeeeebbkkiiiiiiiiiiiiiiii"
"bird4","iiiiiiiiiiibbbbbbkkkiiiiiiiiiieeeeeebkbbbbbkiiiiiiiieeeeeee"
"bird4","ii"
"bird4","iiiiiiibbbbkiiiiiiiiiiiiiiiiiiiieeeeeeebkkibbbbbbbbb"
"bird4","iiiiiiiiiiiiiibbbkiiiiiiiiiiiiiiieeeeeeeebkkkiiiiiiiiiiiiiiiiiieeeeeebkkkiiiiiiiiiiiiieeeeeeeebkk"
"bird4","iiiiiiiibbbbkkiiiiiiiiiiiieeeeeeeebkkkiiiiiiiiiiieeeeee"
"bird4","iiiiiiiiiibbkkkiiiiiiiiiiiieeeeeeebkbbbbbbkiiiieeeeeee"
"bird4","iiiiiiiiiiiiiibbbbbbkkkkkiiiiiiiiiiiieeeeeeebkkiiiiiiiiiiiiiieee"
"bird4","iibbbbbkkkiiiiiiiiiiiieeeeeeeeeebkkiiiiiiiiiiiiiieeeeee"
"bird4","iiiiiiiibbbbbbbbkkiiiiiiiiiiieeeeeeebkkkiiiiiiiiiiiiiiebbbbbbbbkkiiiiiiiiiiieeeeeee"
"bird4","iiiiiiiiiiiibbbbbbkkiiiiiiiiiiiiiiieeeeeeeebkiiiiiiiiiiiiiiiibbb"
"bird4","iibbbbkkiiiiiiiiieeeeebbkkkkiiiiiiiiiiiiiieeeeeee"
"bird4","iiiiiii"
"bird4","ii"
"bird4","iiiiiiiiibbbbkkiiiiiiiiiiiiiiiibbbkkiiiiiiiiiiiieeeeeeeeeebkkiiiiiiiiiiiieeeeeeeee"
"bird4","iiiiiiiiiibbbbbbkiiiiiiiiiiiiieeeeeeeeebkkiiiiiiiiiiiiiiiee"
"bird4","iiiiiiiiibbbbbkkkiiiiiiiiiiieeeeeeee"
"bird4","iiiiiiiiiiibbbbbkiiiiiiiiiiiiiieeeeeeeeebkkkiiiiiiiiiiiiiieeeeeeeebkbbbbbbki"
"bird4","iiiiiiiiiibbbbbbbkkkiiiiiiiiiiiieeeeeeeeebkkkiiiieeeeeee"
"bird4","iiiiiiiiiii"
"bird4","iiiiiiibbbbbkkkiiiiiiiiiiiieeeeeeebbbkiiiiiiiiiiieeeeeeeebkk"
"bird4","iiiiiiiiiibbbbbbbkkiiiiiiiiiiiiiiiiiiiiiiiiibbbbbkkkkkiiiiiiiiiiiiiiiieeeeee"
"bird4","iiiiiiiiiiibbbbkiiiiiiiiiiiieeeeeeeeebkbbb"
"bird4","ibbbbbbkiiiiiiiiiiiiiieeeeeeebkbbbbbbbbkkkieeeeeee"
"bird4","iiiiiiiiiiiiibbkiiiiiiiiiiiiiiieeeeeeeeeeebkkiiiiiiiiiiiiieeeeeeebkiiieeeeeebbbk"
"bird4","iiiiiiibbbbbbbbkkkiieeeeeeebkbbbkkkiiiiiiiiiieeeeeeee"
"bird4","iiiiiiiiiibbbkiiiiiiiiibbbbkkiiiiiiiiiiieeeeeeeeebkkiiiiiiiiiiiiiiiie"
"bird4","iiiiiiiiiibbbkkkiiiiiiiiiiiiiieeeeeeeeebkiiiieeeeeebbbbbkkiieeeeee"
"bird4","iiiiiiiiiibbbbbbbkkiiiiiiiiiiiiiiiiieeeeeeeeebbkkkiiiiiiiiiiiiiieeeeeebkkiiiiiiiiiiiieeeeeeebbbbbk"
"bird4","iiiiiiiiibbbbbbbkkiiiiiiiiiiiiiieeeeeeeebkiiieeeeeeebbbbbbkiiiiiiiiiiiiieeee"
"bird4","iiiiiiiiiiibbbbbbkii"
"bird4","iiiiiiiiibbbkiiiiiiiiiiiiiieeeeeeeebkkkiiiiiiiiiiiiiieeeeee"
"bird4","ibbbbkiiiiiiiiiiiibkki"
"bird4","iiiiiibbbbbbkkkiiiiiiiiiiiieeeeeeeeebkbbbbkiiiiiiiiiieeeeeee"
"bird4","ibbbbbkiiiiiiiiibkkiiiiiiii"
"bird4","iiiiiiibbbbbbkiiiiiiibk"
"bird4","iiiiiiiibbbbkkiiiiiiibbbkkkkkiiiiiiiieeeeeeeeebkkiiiiiiiii"
"bird4","iiiiiiiiiiiibbbbbbkiiiiiiiiiiiiiiiieeee"
"bird4","iiiiiiiiiiiibbbbbbbkkiiiiiiiiiiiiiieeeeeeeeeebkkkiiiiiiiiiiiiiiieeeeeebkbbb"
"bird4","iiiiiiiibbbbkiiiiiiiiiiiiiiibk"
"bird4","iiiiiiibbkiiieeeeeeeebkkiiiiiiiiiiiiibb"
"bird4","iiiiiiiibbbbbbkiiiiiiiiiiiiiiiiiiiiieeeeeeeeebkkkiiiiiiiiiiieeeeeeebbbbbbkkiiiiiiiiieeeeeeeebkk"
"bird4","iibbbbbbkkiiiiiiiiiiiiiiiieeeeeeeebkkiiiiiiiiiiiiiiiieeeeeeeebkbbbbbbkiiiiiiiiiiii"
"bird4","iiiiiiiiibbbbbkkiiiiiiiiieeeeeeebkkkib"
"bird4","iiiiiiiii"
"bird4","iiiiiiiiibbbbbkkkiiiiiiiiiiiiiieeeeeeeee"
"bird4","iiiiiiiiii"
"bird4","iiiiiiiiii"
"bird4","iiiiiibbbbbbbkkiiiiiiiiiiiiiiieeeeeeebkkiiiiiiiiieeebbbbbbbbbkkiiiiiiiiiiiiiiieeeeeebkkk"
"bird4","iiiiibbbbbbbbkkkkiiiiiiiiiiiiieeeeebkkk"
"bird4","ibbbbbkiiiiiiiiiiibbbk"
"bird4","iiiiiiiibbbbbbbbbbkkkiiiiiieeeeeeeeee"
"bird4","iiiiiiiiiibbbbbbbkiiiiiiiiiiieeeebbbbbkkiiiiiiibbbbbbb"
"bird4","iibbbbbbbkkiiiiiieeeeeee"
"bird4","iiiii"
"bird4","iiiiiiiiiiibbbkiieeeeeeeebkkkiiiiiiiiiiiiiiieeeeeeeeebkiiiieeeeeeebbbk"
"bird4","iiiiiiiiiiibbbbbkkkiiiiiiiiiiiiieeeeeeebk"
"bird4","iiiiii"
"bird4","i"
"bird4","ibbbbbbbbkkkkiiiiiiiiiiiieeeeeeeeebkkkiiiiiiiiiiieeeeeeeebbkiiiiiiiiii"
"bird4","iiiiibbbbbbbbbkiieeeeeeeeeebkkbb"
"bird4","i"
"bird4","iiiiibbbkiiiiiiiiiiiiiiiiiiiiiiiiiiiibbbbkiiiiiiiiiiiiieeeeeee"
"bird4","i"
"bird4","iiiibbbbbbkiiiiiiiiiiiiiiiieeeeeeeebkkiiiiiiiiiiiieeeeeeebkbbbbbbkiiiiiiiiiiii"
"bird4","iiiiiiiiiiiiiiiiiiiiiiiiiiiiiiiiiiiiiiiiiiiiiiiiiiiiiiiiiiiii"
"bird4","iibbbkieeeeeeeeeeebbbkiiiiiiiiiiiiiiiiiii"
"bird4","ibbbbbbbbkkkiiiiiiiiieeeeeeeeeeeebkiiieeeeeebkiiiiiiiiiiiiii"
"bird4","ibbbbbbbkkiiiiiiiiiiiiiiiieeeeeeebkkkkiieeeeeeeeebkbbbbk"
"bird4","iiiiiiiiiibbbkkiiiiiiiiiiieeeeeeeeebkiieeeeeeeeeebbbbbbkiiiiiiiiiiiieeeeeee"
"bird4","iiiiiibbbbbbkkiiiiiiiiiiiiiiibbbkkiiiiiiiiiiiieeeeeeebk"
"bird4","ibbbbbkkkiiiiiiiiiiieeeeeeee"
"bird4","iiiiiiiiiiiii"
"bird4","iiiiiiiiiiiibbbbkkkiiiiiiiiiiiiiieeeeeee"
"bird4","iiiiiiibbbbbbkiiiiiiiiiiiiiiiiiiiiiiiibbbbkiiiiiiiiiieeeeeeeeeebk"
"bird4","i"
"bird4","iiiiiiiibbbbkiiiiiiiiiiiieeeeeeebkb"
"bird4","iibbkkkiiiiiiiiiiiiiiiiibbkiieeeeeeeeeebk"
"bird4","iibbbbbkkiiiiiiiiiiiiiiibbbbbbbkiiiieeeeeeeeeeebkkkkkiiiiiiiiiieeeeeee"
"bird4","iibbbbbbkkkiiiiiiieeeeeeeebkkiiiiiiiiiiiieeeeebkbbbbbkkiiiiiiiiii"
"bird4","iiiiii"
"bird4","iiiiiiiiiiiibbbbkkiiiiiiiiieeeeeeeeebkkkkkkiiiiiiiiiiiiiieeeeeeebkbbbbbkkkiiiiiiiiiiii"
"bird4","iiiiiiiibbbbbkkiiiiiiiiiiiiiieeeeeeeeeebkkiiiiiiiiiiiieeeeeeebkkkiiiiiiiii"
"bird4","ibbbkiiiiiiiiiiiiiieeeeeeeeebk"
"bird4","ibbbbbkkkiiiiiiiiiiiiieeeeeeeebkkbbbbbbbkkkiiiiiiiiiiiieeeeeeee"
"bird4","iiiibbbbbkkkkiiiiiiiiiiiiieeeeeeeeeebkkkiiiiiiiiiieeeeeee"
"bird4","iiiiibbbbbbbkkkiiiiiiiiiiieeeeeeeebkkiiiiiiiiiiiieeeeebbkbbbbbbkkiiiiiiiiiiiiiii"
"bird4","iiiibbbbbbbbbkiiiiiiiiiiiiieeeeeeeebkkbkkiiiiiiieeeeeee"
"bird4","ibbbbbkiiiiiiiiiiiiibkkkkiiiiiiiiiiiiiiieeeeeeeeebk"
"bird4","iiiiii"
"bird4","iiiiiiii"
"bird4","iiiiiiiiibbbbbbkkkkiiiiiiieeeeeebkkkiiiiiiiieeeeeeebkbbbbbbkiiiiiiii"
"bird4","ibbbbbkkiiiiiiiiiiieeeeeeeebkib"
"bird4","iii"
"bird4","iiibbbbbbkkiiiiiieeeeeeeebkbbbbkkiiiiiiiiiiieeeeeee"
"bird4","iiiiiibbbbbbbkiiiiiiiiibk"
"bird4","iibbbbbbkkiiiiiiiieeeeeeeebkkiiiiiiiieeeeeeeebk"
"bird4","iiiiiiiiiiibbbkiiiiiiiiiiiiiiiebbb"
"bird4","iiiiibbbbbbbbkiiiiiiiieebkkkiiiiiiiiiiiieeeeeeeebkkiiiiiiiiiiiiieeeeeeeeebk"
"bird4","ibbbkkiiiiiiiiiiiiiieeeeeeebkkbb"
"bird4","iiiiiiibbbkiiiiiiiiii"
"bird4","iiiiiibbbbbbkkkiiiiiiiiiiiiiiiiieeeeeeeeebbkiiiiiiiiieeeeeebbbbbkiiiiiiieeeeeee"
"bird4","ibbbbbbbbbkkkkkiiiiiiiiiiieeeeeeebkkbbbbkiieeeeeee"
"bird4","iiiiiiiiiiibbbbkkiiiiiiiiiiiiieeeeeeeeeebkkkiiiiiiiiiiiiieeeeeeeebbbbbbkkkiiiiiiiiiiiieeeeeebbbbbbk"
"bird4","iiiiii"
"bird4","ibbbbbbkkiiiiiiiiiiiiiieeeeeeeeebkkkb"
"bird4","iiiiiibbbbbkiiiiiiiiiiiiieeeeeeeeebkkiiiiiiiiiiiiiiieeeeeeeebkkbbbbbbkkkiiiiiiiiiiiii"
"bird4","iiiiiiiibbbkiiiiiiiiiiiiiiieeeeeeeeebkbbbbbkiiiiiiiiiiiiieeee"
"bird4","iiibbbbbkkkkkiiiiiiiiiiiiiieeeeeeeeebkkbbbbbkiiiiiiiiiiiiiiiiiiiiiiiiieeeeeeee"
"bird4","iiiiiiiibbbbkiiiiiiiiiii"
"bird4","iiiibbbbkiiiiiiiiiiiiiiiiiiiiiiiieeeeeeeeeeebkkkkkbb"
"bird4","iiiiiiiiiibbbbbbkkkiiiiiiiiiiiiiiieeeeeeeeeebkkiiiiiiiiiiiieeeeeeebkkbbbkkiiiiiiiiiiii"
"bird4","iiiiiiiiiiiiiiibbbkkiiiiiiiiiiiiiieeeeeeeebkbbb"
"bird4","iibbbbbbbkkkiiiiiiiiiiiieeeeeeebkkkiiiiiiiiiiieeeeeebkbbbbkkiiiiiiiiiiiii"
"bird4","iiiiiiiiiiiibbkiiieeeeeeeeebkkiieeeeeeeeebkbbbkkiiiiiiiiiiiiiii"
"bird4","iiiiiiiiiiibbbbbbkkkiiiiiiiiiiieeeeeeeebkbbbbbkiiiiiiiiiiiieeeeeeeee"
"bird4","iiiiiiiiibbbbkiiiiiiiiiiiiiieeeeeeebkkiiiiiiiiiieeebkbbbbkiiiiiiiiiiiiii"
"bird4","iiiiiiiibbbbbkkkiiiiiiiiiiiiiibbbkiiiiiiiiiiiiieeeeeeeebk"
"bird4","iiiiiiiiiiibbbbkkkkiiiiiiiiieeeeeeebkkiiiiiiiiiiiieeeeeeebb"
"bird4","iiiiiiiiiibbbbbkiiiiiiiiiiiiiiiiiieeeeeeeebkkkkiiiiiiiiiiiiiieeeeeeebkbbbbbkiiiiiiiiiiiii"
"bird4","ii"
"bird4","iiiiiiiiibbkiiiiiiiiiiiiiiiiieeeeeeeebbbbkiiiiiiiiiiiiiiiiieeeeeee"
"bird4","iiiiibbbbkiiiiiiiiiiiiieeeeeeebkkibb"
"bird4","iiiiibbbbbkibki"
"bird4","iiiiiiiiibbbbbbbbkkiiiiiiiiiiiiieeebbkkkiiiiiiiiiiiiiieeeeeeeebbbbbbbkkiiiiiiiiiiiiiiii"
"bird4","iiiiiiiiiiibbbbbkkkkiiiiiiiiiiiiiiiieeeeeeeeebkkbbbbbbbbbkkiiiiiiiiiiiiieeeeeeee"
"bird4","iiiibbbbbkiiiiiiiiiiiibbbbkiiiiiiiiiiiiiieeeeeeeeeebkiiiiiiiiiiiiiiiiiiiiiiieeeeeeee"
"bird4","iiiiiii"
"bird4","iiiiii"
"bird4","iiiiiiiiibbbbkiiiiiiiiiiiiiiiiiiieeeeeeeeeeebkkiiiiiiiiiiiieeeeeeeebkbbbb"
"bird4","iiiiiiiibbbbbkkkiiiiiiiiiiiiibbbbbkkk"
"bird4","ii"
"bird4","iibbbkkiiiiiiiiiiiieeeeeeeeebkkkiiiiiiiiiiiiiieeeeeeebkbbbbkkiiiiiiiiiiiii"
"bird4","iiiiiiibbbbkiiiiiiiiiiiibbbkkiiiiiiiiiiiiiiiiiiiiiiiiiiiiiieeeeeeeeebkkkiiiiiiiiiiiieeeeeeee"
"bird4","iiiiiiiiibbbkieeeeeeeeeebkbbb"
"bird4","ibbbkkiiiiiiiiiiiiiiibbbbkkkiieeeeeeeeee"
"bird4","iiiiiiibbbbkkkiiiiiiiiiiiiiieeeeee"
"bird4","iiiiiiiiiibbbbbkkkiiiiiiiiiiiiieeeeeebkkb"
"bird4","iibbbbbbkkkkiiiiiiiiiieeeeeeeebkbbbbbkiieeeeeee"
"bird4","iiiiiiiiiii"
"bird4","iiiiiiiiiiiiiibbbbbkkkkkiiiiiiiiiiiiieeeeeeeebbkkkiiiiiiiiiiibbbb"
"bird4","iiiiiiiibbbbbbbkkkiiiiiiieeeeeeeeeebkkkiiiiiiieeeeeeebkkbbbbbbkkkkiiiii"
"bird4","iiiiiiibbbbbbbkkiiiiiiiiiiiiiiieeeeeeeebkkiiiiiiiiiiiieeeeeeeebkkkkiiiiiiiiiieeeeee"
"bird4","iiiiiiiibbbbbbkkkiiiiiiiiiiiiieeeeeeeb"
"bird4","iiiiiiii"
"bird4","iiiiiiiiibbbbbkkkkkiiiiiiiiiiiieeeeeeeeeebkkiiiiiiiiiiiiieeeeeeebbbbbbkkkiiiiiiiiiiiieeeeeeebbbkk"
"bird4","iiiibbbbbbbbbbbbkkkkiiiiiiiiiiiiieeeeeeeeeeeebkiiiiiiiiiiiieeeeeeeebkbbbbbbbkkiiiiiiiiiiiii"
"bird4","iiiiiiiibbbbkkkiiiiiiieeeeeeeeebkbbbbbbkkkkkiiiieeeeeeee"
"bird4","iiiiiiiiiibbkiiiiiiiiiiiiiiibbbkkiiiiiiiiiiiii"
"bird4","iiiiiiiibbbbbkkiiiiiiiiiiiiiiiieeeeeeee"
"bird4","iiiiiii"
"bird4","iiiiiiiiibbbbbbbkkkkkiiiiiiiiiiiiiieeeeeeeee"
"bird4","iiiiiiiiiiibbbbbbbkkkiiiiiiiiiiiiiibbbbbkkkiiiiiiiiiiiiiieeeeeeeebkkkkiiiiiiiiiiiiiiiiee"
"bird4","ibbbbbbbbkkiiiiiiiiiieeeeeeeebkkkbbb"
"bird4","iiiiibbbbkiiiiiiiiiiiiiibbbk"
"bird4","iiiiiiiiiiiii"
"bird4","iiiiiiiiiiiibbbbbkkkkiiiiiiiiiiiiieeeeeeeebkiiiiiiiiiiiiiiieeeeeeebkbbbb"
"bird4","ii"
"bird4","iiiiiiiiiiibbbbkkkiiiiiiiiiiieeeeeeeebbkkkkiieeeeeebk"
"bird4","ibbbbbbbbbkkkkkiiiiiiiiiiiieeeeeeeeebkbbbbbkkkiiiiiiiiiiiieeeeeee"
"bird4","iiiiiiiiii"
"bird4","iiibbbbbbbkkiiiiiiiiiiiieeeeeeeebkkkiiiiiiiiiieeeeeeeeb"
"bird4","iiiibbbbbbbkkiiiiiiiibbbkkkiiiiiiiiiiiiieeeeeeeebk"
"bird4","iiiiiiiiiiibbbbbbkiiiiiiiiiiiiiieeeeeeeeeebkkiiiiibbbbbb"
"bird4","ibbbbbbkkkiiiiiiiiiiiieeeeeeeebkkkbbbbbkiiiiiiiiieeeeeeee"
"bird4","iiiiiiibbbbbbbkkkkiiiiiiiiiiiiieeeeeeebkkiiiiiiiiiiiiieeeeeeeebkkiiiiiiiieeee"
"bird4","iiiiiibbbbbbkkiiiiiiiiiiiiiiiiiiiiiiiiieeeeeeeeebkkkiiiieeeeeeeebk"
"bird4","iiiiiiiibbbbkiiiiiiiiiiiieeeeeeeeeebkkkkiiiiiiiiii"
"bird4","iiiiiiibbkiiiiiiiiiii"
"bird4","iii"
"bird4","iibbbbkkkkiiiiiiiiiiiiieeeeeeeeebkiiiieeeeeeeeebkkbbbbbkiiiiiiiiiiiiiiiii"
"bird4","iiiiiiiii"
"bird4","iiiiiiiiiibbbbbkiiiiiiiiiiiieeeeeeebkkiiiiieeeeeeebkkkiiiiiiiiiiiiiiieeeeeeeeebk"
"bird4","iiiiiiiiibbbbkkkiiiiiiiiiiiieeeeeeebkkkiiiiiiiiiiiiiieeeeeeee"
"bird4","ibbbbbbbbbkkiiiiiiiiiiiiieeeeeeeeeeebkkkiiiiiiiiiiiieeeeeeebbbbbbkiiiiiiiiiiiieeeeeee"
"bird4","iibbbbbbbkkiiiiiiiiiiiiiieeeeeeebkkbbbbbbkiiiiiiiiiiiiiiieeeeeeeee"
"bird4","iiiiiiiiiiiiiiiiibbbbbkkkkiiiiiiiiiiieeeeeeeeebkkkiiiiiiiiiiiiieeeeeeeeebkbbbbbbbbk"
"bird4","iibbkkiiiiiiiiiiiiieeeeeeebkkkiiiiiiiiiiiiiieeeeeeeebkkkiiiiiiiiiiii"
"bird4","iiiiiiii"
"bird4","iiiiiiibbbbbkkkkiiiiiiiiiiiiiiiieeeeeebkkkiieeeeee"
"bird4","iiiiiiiibbkkiiiiiiiiiiiiiiiieeeeeeeebkkkkkiiiiiiiiiiiiiiieeeeeee"
"bird4","iiiiii"
"bird4","iiiiiiiiiiiiiiibbbkiiiiieeeeeeeee"
"bird4","iiii"
"bird4","iiiiiiiiiibbkkkkiiiiiiiiiiiiiieeeeeeeeebkkiiiiiiiiiiiiiieeeeeee"
"bird4","iiiiiiiiiiibbbbbkkiiiiiiiiiiiiieeeeeeeebkkkkiiiiiiiiiiiieeeeeeebbbbbbbbkkiiiiiiiiiiiieeeeeeeee"
"bird4","iiiiiiiiiiiiiiibbbbbbkkkiiiiiiiiiiiiiiiiebkkkkkiiiiiiiiiiiiiieeeeeee"
"bird4","iiiiiiiibbkiiiieb"
"bird4","iiiiiiii"
"bird4","iiiiiiiiiiibbbbbkkiiiieeeeeeeeeebkiiiiiiiiiiiiieeeeeeeebkbbbbbbkkiiiiiiiiiiiiii"
"bird4","iiiiiiiiiiibbbkkkiiiiiiiiiiiiieeeeeeeee"
"bird4","iiibbbbkiiiiiiiiiiiieeeeeeeebkkiiiiiiiiiiiieeeeeeeebki"
"bird4","iiiiiiiiiiiibbbkiiiiiiiiiiiiiiieeeeeeeeebkkkiiiiiiiiiiiiii"
"bird4","iiibbbkiiiiiiiiiiiiiiiiiiiiieeeeeeeebkkiiiiiiiiiiiiiieeeeee"
"bird4","iiiiiiibbbkkkiiiiiiiiiiieeeeeeebkkkiiiiiiiiiiiiieeeeeee"
"bird4","iiiiiiiiiiiibbbbbkkkkiiiiiiiieeeeeee"
"bird4","iiiiiiiiibbbbkiiiiiiiiiiiiiieeeeeeeebkkkiiiiiiiiiiiiieeeeee"
"bird4","iiiiiiibbbbbkiiiiiiiiiiiiiieeeeeeebkkiiiiiiiiiiieeeeeee"
"bird4","iiiiiiiiibbbbkkiiiiiiiiiiieeeeeeeee"
"bird4","iiiiiiiibbbbbbkkkiiiiiiiiiiiiiiiiiiiiiiieeeeeeeebkkiiiiiiiiiiiiiiibbbbb"
"bird4","iiiiiiiiibbbbbkiiiiiiiiiiiiiiiiiiiieeeeeeebkkiiiiiiiiiiibbbbb"
"bird4","iiiiiiiiibbbbkkiiiiiiiiiiiiieeeeeeebkiiiiiiiiiiibbbbbb"
"bird4","iiiiiiii"
"bird4","iiiiiii"
"bird4","iiiiiiiibbbbbbkkkkiiiiiiiiiiieeeeeeebkkkiiiiiiiiiiiiiieeeeeeebkbbbbbbbkkkiiiiiiiiiiiiii"
"bird4","iiiiiiibbbkkkiiiiiiiiiiiieeeeeeebkkkkiiiiiiiiiiiiiiiieeeeeeebkbbbkiiiiiiiiiiiii"
"bird4","iiiiiiiiiiibbbbbkkkiiiiiiiiiiiieeeeeeeebkkkiiiiiiiiiiiiiiieeeeeeebkkkiiiiiiiiiiiieeeeeeee"
"bird4","iiiiiiiiibbbbbbkkkkkiiiiiiiiiiiiieeeeeeeebkkkiiiiiiiiiiiieeeeeee"
"bird4","iiiiiibbbbkkkkkiiiiiiiiiiiiiieeeeeeeebkbbbkkiiiiiiiiiiiiiiiiiiieeeeee"
"bird4","iiiiiiiiibbbbbkiiiiiiiiiiiiibbbkkkkiiiiiiiiiiiieeeeeeeeeebkkiiiiiiieeeeee"
"bird4","iiiiiiiibbbkkkkiiiiiiiiiiiiiiiiiiiiieeeeeee"
"bird4","iiiibbbbbkiiiiiiiiiiiiiiiibkkkiiiiiiiiiiiii"
"bird4","iiiiiiiiiiiibbbbkkkkkiiieeeeeeeeeebkkkiiiiiiiiiieeeeeeebkkkiiiiiiiiiiiiiiiiiiiiiiii"
"bird4","iiiiiiiiiibbbbkkiiiiiiiiiiiiiiiiiiiiiiiiiiiiiiiieeeeeeeeee"
"bird4","iiiiiiiibbbbkkkiiiiiiiiiiiiieeeeeeeeebkkiiiiiiiiieeeeeeebkkkiiiiiiiieeeeeeebk"
"bird4","iiiiiiiiiibbbbkiiiiiiiiiiiiiieeeeeebkkiiiiiiiiiiiieeeeeee"
"bird4","iiiiiiiibbbbbbkkkiiiiiiiiiiiiiieeeeeeeebkkiiiiiiiiiieeeeeeeeebkkkiiiiiiiiiiiieeeeee"
"bird4","iiiiiiiiibbbbkkkkiiiiiiiiiiiiieeeeeeeebkkkkkiiieeeeeeeebkkkiiiiiiiiiiiiieeeeeeebbkk"
"bird4","iiibbbbkkiiiiiiiiiiiiieeeeeeeeebki"
"bird4","iiiibbbbbbkkiiiiiiiiieeeeeeeebkkkiiiiiiiiiiiieeeeeeeebkkiiiiiiiiiiiii"
"bird4","iiibbbbbbkkkkkiiiiiiiiiiiiieeeeeeebkbbb"
"bird4","iiiiiiibbbbkkiiiiiiiiiiiiieeeeeeeeebkkiiiiiiiiiiii"
"bird4","iiiiiiiibbbkkiiiiiiiiiiieeeeeeeebkkiiiieeeeeeeeebkbbbbbkiiiiiiiiiiiii"
"bird4","i"
"bird4","ibbbbkkkkiiiiiiiiiiiieeeeeeeebkkkiib"
"bird4","iiiiii"
"bird4","iiiiiiiiiiiibbbbbkkkkiiiiiiiiiiiiieeeeeebkkkiiiiiiiiiiiiieeeeebbbkkkkiiiiiiiiiiieeeeeeeebkkk"
"bird4","iiiiiiiiibbbkiieeeeeeeebkkkiiiiiiiiiiii"
"bird4","iiiiiiiiibkkiiiiiiiiiiiiibbbbkkkiiiiiiiiiiiiiieeeeeeeeebkkkiiiiiiiiiiiiii"
"bird4","iiiibbbbkkkkkiiiiiiiiiieeeeeeeeebkkkiiiiiiiiiiieeeeeeebkkkkiiiiiiiiiiieeeeeeeebkk"
"bird4","iiiiiiiiibbbkkiiiiiiiiiiiiiieeeeeeeeebkkkiiiiiiiiiiiiieeeeeebkkiiiiiiiiiiiiiiiiiiiieeeee"
"bird4","iiiiibbbbbbbkkkiiiiiiiiiieeeeeeeebkkkiieeeeeeebbbbbbbkkk"
"bird4","iiiiiiiiiiii"
"bird4","iiiii"
"bird4","iiiiiiiiiiibbbbkiiiiiiiiiiiieeeeeeeeebkkkiiiiiiiiiiiiieeeeeee"
"bird4","iiiiiiiiiibbkkiiiiiiiiiiiibbbbbkiiiiiiiiiiiiiieeeeeeeee"
"bird4","iiiibbbbkkkkiiiiiiiiiiibkiiiiiiiiiiiiiiiiiieeeeeeebkkiiiiiiiiiiieeeeeee"
"bird4","iiiiiiiiiiiibbbkkiiiiiiiiiiiiiieeeeeeebkkkkiiiiiiiiiiiiieeeeeeeebkbbbbbkiiiiiiiiiiii"
"bird4","iiiiiiibbbkkkiiiiiiiiiiii"
"bird4","iiiiiiiiiiiiiibbbbkiiieeeeeeeebkkkkiiiiiiiiiiiieeeeeeeebkkkiiiiiiiiiiiiieeeee"
"bird4","iiiiiiiiiiibbbbbbkkkiiiiiiiiiiiiiieeeeeee"
"bird4","iiiiibbbbkkkiiiiiiiiiiibbkkkkiiiiiiiiiieeeeeeebkk"
"bird4","iiiiiiiiibbbbbkkiiiiiiiiiiiiiiiiiiiiieeeeeeeebkkkiiiiiiiiiiiibbbb"
"bird4","iiiiiiiiibbbbbbbbkiiiiiiiiiiieeeeeeebkkiiiiiiiiiiieeeeeee"
"bird4","ibbbkkiiiiiiiiiiiiieeeeeebkkiiee"
"bird4","iiiiiiiiiiiibbbkiiiiiiiiiiiiibkkkkiiiiiiiiiiiiieeeeeeeebkkkiiiiiiiiiiieeeeeee"
"bird4","iiiiiibbbbbkkiiiiiiiiiiiiieeeeeeeebkkkkiiiiiiiiiiiiii"
"bird4","iiiiiiiiiiibbbbbbkkiiiiiiiiieeeeeeeebkkkiiiiiiiiiiiieeeeeeeebkkiiiiiiiiieeeeeeee"
"bird4","iiiiiiiiiii"
"bird4","iiiiiiiibbbbbkkkiiiiiiiiiieeeeeeeebkkbbbkkiiiiiiiiiiiiieeeeeee"
"bird4","iiiiiibbbbkkkiiiiiiiiiiiiiiieeeeeeeebkbbbbkiiiiiiiiiiiiieeeeeee"
"bird4","iiibbbbkiiiiiiiiiieeeeeeebkkkkkiiiiiiiiiiiieeeeeebbkkkk"
"bird4","iiiiiiiiibbbbbbkkkiiiiiiiiiiiiiiieeeeebkkkkiiiiiiiieeeeeeebbkkkiieeeeeeebkkk"
"bird4","iiiiiiiiiiiibbbbbkiiiiiiiiiiiiiieeeeeebkkkkkiiiiiiiiiiieeeeeeebkkkiiiiiiiieeeeeebkkk"
"bird4","iiiiiiiiiiibbbkiiiiiiiiiiiiiieeeeeeeebkkiiiiiiiiiiiibbbbbb"
"bird4","iiiiiiiiiibbbkkiiiiiiiiiiiiiieeeeeebkkiiiiiiiiiiiiiieeeeeeeebkkkiiiiiiiiiiiiieeeeee"
"bird4","iiiiiiiiiiibbbbkkkkkiiiiiiiiiiiieeeeeebbbbb"
"bird4","iiiiiiiiiiibbbbbbbbbbkkkiiieeeeeeee"
"bird4","iiiiiiiibbbbkkiiiiiiiiiiiiibbbbkkkkiiiiiiiiiiiiieeeeeeebkkiiiiiiiiiiieeeeeee"
"bird4","iiiiiiiiiiiibbbbkkkkkiiiiiiiiiiiieeeeeee"
"bird4","iiiiiibbbbbkkiiiiiiiiiiiiibbbbbkkkiiiiiiiiiiiieeeeeebkkk"
"bird4","iiiiiiiiiiiibbbbbkkkiiiiiiiiiiiiieeeeeeeebkkiiieeeeeee"
"bird4","iiiiiiiibbbbbkkkiiiiiiiiieeeeebkkkkiiiiiiiiieeeeeeebkkbbbbbkkiiiiiiiiiiii"
"bird4","iiiiiiiibbbkiiiiiiiiiiiieeeeeeeeee"
"bird4","iiiibbbkiiiiiiiiiiiiieeeeeeeebkkkiiiiiiiiiiieeeeeeebkkkiiiiiiiiieeeeeeebkkkk"
"bird4","iiiiiiiiiii"
"bird4","iiiiiiiiibbbbkiiiiiiiiiiiieeeeeeeebkkkkiiiiiiiiiiiiieeeeee"
"bird4","iiiiiiiibbbbbkkkkiiiiiiiiiiiiieeeeee"
"bird4","iiiiiiiiiibbbkkiiiiiiiiiiiibbbbkkkiiiiiiiiiiieeeeeeeeebk"
"bird4","iiiibbbbbkkiiiiiiiiiiiibbbbbbkkiiiiiiiiiiiieeeeeebkiiiiiiiiiiiieeeeeee"
"bird4","iiiiiibbbbbkkkiiiiiiiiiiiiiiiiiiiiiiiieeeeeeebkkkkiiiiiiiiiiiii"
"bird4","iibbbbkkiiiiiiiiiieeeeeeeebkkkiiiiiiiiiiieeeeeeeebkkiiiiiiiiiiiieeeeee"
"bird4","iiiiiiibbbbkiiiiiiiiiiiiibbbbkkkkiiiiiiiiiiiiieeeeeeebkkkkiiiiiiiiiiiieeeeeee"
"bird4","iiiiiiibbbbbkkiiiiiiiiiiieeeeeeeebkbkkiiiiiiiiieeeeee"
"bird4","ibbkiiiiiiiiiiiiiibbbbbkiiiiiiiiiiiieeeeeeeebkkkiiiiiiiiiieeeeeeee"
"bird4","iiiiiiiiibbbkkkiiiiiiiiiiiiieeeeeeeeebkkkiiiiiiiiiiiiiiiiieeeeeeebbkbbbbbbbkiiiiiiii"
"bird4","iiiiiibbbbkkiiiiiiiiiiiiiiieeeeeeeebkbbbbkkkiiiiiiiiiieeeeee"
"bird4","ibbbbbbbkiiiiiiiiiieeeeeeeebk"
"bird4","iiiibbbbbkiiiiiiiiiibbkkkiiiiiiiiiiieeeeeeeebkiiieeeeeeeee"
"bird4","iiiiiiibbbbbbkkkkiiiiiiiiiiiiieeeeeeeebkkiiiiiiiiiiiieeeeeeebkbbbbbkiiiiiiiii"
"bird4","iiiiiiiiiiiibbbbbkiiiiiiiiieeeeeeeeebbbbb"
"bird4","iiiiiiiiiiibbbbbbkiiiiiiiiieeeeeebbbbbbkkkiiiiiiiiii"
"bird4","iiiiiiiibbbbkkkiiiiiiiiiieeeeeeeeebkkiiiiiiiiiiiiieeeee"
"bird4","iiiiiiiiiiiibbbbkkkiiiiiiiiiiiiiieeeeeeeeebkbbbb"
"bird4","iiiiiiii"
"bird4","iiiiiiibbbbkkkiiiiiiiiiiiiieeeeeeeebkkbbbbbkkiiiiiiiiiiieeeeeee"
"bird4","iiiiiiiiiiiiibbbbbkkiiiiiiiiiiiiiiiiiieeeeeeebkkbbbbbb"
"bird4","iiiiiiiiibbbbbkiiiiiiiiiiiiieeeeeebkkiiiiiiiiiiieeeeeee"
"bird4","iiiiiiiiiii"
"bird4","ibbbbkkkiiiiiiiiiiieeeeee"
"bird4","iiiiiiiiiiibbbkkiiiiiiiiiieeeeeeeebkkbbbb"
"bird4","iiiiiiiiibbbbkkkkiiiiiiiiiiiieeeeeeebkkiiieeeeeeeebbbbbbkkiiiii"
"bird4","iiiiiiiiibbbbkkkiiiiiiiiiiiieeeeeeeeebkbbbbkiiiiiiiiiiiiiiieeeeeee"
"bird4","iiiiiiiibbbbkkkiiiiiiiiiiieeeeeeebkkkiiiiiiiiieeeeeee"
"bird4","iiiiiiiibbkkkkiiiiiiiiiiiiiieeeeeeebkkkiiiiiiiiieeeeeeebkkiiiiiiiiiieeeeeeeee"
"bird4","iiiiiiiiiiiiiibbbbbbkkkiiiiiiiiiiiiieeeeeeeebkbbb"
"bird4","iiiiiiiiiibbbbbkkkiiiiiiiiiiiiieeeeeeebkkkiiiiiiiiiieeeeeee"
"bird4","iiiiiiiiibbbbbkkkkiiiiiiiiiiiiiibbbbbkkiiieeeeeeebkkkiiiiiiiiiieeeeee"
"bird4","iiiiiiiiiiiibbbkiiiiiiiiiiiiiieeeeeeeeebkkiiiiiiiiiiiiiieeeeeeebkkkiiiiiiiiiiieeeeeebk"
"bird4","iiiiiiiiiiibbbbbbbkkiiiiiiiiiiiiii"
"bird4","iiiiiiiiibbbkiiiiiiiiiiiiiieeeeeeeebkbbbbbkkiiiiiiiiiiiiieeeeeee"
"bird4","i"
"bird4","ibbbbbkkkkiiiiiiiiiiiiieeeeeeeeeebkkiiieeeeeeeebkbbbkkiiiiiiiiiiiii"
"bird4","iiiibbbbbbkkkkiiiiiiiiiiiiiiiibbbkkkiiiiiiiiiiiiiieeeeeeeeebkkkkiiiiiiiiieeeeee"
"bird4","iiiiiiiiibbbbkiiieeeeeeeeeeebkkiiiiiiiiiieeeeeeebkkkiiiiiiiiiiiieeeeeeeeebk"
"bird4","iiiiiiiibbbbbkkkiiiiiiiiiiiiiiieeeeeeeebkbbbbbkkiiiiiiiiiiiiieeeeeeee"
"bird4","iiiiiiiiiibbbkiiiiiiiieeeeeeebkiiiiiiiiiiiibbbbb"
"bird4","iiiiiiiiiiiibbbbkkiiiiiiiiiiiiiieeeeeeeebkkiiiiiiiiiiiiiieeeeeeee"
"bird4","iiiiii"
"bird4","iiiiiiiiibbbbkkiiiiiiiiiiiiiiiiiiiiiiiiieeeeeeeeebkkkiiiiiiiiiiiiiieeeeee"
"bird4","iiiiiiiiiiiibbbbbkiiiiiiiiiiiibbbkiiiiiiiiieeeeeeeebkkki"
"bird4","iiiiiiiiiibkkkkiiiiiiiiiiiieeeeeeeeebkkiiiiiiiiiiiiibbbbbb"
"bird4","iiibbbkkiiiiiiiiiiiieeeeeeeebkkiiiiiiiiiiieeeeeeeee"
"bird4","iiiiiibbbbbkkiiiiiiiiiiiiiiiiiiiiieeeeeeeeebkkkiiiiiiiiiiiiieeeeeeeeebkbbbbbkiiiiiiiiiiiiii"
"bird4","iiiiiiiiiiii"
"bird4","iiiiiiiiibbbbbbkkkiiiiiiiiiiiiiibbbbkkkiiiiiiiiiiiiieeeeeeeebk"
"bird4","iiiiiiiiiiiibbbbbkiiiiiiiiiiiiiiieeeeeeeebkkb"
"bird4","iiiiiiibbkiiiiiiiiiiiiiiiiiiiiiiiiibbbkiieeeeeeeeebkkkiiiiiiiiiii"
"bird4","iiiiibbbbkiieeeeeeeeebkkkkiiiiiiiiiiiieeeeeeeebkkiiiiiiiiiiiieeeeeeeebbbbbb"
"bird4","ibbbbkkkiiiiiiiiiiiiiieeeeeeeeebbbbbkkkkieeeeeeeeebkkiiiiiiiiiiiiiieeeeeee"
"bird4","iiiiiiiiibbbbkiiiiiiiiiiiieeeeeeeebkkkkiiiiiiiiiiiiieeeeeeeeebkkkii"
"bird4","iiibbbbbkiiiiiiiiiiiiibbbbkkkkiiiiiiiiiiiiiieeeeeee"
"bird4","iiiiiiiiiiibbbkkiiiiiiiiiiiiieeeeeeeebkkkiiiiiiiiiiiiiieeeeee"
"bird4","iiiiiiiii"
"bird4","iiiiiiiiiibbbbbbkkkiiiiiiiiiiiiiiieeeeeeebkbbbb"
"bird4","iiiiiiibbbbbkiiiiiiiiiiieeeeeeeeebkkiiiiiiiiiiiiiiib"
"bird4","ibbbbbkiiiiiiiiiiieeeeeeebkkiiiiiiiiiiiiieeeeeeee"
"bird4","iiiiiiiiiibbbbkiiiiiiiiiiiiiieeeeeeeeeebkiiieeeeeeee"
"bird4","iiiiiiiibbbkkiiiiiiiiiiiiieeeeeeeebkkbbbbbbkkiiiiiiiiiiiiieeeeeeee"
"bird4","iiiiiiiiiiibbbbbkkkiiiiiiiiiiiiiiiiiiiiibbbbbbkkkiiiiiiiiiiiiieeeeeeeeebkkkkiiiiiiiiiiiiiieeeeee"
"bird4","iiiiiiiibbbbbbkiiiiiiiiiiiiiiiibbbkkkiiiiiiiiiiiiieeeeeeeee"
"bird4","ibbbkiii"
"bird4","iiiiiiiiiibbbbbbkkkiiiiiiiiiiiiiieeeeeeeeeebkbbbbbkkiiiiiiiiiiieeeeeee"
"bird4","iiiiiiiiiiibbbbkkkkiiiiiiiiiiieeeeeeeebkkbbbbkkiiiiiiiiiiieeeeeeee"
"bird4","iiiiiiiiiiiibbbbbkkiiiiiiiiiiiiiiiiiiiiieeeeeeeebkkkiiiiiiiiiiiiieeeeeeebkkiiiiiiiiiiieeeeeeebk"
"bird4","ibbbkkiiiiiiiiiiiiieeeeeebkkkkiiiiiiiiiiiiieeeeeeeeee"
"bird4","iiiiiiiiiiibbbbkiieeeeeeeeeebkkiieeeeeeeebkiieeeeeee"
"bird4","iiiiiiiibbbbkkiiiiiiiiiiiiieeeeeeeebkiiieeeeeeeebkk"
"bird4","iiiii"
"bird4","iiibbbbkkkiiiiiiiiiiiiii"
"bird4","iiiiiiiiiiiiibbbkiiiiiiiiiiiiieeeeeeebkkkiii"
"bird4","i"
"bird4","iiiiiiiiiibbbbbbkkiiiiiiiiiiiiieeeeeeebkkiiiiiiiiiiiiiieeeeeeebkkkiiiiiiiiiiiiieeeeeee"
"bird4","iiiiibbbbbbkkiiiiiiiiiiiiiiieeeeeeeebkkiiiiiiiiiiiiiiieeeeeeeeeeb"
"bird4","iiiiiiiibbbbbkkkiiiiiiiiiiiiieeeeeeeebkkiiiiiiiiiiiiebbbbkkiieeeeeeeeeebk"
"bird4","iiiiiiiiii"
"bird4","iiiibbbbkkiiiiiiiiiiiiibbkkiiieeeeeeeebbbbkkiiiiiiiiiiiii"
"bird4","iiiiiiiiibbbbkiiiiiiiiiiiiibbbkkiiiiiiiiiiiiiieeeeeeeebkkiiiiiiiiiiiiieeeeeeeee"
"bird4","iibbbbbbbkiiieeeeeeeebkkiiiiiiiiiiiiiiieeeeeeeebkbbbb"
"bird4","iiiiiiiiiibbbbkkiiiiiiiiiiiiiieeeeeeeeeebkkiiiiiiiiiieeeeeee"
"bird4","iiiiiiiiibbbkkiiiiiiiiiiiiiiiiiiiieeeeeeeeeeebk"
"bird4","iiiiibbbkkiiiiiiiiiiiiiiiieeeeeeeee"
"bird4","iiiiiiiibbbbkkiiiiiiiiiiiii"
"bird4","iiiiiiiibbbkiiiiiiiiiiiieeeeeeeeeebkkiiiiiiiiiiiiieeeeeeeebbbkkkiiiiiiiiiiiiiii"
"bird4","i"
"bird4","iiiiiiiiibbbbkkiiiiiiiiiiiiiieeeeeeeeeebkkiiiiiiiiiiiiiieeeeeeeebkiii"
"bird4","iiiiiiiiiiibbbbbbkkkiiiiiiiiiiiiieeeeeeebkkbbbbkkiiiiiiiiiiiiiieeeeeee"
"bird4","iiiiiiiiiibbbbkiiiiiiiiiiiiieeeeeeeebkkkiiiiiiiiiiiiiieeeeeebbbbbbbkkkiiiiiiiiiiiiiieeeeeeeebkk"
"bird4","iiiiiibbbbbbkkkkiiiiiiiiiiiieeeeeeeeebkbbbbkkiiiiiiiiiiiieeeeeee"
"bird4","iiiiiiiiiibbbbbbkiiiiiiiiiiiiibbbbbkiiiiiiiiiiiiieeeeeeeeeebkkkiiiiiiiiiiiiieeeeeeee"
"bird4","iiiiiiiiiibbkiiieeeeeeeeeebbbbbkiiiiiiiiiiiiiieeeeeeee"
"bird4","iiiiiiiiiiibbbkkkiiiiiiiiiiiiieeeeeeeeeeebkkiiiiiiiiiiiiiiieeeeeeeebkkiiiiiiiiiiiiiiiieeeeeeeebkkk"
"bird4","iiiiiiiiiiibbbbkkkkiiieeeeeeeeeebkkkiiieeeeeeebkkiiiiieeeeeeebk"
"bird4","i"
"bird4","iiiiiiiiiibbbbkkiiiiiiiiiiibbbbbbbkkkkkiiiiiiiiieeeeeeeee"
"bird4","iiiiiibbbbkkiiiiiiiiiiieeeeeeeebkkkkiieeeeeeeee"
"bird4","iiiiiiiiiibbbkkiiiiiiiiiiiiieeeeeeeeeeeebkiiieeeeeebbbbbbbkkkiiiiiiiiiiiiieeeeeeeebk"
"bird4","iiiiibbbbkkiiiiiiiiiiiiieeeeeeeebkkkkiiiiiiiiiiiiieeeeeeeeebkkiiiiiiiiiiiiieeeeeeee"
"bird4","ibbbbkkkiiiiiiiiiiiieeeeeeebkkkiiiiiiiiiiiiieeeeeee"
"bird4","iiiiiiiiibbbbbbbkiiiiiiiiiiiiiiibbkkkkiiiiiiiiiiiiieeeeeeeebkiiiiiiiiiiieeeeeee"
"bird4","ibbbbbbkiiiiiiiiiiiieeeeeeebbkkkkiiiiiiiiiiiieeeeeeee"
"bird4","iiiiii"
"bird4","ibbbbbkkkiiiiiiiiiiiiiiiiieeeeeeeeebkbbbbbkiiiiiiiiiiiiiieeeeeeee"
"bird4","iiiiiiiiibbbbbkkiiiiiiiiiiiiiiiiiiiiiiiiiiiiiiieeeeeeeeeebkbbbb"
"bird4","iiiiiiiiibbbbkkkiiiiiiiiiiiiiieeeeeeebkiiiiiiiiiiiiibbbbb"
"bird4","iiii"
"bird4","iiiiiiiiiiiiiibbbbbbbkiiiiiiiiiiiiiieeeeeeeeebkkiiiiiiiiiiiiieeeeeeebkbbbb"
"bird4","iiiiiiiiiiibbbbbbbkkiiiiiiiiiiiiiibbbbbkkiiiiiiiiiiiiieeeeeeeeebk"
"bird4","ibbbbkkiiiiiiiiiiiiieeeeeeeeebkkkiiiiiiiiiiiiiibbbbb"
"bird4","ii"
"bird4","iiiiiiiibbbbkkiiiiiiiiiiiiiieeeeeeeeebkkiiiiiiiiiiiiii"
"bird4","ibbbbbkiiiiiiiiiiiieeeeeeebkkiiiiiiiiiiiieeeeeeeeebkkiiiiiiiiiiiiiiiiiiiieeeeeeeeebk"
"bird4","iiiiiiiiiiibbbbbbkkiiiiiiiiiiiiieeeeeeeebkkkiiiiiiiiiiiiiieeeeeeeeebkbbbbkkiiiiiiiiiii"
"bird4","iiiiiiiiiiiiibbbkkkkiiiiiiiiiiiiiiiieeeeeeeeeeeebbbbbbkkiiiiiiiiiiiiiiieeeee"
"bird4","iiiibbbbbkiiiiiiiiiiiiiieeeeeeeebkk"
"bird4","iiiiiiiii"
"bird4","iiiiiiiii"
"bird4","iiiiibbbbkkkiiiiiiiiiiiieeeeeeeeebkkbbbbbbbbbkkiiiiiiiiiieeeeeee"
"bird4","iiiiiiiiiii"
"bird4","iiiiiiiiii"
"bird4","iiiiiiiiibbbkkkiiiiiiiiiiiiiieeeeeeeebkkiiiiiiiiiiiiieeeeeebkkkkbbbbbbbbkkkiiiiiiiiiiii"
"bird4","iiiiiiiiiiibbbbbbkkkkiiiiiiiiiiiieeeeeeeebkkiiiiiiiiiiiiieee"
"bird4","iiiiiiiiiiibbbbbkkkiiiiiiiiiiiiiiibbbbkkkkiiiiiiiiiiiiieeeeeeeeeee"
"bird4","iiiiiiiiiiibbbbbbkkkiiiiiiiiiiieeeeeeeebkkiiieeeeeeebkkiiiiiiiiiiieeeeeeebbbbbk"
"bird4","iiiiiiiiiiiibbbbbbkiiiiiiiiiiiieeeeeeeebkkiiiiiiiiiiiiiieeeeeeeebkkkiiiiiiiiiiiiieeee"
"bird4","iiiiibbbbbkkiiiiiiiiiiiiieeeeeeeebkkiiiiiiiiiiieeeeeeebkbbbkkkiii"
"bird4","iiiiiiiiibbbbkkiiiiiiiiiiiiiibbbbkkiieeeeeeeeeeeebkkkiiiiieeeeeee"
"bird4","iiiiiiiiibbbbbkkkiiiiiiiiiiiiieeeeeeeebkkiiiiiiiiiiiiiieeeeeeeebkiiiiiiiiiiiiiieeeeeebkk"
"bird4","iiiiiiiiiibbbbbbkkkkiiiiiiiiiiiibbbbkkkiiiiiiiiiiiieeeeeeeebkkii"
"bird4","iiiiiiibbbbkkiiiiiiiiiiiiiiieeeeeeeeeeeeb"
"bird4","iiibbbkkiieeeeeeebbbbkiiiiiiiiiiiiieeeeeeebkkkiiieeeeeeeebk"
"bird4","iiiiiiiiiibbbkkkkiiiiiiiiiiiiiieeeeeeeeebkb"
"bird4","i"
"bird4","iiiiiiiiiiibbbbbbkkkiiiiiiiiiiiiiieeeeeeeebkbbbb"
"bird4","iiiiiiiiiiibbbbbbkkkiiiiiiiiiiiiieeeeeebkkkiiiiiiiiiiieeeeeebkkkiiiiiiiiiiiiieeeeeebkkk"
"bird4","iiiiiiiiiiiibbbbbbbkkkkiiiiiiiiiieeeeeeebkiiibbbb"
"bird4","iiiiiiiii"
"bird4","ibbbbbkkiiiiiiiiiiiiieeeeeebkkiiiiiiiiiiiiieeeeee"
"bird4","iiiiiiiiiibbkiiiiiiiiiiiiibbbkiiiiiiiiiiiiiieeeeeeeebbbbbbkiiieeeeeee"
"bird4","ibbbbkkkiiiiiiiiiiiiieeeeeebkbbbbbbkiiiiiiiiiiiiiee"
"bird4","iiiiiiiiiiibbbbbkkiiiiiiiiiiiiiiiieeeeeebkbb"
"bird4","iiiiiiiiiibbbbbkkiiiiiiiiiiiiiiiibbbkiii"
"bird4","ibbbbkkiiiiiiiiiiiiiieeeeeeee"
"bird4","iiiiiiiiiiiibbbbkkiiiiiiiiiiieeeeeeeebkkkiiieeeeeeeeeeebkkiiiiiiiiieeeeeeebk"
"bird4","iiiiiiiiiibbbbbkkiiiiiiiiiiiiieeeeeeeebkkkiiiiiiiiiiiiieeeeeee"
"bird4","iiiiiiibbbbbkkiiiiiiiiiiieeeeeeebkkiiiiiiiiiiiieeeeeeeeeebkbbb"
"bird4","iiiiiiiiiiii"
"bird4","iiiiibbbbbkiiiiiiiiiiiiiiiiiiiiiiieeeeeeeeebbbbbbbkkkkiiiiiiiiiieeee"
"bird4","ibbbbkkkkiiiiiiiiiiiiieeeeeeebkkkkiiiiiiiiiiiiieeeeeeeeebkkiiieeeeeee"
"bird4","iiiiiiiibbbbbkiiiieeeeeeeeebkiiiiiiiiiiiiiiibbbb"
"bird4","ibbbbbkkiiiiiiiiiiiiiibbkkiieeeeeeeeeebkkiiiiiiiiiiiiiieeeeeee"
"bird4","iiiiiiiiiiiibbbbbbkiiiiiiiiiiieeeeeeeebkkiieeeeeee"
"bird4","iiiiiiiibbbbkkkkiiiiiiiiiiiiiiieeeeeeeeebkkkiiibbbb"
"bird4","iiiiiii"
"bird4","iiibbbbbbkkkiiiiiiiiiieeeeeeebkbbbkkiiiiiiiiiiieeeeeeeee"
"bird4","iiiiiiiiiibbbkiiieeeeeeeeeebbkiieeeeeeee"
"bird4","ibbbkkiiiiiiiiiiiiibbkkiiiiiiiiiiiiieeeeeeeeebkkiiieeeeeee"
"bird4","iiiiiiiiiiiibbbbkkkiiiiiiiiiiiiiiiieeeeeeeeeebkkiiiiiiiiiiiibbb"
"bird4","iii"
"bird4","iiiiiiiiiiiibbbbkkkkiiiiiiiiiiiieeeeeeebkkkiieeeeeeeebk"
"bird4","iiiiiiibbbbbkkkiiiiiiiiiiiiieeeeeeebkkiiiiiiiiiiiiieeeeeeeebkkiiiiiiiiiiiiieeeeeee"
"bird4","iiiiibbbbbbkkiiiieeeeeeeeebkkkiiiiiiiieeeeeeeebbbbbbkkkkiiiiieeeeeeeebk"
"bird4","iiiiiiii"
"bird4","iiiiiiiiii"
"bird4","iiiiiiiiibbbbbkkiiiiiiiiiiii"
"bird4","iiii"
"bird4","iiiiiiiiiiiibbbbbbkkkiiiiiiiiiiiiiiieeeeeeeeebkkiiiiiiiiiiiiiieeeeeeeeebkkkbbbbbkiiiiiiiiiiiiii"
"bird4","iiiiiiibbbbbbkkkiiiiiiiiiiiiibbbbkkkiiieeeeeeeebkkiiiiiiiieeeeeee"
"bird4","iiiiiiiiiiibbbbbkkiibbbkkkiiiiiiiiiiieeeeeeeeeeebkk"
"bird4","iibbbbkkkiiiiiiiiiiiiiiiibbkkiiiiiiiiiiiiiieeeeeeeebkkkiiiiiiiiiii"
"bird4","ibbbbkkiieeeeeeeebkkkkiiiiiiiiiiiiiieeeeeeebbbkkiiiiiiiiiiiiiieeeeeeee"
"bird4","iiiiiiiiiiiiibbbbbbkkkkkiiiiiiiiiiieeeeeeebkkk"
"bird4","iiiiiiiiii"
"bird4","iiiiiiiiiibbbbbkkkiiiiiiiiiiiiiibbk"
"bird4","iiiiiibbbbbkkkkiiiiiiiiiiiiieeeeeeeeeebkbbbbbbkkiiiiiiiiiiiiiieeeeeee"
"bird4","iiiiiiiiiiiibbbbbkkiiiiiiiiiiiiibbbbkkkiiiiiiiiiiiiieeeeeeeeebkkkkiiiiiiiiiiiieeeeeeeeee"
"bird4","ii"
"bird4","iiiiiiiiiiiibbbbbbkkiiiiiiiiiiiiiieeeeeeeeebkkkiiieeeeeeebbbbkbbbbbbkkiiiiiiiiiiii"
"bird4","iiiiiiiiiibbbbbkkiiiiiiiiiiiiiiiieeeeeeeebkkkkkkiiiiiiiiieeeeeeeeebkkiiiiiiiiiiiiiieeeeeebbbbkk"
"bird4","iiiiiiiiiiibbbbbbbkkkkiiiiiiiiiiiiieeeeeeebkkkiiieeeeeeeebkkiiiiiiiiiiii"
"bird4","iiiiiiibbbbbkkkiiiiiiiiiiiieeeeeeeebkkkiiiiiiiiiiiieeeeeeeebkkkiiiiiiiiiieeeeeeeebk"
"bird4","iibbbkiiiiiiiiiieeeeeebkkiiiiiiiiiiiiieeeeeeebkkiiiiiiiiiieeeeeeeebbbbkk"
"bird4","i"
"bird4","ibbkkkkiiiiiiiiiieeeeeeebkkkiiiiiiiiiiiiieeeeee"
"bird4","iiiiiiiiibbbbbkkkiiiiiiiiiiiiiiieeeeeeeeebkkkiiiiiiiiiieeeeeee"
"bird4","ibbbbbkkkiiiiiiiiiibbbkkiiiiiiiiiiiie"
"bird4","iiiiiiiibbbkkkiiiiiiiiiiiiiieeeeeeebkbbbbkkkkkiiiiiiiiiiieeeeee"
"bird4","iiiiiiiiibbbbbbkkkkiiiiiiiiiiiiieeeeeeeebkkkkiiiiiiiiiiiieeeeeeee"
"bird4","iiiiiiiibbbbbkkkiiiiiiiiiiiiieeeeeeeebkkkiiiiiiiiiiieeeeeeebkbbkkii"
"bird4","iiiiiiiiiii"
"bird4","iiii"
"bird4","iiiiiiiiiiiiiibbbkkiiiiiiiiiiiiiiieeeeeeebkkkiiiiiiiiiiiiibbbbb"
"bird4","iiiiiiiiibbbbbkkkiiiiiiiiiiiiiiieeeeeeeeeebkbbbbbkiiiiiiiiiiieeeeeeeeee"
"bird4","ibbbkkkiiiiiiiiiiieeeeeeebbkiiiiiiiiiiiiiieeeeeeebkiiiiiiiiiiieeeeeeee"
"bird4","iiiiiiiiiibbbbbbbkkkkiiiiiiiiiiieeeeeeebkkkiiiiiiiiiiiibbbbb"
"bird4","iiiiibbbbkkkiiiiiiiiiiiiibbkkkiiiieeeeeeeebkkiiiiiiiiiiiiieeeeee"
"bird4","iiiiiiiiiiibbbbbkkkiiiiiiiiiiiiibbbbkiiiiiiiiiiiiieeeeeeeeebbkiiiiiiiiiiiee"
"bird4","iiiiiiiiibbbbkkiiiiiiiiiiiiieeeeeeeebkkkiiiiiiiiiiieeeeeeeebkkkiiiiiiiiiiiiiieeeeeeebkk"
"bird4","iiiiiiii"
"bird4","iiiiiiiiibbbbbbbkiiiiiiiiiiiiiiiiiiiiiibbbbbkkiiiiiiiiiiieeeeeeeebkkkiiiiiiiiiiiiieeeeeeeee"
"bird4","ibbbbkkiiiiiiiiiiiiiiieeeeeeeebkkiiiiiiiiiiieebbbbkkkiiiiiiiiiiiieeeeeeeebkkk"
"bird4","iiiiiiiiiiibbbkkiiiiiiiiiiiiiieeeeeeeeeeeebkkiiiiiiiiiiiiiiieeeeeebkkiiiiiiiiiiiieeeeeeeebbbbbbkk"
"bird4","iibbbkkiiiiiiiiiiiiiiieeeeeeeeeeeebbbbbkiiiiiiiiiiiiieeeeeeeeebkiiiiiiiiiiiiiiieeeeeeeeb"
"bird4","iiiiiiiiiiii"
"bird4","iiiiiiiibbbbbkiiiiiiiiiiiiiibbkkkiiieeeeeeeeeeee"
"bird4","iiiiibbbbbkkiiiiiiiieeeeeee"
"bird4","iiiiiiiiiibbbkiieeeeeeeeeeebkkkkii"
"bird4","iiiiiiiiiibbbbkkiiiiiiiiiiiiiiiieeeeeeeeebkkiiiiiiiiiiiiieeeeeeeeeebkkiieeeeee"
"bird4","iiiiiiiibbbbkkiiiiiiiiiiiiieeeeeeeebkkkiiiiiiiiiiiiiiieeeeeeebk"
"bird4","iiiiiiiiiibbbbkiieeeeeeeee"
"bird4","iiiiiiiiiiiibbbbbbkkkiiiibbbbbkiiiii"
"bird4","iiiiiiiiiiiibbbbkiiiieeeeeeeeebkkkkiiiiiibbb"
"bird4","iiiiiiiiiiibbbbbbbbbkkiibbbbbkkiiiiiiii"
"bird4","ibbbbbbbkkkiiiiiiibbbbkiiiiiiieeeeeeebkkiiiiieeeeeeeee"
"bird4","iiiiiiiiiiibbkkiiieeeeeeeeeebkkiieeeeeee"
"bird4","iiiiiiibbbbbkkiiiiiiibbbbkkkiiiiiiiieeeeeeeeeebk"
"bird4","iiiiiiiiiiiibbbbbbbbkiiiiiiiiieeeeeeeeebkkkiiieeeeeeeeebkkbbbbkkiiii"
"bird4","iiiibbbkkkiieeeeeeebkkkieeeeee"
"bird4","iiiiiiiiiiiibbbbbbkkkkiiiiiiiiieeeeeeebkkkiieeeeeee"
"bird4","iiiiiiiiiiiibbkkkiiiiibbkiiiiiiiiebbkiiiiiiii"
"bird4","ii"
"bird4","iiiiiiiiiibbbbbbbkkkiiiiiibbbbkkkk"
"bird4","iiiiiibbbbkkiiiieeeeeeeebkkbbbbbkkiiiiieeeeeee"
"bird4","iiiiiiiiiiibbbbbkkkiiiiieeeeeeeeebkiieeeeeeee"
"bird4","i"
"bird4","ibbbbbkkiiiiieeeeeeeebkkkkiiiieeeeeee"
"bird4","ibbbbkkiiiiieeeeeeebkkkiiiibbbb"
"bird4","iiiiiiiiibbbbbbbkkkkkiiiiibbbkkkiiiiiiieeeeeeeeeebkkiiiiiiieeeeeee"
"bird4","iiiiiiiiiiii"
"bird4","iiiiiiiibbbbbbbkkkiiiiiiiibbbbbbkkkkk"
"bird4","iiiiiiiiiiiiibbbbbkkiiiiiiiiieeeeeeeebkkkiiiiiiieeeeeeeebbbbbkkkiiiiieeeeeebbbbbk"
"bird4","iiiiiiiiiiiiibbbbbbkkkkkiiiiiiiiiiieeeeeeeebbbb"
"bird4","iiiiiiiiiiiiibbbbbkkkiiiiiiiiiibkiiiiiieeeeeeebkkkiiiiiiieeeeee"
"bird4","iiiiiiiiiiii"
"bird4","iiiiiiiiiiibbbbkiiiibbbbbkkiiiiiiiiiieeeeeeeebkiiiiieeeeeeee"
"bird4","iiiiiiiiiiiibbbbbkiieeeeeebkiiiieeeeeeebkbbbbbkk"
"bird4","iiiiiiiiiii"
"bird4","iiiiiiiiiiiibbbbbbbbkkkiiiiiiieeeeebbbbkkiiiiiiiiiiibbb"
"bird4","iiiiiiiiiiiiibbbbbkkiiiiiiiiiiiiieeeeeeeeebkkbbbbbb"
"bird4","iiiiiiiiiiiibbbbbkkiiiiiiiiibbbbkiiiiiiiiieeeeeeee"
"bird4","iiiiiiiiibbbbbbkiiiiiibbkiieeeeeeeeebbbbbbbkkkiiiiiiiieeeeeeee"
"bird4","iiiiiiiiiibbbbbkiiiiiiiiiiiibbbbkkkkiiiiieeeeeeeeebkkiiiiiieeeeeeee"
"bird4","iiiiiiiiiiibbbbbkkkiiiiiiibbbbbkkkkkiiiieeeeeeeeeebk"
"bird4","iiiiiiiiiiibbbbbbbkkkiiiiiieeeeeeeeeebkkkkiiiiieeeeeeeebbbbbkbbkii"
"bird4","iiiiiiiiiiiibbbbkkiiiiiiiibbbbbkkkkiiiiiiieeeeeeeeeeebkkkiiiiiieeeeeee"
"bird4","iiiiiiiibbbbbbkkiiiiiiiiiieeeeeebbbbbkkiiiibbb"
"bird4","iiiiiiiiiiibbbbkiiiiiibbbbbk"
"bird4","iiiiiiiiiiiiiiibbbbbkkiiiiieeeeeeeebkkiiibbbbbb"
"bird4","iiiiiiiiiiibbbbbbkkkkiiiieeeeeeebkkkbbbbbkkiiiiiiiiieeeeeeee"
"bird4","iiiiiiiiiiibbbbkkiiiiiieeeeeeeeebkkkkkkiibbbb"
"bird4","iiiiiiiiiiiibbbbbkkkiiiiiiiiieeeeeeebkkkiiiibb"
"bird4","iiiiiiiiibbbkkiiiibbbbkkkiieeeeeeeee"
"bird4","iibbbbkkiiiiiieeeeeeeeeebkki"
"bird4","iiiii"
"bird4","iiiiiiiiibbbbbbkkiiiieeeeeeeeebkkkibbbbbb"
"bird4","iiiiiiiiibbbbbkiiiibbkkiiiieeeeeeeee"
"bird4","iiiiibbbbkkkiiiieeeeeeeee"
"bird4","iiiiiibbbbbbkkiiiiibbbbbkkiiiiii"
"bird4","iiiiiiiiii"
"bird4","iiiiiiiiiiibbbbbkkiiiiiiiieeeeeeeebkkb"
"bird4","iiiiiiiiiiiii"
"bird4","iiiiiiiiibbkkiiiiiiiiiieeeeeeeeebkbbbbbkiiiieeeeeee"
"bird4","iiiiiiiiiiiiiibbbbkkkiiiieeeeeeeebbbbbkiiiieeeeeebbbbkkkiiiieeeeeeebkk"
"bird4","iiiiiiiiiibbbkkiieeeeeeeeeb"
"bird4","iiiiiiiiiiiiiiiiibbbkiiiiiibbbkkiiiiiii"
"bird4","iiiiiiiiiiiiiiiiiiiiibbbbkkiiiieeeeeeeeebkkkiiiiiiiieeeeeeeebkkkiiii"
"bird4","iiiiiiiiiiiiibbbbkiiiiiieeeeeeebkkkkiiiiieeeeeeeebkkkiiieeeeeee"
"bird4","iiiiiiiiiibbbbbbkkkkiiiiiieeeeeeee"
"bird4","iiiiiiiiiiiiiiiiiiiiibbbbkkkiiiieeeeee"
"bird4","iiiiiiiiiiiiiibbbbkkkkiiiieeeeeeeebkkkk"
"bird4","iiiiiiiiiiiiii"
"bird4","iiiiiiiiiiiiiiiiiiiibbbbkkkiiiiieeeeeeebkkkiiiiieeeeeeeebk"
"bird4","iiiiiiiiiiiibbbbbkkiiiieeeeeeeebkkk"
"bird4","iiiiiiiiiiiiibbbkkiiiieeeeeeebkkkkiiiiiiiieeeeeeebkbbbbk"
"bird4","iiiiiiiiiiiibbbkkiiiiibbbbkkiiiiieeeeeee"
"bird4","iiiiiiiiibbbkkiiiiibbbbbk"
"bird4","iiiiiiiibbbbbbkiiiii"
"bird4","iiiiiiii"
"bird5","iiiibbbbbbbbbbbbbbbbbbbbbbbbeeeeeeeeeehbbbbbbbbbbbbbbbbbbbbbbbbbbbbb"
"bird5","iiiibbbbbbbbbbbbbbbbbbbbbeeeeeeeeehbbbbbbiiibbbbbbbbbbbbbbbbbbbbeeeeeeeee"
"bird5","iiiiiiibbbbbbbbbbbbbbbbbbbbbbbbbbbeeeeeeeehbbbbbiiibbbbbhffffffhgmhbbbbbbibbbbbbbbbbbbbbbbbbbbbeeeeeeee"
"bird5","iiiiiibbbbbbbbbbbbbbbbbbbbbbbbeeeeeeeeeehbbbbbb"
"bird5","iiiibbbbbbbbbbbbbbbbbbbbbbbeeeeeeeehbbbbbiiibbbbhfffffhgmhbbbbb"
"bird5","bbbbbbbbbbbbbbbbbbbbbbbbbbbbbbeeeeeeee"
"bird5","bbbbbbbbbbbbbbbbbbbbbbbbeeeeeee"
"bird5","iiiiiiibbbbbbbbbbbbbbbbbbbbbbbbbbbbeeeeeeeehbbbbbiiiiibbbbbbbbbbbbbbbbbbbbbbbbbbeeeeeee"
"bird5","iiiiiiibbbbbbbbbbbbbbbbbbbbbbbbbeeeeeeeehbbbbbiiiibbbbbbbbbbbbbbbbbbbbbbbeeeeeeeeee"
"bird5","iiiiibbbbbbbbbbbbbbbbbbbbbbbbbbbbbbeeeeeeeehbbbbbiiiiibbbbbbbbbbbbbbbbbbbbbbbbbeeeeeee"
"bird5","iiiibbbbbbbbbbbbbbbbbbbbbbbbbbbbbeeeeeeee"
"bird5","iiiibbbbbbbbbbbbbbbbbbbbbbbbbbbbbbeeeeeeeiiiibbbbbbbbbbbbbbbbbbbbbbbbbbeeeeeee"
"bird5","iiiiiibbbbbbbbbbbbbbbbbbbbbbbbbbbbbbbbbeeeeeeeiiiiibbbbbbbbbbbbbbbbbbbbbbbbbbbbbbbbeeeeeeee"
"bird5","iiiiiiibbbbbbbbbbbbbbbbbbbbbbbbbeeeeee"
"bird5","iiiiiibbbbbbbbbbbbbbbbbbbbbbbbbbbbbbeeeeeeee"
"bird5","iiiiiibbbbbbbbbbbbbbbbbbbbbbbbbbbbbbbbbbeeeeeeeeiiibbbbbbbbbbbhfffffffhgmhbbbbbbibbbbbbbbbbbbbbbbbbbeeeeeeeee"
"bird5","iiiiiibbbbbbbbbbbbbbbbbbbbbbbbbbbbbbbeeeeeeeiiiibbbbbbbbhfffffhgmhbbbbbibbbbbbbbbbbbbbbbbbbbbbeeeeeeee"
"bird5","iiiiibbbbbbbbbbbbbbbbbbbbbbbbbeeeeeee"
"bird5","iiiiibbbbbbbbbbbbbbbbbbbbbbbbbbbbbbeeeeeeeehbbbbbiiibbbbhfffffffhgmhbbbbbbbbbbbbbbbbbbbbbbbb"
"bird5","iiiiiibbbbbbbbbbbbbbbbbbbbbbbbbbbeeeeeeeehbbbbbbiibbbbbbbbbbbbbbbbbbbbbbbbeeeeeeee"
"bird5","iiiiiibbbbbbbbbbbbbbbbbbbbbbbbbbbbbbbeeeeeeee"
"bird5","iiiiibbbbbbbbbbbbbbbbbbbbbbbbbbbbbbbeeeeeeeee"
"bird5","iiiiiibbbbbbbbbbbbbbbbbbbbbbbbbbbbbbbeeeeeeeeeiiiibbbbbbbbbbbbbbbbbbbbbbbbbbbbbbbeeeeeee"
"bird5","iiiiibbbbbbbbbbbbbbbbbbbbbbbbbbbbbbbbbbbeeeeeeeeee"
"bird5","iiiibbbbbbbbbbbbbbbbbbbbbbbbbbbbbeeeeeeeiiibbbbbbbbbbbbbbbbbbbbbbbbbbbbbbeeeeeee"
"bird5","iiiiiiibbbbbbbbbbbbbbbbbbbbbbbbbbbbbbeeeeeee"
"bird5","iiiiiiibbbbbbbbbbbbbbbbbbbbbbbbbbbbeeeeeeeeeehbbbbb"
"bird5","iiiiiiiibbbbbbbbbbbbbbbbbbbbbbbbbbbbbbeeeeeeee"
"bird5","iiiiibbbbbbbbbbbbbbbbbbbbbbbbbbbbbbbbeeeeeeee"
"bird5","iiiiibbbbbbbbbbbbbbbbbbbbbbbbbbbbbbeeeeeeee"
"bird5","iiiiiibbbbbbbbbbbbbbbbbbbbbbbbbbbbbbbeeeeeeeeiiiibbbbbbbbbbbbbbb"
"bird5","iibbbbbbbbbbbbbbbbbbbbbbbbbbbbbbbbbbbbeeeeeeeeiiiibbbbbbbbbbbbbbbbbbbbbbbbbbbeeeeeeeeeee"
"bird5","iiiiibbbbbbbbbbbbbbbbbbbbbbbbbbbbbbbbbbbeeeeeeeee"
"bird5","iiiiiibbbbbbbbbbbbbbbbbbbbbbbbbbbbbbbbeeeeeeeiiibbbbbbbbbbbbbbbbbbbbbbbbbbbbbbbbbee"
"bird5","bbbbbbbbbbbbbbbbbbbbbbeeeeeeee"
"bird5","iiiiiiiibbbbbbbbbbbbbbbbbbbbbbbbbbbbbbeeeeeeeeehbbbbbb"
"bird5","iiiiiibbbbbbbbbbbbbbbbbbbbbbbbbbbbbbbbbeeeeeeeee"
"bird5","iiiiiiiibbbbbbbbbbbbbbbbbbbbbbbbbbbeeeeeeeeehbbbbbbbbbbbbbbbbbbbbbbbbbbbbb"
"bird5","iiiiiiiibbbbbbbbbbbbbbbbbbbbbbbbbeeeeeeeee"
"bird5","iiiiiiibbbbbbbbbbbbbbbbbbbbbbbbbbbbbbbeeeeeeeehbbbbbbbbbbbbbbbbbbbbbbiiiiibbbbbbbbbbbbbbbbbbbbbbbbbbbbeeeeeee"
"bird5","iiiiibbbbbbbbbbbbbbbbbbbbbbbbeeeeeeeee"
"bird5","bbbbbbbbbbbbbbbbbbbbbbbbbbbeeeeeee"
"bird5","iiiiibbbbbbbbbbbbbbbbbbbbbbbbbbbbbbeeeeeee"
"bird5","iiiiibbbbbbbbbbbbbbbbbbbbbbbbbbbbbeeeeeeeiiibbbbbbbhfffffhgmhbbbbbbibbbbbbbbbbbbbbbbbbeeeeeee"
"bird5","iibbbbbbbbbbbbbbbbbbbbbbbbeeeeeeeehbbbbbbbbbbbbbbbbbbbbbbbbbbbb"
"bird5","bbbbbbbbbbbbbbbbbbbbbbbbbeeeeeeee"
"bird5","iiiiibbbbbbbbbbbbbbbbbbbbbbbbbbbbeeeeeeeehbbbbbiiibbbhfffffhgmhbbbbb"
"bird5","iiiiiibbbbbbbbbbbbbbbbbbbbbbbbbeeeeeee"
"bird5","iiiibbbbbbbbbbbbbbbbbbbbbbbbbbeeeeeeeee"
"bird5","iiiiibbbbbbbbbbbbbbbbbbbbeeeeeeeeh"
"bird5","iiiiibbbbbbbbbbbbbbbbbbbbbbbeeeeeeehbbbbbiibbbbbbbhffffffffhgmhbbbbibbbbbbbbbbbbbbbbbbbbeeeeeeee"
"bird5","iiiibbbbbbbbbbbbbbbbbbbbbbbbbbeeeeeehbbbbbiiiibbbbbbbbbbbbbbbbbbbbbbbeeeeeee"
"bird5","iiiiiibbbbbbbbbbbbbbbbbbbbbbbbbbbeeeeeeee"
"bird5","iiiiiibbbbbbbbbbbbbbbbbbbbbbbbbbeeeeee"
"bird5","iiiiibbbbbbbbbbbbbbbbbbbbbbbbbbeeeeeehbbbbbiiibbbbbbbbbbbbbbbhfffffffhgmhbbbbibbbbbbbbbbbbbbbbbbbbeeeeee"
"bird5","iiiibbbbbbbbbbbbbbbbbbbbbbbbeeeeeeeiibbbbbbbbbbbbbbbbbbbbbbbbbbbbbbbeeeeeee"
"bird5","iiiiibbbbbbbbbbbbbbbbbbbbbbbbbbbeeeeeeehbbbbiiibbbbbbbbbbbbbbbbbbbbbeeeeeee"
"bird5","iiiiiiibbbbbbbbbbbbbbbbbbbbbbbbbeeeeeeeehbbbbbiiibbbbbbbbbbbbbbbbbbbbbbbeeeeeee"
"bird5","iiiiiiibbbbbbbbbbbbbbbbbbbbbbbbbbbbbbeeeeeeeeee"
"bird5","iiiibbbbbbbbbbbbbbbbbbbbbbbeeeeeeiiiibbbbbbbbbbbbbbbbbbbbbbbbbbbbbbeeeeeeee"
"bird5","bbbbbbbbbbbbbbbbbbbbbbbbbbbbbeeeeeeee"
"bird5","bbbbbbbbbbbbbbbbbbbbbbbbbbbbbeeeeeeee"
"bird5","iiiiiiiibbbbbbbbbbbbbbbbbbbbbbbbbeeeeeeehbbbbbiiiibbbbbbbbbbbbbbbbbbbb"
"bird5","iiiiiibbbbbbbbbbbbbbbbbbbbbbbbbbbeeeeeeeeibbbbb"
"bird5","iiiiiibbbbbbbbbbbbbbbbbbbbbbbbbbbbbeeeeee"
"bird5","iiiiiiiibbbbbbbbbbbbbbbbbbbbbbbbbbbbeeeeeeeee"
"bird5","iiiibbbbbbbbbbbbbbbbbbbbbbbbbbbbbeeeeeeeee"
"bird5","bbbbbbbbbbbbbbbbbbbbbbbbbbbbeeeeeeeee"
"bird5","iiibbbbbbbbbbbbbbbbbbbbbbbbbbbbbeeeeeeehbbbbbbiiiiibbbbbbbbbbhffffffffhgmhbbbbbbiiibbbbbbbbbbbbbbbbbbbbbbbeeeeeee"
"bird5","iiiiiibbbbbbbbbbbbbbbbbbbbbbbbbbbbbeeeeee"
"bird5","iiiiiibbbbbbbbbbbbbbbbbbbbbbbbbbbbeeeeeee"
"bird5","iiiiiibbbbbbbbbbbbbbbbbbbbbbbbbbbbeeeeeeehbbbbbb"
"bird5","iiiiibbbbbbbbbbbbbbbbbbbbbbbbbeeeeeeeeehbbbbbibbbbbbbbbbbbbbbbbbbbbbeeeeeee"
"bird5","iiiiiiibbbbbbbbbbbbbbbbbbbbbbbbbbbbbbeeeeeeehbbbbbiiibbbbbhfffffffhgmhbbbbbibbbbbbbbbbbbbbbbbbbbeeeeee"
"bird5","iiiiiibbbbbbbbbbbbbbbbbbbbbbbbbbbbbeeeeeeeee"
"bird5","iiiibbbbbbbbbbbbbbbbbbbbbbbbbbbbbeeeeeeeeiiiiibbbbbbbbbbbbbbbbbbbbbbbbbbbeeeeeee"
"bird5","iiiiiiiibbbbbbbbbbbbbbbbbbbbbbbbbbbbbbbbeeeeeeee"
"bird5","iiiiiibbbbbbbbbbbbbbbbbbbbbbbbbbbbbeeeeeee"
"bird5","iiiibbbbbbbbbbbbbbbbbbbbbbbbbbeeeeeeeiiibbbbbbbhfffffffhgmhbbbbbiibbbbbbbbbbbbbbbbbbbeeeeeeee"
"bird5","iiiibbbbbbbbbbbbbbbbbbbbbbbbbbeeeeeeehbbbbbiiiibbbh"
"bird5","iiiiiibbbbbbbbbbbbbbbbbbbbbbbbbbeeeeeeeeiiiibbbbbbbbhfffffffhgmhbbbbbibbbbbbbbbb"
"bird5","iiiiiiibbbbbbbbbbbbbbbbbbbbbbbbbbbbbbbeeeeeeee"
"bird5","iiiiiiibbbbbbbbbbbbbbbbbbbbbbbbbbbbbbbbeeeeeeeeeeiiibbbbbbbbbbbbbbbbbbbbbbbbbeeeeeee"
"bird5","bbbbbbbbbbbbbbbbbbbbbbbeeeeee"
"bird5","iiiiibbbbbbbbbbbbbbbbbbbbbbbbbbbbbeeeeeeeeeehbbbbbbbbbbbbbbbbbbbbbbbbbbbbbbbbbbbb"
"bird5","iiiiibbbbbbbbbbbbbbbbbbbbbbbbbbbbbbbeeeeeeeeehbbbbb"
"bird5","iiiiiibbbbbbbbbbbbbbbbbbbbbbbbbbeeeeeeeehbbbbbbiiiibbbbbbbbbbbbbbbbbbbbbbbbbbbbbeeeeeeee"
"bird5","iiiiiibbbbbbbbbbbbbbbbbbbbbbbbbbbbbbeeeeeeee"
"bird5","iiiiiiibbbbbbbbbbbbbbbbbbbbbbbbbbbeeeeeeeee"
"bird5","iiiibbbbbbbbbbbbbbbbbbbbbbbbbbbbbeeeeeeeehbbbbbbiiibbbbbhfffffffhgm"
"bird5","iiiiiibbbbbbbbbbbbbbbbbbbbbbbeeeeeeeeeeibbbbbbbbbbbbbbbbbbbbbbbbbbbbbbeeeeeeeeee"
"bird5","iiiiiibbbbbbbbbbbbbbbbbbbbbbbbbbbeeeeeeeehbbbbbibbbbbbbbbbbbbbbbbbbbbeeeeeeeee"
"bird5","iiiiiibbbbbbbbbbbbbbbbbbbbbbbbbeeeeeeeeiiiibbbbbbbhffffffffhgmhbbbbbbibbbbbbbbbbbbbbbbbbbbbeeeeeee"
"bird5","iiiiiiibbbbbbbbbbbbbbbbbbbbbbbbbbbbbeeeeeeeeeeiiiibbbbbbbbbbbbbbbbbbbbbbbbbbeeeeeee"
"bird5","iiiiiibbbbbbbbbbbbbbbbbbbbbbbbbbbbbeeeeeeeee"
"bird5","iiiiiiiiibbbbbbbbbbbbbbbbbbbbbbbbbbbbbeeeeeeeeeeiiiibbbbbbbbbbbbbbbbbbbbbbbbbbbbbbbeeeeeee"
"bird5","iiiiibbbbbbbbbbbbbbbbbbbbbbbbbbbbbbeeeeeeeehbbbbb"
"bird5","iiiiiiibbbbbbbbbbbbbbbbbbbbbbbbbbbbbeeeeeeehbbbbbiibbbbbbbbbbbh"
"bird5","iiiiiiibbbbbbbbbbbbbbbbbbbbbbbbbbbbbeeeeeeeiiiiibbbbbbbbbbbbbbbbbbbbbbbbbbbeeeeeeee"
"bird5","iiiiibbbbbbbbbbbbbbbbbbbbbbbbeeeeeeeeee"
"bird5","iiiiiibbbbbbbbbbbbbbbbbbbbbbbbbbbbeeeeeeeeiiiibbhffffffhgmhbbbbbibbbbbbbbbbbbbbbbbbbbbbeeeeeee"
"bird5","iiiiiiiiibbbbbbbbbbbbbbbbbbbbbbbbbbbbbbbbeeeeeeeeeeiiiibbbbbbbbbbbbbbbbbb"
"bird5","iiiiiiiibbbbbbbbbbbbbbbbbbbbbbbbbbbbbbbbbbeeeeeeeehbbbbbb"
"bird5","iiiiiibbbbbbbbbbbbbbbbbbbbbbbbbbbbeeeeeeeeehbbbbbiibbbhffffffhgm"
"bird5","iiiibbbbbbbbbbbbbbbbbbbbbbbbbbbbeeeeeeee"
"bird5","iiiiiibbbbbbbbbbbbbbbbbbbbbbbbbbbbbbbeeeeeeeiiibbbhffffffffffhgmhbbbbbbibbbbbbbbb"
"bird5","iiiiiibbbbbbbbbbbbbbbbbbbbbbbbbbbeeeeeeeiibbbbbbbbbbbbbbbbbbbbbbbbbbbeeeeeeee"
"bird5","iiiiiibbbbbbbbbbbbbbbbbbbbbbbbbbbbbbeeeeeeeiiiibbbbhffffffffhgmhbbbbbbbbbbbbbbbbbbbbbbbbbbbbb"
"bird5","iiiiibbbbbbbbbbbbbbbbbbbbbbbbbbbbbeeeeeeeeiiibbbbbbbbhffffffhgmhbbbbbiibbbbbbbbbbbbbbbbbbbeeeeeee"
"bird5","iiiiiiibbbbbbbbbbbbbbbbbbbbbbbbbbbbbbeeeeeeeehbbbbbiiiibbbhffffffffhgmhbbbbbbibbbbbbbbbbbbbbbbbbbbeeeeeee"
"bird5","iiiiibbbbbbbbbbbbbbbbbbbbbbbbbbbbbbbbbbeeeeeeee"
"bird5","iiiiibbbbbbbbbbbbbbbbbbbbbbbbbbeeeeeeeeeee"
"bird5","iiiiiibbbbbbbbbbbbbbbbbbbbbbbbbbbbeeeeeee"
"bird5","iiiiiibbbbbbbbbbbbbbbbbbbbbbbbbbbeeeeeeeee"
"bird5","iiiiibbbbbbbbbbbbbbbbbbbbbbbbbbbbbeeeeeeeeiii"
"bird5","iiiiiiibbbbbbbbbbbbbbbbbbbbbbbbbbbbbeeeeeeehbbbbbiiibbbbhfffffffhgmhbbbbbbibbbbbbbbbbbbbbbbbbbbeeeeeeeee"
"bird5","iiiiiiibbbbbbbbbbbbbbbbbbbbbbbbbbbbeeeeeeehbbbbbiiibbbh"
"bird5","iiiiiiibbbbbbbbbbbbbbbbbbbbbbbbbbbbbbeeeeeeee"
"bird5","iiiiiibbbbbbbbbbbbbbbbbbbbbbbbbbbbbbbbbeeeeeeeeeiiiibbbhffffffffhgmhbbbbbibbbbbbbbbbbbbbbbbbbbeeeeee"
"bird5","iiiiiibbbbbbbbbbbbbbbbbbbbbbbbbbbeeeeeeeee"
"bird5","iiiiiiibbbbbbbbbbbbbbbbbbbbbbbbbbbbeeeeeeeeee"
"bird5","iiiiiibbbbbbbbbbbbbbbbbbbbbbbbbbbbbbeeeeeeeeeeeehbbbbbbiiiiibbbbbbbbbbbbbbbbbbbbbbbbbbbbeeeeeeee"
"bird5","iiiiibbbbbbbbbbbbbbbbbbbbbbbbbbbbbeeeeeeeee"
"bird5","bbbbbbbbbbbbbbbbbbbbbbbbbbbeeeeeeee"
"bird5","iiiiibbbbbbbbbbbbbbbbbbbbbbbbbbbbbbeeeeeeeee"
"bird5","iiiiiibbbbbbbbbbbbbbbbbbbbbbbbbbbeeeeeee"
"bird5","iiiiibbbbbbbbbbbbbbbbbbbbbbbbbbbbbbbbeeeeeeeee"
"bird5","iiiiiiibbbbbbbbbbbbbbbbbbbbbbbbbbbbbbbbeeeeeeeee"
"bird5","iiiiiibbbbbbbbbbbbbbbbbbbbbbbbbbeeeeeeeeehbbbbbbiii"
"bird5","iiiiibbbbbbbbbbbbbbbbbbbbbbbbbbbeeeeeeeeee"
"bird5","iiiiiiiibbbbbbbbbbbbbbbbbbbbbbbbbbbbbeeeeeeeee"
"bird5","iiiiiiiibbbbbbbbbbbbbbbbbbbbbbbbbbbbbeeeeeeeee"
"bird5","iiiiiibbbbbbbbbbbbbbbbbbbbbbbbbbbbbeeeeeeeeeeehbbbbbbiiibbbbbbbbbbbbbbbbbbbbbbbbbbbbbbeeeeee"
"bird5","iiiiiiibbbbbbbbbbbbbbbbbbbbbbbbbbbbbeeeeeeeee"
"bird5","iiiiiiibbbbbbbbbbbbbbbbbbbbbbbbbbbbbbeeeeeeee"
"bird5","iiiiiibbbbbbbbbbbbbbbbbbbbbbbbbbbbbbeeeeeeeeeeiiiiibbb"
"bird5","iiiiiibbbbbbbbbbbbbbbbbbbbbbbbbbbbbbbbeeeeeeeeeee"
"bird5","iiiiiiibbbbbbbbbbbbbbbbbbbbbbbbbbbbeeeeeeeeeeehbbbbbbbbbbbbbbbbbbbbbbbbbbbbbb"
"bird5","iiibbbbbbbbbbbbbbbbbbbbbbbbbbbbbbeeeeeeeiiiibbbbbbbbhfffffffffhgmhbbbbbbbbbbbbbbbbbbbbbbbbbbbbbbbb"
"bird5","iiiiiibbbbbbbbbbbbbbbbbbbbbbbbbbbbbeeeeeeeeeeiiiibbbbbbbbbbbbbbbbbbbbbbbbbeeeeeeee"
"bird5","bbbbbbbbbbbbbbbbbbbbbbbbbbbbbbbeeeee"
"bird5","iiiiiibbbbbbbbbbbbbbbbbbbbbbbbbbeeeeeeeehbbbbbiiibbbbbbbbbbbbbhfffffhgmhbbbbbibbbbbbbbbbbbbbbbbbbbbeeeeeee"
"bird5","iiiiiiibbbbbbbbbbbbbbbbbbbbbbbbbbbbbeeeeeeeeehbbbbbiibbbbhffffffhgmhbbbbbibbbbbbbbbbbbbbbbbbeeeeeee"
"bird5","iiiiiiiibbbbbbbbbbbbbbbbbbbbbbbbbbeeeeeeeeeiiiibbbbbbbbhffffffhgmhhbbbbibbbbbbbbbbbbbbbbbbbbbeeeeeee"
"bird5","iiiiiibbbbbbbbbbbbbbbbbbbbbbbbbbbbbbbeeeeeeeeee"
"bird5","iiiiiiibbbbbbbbbbbbbbbbbbbbbbbbbbbbbbbeeeeeeeee"
"bird5","iiiiiibbbbbbbbbbbbbbbbbbbbbbbbbbbbeeeeeeeeiiiibbbbbhffffffhgmhbbbbbbbbbbbbbbbbbbbbbbbbb"
"bird5","bbbbbbbbbbbbbbbbbbbbbbeeeeeeee"
"bird5","iibbbbbbbbbbbbbbbbbbbbbbbbeeeeeeeehbbbbbbbbbbbbbbbbbbbbbbbbbbbbbbbbbb"
"bird5","iiiiibbbbbbbbbbbbbbbbbbbbbbbbbbbbeeeeeeehbbbbb"
"bird5","iiiibbbbbbbbbbbbbbbbbbbbbbbbbbbbbeeeeeeeeehbbbbbibbbhfffffffhgmhbbbbbibbbbbbbbbbbbbbbbbbbbeeeeee"
"bird5","iiiiiiibbbbbbbbbbbbbbbbbbbbbbbbbbbbeeeeeeeeehbbbbbibbbbbhfffffhgmhbbbbbibbbbbbbbbbbbbbbbbbeeeeeee"
"bird5","bbbbbbbbbbbbbbbbbbbbbbbbbbbbbbbbbbbeeeeeeeee"
"bird5","iiiiiiibbbbbbbbbbbbbbbbbbbbbbbbbbbbbbbeeeeeeeehbbbbb"
"bird5","iiiiiiiiibbbbbbbbbbbbbbbbbbbbbbbbbbeeeeeehbbbbbbiiibbbbbbbbbbbbbbbbbbbbbhfffffhgmhbbbbbibbbbbbbbbbbbbbbbbbbbbeeeeeeee"
"bird5","ibbbbbbbbbbbbbbbbbbbbbbbbbbeeeeeeeee"
"bird5","iiiiiiiibbbbbbbbbbbbbbbbbbbbbbbbbbbbbbeeeeee"
"bird5","iiiiiibbbbbbbbbbbbbbbbbbbbbbbbbbbbeeeeeeeeee"
"bird5","iiibbbbbbbbbbbbbbbbbbbbbbbbbbbbeeeeeeee"
"bird5","iiiiiiiibbbbbbbbbbbbbbbbbbbbbbeeeeeeehbbbbbbbbbbbbbbbbbbbbbbbbbbbbbbb"
"bird5","iiiiiiibbbbbbbbbbbbbbbbbbbbbbbbbbeeeeeeehbbbbbbbbbbb"
"bird5","iiiiiibbbbbbbbbbbbbbbbbbbbbbbbbbbbeeeeeeeeehbbbbiiibbbbhfffffhgmhbbbbb"
"bird5","iiiiiiibbbbbbbbbbbbbbbbbbbbbbbbbbbbeeeeeeeiibbbbbbbbbbbbbbbbbbbbbbbbbbbbbeeeeeee"
"bird5","iiiiiibbbbbbbbbbbbbbbbbbbbbbbbbbbeeeeeee"
"bird5","iiiiibbbbbbbbbbbbbbbbbbbbbbbbbbbbeeeeeee"
"bird5","iiiiiibbbbbbbbbbbbbbbbbbbbbbbbbbbbbeeeeeeeehbbbbbbiiiibbbbbbbbbbbbbbbbbbbbbbbbbh"
"bird5","iiiiiibbbbbbbbbbbbbbbbbbbbbbbbbeeeeeeeeehbbbbbbbbbbbbbbbbbbbbbbbbbbb"
"bird5","iiiiiibbbbbbbbbbbbbbbbbbbbbbbeeeeeeeehbbbbbiibbbbbbbbbbbbbbbbbbbbbeeeeeee"
"bird5","iiibbbbbbbbbbbbbbbbbbbbbbbbbbeeeeeeeeehbbbbbiiiibbbbbbbbbbbbbbbbbbbbbbbbbbeeeeeee"
"bird5","iiiiiiibbbbbbbbbbbbbbbbbbbbbbbbbbbbbbbbbeeeeeeee"
"bird5","iiiiibbbbbbbbbbbbbbbbbbbbbbbbbbbbbbeeeeeeee"
"bird5","iiiiiibbbbbbbbbbbbbbbbbbbbbbbbbbbbeeeeeeeehbbbbbii"
"bird5","iiiiiiiibbbbbbbbbbbbbbbbbbbbbbbbbbbbeeeeeeeeei"
"bird5","iiiiibbbbbbbbbbbbbbbbbbbbbbbbbbbbbeeeeeeehbbbbbiiibbbbbhffffffffffhgmhbbbbbbibbbbbbbbbbbbbbbbbbbeeeeeee"
"bird5","iiiiiibbbbbbbbbbbbbbbbbbbbbbbbbbbbbbbbbeeeeeeehbbbbbiibbbhfffffhgmhbbbbbibbbbbbbbbbbbbbbbbbbbeeeeeeeeee"
"bird5","iiiiiibbbbbbbbbbbbbbbbbbbbbbbbbbeeeeeeeeehbbbbbiiibbbhfffffffhgmhbbbbbbiiiibbbbbbbbbbbbbbbbbbbbbbbbbbbeeeeeeeee"
"bird5","iiiiiiiiibbbbbbbbbbbbbbbbbbbbbbbbbbeeeeeeee"
"bird5","iiibbbbbbbbbbbbbbbbbbbbbbbbbbbbeeeeeeeeehbbbbbbbbbbbbbbbbbbbbbbbbbbbb"
"bird5","iiiibbbbbbbbbbbbbbbbbbbbbbbbbbbbeeeeeeeehbbbbbiiibbbbbbbbbbbbbbbbbbbbbbbbbbbeeeeee"
"bird5","iiiiiibbbbbbbbbbbbbbbbbbbbbbbbbbbeeeeeeeehbbbbbiiibbbbbbbbbbhffffffffhgmhbbbbbibbbbbbbbbbbbbbbbbbbbbbeeeeeeeee"
"bird5","bbbbbbbbbbbbbbbbbbbbbbbbbeeeeeee"
"bird5","iiiiibbbbbbbbbbbbbbbbbbbbbbbbbbbeeeeeeeeeehbbbbbiibbh"
"bird5","iiiiiiibbbbbbbbbbbbbbbbbbbbbbbeeeeeeeeeeee"
"bird5","iiiiiiibbbbbbbbbbbbbbbbbbbbbbbbbbbbbeeeeeeeeee"
"bird5","iiiiiibbbbbbbbbbbbbbbbbbbbbbbbbbbbbbbbeeeeeeeeeiiiibbbbbbbbbbbbbbbb"
"bird5","iibbbbbbbbbbbbbbbbbbbbbbbbbeeeeeeeeeehbbbbbbiiiibbbbbbbbbbbbbbbbbbbbbbbbbbbeeeeeeee"
"bird5","iiiiiiibbbbbbbbbbbbbbbbbbbbbbbbbbbbbeeeeeeeeehbbbbbiiiiibbbbbbbbbbbbbbbbbbbbbbbbbbbbbbeeeeeee"
"bird5","iiiiiiibbbbbbbbbbbbbbbbbbbbbbbbbbbbeeeeeeeeehbbbbb"
"bird5","iiiiibbbbbbbbbbbbbbbbbbbbbbbbbbbbbbbbeeeeeeeeee"
"bird5","iiiibbbbbbbbbbbbbbbbbbbbbbbbbbbbbbeeeeeeeee"
"bird5","iiiiibbbbbbbbbbbbbbbbbbbbbbbbbbbbbeeeeeeeeehbbbbbbiibbbbbbhfffffhgm"
"bird5","iiiiiibbbbbbbbbbbbbbbbbbbbbbbbbbbbbbbbeeeeeeeeeiiiibbbbbbbbbbbbbbbbbbbbbbbbbbeeeeeeee"
"bird5","iiiiiiiibbbbbbbbbbbbbbbbbbbbbbbbbbbbbbbbbeeeeeeeeeiiiibbbbbbbbbbbbbbbbb"
"bird5","iiiiiiibbbbbbbbbbbbbbbbbbbbbbbbbbbbbbbbbbeeeeeee"
"bird5","iiiiiibbbbbbbbbbbbbbbbbbbbbbbbbbbbbbbbeeeeeeeee"
"bird5","iiiiiiiibbbbbbbbbbbbbbbbbbbbbbbbbbbbbbbeeeeeeeeeee"
"bird5","iiiiiiibbbbbbbbbbbbbbbbbbbbbbbbbbbbbeeeeeeeeiiiiibbbbbbbbbbbbbbbbbbbbbbbbbbbbbbbbbeeeeeeeeeee"
"bird5","iiiiiiibbbbbbbbbbbbbbbbbbbbbbbbbbbbbbbeeeeeeee"
"bird5","iiiiibbbbbbbbbbbbbbbbbbbbbbbbbbeeeeeeee"
"bird5","iiiiiiibbbbbbbbbbbbbbbbbbbbbbbbbbbbbbbbbbbbbbeeeeeeeeee"
"bird5","iiiiiibbbbbbbbbbbbbbbbbbbbbbbbbbbbbbbbbeeeeeeeeeee"
"bird5","iiiiiibbbbbbbbbbbbbbbbbbbbbbbbbbbbeeeeeeeeeeiiiiiiibbbbbbbbbbbbbbbbbbbbbbbbbbbbbeeeeeeeee"
"bird5","iiiiiiiibbbbbbbbbbbbbbbbbbbbbbbbbbbbbbbeeeeeeeee"
"bird5","iiiiiibbbbbbbbbbbbbbbbbbbbbbbbbbbbbbeeeeeeeeeiiiibbbbbbbbbbbhffffffhgmhbbbbbibbbbbbbbbbbbbbbbbbbbbbeeeeeeeeee"
"bird5","iiiibbbbbbbbbbbbbbbbbbbbbbbbbbbbbbeeeeeeeeehbbbbbbiiiiibbbbbbbbbhfffffffffhgmhbbbbbibbbbbbbbbbbbbbbbbbbbbbbeeeeeeeeee"
"bird5","iiiiiiiibbbbbbbbbbbbbbbbbbbbbbbbbbeeeeeeeeeehbbbbbiiiibbbbbbbbbbbbbbbbbbbbbbbbbbbbbeeeeeeeee"
"bird5","iiiiiibbbbbbbbbbbbbbbbbbbbbbbbbbbbbeeeiiiibbbbbbbbhffffffffhgmhbbbbbbibbbbbbbbbbbbbbbbbbbbbbeeeeeeeee"
"bird5","iibbbbbbbbbbbbbbbbbbbbbbbbbbbeeeeeeeeeiiiiibbbbbbbbbbbbbbbbbbbbbbbbbbbeeeeeee"
"bird5","iiiiiibbbbbbbbbbbbbbbbbbbbbbbbbeeeeeeeeeehbbbbbbbbbbbbbbbbbbbbbbbbbbbbbbbbbb"
"bird5","iiiiiiiibbbbbbbbbbbbbbbbbbbbbbbbbbeeeeeeeeeehbbbbbiiiiibbbbbbbbbbbbbbbbbbbbbbbeeeeeee"
"bird5","iiiiiiiiibbbbbbbbbbbbbbbbbbbbbbbbbbbbbeeeeeeeeeeiiiiibbbbbbbbbbbbbbbbbbbbbbbbbbbeeeeeeeee"
"bird5","iiiibbbbbbbbbbbbbbbbbbbbbbbbbbbbeeeeeeeeeiiiibbbbbhffffffffhgmhbbbbbbiibbbbbbbb"
"bird5","iiiiiiibbbbbbbbbbbbbbbbbbbbbbbbbbbbeeeeeeeeehbbbbbiibbbbbbbhffffhgmhbbbbbibbbbbbbbbbbbbbbbbbbbbbbbeeeeeee"
"bird5","iiibbbbbbbbbbbbbbbbbbbbbbbbbbbbbbbbbbbeeeeeehbbbbbiiiibbbhfffffhgmhbbbbbbbbb"
"bird5","iiiiiiibbbbbbbbbbbbbbbbbbbbbbbbbbbeeeeeee"
"bird5","iiiiiibbbbbbbbbbbbbbbbbbbbbbbbbbbbbbbeeeeeeeee"
"bird5","iiiiiibbbbbbbbbbbbbbbbbbbbbbbbbbbbbbbbbbbbeeeeeeehbbbbbbiiiibbbbbhfffffffhgmhbbbbbibbbbbbbbbbbbbbbbbbbeeeeeeee"
"bird5","iiiiiiibbbbbbbbbbbbbbbbbbbbbbbbbbbbeeeeeeeeiiiibbbbbhffffffffhgmhbbbbbibbbbbbbbbbbbbbbbbbbbbeeeeeeee"
"bird5","iiiiiibbbbbbbbbbbbbbbbbbbbbbbbbbbbbbbbbeeeeeeeeee"
"bird5","iiiiiibbbbbbbbbbbbbbbbbbbbbbbbbbbbbbbbbeeeeeeeeeiiiibbbbbbbbbbbhffffffffffhgmhbbbbbibbbbbbbbbbbbbbbbbbbbbbbbbeeeeeeeeeee"
"bird5","iiiiiiibbbbbbbbbbbbbbbbbbbbbbbbbbbbeeeeeeehbbbbbiiibbbbbbbbbbbbbbbbbbbbbbbbbbeeeeeeeee"
"bird5","iiiiibbbbbbbbbbbbbbbbbbbbbbbbbbbbbeeeeeeeeeee"
"bird5","iiiiiiibbbbbbbbbbbbbbbbbbbbbbbbbbbbbbeeeeeeeeeehbbbbbbbbbbiibbbbbbbbbbbbbbbbbbbbbbbbbbbbbbbeeeeeeeee"
"bird5","iiiiiibbbbbbbbbbbbbbbbbbbbbbbbbbbbbeeeeeeee"
"bird5","iiibbbbbbbbbbbbbbbbbbbbbbbbbbbbbeeeeeeeeeeehbbbbbiibbbbbhffffhgmhbbbbbbbbbbbbbbbbbbbbbbbbbbb"
"bird5","iiiiiibbbbbbbbbbbbbbbbbbbbbbbbbbbeeeeeee"
"bird5","iiiiiiiibbbbbbbbbbbbbbbbbbbbbbbbbbbbbbbbbeeeeeeeeeiiiibbbbbbbbbbhffffffffhgmhbbbbbbibbbbbbbbbbbbbbbb"
"bird5","iiiiiiibbbbbbbbbbbbbbbbbbbbbbbbbbeeeeeeeeeiiibbbbbbbbbbbbbbbbbbbbbbbbbeeeeeee"
"bird5","iiiiiibbbbbbbbbbbbbbbbbbbbbbbbbbbbbbbeeeeeeeeeehbbbbbiiiibbbbbbbbbbbbbbbbbbbbbbbbeeeeeeee"
"bird5","iiiiibbbbbbbbbbbbbbbbbbbbbbbbbbbbeeeeeeeeeee"
"bird5","iiiiiiiiibbbbbbbbbbbbbbbbbbbbbbbbeeeeeeeeeeehbbbbbbbbbbbbbbbbbbbbbbbbbbbbb"
"bird5","iiiiiiiiibbbbbbbbbbbbbbbbbbbbbbbbeeeeeeeeeeehbbbbbiiibbhfffffhgmhbbbbb"
"bird5","iiiiiibbbbbbbbbbbbbbbbbbbbbbbbbbeeeeeeeeiiibbbbbbbbbbbbbbbbbbbbbbbbbbbbbbbbee"
"bird5","iiiiiibbbbbbbbbbbbbbbbbbbbbbbbbbbbbbbeeeeeeeehbbbbbiiiiiibbbbbbbhffffffhgmhbbbbbibbbbbbbbbbbbbbbbbbbbbbbbeeeeeee"
"bird5","iiiiiiiibbbbbbbbbbbbbbbbbbbbbbbbbbbbbbeeeeeeeeiiiibbbbbbbbbbbbbbbbbbbbbbbbbbeeeeeee"
"bird5","iiiiiibbbbbbbbbbbbbbbbbbbbbbbbbbbbbeeeeeeeeiiiiibbbbbbbbbbbbbbbbbbbbbbbbbbbbbbbeeeeeeee"
"bird5","iiiiiiiiiibbbbbbbbbbbbbbbbbbbbbbbbbbbbbbeeeeeeeiiiibbbbbbbbbbbbbbbbbbbbbbbbbbbbbbbbbbbbbb"
"bird5","iiiiiiibbbbbbbbbbbbbbbbbbbbbbbbbbbeeeeeeeeehbbbbbbbbbbbbbbbbbbbbbbbbbb"
"bird5","iiiiibbbbbbbbbbbbbbbbbbbbbbbbbbbeeeeeeeehbbbbbiiiibbbbhffffffhgmhbbbbbibbbbbbbbbbbbbbbbbbbeeeeeeee"
"bird5","iiiiiiiibbbbbbbbbbbbbbbbbbbbbbbbbbbeeeeeeeeeiiibbbbbbbbbbbbbbbbbbbbbbbbbbeeeeeee"
"bird5","iiiiiiiibbbbbbbbbbbbbbbbbbbbbbbbbbbbbbeeeeeee"
"bird5","iiiiiiiibbbbbbbbbbbbbbbbbbbbbbbbbbeeeeeeeeeeeeehbbbbbiibbbbbbbbbbbbbbbbbbbeeeeeeeee"
"bird5","iiiiiiiibbbbbbbbbbbbbbbbbbbbbbbbbbbeeeeeeeeeiiibbbbbbbbbbbbbbbbbbbbbbbbbbbbbeeeeeee"
"bird5","iiiiiiibbbbbbbbbbbbbbbbbbbbbbbbbbbbbbbbeeeeeeehbbb"
"bird5","iiiiibbbbbbbbbbbbbbbbbbbbbbbbbbbbbbeeeeeehbbbbbiiiibbbbbbhfffffhgmhbbbbbibbbbbbbbbbbbbbbbbbbbbbbbeeeeeeee"
"bird5","iiibbbbbbbbbbbbbbbbbbbbbbbbbbbeeeeeeeeiiibbbbbbbbbbbbbbbbbbbbbbbbbbbeeeeeee"
"bird5","iiiiiiiibbbbbbbbbbbbbbbbbbbbbbbbbbbbbbeeeeeeeehbbbbbiiiiibbbbbbbbbbbbbbbbbbbbbbbbbbbbeeeeeeee"
"bird5","iiiiiiiiibbbbbbbbbbbbbbbbbbbbbbbbbbbbbbeeeeeeeiiibbbhffffffhgmhbbbbbibbbbbbbbbbbbbbbbbbbbbbbeeeeeeeee"
"bird5","iiiiiibbbbbbbbbbbbbbbbbbbbbbbbbbbbbbbbbbeeeeeee"
"bird5","bbbbbbbbbbbbbbbbbbbbbbbbbbeeeeeeee"
"bird5","iiiiiibbbbbbbbbbbbbbbbbbbbbbbbbbbbbbbeeeeeeeiiiibbbbhfffffffhgmhbbbbbibbbbbbbbbbbbbbbbbbbbbeeeeeee"
"bird5","iiibbbbbbbbbbbbbbbbbbbbbbbbbbbbbbbbbbbeeeeeeeiiibbbbbbbbbbbbbbbbbbbbbbbbbbbbbeeeeee"
"bird5","iiiiiiiibbbbbbbbbbbbbbbbbbbbbbbbbbbbeeeeeeeeiiiiibbbbbbbbbbbbbbbbbbbbbbbbbbbbbbbbbbbbeeeeeeeee"
"bird5","iiiiiiiibbbbbbbbbbbbbbbbbbbbbbbbbbbeeeeeeiiibbbhffffhgmhbbbbbibbbbbbbbbbbbbbbbbbbbbbeeeeee"
"bird5","iiiiibbbbbbbbbbbbbbbbbbbbbbbbbbbbbeeeeeeeeiiiiiibbbbbbbbbhffffffffhgmhbbbbbb"
"bird5","iiiiiiiiibbbbbbbbbbbbbbbbbbbbbbbbbbbbbbbbeeeeeeehbbbbbiiibbbhfffffffhgmhbbbbbiibbbbbbbbbbbbbbbbbbbbbbbbbbeeeeeeeee"
"bird5","iiiiiiibbbbbbbbbbbbbbbbbbbbbbbbbbbbbeeeeeeehbbbbb"
"bird5","iiiibbbbbbbbbbbbbbbbbbbbbbbbbbbbbbbbeeeeeee"
"bird5","iiiiiiibbbbbbbbbbbbbbbbbbbbbbbbbbbbbbbbeeeeeeeeiiiibbbbbbbbbbbbbbbbbbbbbbbbbbbbeeeeeeeee"
"bird5","iiiiibbbbbbbbbbbbbbbbbbbbbbbbbbbbbbbbbeeeeeeeehbbbbbiiiiibbbhfffffffhgmhbbbbbbibbbbbbbbbbbbbbbbbbbbbbbeeeeeee"
"bird5","iiiiibbbbbbbbbbbbbbbbbbbbbbbbbbbbbbeeeeeeee"
"bird5","iibbbbbbbbbbbbbbbbbbbbbbbbbbeeeeeeeeeeiiiibbbbbbbbbbbbbbbbbbbbbbbbbbbeeeeeeeee"
"bird5","iiiiiiibbbbbbbbbbbbbbbbbbbbbbbbbbbeeeeeeeehbbbbbiiiiibbbbbbbbbbbbbbbbbbbbbbbbbbbbbbeeeeee"
"bird5","ibbbbbbbbbbbbbbbbbbbbbbbbbbeeeeeeeehbbbbbiiiibbbbbbhffffhgmhbbbbbiiibbbbbbbbbbbbbbbbbbbbbbbbbbeeeeeeee"
"bird5","iiiiiiibbbbbbbbbbbbbbbbbbbbbbbbbbbbbbbeeeeeeeeehbbbbbbiiiibbbbbbbbbbbbbbbbbbbbbbbbbbbbbeeeeeee"
"bird5","iiibbbbbbbbbbbbbbbbbbbbbbbbbbbbbbbeeeeeeehbbbbbiiiibbbbbbbbbbhfffffffffhgmhbbbbbibbbbbbbbbbbbbbbbbbbbbeeeeeeee"
"bird5","iiiibbbbbbbbbbbbbbbbbbbbbbbbbbbbbbbeeeeeeeeehbbbbbiiibbbhfffffffhgmhbbbbbibbbbbbbbbbbbbbbbbbbbbbbbeeeeeeee"
"bird5","iiibbbbbbbbbbbbbbbbbbbbbbbbbbbeeeeeeeeeiiibbbbbbbbbbbbbbbbbbbbbbbbbbbbbeeeeeee"
"bird5","iiiiibbbbbbbbbbbbbbbbbbbbbbbbbbbbbbbeeeeeeeeehbbbbbiiibbbbbbbbbbbbbbbbbbbbbbbbbbeeeeeeeee"
"bird5","iiiiibbbbbbbbbbbbbbbbbbbbbbbbbbbbbbbbbbbbeeeeeeiiibbbbbbbbbbbbbbbb"
"bird5","iiiibbbbbbbbbbbbbbbbbbbbbbbbbbbbbeeeeeeeehbbbbb"
"bird5","iiibbbbbbbbbbbbbbbbbbbbbbbbbbbbbbbbbeeeeeeeehbbbbbiiibbbbbbbbbbbbbbbbbbbbbbeeeeeee"
"bird5","iiiibbbbbbbbbbbbbbbbbbbbbbbbbbbbbeeeeeeeeiiibbbbbbbbbbbbbbbbbbbbbbbbbbbeeeeeee"
"bird5","iiiiibbbbbbbbbbbbbbbbbbbbbbbbeeeeeeeeehbbbbbiiiibbbbbbbbbbbbbbbbbbbbbbbbbbbbbbbbeeeeeeeee"
"bird5","iiibbbbbbbbbbbbbbbbbbbbbbbbbbbbbbbbbbbbeeeeeeeeiiiibbbbbbbbhffffffhgmhbbbbbibbbbbbbbbbbbbbbbbbbbbbbeeeeee"
"bird5","iiiiibbbbbbbbbbbbbbbbbbbbbbbbbbbbbbbbbbbbbeeeeeeeeeiiiiibbbbbbbbbbbbbbbbbbbbbbbbbbbbbbbbbbeeeeee"
"bird5","iiiiiibbbbbbbbbbbbbbbbbbbbbbbbbbbbbbbbbbbbbeeeeeeeeeiiibbbhfffffffhgmhbbbbbbbbbbbbbbbbbbbbbbbbbbbb"
"bird5","iiiiiiibbbbbbbbbbbbbbbbbbbbbbbbbbbbbbbbbbbeeeeeeeiiiiibbbbbbbbbbbbbbbbbb"
"bird5","iibbbbbbbbbbbbbbbbbbbbbbbbbbbbbbeeeeeeeehbbbbbbiiiibbbbbbbbbbbbbbbbbbbbbbbbbbbbeeeeeee"
"bird5","iibbbbbbbbbbbbbbbbbbbbbbbbbbbeeeeeeeiiiibbbbbbbbhfffffffhgmhbbbbbbibbbbbbbbbbbbbbbbbbbbbbbeeeeeee"
"bird5","iiibbbbbbbbbbbbbbbbbbbbbbbbbbbbbbbbeeeeeeeeiiiiibbbbbbbbbbbbbbbbbbbbbbbbbbbbbbeeeeeee"
"bird5","iiiibbbbbbbbbbbbbbbbbbbbbbbbbbbbbbbbeeeeeeeiiibbbhffffffhgmhbbbbbibbbbbbbbbbbbbbbbbbbbbbbeeeeeeeee"
"bird5","iiiiiiibbbbbbbbbbbbbbbbbbbbbbbbbbbeeeeeeeeeehbbbbbb"
"bird5","iibbbbbbbbbbbbbbbbbbbbbbbbbbbbbbeeeeeeehbbbbbiiiibbbbbbbbhffffffhgmhbbbbbibbbbbbbbbbbbbbbbbbbbbeeeeeee"
"bird5","iiiiiiibbbbbbbbbbbbbbbbbbbbbbbbbbbeeeeeeeeehbbbbbbbbbbbbbbbbbbbbbbbbbbbbbbbb"
"bird5","iiibbbbbbbbbbbbbbbbbbbbbbbbbbeeeeeeehbbbbbiiii"
"bird5","iiiiiibbbbbbbbbbbbbbbbbbbbbbbbbbbbbbbeeeeeeeiiiibbbbbbbbbbbbbbbbbbbbbbbbbbbbeeeeeeeeee"
"bird5","iiibbbbbbbbbbbbbbbbbbbbbbbbbbbbbbbbbeeeeeeeeehbbbbbiiiiibbbbbbbbbbh"
"bird5","iiiiiiibbbbbbbbbbbbbbbbbbbbbbbbbbbeeeeeeeeeehbbbbbiiibbbbbbbbbbbbbbbbbbbbbbbbbbeeeeeeeee"
"bird5","iiibbbbbbbbbbbbbbbbbbbbbbbbbbeeeeeeeeehbbbbbbbbbbbbbbbbbbbbbbbbbbbb"
"bird5","iiiibbbbbbbbbbbbbbbbbbbbbbbbbbbeeeeeeehbbbbbiiiibbbbbbbbhffffffffhgmhbbbbbiiiibbbbbbbbbbbbbbbbbbbbbbbbbbeeeeeeee"
"bird5","iiibbbbbbbbbbbbbbbbbbbbbbbbbbbeeeeeeehbbbbbbbbbbbbbbbbbbbbbbb"
"bird5","iiiiibbbbbbbbbbbbbbbbbbbbbbbbbbbbbbeeeeeeeehbbbbb"
"bird5","iiiibbbbbbbbbbbbbbbbbbbbbbbbbbbbbeeeeeeeeiiiibbbbhffffhgmhbbbbbbibbbbbbbbbbbbbbbbbbbbbeeeeeee"
"bird5","iiibbbbbbbbbbbbbbbbbbbbbbbbbbbbbeeeeeeeiiiibbbbbbbbbbbbbbbbbbbbbbbhfffffhgmhbbbbbbibbbbbbbbbbbbbbbbbbeeeeeeee"
"bird5","iibbbbbbbbbbbbbbbbbbbbbbbbbbbbbeeeeeeee"
"bird5","iiibbbbbbbbbbbbbbbbbbbbbbbbbbbbbbeeeeeeeeeehbbbbb"
"bird5","iiiiiiibbbbbbbbbbbbbbbbbbbbbbbbbbbbbbbeeeeeeeeeiiiiibbbbbbbbbbbb"
"bird5","iiiibbbbbbbbbbbbbbbbbbbbbbbbbbbbbbeeeeeeeehbbbbbiiiiiibbbbhffffffhgmhbbbbbiiiiiibbbbbbbbbbbbbbbbbbbbbbbbbeeeeeeee"
"bird5","iiiiibbbbbbbbbbbbbbbbbbbbbbbbbbbbbbbeeeeeeeehbbbbb"
"bird5","iiiibbbbbbbbbbbbbbbbbbbbbbbbbbeeeeeeeiiiibbbbbbbbbbbbbbbbbbbbbbbbbbbeeeeeeeee"
"bird5","iiiiibbbbbbbbbbbbbbbbbbbbbbbbbbbbbbbbbeeeeeeee"
"bird5","iiiibbbbbbbbbbbbbbbbbbbbbbbbbbbbbbbeeeeeeeee"
"bird5","iiibbbbbbbbbbbbbbbbbbbbbbbbbbbbbbbbbeeeeeeiiiibbbhfffffffhgmhbbbbbbibbbbbbbbbbbbbbbbbbbbbeeeeeeeee"
"bird5","iiibbbbbbbbbbbbbbbbbbbbbbbbbbbbbbbeeeeeeee"
"bird5","iiiibbbbbbbbbbbbbbbbbbbbbbbbbbbbbbbbeeeeeeeeeehbbbbbiiiibbbbbbhffffffhgmhbbbbbbibbbbbbbbbbbbbbbbbbbbeeeeeee"
"bird5","iiibbbbbbbbbbbbbbbbbbbbbbbbbbbbbbbeeeeeeeeeehbbbbb"
"bird5","ibbbbbbbbbbbbbbbbbbbbbbbeeeeeeeeehbbbbb"
"bird5","iibbbbbbbbbbbbbbbbbbbbbbbbbbeeeeeeeeehbbbbb"
"bird5","bbbbbbbbbbbbbbbbbbbbbbbeeeeeeeee"
"bird5","iiibbbbbbbbbbbbbbbbbbbbbbbbbbbbbbbeeeeeeeeehbbbbbiiibbbhfffhgmhbbbbbiibbbbbbbbbbbbbbbbbbbeeeeeeeee"
"bird5","iibbbbbbbbbbbbbbbbbbbbbbbbbbeeeeeeeehbbbbbiiibbbbbbbbbbbbbbbbbbbbbbbbeeeeeeee"
"bird5","iiiibbbbbbbbbbbbbbbbbbbbbbbbbbbbeeeeeeeehbbbbbiiibbbbbbbbbbhffffffhgmhbbbbbbbbbbbbbbbbbbbbbbbbbbbb"
"bird5","iiiiibbbbbbbbbbbbbbbbbbbbbbbbbbbbbbbbbbeeeeeeeeehbbbbbiiiibbbbhffffhgmhbbbbbbibbbbbbbbbbbbbbbbbbbeeeeeeeeeeeee"
"bird5","iibbbbbbbbbbbbbbbbbbbbbbbbbbbeeeeeeeeeehbbbbbiiiiibbbbbbbbbbbbbbbbbbb"
"bird5","iibbbbbbbbbbbbbbbbbbbbbbbbbbbbbbbbbbeeeeeeeeiiiiibbbbbbbbbbhfffffffhgmhbbbbb"
"bird5","iiiibbbbbbbbbbbbbbbbbbbbbbbbbbbbbbbbbbeeeeeeeeeee"
"bird5","iibbbbbbbbbbbbbbbbbbbbbbbbbbbbbbbbbbeeeeeeeeeeiiiibbbbbbbbbbbbbbbbbbbbbbbbbbbbbbeeeeeeeee"
"bird5","iiibbbbbbbbbbbbbbbbbbbbbbbbbbbbeeeeeeeeeeeiiibbbbbbbbbbbbbbbbhfffhgmhbbbbbiibbbbbbbbbbbbbbbbbbbbbbbbbbeeeeeeeee"
"bird5","iibbbbbbbbbbbbbbbbbbbbbbbbbbbbbbeeeeeeeee"
"bird5","iiibbbbbbbbbbbbbbbbbbbbbbbbbbbbbbeeeeeeeeee"
"bird5","iiiibbbbbbbbbbbbbbbbbbbbbbbbbbbbbbbeeeeeeee"
"bird5","iibbbbbbbbbbbbbbbbbbbbbbbbbbbbbeeeeeeeee"
"bird5","iibbbbbbbbbbbbbbbbbbbbbbbbbbbbbbbbeeeeeeeeiiiibbbbbbbbhffffffhgmhbbbbbbibbbbbbbbbbbbbbbbbbbbb"
"bird5","iiiibbbbbbbbbbbbbbbbbbbbbbbbbbbbbeeeeeeehbbbbbiiiiibbbbbbbbbbbbbbbbbbbbbbbbbbbbbbbeeeeeeeeeee"
"bird5","iibbbbbbbbbbbbbbbbbbbbbbbbbbbbbbbeeeeeeeeeeiiiibbbbbbbbbbbbbbbbbbbbbbbbbbbbbbbbeeeeeeee"
"bird5","iibbbbbbbbbbbbbbbbbbbbbbbbbbbbbbbeeeeeeeeeeeeiiibbbbbbbbbbbbbbbbbbbbbbbbbbbbbbeeeeeeeeeeee"
"bird5","iiibbbbbbbbbbbbbbbbbbbbbbbbbbbbbbbbbbbbeeeeeeeeeeiiiiiiiibbbbbbbbbbbbbbbbbbbbbbbbbbbbbeeeeeee"
"bird5","iiibbbbbbbbbbbbbbbbbbbbbbbbbbbbbbeeeeeeeeiiibbbbhffffhgmhbbbbbbiibbbbbbbbbbbbbbbbbbbbbbbeeeeeeeeee"
"bird5","iiiibbbbbbbbbbbbbbbbbbbbbbbbbbbeeeeeeeeiiiiiibbbbbbbbbbbbbbbbbbbbbbbbbbbeeeeeeee"
"bird5","iiiibbbbbbbbbbbbbbbbbbbbbbbbbbbbbbbbbeeeeeeeeiiiibbbbbbbbbbbbbbbbbbbbbbbbbbbbeeeeeeeee"
"bird5","iiibbbbbbbbbbbbbbbbbbbbbbbbbeeeeeeeee"
"bird5","bbbbbbbbbbbbbbbbbbbbbbbbbbbbbbbbeeeeeeeeeeee"
"bird5","iiiibbbbbbbbbbbbbbbbbbbbbbbbbbbbbbbbbbeeeeeeeeeehbbbbbiiiiibbbbbbbbbbbbbbbbbbbbbbbbbbbbbbbbbbeeeeeee"
"bird5","iibbbbbbbbbbbbbbbbbbbbbbbbbbbbbbbeeeeeeeeeeee"
"bird5","iibbbbbbbbbbbbbbbbbbbbbbbbbeeeeeeeee"
"bird5","iiiibbbbbbbbbbbbbbbbbbbbbbbbbbbbbbbbbeeeeeeeehbbbbbbiiibbbbbhfffffhgmhbbbbbibbbbbbbbbbbbbbbbbbbbbbbeeeeeee"
"bird5","bbbbbbbbbbbbbbbbbbbbbbbbeeeeeee"
"bird5","iiibbbbbbbbbbbbbbbbbbbbbbbbbbbbbbbbeeeeeeeiiiibbbbbbbbbhffffhgmhbbbbbibbbbbbbbbbbbbbbbbbbbeeeeeeeeee"
"bird5","iiiibbbbbbbbbbbbbbbbbbbbbbbbbbbbbbbeeeeeeeeee"
"bird5","bbbbbbbbbbbbbbbbbbbbbbbbbeeeeeeeee"
"bird5","bbbbbbbbbbbbbbbbbbbbbbbbbbbbeeeeeeeeeeeeee"
"bird5","iiiibbbbbbbbbbbbbbbbbbbbbbbbbbbbbbeeeeeeeee"
"bird5","iibbbbbbbbbbbbbbbbbbbbbbbbbbbbbbbbbbbbeeeeeeeeeeiiiibbbbbbbbbbbbbbbbbbbbbbbbbbbbbeeeeeee"
"bird5","iibbbbbbbbbbbbbbbbbbbbbbbbbbeeeeeeeeehbbbbbiiibbbbbbbbbbbbbbbbbbbbbbbbeeeeeeee"
"bird5","iiiiibbbbbbbbbbbbbbbbbbbbbbbbbbbbbbbbbeeeeeeeehbbbbb"
"bird5","iiiibbbbbbbbbbbbbbbbbbbbbbbbbbbbeeeeeeeeeehbbbbbiibbbbbbbbbbbbbbbbbbbbbbbbeeeeee"
"bird5","iiiiiibbbbbbbbbbbbbbbbbbbbbbbbbbbbeeeeeeeeeeeehbbbbb"
"bird5","iiiiibbbbbbbbbbbbbbbbbbbbbbbbbbbbbbbeeeeeeeeeehbbbbb"
"bird5","iiibbbbbbbbbbbbbbbbbbbbbbbbbbeeeeeeeeeehbbbbb"
"bird5","iiiiibbbbbbbbbbbbbbbbbbbbbbbbbbbbbbbbbbeeeeeeeeehbbbbb"
"bird5","ibbbbbbbbbbbbbbbbbbbbbbbbbbbbbeeeeeeeee"
"bird5","iiiiibbbbbbbbbbbbbbbbbbbbbbbbbbbbbbeeeeeeeeehbbbbbbbbbbbbb"
"bird5","ibbbbbbbbbbbbbbbbbbbbbbbbbbbeeeeeeehbbbbb"
"bird5","iibbbbbbbbbbbbbbbbbbbbbbbbbeeeeeeeeehbbbbbiibbbbbbbbbbbbbbbbbbbbbbbbbbeeeeeee"
"bird5","iiibbbbbbbbbbbbbbbbbbbbbbbbbeeeeeeeehbbbbbiiibbbbbbbbbbbbbbbbbbbbbbbbbbbeeeeeeee"
"bird5","ibbbbbbbbbbbbbbbbbbbbbbbbbeeeeeeeeehbbbbbiiiiibbbbbbbbbbbbbbbbbbbbbbbbbbbbeeeeeeee"
"bird5","ibbbbbbbbbbbbbbbbbbbbbbbbbbbeeeeeeeeehbbbbb"
"bird5","ibbbbbbbbbbbbbbbbbbbbbbbeeeeeeeehbbbbbiiiibbbbbbbbbbbbbbbbbbbbbbbbbbbbbeeeeeeeee"
"bird5","iiiiibbbbbbbbbbbbbbbbbbbbbbbbbbbeeeeeeeehbbbbbiiiiibbbbbbbbbbbbbbbbbbbbbbbbbbbbeeeeeee"
"bird5","iiibbbbbbbbbbbbbbbbbbbbbbbbbbbbeeeeeeeeehbbbbbiibbbbbbbbbbbbbbbbbbbbbbbbeeeeeee"
"bird5","iiiibbbbbbbbbbbbbbbbbbbbbbbbbbeeeeeeeeeeehbbbbbiiiibbbbbbbbbbbbbbbbbbbbbbbbbbeeeeeeee"
"bird5","iiiibbbbbbbbbbbbbbbbbbbbbbbbbbbeeeeeeeeehbbbbb"
"bird5","iibbbbbbbbbbbbbbbbbbbbbbbbbeeeeeeeehbbbbbiiibbbbbbbbbbbbbbbbbbbbbbbbbbbeeeeeeeeeee"
"bird5","iibbbbbbbbbbbbbbbbbbbbbbbbbbbbeeeeeeeehbbbbb"
"bird5","ibbbbbbbbbbbbbbbbbbbbbbbbbbbbbeeeeeeeehbbbbb"
"bird5","iibbbbbbbbbbbbbbbbbbbbbbbbbbbbbeeeeeeeeehbbbbbiiibbbbbbbbbbbbbbbbbbbbbbbbbbbbeeeeeeeee"
"bird5","ibbbbbbbbbbbbbbbbbbbbbbbbbbbbbbbbbbeeeeeeeeeiiibbbbbbbbbbbbbbbbbbbbbeeeeeeee"
"bird5","iiibbbbbbbbbbbbbbbbbbbbbbbbbbeeeeeeeee"
"bird5","iiiiiibbbbbbbbbbbbbbbbbbbbbbbbbbbbbbbbbbbbeeeeeeeehbbbbb"
"bird5","iiibbbbbbbbbbbbbbbbbbbbbbbbbbbbbbeeeeeeeee"
"bird5","iiiiiiibbbbbbbbbbbbbbbbbbbbbbbbbbbbbbbbbbeeeeeeee"
"bird5","iiibbbbbbbbbbbbbbbbbbbbbbbbbbeeeeeeeee"
"bird5","ibbbbbbbbbbbbbbbbbbbbbbbbbbbbbbbbbbbbeeeeeeeeeehbbbbbb"
"bird5","ibbbbbbbbbbbbbbbbbbbbbbbbbbbbbbeeeeeeee"
"bird5","bbbbbbbbbbbbbbbbbbbbbbbeeeeeeee"
"bird5","ibbbbbbbbbbbbbbbbbbbbbbbbbbeeeeeeee"
"bird5","iiiibbbbbbbbbbbbbbbbbbbbbbbbbbbbbeeeeeeeehbbbbbiiibbbbbbhffffhgmhbbbbbibbbbbbbbbbbbbbbbbbbeeeeeeeee"
"bird5","iiiibbbbbbbbbbbbbbbbbbbbbbbbbbeeeeeeeehbbbbbbbbbbbbbbbbbbbbbb"
"bird5","iibbbbbbbbbbbbbbbbbbbbbbbbbbeeeeeeehbbbbbiiibbbbbbbbbbbbbbbbbbbbbbbbbbbeeeeeee"
"bird5","iiiibbbbbbbbbbbbbbbbbbbbbbbbbbbbbbbbbbeeeeeeehbbbbb"
"bird5","ibbbbbbbbbbbbbbbbbbbbbbbbbbeeeeeehbbbbbiibbbbbbbbbbbbbbbbbbbbbbbbeeeeeeee"
"bird5","iibbbbbbbbbbbbbbbbbbbbbbbbbeeeeeeeiiiibbbbbbbbbbbbbbbbbbbbbbbbbbbbeeeeeee"
"bird5","iiiibbbbbbbbbbbbbbbbbbbbbbbbbbbbbeeeeeeehbbbbb"
"bird5","iibbbbbbbbbbbbbbbbbbbbbbbbbbbbbeeeeeehbbbbbiiibbbbbbbbbbbbbbbbbbbbbbbbbbeeeeee"
"bird5","iiiiibbbbbbbbbbbbbbbbbbbbbbbbbbbbbbeeeeeehbbbbbbiiiibbbbhffffffffhgmhbbbbbbiiibbbbbbbbbbbbbbbbbbbbbbbbeeeeee"
"bird5","ibbbbbbbbbbbbbbbbbbbbbbbbbbbbbbbbbeeeeeeee"
"bird5","bbbbbbbbbbbbbbbbbbbbbbbbbbeeeeee"
"bird5","ibbbbbbbbbbbbbbbbbbbbbbbbbbbbeeeeeee"
"bird5","ibbbbbbbbbbbbbbbbbbbbbbbbbbbbbbbbeeeeeeehbbbbb"
"bird5","iiibbbbbbbbbbbbbbbbbbbbbbbbbeeeeeeehbbbbbbbbbbbbbbbbbbb"
"bird5","iiibbbbbbbbbbbbbbbbbbbbbbbeeeeeeeeiiibbbbbbbbbbbbbbbbbbbbbbbb"
"bird5","iiiibbbbbbbbbbbbbbbbbbbbbbbbbbbeeeeeeehbbbbbiiiibbbbbbbbbbbbbbbbbbbbbeeeeeee"
"bird5","iiiibbbbbbbbbbbbbbbbbbbbbbbbbbbeeeeeehbbbbbb"
"bird5","iiiibbbbbbbbbbbbbbbbbbbbbbbbbeeeeeeeeiiiibbbbbbbbbbbbbbbbbbbbbbbbbbbeeeeeee"
"bird5","bbbbbbbbbbbbbbbbbbbbbbbbbbbeeeeeeee"
"bird5","iibbbbbbbbbbbbbbbbbbbbbbbbbbbeeeeeeehbbbbbiibbbbbbbbbbbbbbbbbbbbbbbbbbbeeeeeee"
"bird5","iiiibbbbbbbbbbbbbbbbbbbbbbbbbbbeeeeeeeee"
"bird5","ibbbbbbbbbbbbbbbbbbbbbbbbbbbbbbeeeeeeehbbbbbiiiibbbbbbbbbbbbbbbbbbbhfffffhgmhbbbbbbibbbbbbbbbbbbbbbbbbbbbbbbbbbeeeeeee"
"bird5","bbbbbbbbbbbbbbbbbbbbbbbbeeeeeeee"
"bird5","ibbbbbbbbbbbbbbbbbbbbbbbbbbeeeeeee"
"bird5","ibbbbbbbbbbbbbbbbbbbbbbbbbbeeeeeeeehbbbbbiiibbbbbbbbbbbbbbbbbbbbbbbbbbbbbeeeeee"
"bird5","iibbbbbbbbbbbbbbbbbbbbbbbbeeeeeeeeeee"
"bird5","ibbbbbbbbbbbbbbbbbbbbbbbbbeeeeeeeeiibbbbbbbbbbbbbbbbbbbbbbbbbbbbbeeeeeee"
"bird5","iiiiibbbbbbbbbbbbbbbbbbbbbbbbbbeeeeeeeehbbbbbibbbbbbbbbbbbbbbbbbbbbbbbeeeeeee"
"bird5","iibbbbbbbbbbbbbbbbbbbbbbbbeeeeeeeeehbbbbbbbbbbbbbbbbbbbbbbbbb"
"bird5","iibbbbbbbbbbbbbbbbbbbbbbbbbeeeeeeeeiiibbbbbbbbbbbbbbbbbbbbbbbbbbbbeeeeeee"
"bird5","iibbbbbbbbbbbbbbbbbbbbbbbbbbbbbbbeeeeeeeee"
"bird5","ibbbbbbbbbbbbbbbbbbbbbbbbbbbbbeeeeeeehbbbbbiiiibbbbbbhffffhgmhbbbbbiibbbbb"
"bird5","iibbbbbbbbbbbbbbbbbbbbbbbbbbbbbbbbbbeeeeeeeiiibbbbbbbbbhffffhgmhbbbbbibbbbbbbbbbbbbbbbbbbbbeeeeeeeee"
"bird5","iibbbbbbbbbbbbbbbbbbbbbbbbbbbbbbbbeeeeeeeehbbbbbiiibbbbhfffffhgmhbbbbbbibbbbbbbbbbbbbbbbbbbbbbbbeeeeeee"
"bird5","ibbbbbbbbbbbbbbbbbbbbbbbbbbbbbbbbeeeeeeee"
"bird5","ibbbbbbbbbbbbbbbbbbbbbbbbeeeeeeeehbbbbbiiibbbbbbbbbbbbbbbbbbbbbbbbbbbbeeeeee"
"bird5","ibbbbbbbbbbbbbbbbbbbbbbbbbbbbbbeeeeeeeeeiibbbbbbhhffffhgmhbbbbbbbbbbbbbbbbbbbbbbbbbbbbbbbb"
"bird5","iibbbbbbbbbbbbbbbbbbbbbbbbbeeeeeeeeiiibbbbbbbbbbbbbbbbbbbbbbbbbbbbbeeeeeeee"
"bird5","iiiibbbbbbbbbbbbbbbbbbbbbbbbbbbbbbbbbbbbeeeeeeh"
"bird5","iiiibbbbbbbbbbbbbbbbbbbbbbbbbbbeeeeeehbbbbbiiibbbbbbbbbbbbbbbbbbbbbbbbbbbbbbeeeeeeee"
"bird5","ibbbbbbbbbbbbbbbbbbbbbbbbbbbbbbbeeeeeeeehbbbbbiiiibbbbbbbbbbbbbbbbbbbbbbbbbbbbbbbbbeeeeeeee"
"bird5","ibbbbbbbbbbbbbbbbbbbbbbbbbbeeeeeeehbbbbbiiibbbbbbhfffffffffhgmhbbbbb"
"bird5","ibbbbbbbbbbbbbbbbbbbbbbbbbbbeeeeeeeeehbbbbbiiibbbbbbbbbbbbbbbbbbbbbbbeeeeee"
"bird5","ibbbbbbbbbbbbbbbbbbbbbbbbeeeeeeeehbbbbbiiiiibbbbbbbhffffffhgmhbbbbbibbbbbbbbbbbbbbbbbbbbbeeeeeeee"
"bird5","iiibbbbbbbbbbbbbbbbbbbbbbbbbbbeeeeeeeeeeiiiibbbbbbbbbbbbbbbbbbbbbbbbbbbbbbeeeeeee"
"bird5","ibbbbbbbbbbbbbbbbbbbbbbbbbeeeeeeehbbbbbbbbbbb"
"bird5","ibbbbbbbbbbbbbbbbbbbbbbbbbbbbbbeeeeeee"
"bird5","ibbbbbbbbbbbbbbbbbbbbbbbbbbeeeeeeiiibbbbbbbbbbbbbbbbbbbbbbbbbbbbb"
"bird5","ibbbbbbbbbbbbbbbbbbbbbbbbbbbeeeeeeeehbbbbbiibbhhffffffffhgmhbbbbbbbbbbbbbbbbbbbbbbbbb"
"bird5","ibbbbbbbbbbbbbbbbbbbbbbbbbbbbbeeeeeeeehbbbbbiiiibbbbbbbbbbbbbbbbbbbbbbbbbbbeeeeeeee"
"bird5","iibbbbbbbbbbbbbbbbbbbbbbbbbbbbeeeeeeehbbbbbiiiibbbbbhfffffhgmhbbbbbbi"
"bird5","iiiibbbbbbbbbbbbbbbbbbbbbbbbbbbbbbbbbeeeeeeehbbbbbiibbbbbbbbbbbbbbbbbbbbbbbbeeeeeee"
"bird5","ibbbbbbbbbbbbbbbbbbbbbbbeeeeeeehbbbbbbbbbbbbbbbbbbbbbbbbbbbbb"
"bird5","iibbbbbbbbbbbbbbbbbbbbbbbbbbeeeeeeeiiibbbbhfffffhgmhbbbbbbbbbbbbbbbbbbbbbbbbbbbbb"
"bird5","iibbbbbbbbbbbbbbbbbbbbbbbbbbbbbbbeeeeeeeiiiibbbbbbbbbbbbbbbbbbbbbbbbbbbbeeeeeeee"
"bird5","ibbbbbbbbbbbbbbbbbbbbbbbbbbbbbbeeeeeehbbbbbiiibbbbbbbbbbbbbbbbbbbbbbbbbeeeeeeee"
"bird5","iiiiiibbbbbbbbbbbbbbbbbbbbbbbbbbbbbeeeeeeehbbbbbiii"
"bird5","ibbbbbbbbbbbbbbbbbbbbbbbbbbbbbbeeeeeeeehbbbbbbiiibbbbbhfffffffffhgmhbbbbbibbbbbbbbbbbbbbbbbbbbbbbb"
"bird5","ibbbbbbbbbbbbbbbbbbbbbbbbbbbbbeeeeeeehbbbbbiiibbbbhfffffffhgmhbbbbbibbbbbbbbbbbbbbbbbbbbbbeeeeeee"
"bird5","ibbbbbbbbbbbbbbbbbbbbbbbbbbbbeeeeeeeehbbbbbiibbbbbbbbbbbbbbbbbbbbbbeeeeeeeee"
"bird5","ibbbbbbbbbbbbbbbbbbbbbbbbbbbbeeeeeeeeiiibbbbbbhffffffhgmhbbbbbibbbbbbbbbbbbbbbbbbbbbbbeeeeeeeee"
"bird5","ibbbbbbbbbbbbbbbbbbbbbbbbbbbbbbbeeeeeeehbbbb"
"bird5","ibbbbbbbbbbbbbbbbbbbbbbbbbbbbbeeeeeeeehbbbbbiibbbbbhffffffffhgmhbbbbbiiiibbbbbbbbbbbbbbbbbbbbbbbbbbbbbbbbeeeeeee"
"bird5","ibbbbbbbbbbbbbbbbbbbbbbbbbbbbbeeeeeeehbbbbbb"
"bird5","iibbbbbbbbbbbbbbbbbbbbbbbbbbbbbeeeeeeeeehbbbbbbbbbbbbbbbbbbbbbbbbbbbb"
"bird5","ibbbbbbbbbbbbbbbbbbbbbbbbeeeeeeeeeehbbbbbbbbbbbbbbbbbbbbbbbbbbbbb"
"bird5","iiibbbbbbbbbbbbbbbbbbbbbbbbbbbbeeeeeeeeiiiibbbbbbbbbbbbbbbbbbbbbbbbbbeeeeeee"
"bird5","bbbbbbbbbbbbbbbbbbbbbbbbbbbbbeeeeeeeeee"
"bird5","ibbbbbbbbbbbbbbbbbbbbbbbbbbbbeeeeeeeehbbbbbiibbbbbbb"
"bird5","ibbbbbbbbbbbbbbbbbbbbbbbbbbbeeeeeeeeeehbbbbbiiiibbbbbbbbbbbbbbhffffhgmhbbbbbibbbbbbbbbbbbbbbbbbbbbeeeeeee"
"bird5","ibbbbbbbbbbbbbbbbbbbbbbbbbbbbbbbbbbbbbeeeeeeeehbbbbibbbbbbbbbbbbbbbbbbbbbbbbbbeeeeeeeee"
"bird5","ibbbbbbbbbbbbbbbbbbbbbbbbeeeeeeehbbbbbiiibbbbbbbbbbbbbbbbbbbbbbbbeeeeeeee"
"bird5","bbbbbbbbbbbbbbbbbbbbbbbbeeeeeee"
"bird5","ibbbbbbbbbbbbbbbbbbbbbbbbbbbbbbeeeeeeeehbbbbbiiiiibbbbbbbbbbbbbbbbbbbbbbbbbbeeeeeee"
"bird5","ibbbbbbbbbbbbbbbbbbbbbbbbbbbbbbeeeeeeehbbbbbiiiiibbbbbbbbbbbbbbbbbbbbbbbbbbbbbeeeeeee"
"bird5","ibbbbbbbbbbbbbbbbbbbbbbbbbbbbeeeeeeeeehbbbbbiii"
"bird5","iibbbbbbbbbbbbbbbbbbbbbbbbbbeeeeeeeehbbbbbibbbbhffffhgmhbbbbbibbbbbbbbbbbbbbbbbbbbbbbbbeeeeeee"
"bird5","ibbbbbbbbbbbbbbbbbbbbbbbbbbbbbbeeeeeee"
"bird5","ibbbbbbbbbbbbbbbbbbbbbbbbbeeeeeeehbbbbbiiibbhfffffffhgmhbbbbbbibbbbbbbbbbbbbbbbbbbbbbbbbbbeeeeeeeee"
"bird5","ibbbbbbbbbbbbbbbbbbbbbbbbbbeeeeeeeeehbbbbbiiibbbbbbbbbbbbbb"
"bird5","ibbbbbbbbbbbbbbbbbbbbbbbbbbbbbbbbbeeeeeeeehbbbbbiiibbbbbbbbhfffffhgmhbbbbbibbbbbbbbbb"
"bird5","ibbbbbbbbbbbbbbbbbbbbbbbbbbbbbeeeeeeeeeiiibbbbhffffhgmhbbbbbbibbbbbbbbbbbbbbbbbbbbbbbbbeeeeeeeee"
"bird5","ibbbbbbbbbbbbbbbbbbbbbbbbbbbeeeeeeeeehbbbbbiiibbbbbbbbbbbbbbbbbbbbbbbbbbbbbbbbbeeeeeeee"
"bird5","iiibbbbbbbbbbbbbbbbbbbbbbbbbbbbbeeeeeeehbbbbbiiibbbbbbbbbbbbbbbbbbbbbbbbbbbeeeeeeee"
"bird5","bbbbbbbbbbbbbbbbbbbbbbbbbeeeeeeeee"
"bird5","ibbbbbbbbbbbbbbbbbbbbbbbbbbbbeeeeeeeehbbbbbiiiibbbbhfffffhgmhbbbbbbbbbbbbbbbbbbbbbbbbbbbb"
"bird5","iiibbbbbbbbbbbbbbbbbbbbbbbbbbbbeeeeeeeeehbbbbiiibbbbbbbbbbbbbbbbbbbbbbbbbbbbbbeeeeeeee"
"bird5","iibbbbbbbbbbbbbbbbbbbbbbbbbbeeeeeeeeeehbbbbbiibbbbbbbbbbbbbbbbbbbbbbeeeeeee"
"bird5","ibbbbbbbbbbbbbbbbbbbbbbbbbeeeeeeeeeeehbbbbbiiibbbbbhffffhgmhbbbbbbbbbbbbbbbbbbbbbbbbbbbbbbb"
"bird5","ibbbbbbbbbbbbbbbbbbbbbbbbbbbbbeeeeeeeeehbbbbbiibbbhffffhgmhbbbbbibbbbbbbbbbbbbbbbbbbbbbbbbeeeeeeee"
"bird5","iibbbbbbbbbbbbbbbbbbbbbbbbbbbeeeeeeeeeeeehbbbbb"
"bird5","ibbbbbbbbbbbbbbbbbbbbbbbbbbbbbbeeeeeeeeeeehbbbbbiiibbbbbbbbbbbbbbbbbbbbbbbbbbbeeeeeeeee"
"bird5","iibbbbbbbbbbbbbbbbbbbbbbbbbbbbbbbbbeeeeeeeeeh"
"bird5","ibbbbbbbbbbbbbbbbbbbbbbbbbbbbbbbbbbbbeeeeeeehbbbbbiibbbbhffffffhgmhbbbbbbbbbbbbbbbbbbbbbbbbbbb"
"bird5","iibbbbbbbbbbbbbbbbbbbbbbbbbbbeeeeeeeeehbbbbb"
"bird5","iiibbbbbbbbbbbbbbbbbbbbbbbbbbbbbeeeeeeeehbbbbbiiibbbbbbbbbbbbbbbbbbbbbbbbbeeeeee"
"bird6","bbbbbbiibbbbbb"
"bird6","bbbbbbbbbbbbbbiiiiiiifhhhhhhhhh"
"bird6","bbbbbbbbbbbbbiiiiiiiiifhhhiaiaiammbbbbiiii"
"bird6","bbbbbbbbbbbibb"
"bird6","bbbbbbbbbbbiiiifhhhhhh"
"bird6","bbbbbifhhh"
"bird6","bbbbbbbbbbib"
"bird6","bbbbibbb"
"bird6","bbbbbbbbbbbbbifhhh"
"bird6","bbbbbbifhhhhh"
"bird6","biiiiiiiiib"
"bird6","biib"
"bird6","bibbbbb"
"bird6","bbiibbbb"
"bird6","bibbbb"
"bird6","bbibb"
"bird6","bbbibbbb"
"bird6","bbbbbbbbbbiibbb"
"bird6","bibbbbbbb"
"bird6","bbbbbbbbbbbbbbbbbiibbb"
"bird6","bbbbbbbbiiib"
"bird6","bbibbbbbb"
"bird6","bibbbbbbbbbbbbbb"
"bird6","bbibb"
"bird6","bibbbbbbbbbb"
"bird6","bbbbbbbbbbbbiiiiib"
"bird6","bibbbbbbbbbbbb"
"bird6","bib"
"bird6","bbbbbbbbbbib"
"bird6","bbbbibbbbb"
"bird6","bbbbbbbbbbbifhhhhhhh"
"bird6","bbbbbbbifhhhhhh"
"bird6","bib"
"bird6","bbbbiiiiib"
"bird6","bbbbbifhhhhhhhh"
"bird6","bbbbbbbbib"
"bird6","bbbbbbbibbbbb"
"bird6","bbbbbbbbbbbbbbbbiiiiiifhhhhhiaiaiamm"
"bird6","bbbbbbiifhhhhhhhhhhiaiaiammmmbbbb"
"bird6","bbbbbbbibbbbbbb"
"bird6","bbbbbbbbbbbbbbbbiifhhhh"
"bird6","bbbbbbbbbbbbiiiiiiifhhhhhhhhhh"
"bird6","bbbbbbbbbbbbbbbib"
"bird6","bbbbbbbbbbbbiiiiibbbbbbb"
"bird6","bbbbbbbbbbbbiiiiiibbbbbbbbb"
"bird6","bbbbbbbbbbiiiiiifhhhhhhh"
"bird6","bbbbbbbbbbbibbb"
"bird6","bibbbbbbbbbbbbb"
"bird6","bbibbbbbbbbbb"
"bird6","bbbbbbbbbbbbiiiibbbbbbb"
"bird6","bbbbbbbbbbiiiiiifhhhh"
"bird6","bbbbbbbbbbiibbbbbb"
"bird6","bbbbbbbbbbbbbiiibbbbbb"
"bird6","bbbbbbbbbiib"
"bird6","bbbbbbbbbbbiiiiiiibbbb"
"bird6","bbbbbbbbbbbbiibbbbb"
"bird6","bbbbbbbbbiiiiiifhhhhhhh"
"bird6","bbbbbbbbbbbbbbbbbbiiiiiifhhh"
"bird6","bbbbbbbbbiiiiiifhhhhhhhhiaiaiammbiiii"
"bird6","bbbbbbbbbbbbbbbbifhhhh"
"bird6","bbbbbibbbbbbbb"
"bird6","bbibbbbb"
"bird6","biiibbb"
"bird6","bbbbbbbbbbbiiiiiifhhhiaiaiammbbi"
"bird6","bbib"
"bird6","bibbb"
"bird6","bbbbbbbiiiibbbb"
"bird6","bbbbib"
"bird6","bbbbbbbbbbbbbiiiiiifhhiaiaiammmbbbiii"
"bird6","bbbbbbbbbbbiibb"
"bird6","bbbbbbbbbbbbib"
"bird6","bbbbbbbbbbib"
"bird6","bbbbbbbbbbbbbbbbbib"
"bird6","bbbbbbbbbib"
"bird6","biibbbbbbbbbbbbbbbbbbbbbb"
"bird6","bbbbbbbbbbibb"
"bird6","bbbbbbbbbbbbib"
"bird6","bbbbbbbbiiiiiiiifhhhhhh"
"bird6","bbbbbbbbbbbbbbbbibbbbbbb"
"bird6","bbbibbbbbbbbbbbbbbb"
"bird6","bbbbbbbbbbbbib"
"bird6","bbbbbbbbbibbb"
"bird6","bbbbbbbbbbbbbbbibbbbb"
"bird6","bbbbbbbbbbbbbbbbib"
"bird6","bbbbbbbbbiiiiiiiifhhhhhhh"
"bird6","bbbbbbbbbbbiiiiifhhhhhhhhh"
"bird6","bbbbbbbbbbbbbbib"
"bird6","bbbbbbbbbbbibb"
"bird6","bbbibbbbbbbbbb"
"bird6","bbbbbbbbbbbbbbbibb"
"bird6","bbbbibbbbbbb"
"bird6","bbbbbbbbbbbbbbbbbbbbbib"
"bird6","bbbbbbbbbbbiibbbbb"
"bird6","biibbbbbbbbbbbbb"
"bird6","bibbbbbbbbb"
"bird6","bbbbbbbbbbibbbb"
"bird6","bbbbbbbbbbbiiiiiiifhhhhhhhh"
"bird6","bbbbbbbbbbbbiiiiiiifhhhhhhhh"
"bird6","bbbbbbbbbbbbbiiib"
"bird6","bbbbbbbbbbbbiiiiiiiiifhhhhhhhhhh"
"bird6","bbbbbbbbbbbiiiiiiiibbbb"
"bird6","bbbbbbbbbbbiibbbb"
"bird6","bbbbbbiiibbbbbb"
"bird6","bbbbbbbbbbbbbiiiiiiiibb"
"bird6","bbbbbbbbbbiiiiiifhhhhhhhiaiaiammmbbiiii"
"bird6","bbbbbbbbbbbiiiiiifhhhhhhhh"
"bird6","bbbbbbbbbbbbiibb"
"bird6","bbbbbbbibbbbb"
"bird6","bbbbbbbbbiiiiifhhhhhhhh"
"bird6","bbbbbbbbbbib"
"bird6","bbbbbbbbbbbbbbbbibb"
"bird6","bbbbbbbbbbbbiiiifhhhhhhhh"
"bird6","bbbbbbbbbiiiiibbb"
"bird6","bibbbbbbbbbb"
"bird6","bbbbbbbbbbbbbbbiiiiiibbbbbb"
"bird6","bbbbbbbbbbbbbbbiiiiiifhhhiaiaiammmbiiiii"
"bird6","bbbbbbbbbbbbbbbbiiiifhhhhhhiaiaiammmbi"
"bird6","bbbbbbbib"
"bird6","bbbbbbbbiiiiiifhhhhhhiaiaiammmbbbi"
"bird6","bbbbbbbbbbbiiiiiiiiiifhhhhhhhhhiaiaiammmbbbiiiii"
"bird6","bbbbbbbbbbiiiibbbbbb"
"bird6","bbbbbbbbbbbbib"
"bird6","bbbbbbbbbbbbbbbiiiiiifhhhhhh"
"bird6","bbbbbbbbbbbbbiiiib"
"bird6","bbbbbbbbbbbbbibbbb"
"bird6","bbbbbbbbbbbbbiiiiiiiifhhhhhhiaiaiammmmbbbbbbiiiii"
"bird6","bibbbbbbbbbbb"
"bird6","bbbibbbbbbbbbbbbbb"
"bird6","bbbbbbbbibbbbbbbb"
"bird6","bibbbbbbbbb"
"bird6","bbbbbbbbbbbibbb"
"bird6","bbbbbbbbbbbbbbbbbbbbibb"
"bird6","bbbbbbbbbbbbbbbbbiibb"
"bird6","bbbbbbbbbbbbbbbbbbbbiiiiiifhhhhhhhh"
"bird6","bbbbbbbbiiiiifhhhhhhhhiaiaiammmmbbbiiiii"
"bird6","bbbbbbbbbbbbibbbbb"
"bird6","bbbbbbbbbbbbbiiiiiiiiifhhhhhhhh"
"bird6","bbbbbbbbbbbbbbbbbbbiiiifhhhhhhh"
"bird6","bbbbbbbbbbbbbbib"
"bird6","bbbbbbbbbbbbbbbbbbiiiiiiibb"
"bird6","bbbbbbbbbbbbbbib"
"bird6","bbbbbbbbbbbbbbbbibbbbbbb"
"bird6","bbbbbbbbbbbbbiiiifhhhhhhhhiaiaiammbbbbbbbiiii"
"bird6","bbbbbbbbbbbbbiiiifhhhhh"
"bird6","bbbbbbbbbbbbbbbbbiiiifhhhhhhhhhh"
"bird6","bbbbbbbbbbbbbbbbbiiibbbbb"
"bird6","bbbbbbbbbbbbbbiiiifhhhhhhhh"
"bird6","bbbbbiifhhhhhhiaiaiamm"
"bird6","bbbbbbbbbbiiiiiifhhhhhhhhiaiaiammbbiiii"
"bird6","bbbbbbbbbbbbib"
"bird6","bbbbbbbbiiiiiifhhhhhhhhhhiaiaiammmmbbbi"
"bird6","bbbbbbbbbbbbbiiiifhhhhhhhhh"
"bird6","bbbbbbbbbbbiiiiiifhhhhhhhhh"
"bird6","bbbbbbbbbbbbiiiiiifhhhhhhhh"
"bird6","bbbbbbbbbbbiiiiifhhhhiaiaiammm"
"bird6","bbbbbbbbbbiiiiiiifhhhhhhiaiaiammbbbiiii"
"bird6","bbbbbbbbbbbbiiiiifhhhhhhhhiaiaiammmmbbbbii"
"bird6","bbbbbbbbbbbbbbbbbbbbiiiiifhhhhhhh"
"bird6","bbbbbbbbbbiiiiiifhhhhhhhhiaiaiambb"
"bird6","bbbbbbbbbbiiiifhhhhhhhhiaiaiammbbii"
"bird6","bbbbbbiiiiiiifhhhhhhh"
"bird6","bbbbbbbbbbbiiiib"
